path_id,x,y,z
0,58.0974,-129.4069,76.7663
1,57.7974,-129.4069,76.7663
2,57.4974,-129.4069,76.7663
3,57.1974,-129.4069,76.7663
4,56.8974,-129.4069,76.7663
5,56.5974,-129.4069,76.7663
6,56.2974,-129.4069,76.7663
7,55.9974,-129.4069,76.7663
8,55.6974,-129.4069,76.7663
9,55.3974,-129.4069,76.7663
10,55.0974,-129.4069,76.7663
11,54.7974,-129.4069,76.7663
12,54.4974,-129.4069,76.7663
13,54.1974,-129.4069,76.7663
14,53.8974,-129.4069,76.7663
15,53.5974,-129.4069,76.7663
16,53.2974,-129.4069,76.7663
17,52.9974,-129.4069,76.7663
18,52.6974,-129.4069,76.7663
19,52.3974,-129.4069,76.7663
20,52.0974,-129.4069,76.7663
21,51.7974,-129.4069,76.7663
22,51.4974,-129.4069,76.7663
23,51.1974,-129.4069,76.7663
24,50.8974,-129.4069,76.7663
25,50.5974,-129.4069,76.7663
26,50.2974,-129.4069,76.7663
27,49.9974,-129.4069,76.7663
28,49.6974,-129.4069,76.7663
29,49.3974,-129.4069,76.7663
30,49.0974,-129.4069,76.7663
31,48.7974,-129.4069,76.7663
32,48.4974,-129.4069,76.7663
33,48.1974,-129.4069,76.7663
34,47.8974,-129.4069,76.7663
35,47.5974,-129.4069,76.7663
36,47.2974,-129.1069,76.7663
37,46.9974,-128.8069,76.7663
38,46.6974,-128.8069,76.7663
39,46.3974,-128.5069,76.7663
40,46.0974,-128.5069,76.7663
41,45.7974,-128.5069,76.7663
42,45.4974,-128.5069,76.7663
43,45.1974,-128.5069,76.7663
44,44.8974,-128.5069,76.7663
45,44.5974,-128.5069,76.7663
46,44.2974,-128.2069,76.7663
47,43.9974,-127.9069,76.7663
48,43.6974,-127.6069,76.7663
49,43.3974,-127.3069,76.7663
50,43.0974,-127.0069,76.7663
51,42.7974,-126.7069,76.7663
52,42.4974,-126.4069,76.7663
53,42.1974,-126.1069,76.7663
54,41.8974,-126.1069,76.7663
55,41.5974,-125.8069,76.7663
56,41.2974,-125.8069,76.7663
57,40.9974,-125.8069,76.7663
58,40.6974,-125.8069,76.7663
59,40.3974,-125.8069,76.7663
60,40.0974,-125.8069,76.7663
61,39.7974,-125.8069,76.7663
62,39.4974,-125.8069,76.7663
63,39.1974,-125.8069,76.7663
64,38.8974,-125.8069,76.7663
65,38.5974,-125.8069,76.7663
66,38.2974,-125.8069,76.7663
67,37.9974,-125.8069,76.7663
68,37.6974,-125.8069,76.7663
69,37.3974,-125.8069,76.7663
70,37.0974,-125.8069,76.7663
71,36.7974,-125.8069,76.7663
72,36.4974,-125.8069,76.7663
73,36.1974,-125.8069,76.7663
74,35.8974,-125.8069,76.7663
75,35.5974,-125.8069,76.7663
76,35.2974,-125.8069,76.7663
77,34.9974,-125.8069,76.7663
78,34.6974,-125.5069,76.7663
79,34.3974,-125.2069,76.7663
80,34.0974,-124.9069,76.7663
81,33.7974,-124.9069,76.7663
82,33.4974,-124.6069,76.7663
83,33.1974,-124.6069,76.7663
84,32.8974,-124.6069,76.7663
85,32.5974,-124.6069,76.7663
86,32.2974,-124.6069,76.7663
87,31.9974,-124.6069,76.7663
88,31.6974,-124.6069,76.7663
89,31.3974,-124.6069,76.7663
90,31.0974,-124.6069,76.7663
91,30.7974,-124.6069,76.7663
92,30.4974,-124.6069,76.7663
93,30.1974,-124.6069,76.7663
94,29.8974,-124.6069,76.7663
95,29.5974,-124.6069,76.7663
96,29.2974,-124.6069,76.7663
97,28.9974,-124.6069,76.7663
98,28.6974,-124.6069,76.7663
99,28.3974,-124.6069,76.7663
100,28.0974,-124.6069,76.7663
101,27.7974,-124.6069,76.7663
102,27.4974,-124.6069,76.7663
103,27.1974,-124.6069,76.7663
104,26.8974,-124.6069,76.7663
105,26.5974,-124.6069,76.7663
106,26.2974,-124.3069,76.7663
107,25.9974,-124.0069,76.7663
108,25.6974,-123.7069,76.7663
109,25.3974,-123.4069,76.7663
110,25.0974,-123.1069,76.7663
111,24.7974,-122.8069,76.7663
112,24.4974,-122.5069,76.7663
113,24.1974,-122.2069,76.7663
114,23.8974,-121.9069,76.7663
115,23.5974,-121.6069,76.7663
116,23.2974,-121.3069,76.7663
117,22.9974,-121.3069,76.7663
118,22.6974,-121.3069,76.7663
119,22.3974,-121.3069,76.7663
120,22.0974,-121.3069,76.7663
121,21.7974,-121.3069,76.7663
122,21.4974,-121.3069,76.7663
123,21.1974,-121.3069,76.7663
124,20.8974,-121.3069,76.7663
125,20.5974,-121.3069,76.7663
126,20.2974,-121.3069,76.7663
127,19.9974,-121.3069,76.7663
128,19.6974,-121.3069,76.7663
129,19.3974,-121.3069,76.7663
130,19.0974,-121.3069,76.7663
131,18.7974,-121.3069,76.7663
132,18.4974,-121.3069,76.7663
133,18.1974,-121.3069,76.7663
134,17.8974,-121.3069,76.7663
135,17.5974,-121.3069,76.7663
136,17.2974,-121.0069,76.7663
137,16.9974,-121.0069,76.7663
138,16.6974,-120.7069,76.7663
139,16.3974,-120.7069,76.7663
140,16.0974,-120.4069,76.7663
141,15.7974,-120.4069,76.7663
142,15.4974,-120.4069,76.7663
143,15.1974,-120.4069,76.7663
144,14.8974,-120.4069,76.7663
145,14.5974,-120.4069,76.7663
146,14.2974,-120.4069,76.7663
147,13.9974,-120.4069,76.7663
148,13.6974,-120.4069,76.7663
149,13.3974,-120.4069,76.7663
150,13.0974,-120.4069,76.7663
151,12.7974,-120.4069,76.7663
152,12.4974,-120.4069,76.7663
153,12.1974,-120.4069,76.7663
154,11.8974,-120.4069,76.7663
155,11.5974,-120.4069,76.7663
156,11.2974,-120.4069,76.7663
157,10.9974,-120.4069,76.7663
158,10.6974,-120.4069,76.7663
159,10.3974,-120.4069,76.7663
160,10.0974,-120.4069,76.7663
161,9.7974,-120.4069,76.7663
162,9.4974,-120.4069,76.7663
163,9.1974,-120.4069,76.7663
164,8.8974,-120.4069,76.7663
165,8.5974,-120.4069,76.7663
166,8.2974,-120.4069,76.7663
167,7.9974,-120.4069,76.7663
168,7.6974,-120.4069,76.7663
169,7.3974,-120.4069,76.7663
170,7.0974,-120.4069,76.7663
171,6.7974,-120.4069,76.7663
172,6.4974,-120.4069,76.7663
173,6.1974,-120.4069,76.7663
174,5.8974,-120.1069,77.0663
175,5.5974,-119.8069,77.3663
176,5.2974,-119.8069,77.3663
177,4.9974,-119.5069,77.6663
178,4.6974,-119.5069,77.6663
179,4.3974,-119.2069,77.9663
180,4.0974,-119.2069,77.9663
181,3.7974,-119.2069,77.9663
182,3.4974,-119.2069,77.9663
183,3.1974,-118.9069,77.9663
184,2.8974,-118.9069,77.9663
185,2.5974,-118.9069,77.9663
186,2.2974,-118.6069,78.2663
187,1.9974,-118.6069,78.2663
188,1.6974,-118.3069,78.2663
189,1.3974,-118.3069,78.2663
190,1.0974,-118.3069,78.2663
191,0.7974,-118.3069,78.2663
192,0.4974,-118.3069,78.2663
193,0.1974,-118.3069,78.2663
194,-0.1026,-118.3069,78.2663
195,-0.4026,-118.3069,78.2663
196,-0.7026,-118.3069,78.2663
197,-1.0026,-118.3069,78.2663
198,-1.3026,-118.3069,78.2663
199,-1.6026,-118.3069,78.2663
200,-1.9026,-118.3069,78.2663
201,-2.2026,-118.3069,78.2663
202,-2.5026,-118.3069,78.2663
203,-2.8026,-118.6069,78.2663
204,-3.1026,-118.6069,78.2663
205,-3.4026,-118.3069,78.5663
206,-3.7026,-118.3069,78.5663
207,-4.0026,-118.3069,78.5663
208,-4.3026,-118.3069,78.5663
209,-4.6026,-118.3069,78.8663
210,-4.9026,-118.3069,78.8663
211,-5.2026,-118.3069,78.8663
212,-5.5026,-118.3069,78.8663
213,-5.8026,-118.3069,78.8663
214,-6.1026,-118.3069,78.8663
215,-6.4026,-118.3069,78.8663
216,-6.7026,-118.3069,78.8663
217,-7.0026,-118.3069,78.8663
218,-7.3026,-118.3069,78.8663
219,-7.6026,-118.3069,78.8663
220,-7.9026,-118.3069,78.8663
221,-8.2026,-118.3069,78.8663
222,-8.5026,-118.3069,78.8663
223,-8.8026,-118.3069,78.8663
224,-9.1026,-118.6069,78.8663
225,-9.4026,-118.6069,78.8663
226,-9.7026,-118.9069,78.8663
227,-10.0026,-118.9069,78.8663
228,-10.3026,-119.2069,78.8663
229,-10.6026,-119.5069,78.8663
230,-10.9026,-119.8069,78.8663
231,-11.2026,-120.1069,78.8663
232,-11.2026,-120.4069,78.8663
233,-11.5026,-120.7069,78.8663
234,-11.5026,-121.0069,78.8663
235,-11.8026,-121.3069,78.5663
236,-11.8026,-121.6069,78.5663
237,-11.8026,-121.9069,78.5663
238,-11.8026,-122.2069,78.5663
239,-11.8026,-122.5069,78.5663
240,-11.8026,-122.8069,78.5663
241,-11.8026,-123.1069,78.5663
242,-11.7824,-121.6978,78.5000
243,-11.8026,-121.3069,78.5663
244,-11.5026,-121.0069,78.5663
245,-11.5026,-120.7069,78.5663
246,-11.2026,-120.4069,78.5663
247,-11.2026,-120.1069,78.5663
248,-10.9026,-119.8069,78.5663
249,-10.6026,-119.5069,78.5663
250,-10.3026,-119.2069,78.5663
251,-10.0026,-118.9069,78.5663
252,-9.7026,-118.9069,78.5663
253,-9.4026,-118.6069,78.5663
254,-9.1026,-118.6069,78.5663
255,-8.8026,-118.3069,78.5663
256,-8.5026,-118.3069,78.5663
257,-8.2026,-118.3069,78.5663
258,-7.9026,-118.3069,78.5663
259,-7.6026,-118.3069,78.5663
260,-7.3026,-118.3069,78.5663
261,-7.0026,-118.3069,78.5663
262,-6.7026,-118.3069,78.5663
263,-6.4026,-118.3069,78.5663
264,-6.1026,-118.3069,78.5663
265,-5.8026,-118.3069,78.5663
266,-5.5026,-118.3069,78.5663
267,-5.2026,-118.3069,78.8663
268,-4.9026,-118.3069,78.8663
269,-4.6026,-118.3069,78.8663
270,-4.3026,-118.3069,78.8663
271,-4.0026,-118.3069,78.8663
272,-3.7026,-118.3069,78.8663
273,-3.4026,-118.3069,78.8663
274,-3.1026,-118.3069,78.8663
275,-2.8026,-118.3069,78.8663
276,-2.5026,-118.3069,78.8663
277,-2.2026,-118.3069,78.8663
278,-1.9026,-118.3069,78.8663
279,-1.6026,-118.3069,78.8663
280,-1.3026,-118.3069,78.8663
281,-1.0026,-118.3069,78.8663
282,-0.7026,-118.3069,78.8663
283,-0.4026,-118.3069,78.8663
284,-0.1026,-118.3069,78.8663
285,0.1974,-118.3069,78.8663
286,0.4974,-118.3069,78.8663
287,0.7974,-118.3069,78.8663
288,1.0974,-118.3069,78.8663
289,1.3974,-118.6069,78.8663
290,1.6974,-118.6069,78.8663
291,1.9974,-118.6069,78.8663
292,2.2974,-118.9069,78.5663
293,2.5974,-118.9069,78.5663
294,2.8974,-119.2069,78.5663
295,3.1974,-119.2069,78.5663
296,3.4974,-119.2069,78.5663
297,3.7974,-119.2069,78.5663
298,4.0974,-119.2069,78.5663
299,4.3974,-119.2069,78.5663
300,4.6974,-119.2069,78.5663
301,4.9974,-119.5069,78.5663
302,5.2974,-119.8069,78.5663
303,5.5974,-119.8069,78.5663
304,5.8974,-119.8069,78.5663
305,6.1974,-119.8069,78.5663
306,6.4974,-119.8069,78.5663
307,6.7974,-119.8069,78.5663
308,7.0974,-119.8069,78.5663
309,7.3974,-119.8069,78.5663
310,7.6974,-120.1069,78.5663
311,7.9974,-120.1069,78.5663
312,8.2974,-120.1069,78.5663
313,8.5974,-120.1069,78.5663
314,8.8974,-120.4069,78.5663
315,9.1974,-120.4069,78.5663
316,9.4974,-120.7069,78.5663
317,9.7974,-120.7069,78.5663
318,13.4603,-121.0502,78.3000
319,13.6974,-121.0069,78.2663
320,13.9974,-121.0069,78.5663
321,14.2974,-121.0069,78.5663
322,14.5974,-121.0069,78.5663
323,14.8974,-121.0069,78.5663
324,15.1974,-121.0069,78.5663
325,15.4974,-121.0069,78.5663
326,15.7974,-121.0069,78.5663
327,16.0974,-121.0069,78.5663
328,16.3974,-121.0069,78.5663
329,16.6974,-121.3069,78.5663
330,16.9974,-121.3069,78.5663
331,17.2974,-121.6069,78.5663
332,17.5974,-121.6069,78.5663
333,17.8974,-121.6069,78.5663
334,18.1974,-121.6069,78.5663
335,18.4974,-121.6069,78.5663
336,18.7974,-121.9069,78.5663
337,19.0974,-121.9069,78.5663
338,19.3974,-121.9069,78.5663
339,19.6974,-122.2069,78.5663
340,19.9974,-122.5069,78.5663
341,20.2974,-122.5069,78.5663
342,20.5974,-122.8069,78.5663
343,20.8974,-123.1069,78.5663
344,21.1974,-123.4069,78.5663
345,21.4974,-123.7069,78.5663
346,21.4974,-124.0069,78.5663
347,21.4598,-123.9402,81.5000
348,21.1974,-123.7069,81.5663
349,20.8974,-123.4069,81.5663
350,20.5974,-123.1069,81.5663
351,20.2974,-122.8069,81.5663
352,19.9974,-122.8069,81.5663
353,19.6974,-122.5069,81.5663
354,19.3974,-122.2069,81.5663
355,19.0974,-122.2069,81.5663
356,18.7974,-122.2069,81.5663
357,18.4974,-121.9069,81.5663
358,18.1974,-121.9069,81.5663
359,17.8974,-121.9069,81.5663
360,17.5974,-121.9069,81.5663
361,17.2974,-121.9069,81.5663
362,16.9974,-121.9069,81.5663
363,16.6974,-121.9069,81.5663
364,16.3974,-121.9069,81.5663
365,16.0974,-121.9069,81.5663
366,15.7974,-121.9069,81.5663
367,15.4974,-121.9069,81.5663
368,15.1974,-121.9069,81.5663
369,14.8974,-121.9069,81.5663
370,14.5974,-121.9069,81.5663
371,14.2974,-121.9069,81.5663
372,13.9974,-121.9069,81.5663
373,13.6974,-121.9069,81.5663
374,13.3974,-121.9069,81.5663
375,13.0974,-121.9069,81.5663
376,11.5665,-121.3111,81.7000
377,11.2974,-121.0069,81.8663
378,10.9974,-121.0069,81.8663
379,10.6974,-121.0069,81.8663
380,10.3974,-121.0069,81.8663
381,10.0974,-121.0069,81.8663
382,9.7974,-121.0069,81.8663
383,9.4974,-121.0069,81.8663
384,9.1974,-121.0069,81.8663
385,8.8974,-121.0069,81.5663
386,8.5974,-121.0069,81.5663
387,8.2974,-121.0069,81.5663
388,7.9974,-121.3069,81.2663
389,6.5770,-121.6230,81.7000
390,6.4974,-121.3069,81.5663
391,6.1974,-121.0069,81.5663
392,5.8974,-120.7069,81.5663
393,5.5974,-120.4069,81.2663
394,5.2974,-120.1069,81.2663
395,4.9974,-120.1069,81.2663
396,4.6974,-119.8069,81.2663
397,4.3974,-119.8069,81.2663
398,4.0974,-119.5069,81.2663
399,3.7974,-119.5069,81.2663
400,3.4974,-119.5069,81.2663
401,-1.7426,-119.2574,81.5000
402,-1.9026,-119.2069,81.5663
403,-2.2026,-119.2069,81.5663
404,-2.5026,-119.2069,81.5663
405,-2.8026,-118.9069,81.5663
406,-3.1026,-118.6069,81.5663
407,-3.4026,-118.3069,81.5663
408,-3.7026,-118.3069,81.5663
409,-4.0026,-118.3069,81.5663
410,-4.3026,-118.3069,81.5663
411,-4.6026,-118.3069,81.5663
412,-4.9026,-118.3069,81.5663
413,-5.2026,-118.3069,81.5663
414,-5.5026,-118.3069,81.5663
415,-5.8026,-118.3069,81.5663
416,-6.1026,-118.3069,81.5663
417,-6.4026,-118.6069,81.5663
418,-6.7026,-118.6069,81.5663
419,-8.2307,-119.2045,81.5000
420,-8.5026,-119.2069,81.5663
421,-8.8026,-119.5069,81.5663
422,-9.1026,-119.5069,81.5663
423,-9.4026,-119.8069,81.5663
424,-9.7026,-120.1069,81.5663
425,-10.0026,-120.4069,81.5663
426,-10.3026,-120.7069,81.5663
427,-10.6026,-121.0069,81.5663
428,-10.9026,-121.3069,81.5663
429,-10.9026,-121.6069,81.5663
430,-8.2307,-123.2000,81.5000
431,-10.6585,-125.1196,81.5000
432,-9.7284,-126.3284,81.5000
433,-8.3284,-127.3284,81.5000
434,-7.9026,-127.6069,81.5663
435,-7.6026,-127.9069,81.5663
436,-7.3026,-127.9069,81.5663
437,-7.0026,-128.2069,81.5663
438,-6.7026,-128.2069,81.5663
439,-6.4026,-128.2069,81.5663
440,-6.1026,-128.5069,81.8663
441,-5.8026,-128.5069,81.8663
442,-5.5026,-128.8069,82.1663
443,-5.2026,-129.1069,82.4663
444,-4.9026,-129.4069,82.7663
445,-4.6026,-129.4069,82.7663
446,-4.3026,-129.4069,82.7663
447,-4.0026,-129.4069,82.7663
448,-3.7026,-129.4069,82.7663
449,-3.4026,-129.4069,82.7663
450,-3.1026,-129.4069,82.7663
451,-2.8026,-129.4069,82.7663
452,-2.5026,-129.4069,82.7663
453,-2.2026,-129.4069,82.7663
454,-1.9026,-129.7069,82.7663
455,-1.6026,-129.7069,82.7663
456,-1.3026,-129.7069,82.7663
457,-1.0026,-129.7069,82.7663
458,-0.7026,-129.7069,82.7663
459,-0.4026,-129.7069,82.7663
460,-0.1026,-129.7069,82.7663
461,0.1974,-129.7069,82.7663
462,0.4974,-129.7069,82.7663
463,0.7974,-129.7069,82.7663
464,1.0974,-129.7069,82.7663
465,1.3974,-129.7069,82.7663
466,1.6974,-129.7069,82.7663
467,1.9974,-129.7069,82.7663
468,2.2974,-129.7069,82.7663
469,2.5974,-129.7069,82.7663
470,2.8974,-129.7069,82.7663
471,3.1974,-129.7069,82.7663
472,3.4974,-129.7069,82.7663
473,3.7974,-129.7069,82.7663
474,4.0974,-129.4069,82.4663
475,4.3974,-129.4069,82.4663
476,4.6974,-129.1069,82.1663
477,4.9974,-129.1069,82.1663
478,5.2974,-128.8069,81.8663
479,5.5974,-128.5069,81.5663
480,5.8974,-128.8069,81.5663
481,5.8974,-129.1069,81.5663
482,6.1974,-129.4069,81.5663
483,6.4974,-129.7069,81.5663
484,6.7974,-130.0069,81.5663
485,7.0974,-130.3069,81.5663
486,7.3974,-130.6069,81.5663
487,7.6974,-130.9069,81.5663
488,7.6230,-130.1770,84.5000
489,7.9974,-130.3069,84.5663
490,8.2974,-130.3069,84.5663
491,8.5974,-130.6069,84.5663
492,8.8974,-130.6069,84.5663
493,9.1974,-130.9069,84.5663
494,9.4974,-131.2069,84.5663
495,9.7974,-131.2069,84.5663
496,10.0974,-131.2069,84.5663
497,10.3974,-131.2069,84.5663
498,10.6974,-131.2069,84.5663
499,10.9974,-131.2069,84.5663
500,11.2974,-131.2069,84.5663
501,11.5974,-131.2069,84.5663
502,11.8974,-131.5069,84.8663
503,12.1974,-131.5069,84.8663
504,12.4974,-131.5069,84.8663
505,12.7974,-131.5069,84.8663
506,13.0974,-131.5069,84.8663
507,13.3974,-131.5069,84.8663
508,13.6974,-131.5069,84.8663
509,13.9974,-131.5069,84.8663
510,14.2974,-131.5069,84.8663
511,14.5974,-131.5069,84.8663
512,14.8974,-131.5069,84.8663
513,15.1974,-131.5069,84.8663
514,15.4974,-131.5069,84.8663
515,15.7974,-131.5069,84.8663
516,16.0974,-131.8069,84.8663
517,16.3974,-131.8069,84.8663
518,16.6974,-131.8069,84.8663
519,16.9974,-131.8069,84.8663
520,17.2974,-131.8069,84.8663
521,17.5974,-131.8069,84.8663
522,17.8974,-131.8069,84.8663
523,18.1974,-131.8069,84.8663
524,18.4974,-131.8069,84.8663
525,18.7974,-131.8069,84.8663
526,19.0974,-131.5069,84.8663
527,19.3974,-131.5069,84.8663
528,19.6974,-131.2069,84.8663
529,19.9974,-131.2069,84.8663
530,20.2974,-130.9069,84.8663
531,20.5974,-130.6069,85.1663
532,20.8974,-130.3069,85.4663
533,21.1974,-130.0069,85.7663
534,21.1974,-129.7069,85.7663
535,21.4974,-129.4069,85.7663
536,21.4974,-129.1069,85.7663
537,21.7974,-128.8069,85.7663
538,21.7974,-128.5069,85.7663
539,21.7974,-128.2069,85.7663
540,21.7974,-127.9069,85.7663
541,22.0974,-127.6069,85.7663
542,22.0974,-127.3069,85.4663
543,22.0974,-127.0069,85.4663
544,22.0974,-126.7069,85.1663
545,22.0974,-126.4069,85.1663
546,22.0974,-126.1069,84.8663
547,22.0974,-125.8069,84.5663
548,22.0974,-126.1069,84.8663
549,22.0974,-126.4069,85.1663
550,22.0974,-126.7069,85.1663
551,22.0974,-127.0069,85.4663
552,22.0974,-127.3069,85.4663
553,22.0974,-127.6069,85.7663
554,21.7974,-127.9069,85.7663
555,21.7974,-128.2069,85.7663
556,21.7974,-128.5069,85.7663
557,21.7974,-128.8069,85.7663
558,21.4974,-129.1069,85.7663
559,21.4974,-129.4069,85.7663
560,21.1974,-129.7069,85.7663
561,21.1974,-130.0069,85.7663
562,20.8974,-130.3069,85.7663
563,20.5974,-130.6069,85.7663
564,20.2974,-130.9069,85.7663
565,19.9974,-131.2069,85.4663
566,19.6974,-131.2069,85.4663
567,19.3974,-131.5069,85.1663
568,19.0974,-131.5069,85.1663
569,18.7974,-131.8069,84.8663
570,18.4974,-131.8069,84.8663
571,18.1974,-131.8069,84.8663
572,17.8974,-131.8069,84.8663
573,17.5974,-131.8069,84.8663
574,17.2974,-131.8069,84.8663
575,16.9974,-131.8069,84.8663
576,16.6974,-131.8069,84.8663
577,16.3974,-131.8069,84.8663
578,16.0974,-131.8069,84.8663
579,15.7974,-131.8069,84.8663
580,15.4974,-131.8069,84.8663
581,15.1974,-131.5069,84.5663
582,14.8974,-131.5069,84.5663
583,14.5974,-131.2069,84.2663
584,14.2974,-131.2069,84.2663
585,13.9974,-130.9069,84.2663
586,9.8230,-130.5770,84.5000
587,9.4974,-130.6069,84.5663
588,9.1974,-130.6069,84.5663
589,8.8974,-130.6069,84.5663
590,8.5974,-130.6069,84.5663
591,8.2974,-130.3069,84.5663
592,7.9974,-130.3069,84.5663
593,7.6974,-130.3069,84.5663
594,7.3974,-130.0069,84.5663
595,7.0974,-130.0069,84.5663
596,6.7974,-129.7069,84.2663
597,6.4974,-129.4069,84.2663
598,6.1974,-129.4069,84.2663
599,5.8974,-129.4069,84.2663
600,5.5974,-129.4069,84.2663
601,5.2974,-129.4069,84.2663
602,4.9974,-129.4069,84.2663
603,4.6974,-129.4069,84.2663
604,4.3974,-129.4069,84.2663
605,4.0974,-129.4069,84.2663
606,3.7974,-129.4069,84.2663
607,3.4974,-129.4069,84.2663
608,3.1974,-129.4069,84.2663
609,2.8974,-129.4069,84.2663
610,2.5974,-129.4069,84.2663
611,2.2974,-129.4069,84.2663
612,1.9974,-129.4069,84.2663
613,1.6974,-129.4069,84.2663
614,1.3974,-129.4069,84.2663
615,1.0974,-129.1069,84.2663
616,0.7974,-129.1069,84.2663
617,0.4974,-128.8069,84.2663
618,0.1974,-128.8069,84.2663
619,-0.1026,-128.8069,84.2663
620,-0.4026,-128.5069,84.2663
621,-0.7026,-128.5069,84.2663
622,-1.0026,-128.2069,84.5663
623,-1.3026,-128.2069,84.5663
624,-1.6026,-128.2069,84.5663
625,-1.9026,-128.2069,84.5663
626,-2.2026,-128.2069,84.5663
627,-2.5026,-128.2069,84.5663
628,-2.8026,-128.2069,84.5663
629,-3.1026,-128.2069,84.5663
630,-3.4026,-128.2069,84.5663
631,-3.7026,-128.2069,84.5663
632,-4.0026,-128.2069,84.5663
633,-4.3026,-128.2069,84.5663
634,-4.6026,-128.2069,84.5663
635,-4.9026,-128.2069,84.5663
636,-5.2026,-128.2069,84.5663
637,-5.5026,-128.2069,84.5663
638,-5.8026,-128.2069,84.5663
639,-6.1026,-128.2069,84.5663
640,-6.4026,-127.9069,84.5663
641,-6.7026,-127.9069,84.5663
642,-7.0026,-127.9069,84.5663
643,-7.3026,-127.6069,84.5663
644,-8.9284,-126.5284,84.5000
645,-9.1026,-126.1069,84.5663
646,-9.4026,-125.8069,84.5663
647,-9.7026,-125.5069,84.5663
648,-9.7026,-125.2069,84.5663
649,-10.0026,-124.9069,84.5663
650,-10.0026,-124.6069,84.5663
651,-10.0026,-124.3069,84.5663
652,-10.3026,-124.0069,84.5663
653,-10.3026,-123.7069,84.5663
654,-10.3026,-123.4069,84.5663
655,-10.3026,-123.1069,84.5663
656,-10.3026,-122.8069,84.5663
657,-10.3026,-123.1069,84.8663
658,-10.3026,-123.4069,84.8663
659,-10.3026,-123.7069,85.1663
660,-10.3026,-124.0069,85.4663
661,-10.3026,-124.3069,85.4663
662,-10.3026,-124.6069,85.4663
663,-10.3026,-124.9069,85.4663
664,-10.0026,-125.2069,85.7663
665,-9.7026,-125.5069,86.0663
666,-9.4026,-125.8069,86.3663
667,-9.1026,-126.1069,86.6663
668,-8.8026,-126.4069,86.9663
669,-8.8026,-126.7069,86.9663
670,-8.5026,-127.0069,87.2663
671,-8.2026,-127.0069,87.2663
672,-7.9026,-127.3069,87.2663
673,-7.6026,-127.6069,87.2663
674,-7.3026,-127.6069,87.2663
675,-7.0026,-127.9069,87.2663
676,-6.7026,-127.9069,87.2663
677,-6.4026,-128.2069,87.2663
678,-6.1026,-128.2069,87.2663
679,-5.8026,-128.2069,87.2663
680,-5.5026,-128.2069,87.2663
681,-5.2026,-128.2069,87.2663
682,-4.9026,-128.2069,87.2663
683,-4.6026,-128.2069,87.2663
684,-4.3026,-128.2069,87.2663
685,-4.0026,-128.2069,87.2663
686,-3.7026,-128.2069,87.2663
687,-3.4026,-128.5069,87.2663
688,-3.1026,-128.5069,87.2663
689,-2.8026,-128.5069,87.2663
690,-2.5026,-128.5069,87.2663
691,-2.2026,-128.8069,87.2663
692,-1.9026,-128.8069,87.2663
693,-1.6026,-128.8069,87.2663
694,-1.3026,-128.8069,87.2663
695,-1.0026,-128.8069,87.2663
696,-0.7026,-128.8069,87.2663
697,-0.4026,-128.8069,87.2663
698,-0.1026,-129.1069,87.2663
699,0.1974,-129.1069,87.2663
700,0.4974,-129.1069,87.2663
701,0.7974,-129.1069,87.2663
702,1.0974,-129.1069,87.2663
703,1.3974,-129.4069,87.2663
704,1.6974,-129.4069,87.2663
705,1.9974,-129.4069,87.2663
706,2.2974,-129.4069,87.2663
707,2.5974,-129.4069,87.2663
708,2.8974,-129.4069,87.2663
709,3.1974,-129.4069,87.2663
710,3.4974,-129.7069,87.2663
711,3.7974,-129.7069,87.2663
712,4.0974,-129.7069,87.2663
713,4.3974,-129.7069,87.2663
714,4.6974,-129.7069,87.2663
715,4.9974,-129.7069,87.2663
716,5.2974,-130.0069,87.2663
717,5.5974,-130.0069,87.2663
718,5.8974,-130.0069,87.2663
719,6.1974,-130.0069,87.2663
720,6.4974,-130.0069,87.2663
721,6.7974,-130.3069,87.2663
722,7.0974,-130.3069,87.2663
723,7.3974,-130.3069,87.2663
724,7.6974,-130.3069,87.2663
725,7.9974,-130.3069,87.2663
726,8.2974,-130.6069,87.2663
727,8.5974,-130.6069,87.2663
728,8.8974,-130.9069,87.2663
729,9.1974,-130.9069,87.2663
730,9.4974,-130.9069,87.2663
731,9.7974,-130.9069,87.2663
732,10.0974,-130.9069,87.2663
733,10.3974,-130.9069,87.2663
734,10.6974,-130.9069,87.2663
735,10.9974,-130.9069,87.2663
736,11.2974,-130.9069,87.2663
737,11.5974,-130.9069,87.2663
738,11.8974,-130.9069,87.2663
739,12.1974,-131.2069,87.2663
740,12.4974,-131.2069,87.2663
741,12.7974,-131.2069,87.2663
742,13.0974,-131.2069,87.2663
743,13.3974,-131.2069,87.2663
744,13.6974,-131.2069,87.2663
745,13.9974,-131.5069,87.5663
746,14.2974,-131.5069,87.5663
747,14.5974,-131.5069,87.5663
748,14.8974,-131.5069,87.5663
749,15.1974,-131.5069,87.5663
750,14.8974,-131.5069,87.5663
751,14.5974,-131.5069,87.5663
752,14.2974,-131.5069,87.5663
753,13.9974,-131.5069,87.5663
754,13.6974,-131.5069,87.5663
755,13.3974,-131.5069,87.5663
756,13.0974,-131.5069,87.5663
757,12.7974,-131.5069,87.5663
758,12.4974,-131.5069,87.5663
759,12.1974,-131.5069,87.5663
760,11.8974,-131.5069,87.5663
761,11.5974,-131.5069,87.5663
762,11.2974,-131.2069,87.5663
763,10.9974,-131.2069,87.5663
764,10.6974,-131.2069,87.5663
765,10.3974,-130.9069,87.5663
766,10.0974,-130.9069,87.5663
767,9.7974,-130.9069,87.5663
768,9.4974,-130.9069,87.5663
769,9.1974,-130.9069,87.5663
770,8.8974,-130.9069,87.5663
771,8.5974,-130.9069,87.5663
772,8.2974,-130.9069,87.5663
773,7.9974,-130.6069,87.2663
774,7.6974,-130.6069,87.2663
775,7.3974,-130.3069,87.2663
776,7.0974,-130.3069,87.2663
777,6.7974,-130.3069,87.2663
778,6.4974,-130.3069,87.2663
779,6.1974,-130.3069,87.2663
780,5.8974,-130.3069,87.2663
781,5.5974,-130.3069,87.2663
782,5.2974,-130.0069,87.2663
783,4.9974,-129.7069,87.2663
784,4.6974,-129.7069,87.2663
785,4.3974,-129.7069,87.2663
786,4.0974,-129.7069,87.2663
787,3.7974,-129.7069,87.2663
788,3.4974,-129.7069,87.2663
789,3.1974,-129.4069,87.5663
790,2.5955,-126.2935,87.3000
791,-7.2134,-118.2806,87.3000
792,-7.3026,-118.6069,87.2663
793,-7.3026,-118.9069,87.2663
794,-7.3026,-119.2069,87.2663
795,-7.6026,-119.5069,87.5663
796,-7.9026,-119.8069,87.8663
797,-8.2026,-120.1069,88.1663
798,-8.5026,-120.4069,88.4663
799,-8.8026,-120.7069,88.7663
800,-9.1026,-121.0069,89.0663
801,-9.4026,-121.3069,89.3663
802,-9.4026,-121.6069,89.6663
803,-9.4026,-121.9069,89.6663
804,-9.4026,-122.2069,89.6663
805,-9.4026,-122.5069,89.6663
806,-9.4026,-122.8069,89.6663
807,-9.4026,-123.1069,89.6663
808,-9.4026,-123.4069,89.6663
809,-9.4026,-123.7069,89.9663
810,-9.4026,-124.0069,89.9663
811,-9.4026,-124.3069,90.2663
812,-9.4026,-124.6069,90.2663
813,-9.4026,-124.9069,90.2663
814,-9.1026,-125.2069,90.5663
815,-8.8026,-125.5069,90.5663
816,-8.8026,-125.8069,90.5663
817,-8.5026,-126.1069,90.5663
818,-8.2026,-126.4069,90.5663
819,-7.9026,-126.7069,90.5663
820,-7.6026,-127.0069,90.5663
821,-7.3026,-127.3069,90.5663
822,-7.0026,-127.3069,90.5663
823,-6.7026,-127.6069,90.5663
824,-6.4026,-127.6069,90.5663
825,-6.1026,-127.9069,90.5663
826,-5.8026,-127.9069,90.5663
827,-5.5026,-127.9069,90.5663
828,-5.2026,-127.9069,90.5663
829,-3.4927,-127.5803,93.5000
830,-3.1026,-127.3069,93.5663
831,-2.8026,-127.3069,93.5663
832,-2.5026,-127.0069,93.5663
833,-2.2026,-126.7069,93.5663
834,-1.9026,-126.4069,93.5663
835,-1.6026,-126.1069,93.5663
836,-1.3026,-125.8069,93.5663
837,-1.3026,-125.5069,93.5663
838,-1.0026,-125.2069,93.5663
839,-1.0026,-124.9069,93.5663
840,-1.0026,-124.6069,93.5663
841,-0.7026,-124.3069,93.5663
842,-0.7026,-124.0069,93.5663
843,-0.7026,-123.7069,93.5663
844,-0.7026,-123.4069,93.5663
845,-0.7026,-123.1069,93.5663
846,-1.0026,-122.8069,93.5663
847,-1.0026,-122.5069,93.5663
848,-1.0026,-122.2069,93.5663
849,-1.0026,-121.9069,93.5663
850,-1.3026,-121.6069,93.5663
851,-1.6026,-121.3069,93.5663
852,-1.6026,-121.0069,93.5663
853,-1.9026,-120.7069,93.5663
854,-2.2026,-120.4069,93.5663
855,-2.5026,-120.1069,93.5663
856,-2.8026,-119.8069,93.5663
857,-3.1026,-119.8069,93.5663
858,-3.4026,-119.5069,93.5663
859,-3.7026,-119.5069,93.5663
860,-4.0026,-119.2069,93.5663
861,-4.3026,-119.2069,93.5663
862,-4.6026,-119.2069,93.5663
863,-4.9026,-119.2069,93.5663
864,-5.2026,-119.2069,93.5663
865,-5.5026,-119.2069,93.5663
866,-5.8026,-119.2069,93.5663
867,-6.1026,-119.2069,93.5663
868,-6.4026,-119.5069,93.5663
869,-6.7026,-119.5069,93.5663
870,-7.0026,-119.8069,93.5663
871,-7.3026,-119.8069,93.5663
872,-7.6026,-120.1069,93.5663
873,-7.9026,-120.4069,93.5663
874,-8.2026,-120.4069,93.5663
875,-8.2026,-120.7069,93.5663
876,-8.5026,-121.0069,93.5663
877,-8.8026,-121.3069,93.5663
878,-8.8026,-121.6069,93.5663
879,-9.1026,-121.9069,93.5663
880,-9.1026,-122.2069,93.5663
881,-9.4026,-122.5069,93.5663
882,-9.4026,-122.8069,93.5663
883,-9.4026,-123.1069,93.5663
884,-9.4026,-123.4069,93.5663
885,-9.4026,-123.7069,93.5663
886,-9.5000,-123.5000,96.5000
887,-9.4026,-123.7069,96.5663
888,-9.4026,-124.0069,96.5663
889,-9.4026,-124.3069,96.5663
890,-9.1026,-124.6069,96.5663
891,-9.1026,-124.9069,96.5663
892,-9.1026,-125.2069,96.5663
893,-8.8026,-125.5069,96.5663
894,-8.8026,-125.8069,96.5663
895,-8.5026,-126.1069,96.5663
896,-8.5026,-126.4069,96.5663
897,-8.2026,-126.7069,96.5663
898,-7.9026,-126.7069,96.5663
899,-7.6026,-127.0069,96.5663
900,-7.3026,-127.3069,96.5663
901,-7.0026,-127.3069,96.5663
902,-6.7026,-127.6069,96.5663
903,-6.4026,-127.6069,96.5663
904,-6.1026,-127.9069,96.5663
905,-5.8026,-127.9069,96.5663
906,-5.5026,-127.9069,96.5663
907,-5.2026,-127.9069,96.5663
908,-4.9026,-127.9069,96.5663
909,-4.6026,-127.9069,96.5663
910,-4.3026,-127.9069,96.5663
911,-4.0026,-127.6069,96.5663
912,-3.7026,-127.6069,96.5663
913,-3.4026,-127.6069,96.5663
914,-3.1026,-127.3069,96.5663
915,-2.8026,-127.3069,96.5663
916,-2.5026,-127.0069,96.5663
917,-2.2026,-126.7069,96.5663
918,-1.9026,-126.4069,96.5663
919,-1.6026,-126.1069,96.5663
920,-1.3026,-125.8069,96.5663
921,-1.3026,-125.5069,96.5663
922,-1.0026,-125.2069,96.5663
923,-1.0026,-124.9069,96.5663
924,-1.0026,-124.6069,96.5663
925,-1.0026,-124.3069,96.5663
926,-0.7026,-124.0069,96.5663
927,-0.7026,-123.7069,96.5663
928,-0.7026,-123.4069,96.5663
929,-0.7026,-123.1069,96.5663
930,-0.7026,-122.8069,96.5663
931,-1.0026,-122.5069,96.5663
932,-1.0026,-122.2069,96.5663
933,-1.0026,-121.9069,96.5663
934,-1.3026,-121.6069,96.5663
935,-1.3026,-121.3069,96.5663
936,-1.6026,-121.0069,96.5663
937,-1.9026,-120.7069,96.5663
938,-2.2026,-120.4069,96.5663
939,-2.5026,-120.1069,96.5663
940,-2.8026,-119.8069,96.5663
941,-3.1026,-119.8069,96.5663
942,-3.4026,-119.5069,96.5663
943,-3.7026,-119.5069,96.5663
944,-3.4026,-119.5069,96.8663
945,-3.1026,-119.8069,97.1663
946,-3.1026,-119.8069,97.4663
947,-3.1026,-119.8069,97.7663
948,-3.1026,-119.8069,98.0663
949,-2.8026,-120.1069,98.3663
950,-2.5026,-120.4069,98.6663
951,-2.5026,-120.4069,98.9663
952,-2.5026,-120.4069,99.2663
953,-2.2026,-120.7069,99.5663
954,-5.1000,-123.7000,99.5000
955,-1.2045,-125.2307,99.3000
956,-1.6026,-125.5069,99.2663
957,-1.6026,-125.8069,99.2663
958,-1.9026,-126.1069,99.2663
959,-2.2026,-126.4069,99.2663
960,-2.5026,-126.7069,99.2663
961,-2.8026,-127.0069,99.2663
962,-3.1026,-127.0069,99.2663
963,-3.4026,-127.3069,99.2663
964,-3.7026,-127.3069,99.2663
965,-4.0026,-127.6069,99.2663
966,-4.3026,-127.6069,99.2663
967,-4.6026,-127.6069,99.2663
968,-4.9026,-127.6069,99.2663
969,-5.2026,-127.6069,99.2663
970,-5.5026,-127.6069,99.2663
971,-5.8026,-127.6069,99.2663
972,-6.1026,-127.6069,99.2663
973,-6.4026,-127.6069,99.2663
974,-6.7026,-127.3069,99.2663
975,-7.0026,-127.3069,99.2663
976,-7.3026,-127.0069,99.2663
977,-7.6026,-127.0069,99.2663
978,-7.9026,-127.0069,99.2663
979,-8.2026,-126.7069,99.5663
980,-8.2026,-126.4069,99.5663
981,-8.2026,-126.1069,99.5663
982,-8.5026,-125.8069,99.5663
983,-8.8026,-125.5069,99.5663
984,-8.8026,-125.2069,99.5663
985,-9.1026,-124.9069,99.5663
986,-9.1026,-124.6069,99.5663
987,-9.1026,-124.3069,99.5663
988,-9.1026,-124.0069,99.5663
989,-9.1026,-123.7069,99.5663
990,-9.1026,-123.4069,99.5663
991,-9.1026,-123.1069,99.5663
992,-9.1026,-122.8069,99.5663
993,-9.1026,-122.5069,99.5663
994,-8.8026,-122.2069,99.5663
995,-8.8026,-121.9069,99.5663
996,-8.5026,-121.6069,99.5663
997,-8.5026,-121.3069,99.5663
998,-8.5026,-121.0069,99.5663
999,-8.2026,-120.7069,99.5663
1000,-8.5026,-120.7069,99.5663
1001,-8.8026,-120.7069,99.5663
1002,-9.1026,-120.7069,99.5663
1003,-9.4026,-120.7069,99.5663
1004,-9.7026,-120.7069,99.5663
1005,-10.0026,-120.7069,99.5663
1006,-10.3026,-120.7069,99.5663
1007,-10.6026,-120.7069,99.5663
1008,-10.9026,-120.7069,99.5663
1009,-11.2026,-120.7069,99.5663
1010,-11.5026,-120.7069,99.5663
1011,-11.8026,-120.7069,99.5663
1012,-12.1026,-120.7069,99.5663
1013,-12.4026,-120.7069,99.5663
1014,-12.7026,-121.0069,99.2663
1015,-13.0026,-121.0069,99.2663
1016,-13.3026,-121.0069,99.2663
1017,-13.6026,-121.0069,99.2663
1018,-13.9026,-121.0069,99.2663
1019,-14.2026,-121.0069,99.2663
1020,-14.5026,-121.0069,99.2663
1021,-14.8026,-121.0069,99.2663
1022,-15.1026,-121.0069,99.2663
1023,-15.4026,-121.0069,99.2663
1024,-15.7026,-121.0069,99.2663
1025,-16.0026,-121.0069,99.2663
1026,-16.3026,-121.0069,99.2663
1027,-16.6026,-121.0069,99.2663
1028,-16.9026,-121.0069,99.2663
1029,-17.2026,-121.0069,99.2663
1030,-17.5026,-121.0069,98.9663
1031,-17.8026,-121.0069,98.6663
1032,-18.1026,-121.0069,98.3663
1033,-18.4026,-121.0069,98.0663
1034,-18.7026,-121.0069,97.7663
1035,-19.0026,-121.0069,97.4663
1036,-19.3026,-121.0069,97.1663
1037,-19.6026,-121.0069,96.8663
1038,-19.9026,-121.0069,96.5663
1039,-20.2026,-121.0069,96.2663
1040,-20.5026,-121.0069,95.9663
1041,-20.8026,-121.0069,95.6663
1042,-21.1026,-121.0069,95.3663
1043,-21.4026,-121.0069,95.0663
1044,-21.7026,-121.0069,94.7663
1045,-22.0026,-121.0069,94.4663
1046,-22.3026,-121.0069,94.1663
1047,-22.6026,-121.0069,93.8663
1048,-22.9026,-121.0069,93.5663
1049,-23.2026,-121.0069,93.2663
1050,-23.5026,-121.0069,92.9663
1051,-23.8026,-121.3069,92.6663
1052,-24.1026,-121.6069,92.3663
1053,-24.4026,-121.6069,92.3663
1054,-24.7026,-121.6069,92.0663
1055,-25.0026,-121.6069,91.7663
1056,-25.3026,-121.6069,91.4663
1057,-25.6026,-121.6069,91.1663
1058,-25.9026,-121.6069,90.8663
1059,-26.2026,-121.6069,90.5663
1060,-26.5026,-121.6069,90.2663
1061,-26.8026,-121.6069,89.9663
1062,-27.1026,-121.6069,89.6663
1063,-27.4026,-121.6069,89.3663
1064,-27.7026,-121.6069,89.0663
1065,-28.0026,-121.6069,88.7663
1066,-28.3026,-121.6069,88.4663
1067,-28.6026,-121.6069,88.1663
1068,-28.9026,-121.6069,87.8663
1069,-29.2026,-121.6069,87.5663
1070,-29.5026,-121.6069,87.2663
1071,-29.8026,-121.6069,86.9663
1072,-30.1026,-121.6069,86.6663
1073,-30.4026,-121.6069,86.3663
1074,-30.7026,-121.6069,86.0663
1075,-31.0026,-121.6069,85.7663
1076,-31.3026,-121.6069,85.4663
1077,-31.6026,-121.6069,85.4663
1078,-31.9026,-121.6069,85.4663
1079,-32.2026,-121.6069,85.4663
1080,-32.5026,-121.6069,85.1663
1081,-32.8026,-121.6069,85.1663
1082,-33.1026,-121.6069,84.8663
1083,-33.4026,-121.6069,84.8663
1084,-33.7026,-121.6069,84.5663
1085,-34.0026,-121.6069,84.2663
1086,-34.3026,-121.6069,83.9663
1087,-34.6026,-121.6069,83.6663
1088,-34.9026,-121.6069,83.3663
1089,-35.2026,-121.6069,83.0663
1090,-35.5026,-121.6069,82.7663
1091,-35.8026,-121.6069,82.4663
1092,-36.1026,-121.6069,82.1663
1093,-36.4026,-121.6069,81.8663
1094,-36.7026,-121.6069,81.8663
1095,-37.0026,-121.6069,81.8663
1096,-37.3026,-121.6069,81.8663
1097,-37.6026,-121.6069,81.8663
1098,-37.9026,-121.6069,81.8663
1099,-38.2026,-121.6069,81.5663
1100,-38.5026,-121.6069,81.5663
1101,-38.8026,-121.6069,81.5663
1102,-39.1026,-121.6069,81.5663
1103,-39.4026,-121.9069,81.2663
1104,-39.7026,-122.2069,80.9663
1105,-40.0026,-122.2069,80.9663
1106,-40.3026,-122.2069,80.6663
1107,-40.6026,-122.5069,80.3663
1108,-40.9026,-122.5069,80.0663
1109,-40.9026,-122.5069,79.7663
1110,-41.2026,-122.5069,79.4663
1111,-41.5026,-122.8069,79.1663
1112,-41.5026,-122.8069,78.8663
1113,-41.5026,-122.8069,78.5663
1114,-41.5026,-122.8069,78.2663
1115,-41.8026,-122.8069,77.9663
1116,-41.8026,-122.8069,77.6663
1117,-41.8026,-122.8069,77.3663
1118,-41.8026,-122.8069,77.6663
1119,-41.8026,-122.8069,77.9663
1120,-41.5026,-122.8069,78.2663
1121,-41.5026,-122.8069,78.5663
1122,-41.5026,-122.8069,78.8663
1123,-41.5026,-122.8069,79.1663
1124,-41.2026,-122.8069,79.4663
1125,-40.9026,-122.8069,79.7663
1126,-40.6026,-123.1069,80.0663
1127,-40.3026,-123.1069,80.3663
1128,-40.0026,-123.1069,80.6663
1129,-39.7026,-123.4069,80.9663
1130,-39.4026,-123.4069,81.2663
1131,-39.1026,-123.4069,81.2663
1132,-38.8026,-123.4069,81.5663
1133,-38.5026,-123.4069,81.5663
1134,-38.2026,-123.4069,81.5663
1135,-37.9026,-123.4069,81.5663
1136,-37.6026,-123.4069,81.5663
1137,-37.3026,-123.4069,81.5663
1138,-37.0026,-123.7069,81.5663
1139,-36.7026,-123.7069,81.5663
1140,-36.4026,-123.7069,81.5663
1141,-36.1026,-123.7069,81.5663
1142,-35.8026,-123.7069,81.5663
1143,-35.5026,-123.7069,81.5663
1144,-35.2026,-123.7069,81.5663
1145,-34.9026,-123.7069,81.5663
1146,-34.6026,-123.7069,81.5663
1147,-34.3026,-123.7069,81.5663
1148,-34.0026,-123.7069,81.5663
1149,-33.7026,-123.7069,81.5663
1150,-33.4026,-123.7069,81.5663
1151,-33.1026,-124.0069,81.8663
1152,-32.8026,-124.0069,81.8663
1153,-32.5026,-124.0069,81.8663
1154,-32.2026,-124.3069,81.8663
1155,-31.9026,-124.3069,81.8663
1156,-31.6026,-124.3069,81.8663
1157,-31.3026,-124.3069,81.8663
1158,-31.0026,-124.3069,81.8663
1159,-30.7026,-124.3069,81.8663
1160,-30.4026,-124.3069,81.8663
1161,-30.1026,-124.3069,81.8663
1162,-29.8026,-124.3069,81.8663
1163,-29.5026,-124.3069,81.8663
1164,-29.2026,-124.3069,81.8663
1165,-28.9026,-124.3069,81.8663
1166,-28.6026,-124.0069,81.5663
1167,-28.3026,-123.7069,81.5663
1168,-28.0026,-123.7069,81.5663
1169,-27.7026,-123.4069,81.5663
1170,-27.4026,-123.1069,81.2663
1171,-27.1026,-122.8069,80.9663
1172,-26.8026,-122.5069,80.6663
1173,-26.8026,-122.2069,80.6663
1174,-26.5026,-121.9069,80.3663
1175,-26.5026,-121.6069,80.3663
1176,-26.5026,-121.3069,80.0663
1177,-26.5026,-121.0069,79.7663
1178,-26.5026,-120.7069,79.4663
1179,-26.8026,-120.4069,79.1663
1180,-26.8026,-120.1069,78.8663
1181,-27.1026,-119.8069,78.5663
1182,-27.1026,-119.8069,78.2663
1183,-27.4026,-119.8069,77.9663
1184,-27.7026,-119.5069,77.6663
1185,-26.5656,-119.8643,77.5000
1186,-26.2026,-119.8069,77.3663
1187,-25.9026,-119.8069,77.3663
1188,-25.6026,-120.1069,77.3663
1189,-25.3026,-120.1069,77.3663
1190,-25.0026,-120.4069,77.3663
1191,-24.7026,-120.7069,77.3663
1192,-24.4026,-121.0069,77.3663
1193,-24.1026,-121.3069,77.3663
1194,-23.8026,-121.6069,77.3663
1195,-23.5026,-121.6069,77.3663
1196,-23.2026,-121.3069,77.0663
1197,-22.9026,-121.3069,77.0663
1198,-22.6026,-121.0069,76.7663
1199,-22.3026,-120.7069,76.7663
1200,-22.0026,-120.4069,76.7663
1201,-21.7026,-120.1069,76.7663
1202,-21.4026,-119.8069,76.7663
1203,-21.1026,-119.8069,76.7663
1204,-20.8026,-119.8069,76.7663
1205,-20.5026,-119.8069,76.7663
1206,-20.2026,-119.8069,76.7663
1207,-19.9026,-119.8069,76.7663
1208,-19.6026,-120.1069,76.7663
1209,-19.3026,-120.4069,76.7663
1210,-19.0026,-120.7069,76.7663
1211,-18.7026,-121.0069,76.7663
1212,-18.4026,-121.3069,76.7663
1213,-18.1026,-121.6069,76.7663
1214,-17.8026,-121.9069,76.7663
1215,-17.5026,-121.9069,76.7663
1216,-17.2026,-122.2069,76.7663
1217,-16.9026,-122.2069,76.7663
1218,-16.6026,-122.2069,76.7663
1219,-16.3026,-122.2069,76.7663
1220,-16.0026,-122.5069,77.0663
1221,-15.7026,-122.8069,77.0663
1222,-15.4026,-123.1069,77.3663
1223,-15.1026,-123.1069,77.3663
1224,-13.3779,-123.7425,77.5000
1225,-13.3026,-123.7069,77.6663
1226,-13.3026,-123.7069,77.9663
1227,-13.3026,-123.7069,78.2663
1228,-13.6026,-124.0069,78.5663
1229,-13.6026,-124.0069,78.8663
1230,-13.6026,-124.3069,79.1663
1231,-13.6026,-124.3069,79.4663
1232,-13.9026,-124.6069,79.7663
1233,-14.2026,-124.9069,80.0663
1234,-14.5026,-125.2069,80.3663
1235,-14.8026,-125.5069,80.6663
1236,-15.1026,-125.8069,80.9663
1237,-15.4026,-126.1069,81.2663
1238,-15.7026,-126.4069,81.2663
1239,-16.0026,-126.7069,81.2663
1240,-16.3026,-127.0069,81.2663
1241,-16.6026,-127.3069,81.2663
1242,-16.9026,-127.6069,81.5663
1243,-16.9026,-127.9069,81.5663
1244,-16.9026,-128.2069,81.5663
1245,-17.2026,-128.5069,81.2663
1246,-17.2026,-128.8069,81.2663
1247,-17.2026,-129.1069,81.2663
1248,-17.2026,-129.4069,81.2663
1249,-17.5026,-129.7069,80.9663
1250,-17.8026,-130.0069,80.6663
1251,-18.1026,-130.3069,80.3663
1252,-18.4026,-130.6069,80.0663
1253,-18.7026,-130.9069,79.7663
1254,-18.7026,-130.9069,79.4663
1255,-19.0026,-131.2069,79.1663
1256,-19.3026,-131.5069,78.8663
1257,-19.3026,-131.5069,78.5663
1258,-19.3026,-131.5069,78.2663
1259,-19.6026,-131.8069,77.9663
1260,-19.6026,-131.8069,77.6663
1261,-19.6026,-131.8069,77.3663
1262,-19.3026,-132.1069,77.3663
1263,-19.0026,-132.1069,77.3663
1264,-18.7026,-132.4069,77.3663
1265,-18.4026,-132.7069,77.3663
1266,-18.1026,-132.7069,77.3663
1267,-17.8026,-133.0069,77.3663
1268,-17.5026,-133.0069,77.3663
1269,-16.7874,-134.3052,77.5000
1270,-16.9026,-134.5069,77.3663
1271,-16.9026,-134.8069,77.3663
1272,-16.9026,-135.1069,77.3663
1273,-17.2026,-135.4069,77.3663
1274,-17.2026,-135.7069,77.3663
1275,-17.2026,-136.0069,77.3663
1276,-17.2026,-136.3069,77.3663
1277,-17.2026,-136.6069,77.3663
1278,-17.2026,-136.9069,77.3663
1279,-17.2026,-137.2069,77.3663
1280,-17.2026,-137.5069,77.3663
1281,-16.9026,-137.8069,77.3663
1282,-16.9026,-138.1069,77.3663
1283,-16.6026,-138.4069,77.3663
1284,-16.6026,-138.7069,77.3663
1285,-16.3026,-139.0069,77.3663
1286,-16.0026,-139.3069,77.3663
1287,-15.7026,-139.6069,77.3663
1288,-15.4026,-139.9069,77.3663
1289,-15.1026,-139.9069,77.3663
1290,-14.8026,-140.2069,77.3663
1291,-14.5026,-140.2069,77.3663
1292,-14.2026,-140.5069,77.3663
1293,-13.9026,-140.5069,77.3663
1294,-13.6026,-140.5069,77.3663
1295,-13.3026,-140.5069,77.3663
1296,-13.0026,-140.5069,77.3663
1297,-12.7026,-140.5069,77.3663
1298,-12.4026,-140.5069,77.3663
1299,-12.1026,-140.5069,77.3663
1300,-11.8026,-140.5069,77.3663
1301,-11.5026,-140.5069,77.3663
1302,-11.2026,-140.5069,77.3663
1303,-10.9026,-140.5069,77.3663
1304,-10.6026,-140.5069,77.3663
1305,-10.3026,-140.5069,77.3663
1306,-10.0026,-140.5069,77.3663
1307,-9.7026,-140.5069,77.3663
1308,-9.4026,-140.5069,77.3663
1309,-9.1026,-140.5069,77.3663
1310,-8.8026,-140.5069,77.3663
1311,-8.5026,-140.5069,77.3663
1312,-8.2026,-140.5069,77.3663
1313,-7.9026,-140.5069,77.3663
1314,-7.6026,-140.5069,77.3663
1315,-7.3026,-140.8069,77.3663
1316,-7.0026,-140.8069,77.3663
1317,-6.7026,-140.8069,77.3663
1318,-6.4026,-140.8069,77.3663
1319,-6.1026,-140.8069,77.3663
1320,-5.8026,-140.8069,77.3663
1321,-5.5026,-140.8069,77.3663
1322,-5.2026,-140.8069,77.3663
1323,-4.9026,-140.8069,77.3663
1324,-4.6026,-140.8069,77.3663
1325,-4.3026,-140.8069,77.3663
1326,-4.0026,-140.8069,77.3663
1327,-3.7026,-140.8069,77.3663
1328,-3.4026,-140.8069,77.3663
1329,-3.1026,-140.8069,77.3663
1330,-2.8026,-140.8069,77.3663
1331,-2.5026,-140.8069,77.3663
1332,-2.2026,-140.8069,77.3663
1333,-1.9026,-141.1069,77.3663
1334,-1.6026,-141.4069,77.3663
1335,-1.3026,-141.7069,77.3663
1336,-1.0026,-142.0069,77.3663
1337,-0.7026,-142.3069,77.3663
1338,-0.4026,-142.6069,77.3663
1339,-0.1026,-142.6069,77.3663
1340,0.1974,-142.9069,77.3663
1341,0.4974,-142.9069,77.3663
1342,0.7974,-142.9069,77.3663
1343,1.0974,-143.2069,77.3663
1344,1.3974,-143.2069,77.3663
1345,1.6974,-143.2069,77.3663
1346,1.9974,-143.2069,77.3663
1347,2.2974,-143.2069,77.3663
1348,2.5974,-143.2069,77.3663
1349,2.8974,-143.2069,77.3663
1350,3.1974,-142.9069,77.3663
1351,3.4974,-142.9069,77.3663
1352,3.7974,-142.6069,77.3663
1353,4.0974,-142.6069,77.3663
1354,4.3974,-142.3069,77.3663
1355,4.6974,-142.0069,77.3663
1356,4.9974,-141.7069,77.3663
1357,5.2974,-141.4069,77.3663
1358,5.5974,-141.1069,77.3663
1359,5.8974,-140.8069,77.3663
1360,6.1974,-140.5069,77.3663
1361,6.4974,-140.2069,77.3663
1362,6.7974,-139.9069,77.3663
1363,7.0974,-139.6069,77.3663
1364,7.0974,-139.3069,77.3663
1365,7.3974,-139.0069,77.3663
1366,7.3974,-138.7069,77.3663
1367,7.3974,-138.4069,77.3663
1368,7.6974,-138.1069,77.3663
1369,7.6974,-137.8069,77.6663
1370,7.6974,-137.8069,77.9663
1371,7.6974,-137.5069,78.2663
1372,7.6974,-137.5069,78.5663
1373,7.6974,-137.2069,78.8663
1374,7.6974,-136.9069,79.1663
1375,7.6974,-136.6069,79.4663
1376,7.6974,-136.3069,79.4663
1377,7.6974,-136.0069,79.7663
1378,7.9974,-135.7069,80.0663
1379,7.9974,-135.4069,80.3663
1380,8.2974,-135.1069,80.6663
1381,8.5974,-134.8069,80.9663
1382,8.8974,-134.5069,81.2663
1383,9.1974,-134.2069,81.5663
1384,9.4974,-133.9069,81.8663
1385,9.7974,-133.9069,81.8663
1386,10.0974,-133.6069,82.1663
1387,10.3974,-133.3069,82.4663
1388,10.6974,-133.3069,82.4663
1389,10.9974,-133.0069,82.7663
1390,11.2974,-133.0069,82.7663
1391,11.5974,-133.0069,82.7663
1392,11.8974,-133.0069,82.7663
1393,12.1974,-133.0069,82.7663
1394,12.4974,-132.7069,83.0663
1395,12.7974,-132.7069,83.0663
1396,13.0974,-132.7069,83.0663
1397,13.3974,-132.7069,83.0663
1398,13.6974,-132.7069,83.0663
1399,13.9974,-132.7069,83.0663
1400,14.2974,-132.7069,83.0663
1401,14.5974,-132.7069,83.0663
1402,14.8974,-132.7069,83.0663
1403,15.1974,-132.7069,83.0663
1404,15.4974,-132.7069,83.0663
1405,15.7974,-132.7069,83.0663
1406,16.0974,-132.7069,83.0663
1407,16.3974,-132.7069,83.0663
1408,16.6974,-132.7069,83.0663
1409,16.9974,-132.7069,83.0663
1410,17.2974,-132.7069,83.0663
1411,17.5974,-132.7069,83.0663
1412,17.8974,-132.7069,83.0663
1413,18.1974,-132.7069,83.0663
1414,18.4974,-132.7069,83.0663
1415,18.7974,-132.4069,83.3663
1416,19.0974,-132.1069,83.6663
1417,19.3974,-131.8069,83.9663
1418,19.6974,-131.5069,84.2663
1419,19.9974,-131.2069,84.5663
1420,20.2974,-130.9069,84.8663
1421,20.5974,-130.6069,85.1663
1422,20.8974,-130.3069,85.4663
1423,21.1974,-130.0069,85.7663
1424,21.4974,-129.7069,85.7663
1425,21.7974,-129.4069,85.7663
1426,22.0974,-129.1069,85.7663
1427,22.3974,-128.8069,85.7663
1428,22.6974,-128.5069,85.7663
1429,22.9974,-128.2069,85.7663
1430,23.2974,-127.9069,85.7663
1431,23.5974,-127.6069,85.4663
1432,23.5974,-127.3069,85.4663
1433,23.8974,-127.0069,85.1663
1434,24.1974,-126.7069,84.8663
1435,24.4974,-126.4069,84.5663
1436,24.7974,-126.1069,84.2663
1437,24.7974,-126.1069,83.9663
1438,25.0974,-125.8069,83.6663
1439,25.0974,-125.8069,83.3663
1440,25.0974,-125.5069,83.0663
1441,25.0974,-125.5069,82.7663
1442,25.0974,-125.2069,82.4663
1443,25.0974,-125.2069,82.1663
1444,25.0974,-125.2069,81.8663
1445,25.0974,-125.2069,81.5663
1446,25.0974,-125.2069,81.2663
1447,25.0974,-125.2069,80.9663
1448,25.0974,-125.2069,80.6663
1449,25.0974,-125.2069,80.3663
1450,25.0974,-125.2069,80.0663
1451,25.0974,-125.5069,79.7663
1452,25.0974,-125.5069,79.4663
1453,25.0974,-125.5069,79.1663
1454,25.0974,-125.8069,78.8663
1455,25.0974,-126.1069,78.5663
1456,25.0974,-126.1069,78.2663
1457,24.7974,-126.4069,77.9663
1458,24.7974,-126.7069,77.6663
1459,25.0974,-126.7069,77.6663
1460,25.3974,-126.7069,77.6663
1461,25.6974,-126.7069,77.6663
1462,25.9974,-126.4069,77.6663
1463,26.2974,-126.1069,77.6663
1464,26.5974,-125.8069,77.6663
1465,26.8974,-125.8069,77.6663
1466,27.1974,-125.8069,77.6663
1467,27.4974,-125.8069,77.6663
1468,27.7974,-125.5069,77.3663
1469,28.0974,-125.5069,77.3663
1470,28.3974,-125.5069,77.3663
1471,28.6974,-125.2069,77.3663
1472,28.9974,-124.9069,77.3663
1473,29.2974,-124.9069,77.3663
1474,29.5974,-124.9069,77.3663
1475,29.8974,-124.9069,77.3663
1476,30.1974,-124.9069,77.3663
1477,30.4974,-124.6069,77.3663
1478,30.7974,-124.6069,77.3663
1479,31.0974,-124.3069,77.3663
1480,31.3974,-124.3069,77.3663
1481,31.6974,-124.3069,77.3663
1482,31.9974,-124.3069,77.3663
1483,32.2974,-124.3069,77.3663
1484,32.5974,-124.3069,77.3663
1485,32.8974,-124.3069,77.3663
1486,33.1974,-124.3069,77.3663
1487,33.4974,-124.3069,77.3663
1488,33.7974,-124.6069,77.3663
1489,34.0974,-124.6069,77.3663
1490,34.3974,-124.9069,77.3663
1491,34.6974,-124.9069,77.3663
1492,34.9974,-125.2069,77.3663
1493,35.2974,-125.2069,77.3663
1494,35.5974,-125.5069,77.3663
1495,35.8974,-125.5069,77.3663
1496,36.1974,-125.5069,77.3663
1497,36.4974,-125.5069,77.3663
1498,36.7974,-125.5069,77.3663
1499,37.0974,-125.5069,77.3663
1500,37.3974,-125.5069,77.3663
1501,37.6974,-125.5069,77.3663
1502,37.9974,-125.5069,77.3663
1503,38.2974,-125.5069,77.3663
1504,38.5974,-125.5069,77.3663
1505,38.8974,-125.5069,77.3663
1506,39.1974,-125.5069,77.3663
1507,39.4974,-125.5069,77.3663
1508,39.7974,-125.5069,77.3663
1509,40.0974,-125.5069,77.3663
1510,40.3974,-125.5069,77.3663
1511,40.6974,-125.5069,77.3663
1512,40.9974,-125.5069,77.3663
1513,41.2974,-125.5069,77.3663
1514,41.5974,-125.5069,77.3663
1515,41.8974,-125.8069,77.3663
1516,42.1974,-125.8069,77.3663
1517,42.4974,-126.1069,77.3663
1518,42.7974,-126.1069,77.3663
1519,43.0974,-126.4069,77.3663
1520,43.3974,-126.7069,77.3663
1521,43.6974,-127.0069,77.3663
1522,43.9974,-127.3069,77.3663
1523,44.2974,-127.6069,77.3663
1524,44.5974,-127.9069,77.3663
1525,44.8974,-128.2069,77.3663
1526,45.1974,-128.2069,77.3663
1527,45.4974,-128.2069,77.3663
1528,45.7974,-128.2069,77.3663
1529,46.0974,-128.2069,77.3663
1530,46.3974,-128.2069,77.3663
1531,46.6974,-128.5069,77.3663
1532,46.9974,-128.5069,77.3663
1533,47.2974,-128.8069,77.3663
1534,47.5974,-128.8069,77.3663
1535,47.8974,-129.1069,77.3663
1536,48.1974,-129.4069,77.3663
1537,48.4974,-129.7069,77.3663
1538,48.7974,-130.0069,77.3663
1539,49.0974,-130.3069,77.3663
1540,49.3974,-130.6069,77.3663
1541,49.6974,-130.9069,77.3663
1542,49.9974,-131.2069,77.3663
1543,50.2974,-131.5069,77.3663
1544,50.5974,-131.8069,77.3663
1545,50.8974,-132.1069,77.3663
1546,51.1974,-132.4069,77.3663
1547,51.4974,-132.7069,77.3663
1548,51.7974,-132.7069,77.3663
1549,52.0974,-133.0069,77.3663
1550,52.3974,-133.0069,77.3663
1551,52.6974,-133.0069,77.3663
1552,52.9974,-133.3069,77.3663
1553,53.2974,-133.3069,77.3663
1554,53.5974,-133.3069,77.3663
1555,53.8974,-133.3069,77.3663
1556,54.1974,-133.3069,77.3663
1557,54.4974,-133.3069,77.3663
1558,54.7974,-133.3069,77.3663
1559,55.0974,-133.6069,77.3663
1560,55.3974,-133.9069,77.3663
1561,55.6974,-133.9069,77.3663
1562,55.9974,-133.9069,77.3663
1563,56.2974,-133.9069,77.3663
1564,56.5974,-133.9069,77.3663
1565,56.8974,-133.9069,77.3663
1566,57.1974,-133.9069,77.3663
1567,57.4974,-133.9069,77.3663
1568,57.7974,-134.2069,77.3663
1569,58.0974,-134.2069,77.3663
1570,58.3974,-134.2069,77.3663
1571,58.6974,-134.2069,77.3663
1572,58.9974,-134.2069,77.3663
1573,59.2974,-134.2069,77.6663
1574,59.5974,-134.2069,77.9663
1575,59.8974,-134.5069,78.2663
1576,60.1974,-134.5069,78.5663
1577,60.4974,-134.8069,78.8663
1578,60.7974,-135.1069,79.1663
1579,61.0974,-135.4069,79.4663
1580,61.3974,-135.7069,79.7663
1581,61.6974,-136.0069,80.0663
1582,61.6974,-136.3069,80.0663
1583,61.6974,-136.6069,80.3663
1584,61.6974,-136.9069,80.3663
1585,61.6974,-137.2069,80.6663
1586,61.6974,-137.5069,80.6663
1587,61.6974,-137.8069,80.6663
1588,61.9974,-138.1069,80.6663
1589,62.2974,-138.4069,80.3663
1590,62.5974,-138.7069,80.0663
1591,62.5974,-138.7069,79.7663
1592,62.8974,-139.0069,79.4663
1593,63.1974,-139.3069,79.1663
1594,63.1974,-139.3069,78.8663
1595,63.1974,-139.3069,78.5663
1596,63.1974,-139.3069,78.2663
1597,63.4974,-139.3069,77.9663
1598,63.4974,-139.3069,77.6663
1599,63.4974,-139.3069,77.3663
1600,63.4974,-139.6069,77.3663
1601,63.4974,-139.9069,77.3663
1602,63.4974,-140.2069,77.3663
1603,63.4974,-140.5069,77.3663
1604,63.4974,-140.8069,77.3663
1605,63.4974,-141.1069,77.3663
1606,63.4974,-141.4069,77.3663
1607,63.1974,-141.7069,77.6663
1608,63.1974,-142.0069,77.6663
1609,65.0000,-144.1000,77.7000
1610,65.2974,-144.4069,77.3663
1611,65.5974,-144.7069,77.0663
1612,65.8974,-145.0069,77.0663
1613,66.1974,-145.3069,77.0663
1614,66.4974,-145.6069,77.0663
1615,66.7974,-145.9069,76.7663
1616,66.7974,-146.2069,76.7663
1617,66.7974,-146.5069,76.7663
1618,67.0974,-146.8069,76.7663
1619,67.0974,-147.1069,76.7663
1620,67.0974,-147.4069,76.7663
1621,67.0974,-147.7069,76.7663
1622,67.0974,-148.0069,76.7663
1623,67.0974,-148.3069,76.7663
1624,67.0974,-148.6069,76.7663
1625,67.0974,-148.9069,76.7663
1626,67.0974,-149.2069,76.7663
1627,66.7974,-149.5069,76.7663
1628,66.7974,-149.8069,76.7663
1629,66.4974,-150.1069,76.7663
1630,66.4974,-150.4069,76.7663
1631,66.1974,-150.7069,76.7663
1632,65.8974,-151.0069,76.7663
1633,65.5974,-151.3069,76.7663
1634,65.2974,-151.6069,76.7663
1635,64.9974,-151.9069,76.7663
1636,64.6974,-151.9069,76.7663
1637,64.3974,-152.2069,76.7663
1638,64.0974,-152.2069,76.7663
1639,63.7974,-152.5069,76.7663
1640,63.4974,-152.5069,76.7663
1641,63.1974,-152.8069,76.7663
1642,62.8974,-153.1069,76.7663
1643,62.5974,-153.1069,76.7663
1644,62.2974,-153.1069,76.7663
1645,61.9974,-153.1069,76.7663
1646,61.6974,-153.4069,76.7663
1647,61.3974,-153.4069,76.7663
1648,61.0974,-153.4069,76.7663
1649,60.7974,-153.4069,76.7663
1650,60.4974,-153.4069,76.7663
1651,60.1974,-153.4069,76.7663
1652,59.8974,-153.4069,76.7663
1653,59.5974,-153.4069,76.7663
1654,59.2974,-153.4069,76.7663
1655,58.9974,-153.4069,76.7663
1656,58.6974,-153.4069,76.7663
1657,58.3974,-153.4069,76.7663
1658,58.0974,-153.4069,76.7663
1659,57.7974,-153.4069,76.7663
1660,57.4974,-153.4069,76.7663
1661,57.1974,-153.4069,76.7663
1662,56.8974,-153.4069,76.7663
1663,56.5974,-153.4069,76.7663
1664,56.2974,-153.4069,76.7663
1665,55.9974,-153.4069,76.7663
1666,55.6974,-153.4069,76.7663
1667,55.3974,-153.4069,76.7663
1668,55.0974,-153.4069,76.7663
1669,54.7974,-153.4069,76.7663
1670,54.4974,-153.4069,76.7663
1671,54.1974,-153.4069,76.7663
1672,53.8974,-153.4069,76.7663
1673,53.5974,-153.4069,76.7663
1674,53.2974,-153.4069,76.7663
1675,52.9974,-153.4069,76.7663
1676,52.6974,-153.4069,76.7663
1677,52.3974,-153.4069,76.7663
1678,52.0974,-153.4069,76.7663
1679,51.7974,-153.4069,76.7663
1680,51.4974,-153.4069,76.7663
1681,51.1974,-153.4069,76.7663
1682,50.8974,-153.4069,76.7663
1683,50.5974,-153.4069,76.7663
1684,50.2974,-153.4069,76.7663
1685,49.9974,-153.4069,76.7663
1686,49.6974,-153.4069,76.7663
1687,49.3974,-153.4069,76.7663
1688,49.0974,-153.4069,76.7663
1689,48.7974,-153.4069,76.7663
1690,48.4974,-153.4069,76.7663
1691,48.1974,-153.4069,76.7663
1692,47.8974,-153.4069,76.7663
1693,47.5974,-153.4069,76.7663
1694,47.2974,-153.4069,76.7663
1695,46.9974,-153.4069,76.7663
1696,46.6974,-153.4069,76.7663
1697,46.3974,-153.4069,76.7663
1698,46.0974,-153.4069,76.7663
1699,45.7974,-153.4069,76.7663
1700,45.4974,-153.4069,76.7663
1701,45.1974,-153.4069,76.7663
1702,44.8974,-153.4069,76.7663
1703,44.5974,-153.4069,76.7663
1704,44.2974,-153.4069,76.7663
1705,43.9974,-153.4069,76.7663
1706,43.6974,-153.4069,76.7663
1707,43.3974,-153.4069,76.7663
1708,43.0974,-153.4069,76.7663
1709,42.7974,-153.4069,76.7663
1710,42.4974,-153.1069,76.7663
1711,42.1974,-152.8069,76.7663
1712,41.8974,-152.5069,76.7663
1713,41.5974,-152.2069,76.7663
1714,41.2974,-151.9069,76.7663
1715,40.9974,-151.6069,76.7663
1716,40.6974,-151.3069,76.7663
1717,40.3974,-151.0069,76.7663
1718,40.0974,-150.7069,76.7663
1719,39.7974,-150.4069,76.7663
1720,39.4974,-150.1069,76.7663
1721,39.1974,-149.8069,76.7663
1722,38.8974,-149.5069,76.7663
1723,38.5974,-149.5069,76.7663
1724,38.2974,-149.5069,76.7663
1725,37.9974,-149.5069,76.7663
1726,37.6974,-149.5069,76.7663
1727,37.3974,-149.5069,76.7663
1728,37.0974,-149.5069,76.7663
1729,36.7974,-149.5069,76.7663
1730,36.4974,-149.5069,76.7663
1731,36.1974,-149.5069,76.7663
1732,35.8974,-149.5069,76.7663
1733,35.5974,-149.5069,76.7663
1734,35.2974,-149.5069,76.7663
1735,34.9974,-149.5069,76.7663
1736,34.6974,-149.5069,76.7663
1737,34.3974,-149.5069,76.7663
1738,34.0974,-149.5069,76.7663
1739,33.7974,-149.5069,76.7663
1740,33.4974,-149.2069,77.0663
1741,33.1974,-149.2069,77.0663
1742,32.8974,-149.2069,77.0663
1743,32.5974,-148.9069,77.3663
1744,32.2974,-148.9069,77.3663
1745,31.9974,-148.6069,77.6663
1746,31.6974,-148.6069,77.6663
1747,31.3974,-148.6069,77.6663
1748,31.0974,-148.3069,77.9663
1749,31.3974,-148.3069,77.9663
1750,31.6974,-148.3069,77.9663
1751,31.9974,-148.6069,77.9663
1752,32.2974,-148.6069,77.9663
1753,32.5974,-148.9069,77.9663
1754,32.8974,-149.2069,77.9663
1755,33.1974,-149.2069,77.9663
1756,33.4974,-149.2069,77.9663
1757,33.7974,-149.2069,77.9663
1758,34.0974,-149.2069,77.9663
1759,34.3974,-149.2069,77.9663
1760,34.6974,-149.2069,77.9663
1761,34.9974,-149.2069,77.9663
1762,35.2974,-149.5069,77.6663
1763,35.5974,-149.5069,77.6663
1764,35.8974,-149.5069,77.6663
1765,36.1974,-149.5069,77.6663
1766,36.4974,-149.5069,77.6663
1767,36.7974,-149.5069,77.6663
1768,37.0974,-149.5069,77.6663
1769,37.3974,-149.5069,77.6663
1770,37.6974,-149.5069,77.6663
1771,37.9974,-149.5069,77.6663
1772,38.2974,-149.5069,77.6663
1773,38.5974,-149.5069,77.6663
1774,38.8974,-149.5069,77.6663
1775,39.1974,-149.5069,77.6663
1776,39.4974,-149.8069,77.6663
1777,39.7974,-149.8069,77.6663
1778,40.0974,-149.8069,77.6663
1779,40.3974,-149.8069,77.6663
1780,40.6974,-149.8069,77.6663
1781,40.9974,-149.8069,77.6663
1782,41.2974,-149.8069,77.6663
1783,41.5974,-150.1069,77.6663
1784,41.8974,-150.1069,77.6663
1785,42.1974,-150.1069,77.6663
1786,42.4974,-150.1069,77.6663
1787,42.7974,-150.1069,77.6663
1788,43.0974,-150.4069,77.6663
1789,43.3974,-150.4069,77.6663
1790,43.6974,-150.7069,77.3663
1791,43.9974,-150.7069,77.3663
1792,44.2974,-150.7069,77.3663
1793,44.5974,-150.7069,77.3663
1794,44.8974,-150.7069,77.3663
1795,45.1974,-150.7069,77.3663
1796,45.4974,-150.7069,77.3663
1797,45.7974,-150.7069,77.3663
1798,46.0974,-150.7069,77.3663
1799,46.3974,-150.7069,77.3663
1800,46.6974,-151.0069,77.0663
1801,46.9974,-151.0069,77.0663
1802,47.2974,-151.0069,77.0663
1803,47.5974,-151.0069,77.0663
1804,47.8974,-151.0069,77.0663
1805,48.1974,-151.0069,77.0663
1806,48.4974,-151.3069,76.7663
1807,48.7974,-151.3069,76.7663
1808,49.0974,-151.3069,76.7663
1809,49.3974,-151.3069,76.7663
1810,49.6974,-151.6069,76.7663
1811,49.9974,-151.6069,76.7663
1812,50.2974,-151.6069,76.7663
1813,50.5974,-151.6069,76.7663
1814,50.8974,-151.6069,76.7663
1815,51.1974,-151.6069,76.7663
1816,51.4974,-151.9069,76.7663
1817,51.7974,-151.9069,76.7663
1818,52.0974,-151.9069,76.7663
1819,52.3974,-151.9069,76.7663
1820,52.6974,-151.9069,76.7663
1821,52.9974,-151.9069,76.7663
1822,53.2974,-151.9069,76.7663
1823,53.5974,-152.2069,76.7663
1824,53.8974,-152.2069,76.7663
1825,54.1974,-152.2069,76.7663
1826,54.4974,-152.2069,76.7663
1827,54.7974,-152.5069,76.7663
1828,55.0974,-152.5069,76.7663
1829,55.3974,-152.5069,76.7663
1830,55.6974,-152.5069,76.7663
1831,55.9974,-152.5069,76.7663
1832,56.2974,-152.5069,76.7663
1833,56.5974,-152.5069,76.7663
1834,56.8974,-152.5069,76.7663
1835,57.1974,-152.5069,76.7663
1836,57.4974,-152.8069,76.7663
1837,57.7974,-152.8069,76.7663
1838,58.0974,-152.8069,76.7663
1839,58.3974,-152.8069,76.7663
1840,58.6974,-153.1069,76.7663
1841,58.9974,-153.1069,76.7663
1842,59.2974,-153.1069,76.7663
1843,59.5974,-153.1069,76.7663
1844,59.8974,-153.1069,76.7663
1845,60.1974,-153.1069,76.7663
1846,60.4974,-153.1069,76.7663
1847,60.7974,-153.1069,76.7663
1848,61.0974,-153.4069,76.7663
1849,61.3974,-153.4069,76.7663
1850,61.6974,-153.4069,76.7663
1851,61.9974,-153.1069,76.7663
1852,62.2974,-153.1069,76.7663
1853,62.5974,-153.1069,76.7663
1854,62.8974,-153.1069,76.7663
1855,63.1974,-152.8069,76.7663
1856,63.4974,-152.5069,76.7663
1857,63.7974,-152.5069,76.7663
1858,64.0974,-152.2069,76.7663
1859,64.3974,-152.2069,76.7663
1860,64.6974,-151.9069,76.7663
1861,64.9974,-151.9069,76.7663
1862,65.2974,-151.6069,76.7663
1863,65.5974,-151.3069,76.7663
1864,65.8974,-151.0069,76.7663
1865,66.1974,-150.7069,76.7663
1866,66.4974,-150.4069,76.7663
1867,66.4974,-150.1069,76.7663
1868,66.7974,-149.8069,76.7663
1869,66.7974,-149.5069,76.7663
1870,67.0974,-149.2069,76.7663
1871,67.0974,-148.9069,76.7663
1872,67.0974,-148.6069,76.7663
1873,67.0974,-148.3069,76.7663
1874,67.0974,-148.0069,76.7663
1875,67.0974,-147.7069,76.7663
1876,67.0974,-147.4069,76.7663
1877,67.0974,-147.1069,76.7663
1878,67.0974,-146.8069,76.7663
1879,67.0974,-146.5069,76.7663
1880,66.7974,-146.2069,77.0663
1881,66.7974,-145.9069,77.0663
1882,66.7974,-145.6069,77.0663
1883,66.4974,-145.3069,77.3663
1884,66.1974,-145.0069,77.6663
1885,65.8974,-144.7069,77.6663
1886,65.5974,-144.4069,77.9663
1887,65.2974,-144.1069,77.9663
1888,64.9974,-143.8069,78.2663
1889,64.6974,-143.8069,78.2663
1890,64.9974,-143.8069,78.2663
1891,65.2974,-144.1069,78.2663
1892,65.5974,-144.1069,78.2663
1893,65.8974,-144.4069,78.2663
1894,66.1974,-144.7069,78.2663
1895,66.4974,-145.0069,78.2663
1896,66.7974,-145.3069,78.2663
1897,67.0974,-145.6069,78.2663
1898,67.0974,-145.9069,78.2663
1899,67.3974,-146.2069,78.2663
1900,67.3974,-146.5069,78.2663
1901,67.6974,-146.8069,78.2663
1902,67.6974,-147.1069,78.2663
1903,67.6974,-147.4069,78.2663
1904,67.6974,-147.7069,78.2663
1905,67.6974,-148.0069,78.2663
1906,67.6974,-148.3069,78.2663
1907,67.6974,-148.6069,78.2663
1908,67.6974,-148.9069,78.2663
1909,67.6974,-149.2069,78.2663
1910,67.3974,-149.5069,78.2663
1911,67.3974,-149.8069,78.2663
1912,67.0974,-150.1069,78.2663
1913,67.0974,-150.4069,78.2663
1914,66.7974,-150.7069,78.2663
1915,66.4974,-151.0069,77.9663
1916,66.1974,-151.3069,77.6663
1917,65.8974,-151.6069,77.6663
1918,65.8974,-151.9069,77.6663
1919,65.5974,-152.2069,77.6663
1920,65.2974,-152.5069,77.6663
1921,64.9974,-152.8069,77.6663
1922,64.6974,-153.1069,77.6663
1923,64.3974,-153.4069,77.6663
1924,64.0974,-153.4069,77.6663
1925,63.7974,-153.4069,77.6663
1926,63.4974,-153.4069,77.6663
1927,63.1974,-153.4069,77.6663
1928,62.8974,-153.4069,77.6663
1929,62.5974,-153.4069,77.6663
1930,62.2974,-153.4069,77.6663
1931,61.9974,-153.4069,77.6663
1932,61.6974,-153.4069,77.6663
1933,61.3974,-153.4069,77.6663
1934,61.0974,-153.4069,77.6663
1935,60.7974,-153.4069,77.6663
1936,60.4974,-153.4069,77.6663
1937,60.1974,-153.4069,77.6663
1938,59.8974,-153.4069,77.9663
1939,59.5974,-153.4069,77.9663
1940,59.2974,-153.4069,77.9663
1941,58.9974,-153.1069,78.2663
1942,58.6974,-153.1069,78.2663
1943,58.3974,-153.1069,78.2663
1944,58.0974,-153.1069,78.2663
1945,57.7974,-153.1069,78.2663
1946,57.4974,-153.1069,78.2663
1947,57.1974,-152.8069,78.2663
1948,56.8974,-152.8069,78.2663
1949,56.5974,-152.8069,78.2663
1950,56.2974,-152.8069,78.2663
1951,55.9974,-152.5069,78.5663
1952,55.6974,-152.5069,78.5663
1953,55.3974,-152.5069,78.5663
1954,55.0974,-152.5069,78.5663
1955,54.7974,-152.5069,78.5663
1956,54.4974,-152.5069,78.5663
1957,54.1974,-152.5069,78.5663
1958,53.8974,-152.5069,78.5663
1959,53.5974,-152.2069,78.2663
1960,53.2974,-152.2069,78.2663
1961,52.9974,-152.2069,78.2663
1962,52.6974,-151.9069,77.9663
1963,52.3974,-151.9069,77.9663
1964,52.0974,-151.9069,77.9663
1965,51.7974,-151.9069,77.9663
1966,51.4974,-151.9069,77.9663
1967,51.1974,-151.9069,77.9663
1968,50.8974,-151.9069,77.9663
1969,50.5974,-151.9069,77.9663
1970,50.2974,-151.9069,77.9663
1971,49.9974,-151.6069,78.2663
1972,49.6974,-151.6069,78.2663
1973,49.3974,-151.6069,78.2663
1974,49.0974,-151.6069,78.2663
1975,48.7974,-151.6069,78.2663
1976,48.4974,-151.6069,78.2663
1977,48.1974,-151.6069,78.2663
1978,47.8974,-151.6069,78.2663
1979,47.5974,-151.6069,78.2663
1980,47.2974,-151.6069,78.2663
1981,46.9974,-151.6069,78.2663
1982,46.6974,-151.6069,78.2663
1983,46.3974,-151.6069,78.2663
1984,46.0974,-151.6069,78.2663
1985,45.7974,-151.6069,78.2663
1986,45.4974,-151.6069,78.2663
1987,45.1974,-151.6069,78.2663
1988,44.8974,-151.6069,78.2663
1989,44.5974,-151.6069,78.2663
1990,44.2974,-151.6069,78.2663
1991,43.9974,-151.6069,78.2663
1992,43.6974,-151.6069,78.2663
1993,43.3974,-151.6069,78.2663
1994,43.0974,-151.6069,78.2663
1995,42.7974,-151.6069,78.2663
1996,42.4974,-151.6069,78.2663
1997,42.1974,-151.6069,78.2663
1998,41.8974,-151.6069,78.2663
1999,41.5974,-151.6069,78.2663
2000,41.2974,-151.3069,78.2663
2001,40.9974,-151.3069,78.2663
2002,40.6974,-151.3069,78.2663
2003,40.3974,-151.3069,78.2663
2004,40.0974,-151.0069,78.2663
2005,39.7974,-150.7069,78.2663
2006,39.4974,-150.4069,78.2663
2007,39.1974,-150.4069,78.2663
2008,38.8974,-150.4069,78.2663
2009,38.5974,-150.1069,78.2663
2010,38.2974,-150.1069,78.2663
2011,37.9974,-149.8069,78.2663
2012,37.6974,-149.8069,78.2663
2013,37.3974,-149.5069,78.2663
2014,37.0974,-149.5069,78.2663
2015,36.7974,-149.2069,78.2663
2016,36.4974,-149.2069,78.2663
2017,36.1974,-149.2069,78.2663
2018,35.8974,-148.9069,78.5663
2019,34.5022,-148.7824,78.3000
2020,34.0974,-148.9069,78.2663
2021,33.7974,-148.9069,78.2663
2022,33.4974,-148.9069,78.2663
2023,33.1974,-148.9069,78.2663
2024,32.8974,-148.9069,78.2663
2025,32.5974,-148.9069,78.2663
2026,32.2974,-148.9069,78.2663
2027,31.9974,-148.9069,78.2663
2028,31.6974,-148.9069,78.2663
2029,31.3974,-148.9069,78.2663
2030,31.0974,-148.9069,78.2663
2031,30.7974,-148.9069,78.2663
2032,30.4974,-148.9069,78.2663
2033,30.1974,-148.9069,78.2663
2034,29.8974,-148.9069,78.2663
2035,29.5974,-148.9069,78.2663
2036,29.2974,-148.9069,78.2663
2037,28.9974,-148.9069,78.2663
2038,28.6974,-148.9069,78.2663
2039,28.3974,-148.9069,78.2663
2040,28.0974,-148.9069,78.2663
2041,27.7974,-148.9069,78.2663
2042,27.4974,-148.9069,78.2663
2043,27.1974,-148.9069,78.2663
2044,26.8974,-148.9069,78.2663
2045,26.5974,-148.9069,78.2663
2046,26.2974,-148.6069,78.2663
2047,25.9974,-148.6069,78.2663
2048,25.6974,-148.6069,78.2663
2049,25.3974,-148.6069,78.2663
2050,25.0974,-148.6069,78.2663
2051,24.7974,-148.6069,78.2663
2052,24.4974,-148.3069,78.2663
2053,24.1974,-148.0069,78.2663
2054,23.8974,-147.7069,78.2663
2055,23.5974,-147.4069,78.2663
2056,23.2974,-147.4069,78.2663
2057,22.9974,-147.1069,78.2663
2058,22.6974,-147.1069,78.2663
2059,22.3974,-147.1069,78.2663
2060,22.0974,-146.8069,78.5663
2061,21.7974,-146.8069,78.5663
2062,21.4974,-146.8069,78.5663
2063,21.1974,-146.8069,78.5663
2064,20.8974,-146.5069,78.2663
2065,20.5974,-146.5069,77.9663
2066,20.2974,-146.5069,77.9663
2067,19.9974,-146.5069,77.9663
2068,19.6974,-146.5069,77.9663
2069,19.3974,-146.5069,77.9663
2070,19.0974,-146.5069,77.9663
2071,18.7974,-146.5069,77.9663
2072,18.4974,-146.5069,77.9663
2073,18.1974,-146.2069,77.9663
2074,17.8974,-145.9069,77.9663
2075,17.5974,-145.9069,77.9663
2076,17.2974,-145.9069,77.9663
2077,16.9974,-145.9069,77.9663
2078,16.6974,-145.6069,77.9663
2079,16.3974,-145.6069,77.9663
2080,16.0974,-145.6069,77.9663
2081,15.7974,-145.6069,77.9663
2082,15.4974,-145.6069,77.9663
2083,15.1974,-145.3069,77.9663
2084,14.8974,-145.3069,77.9663
2085,14.5974,-145.0069,77.9663
2086,14.2974,-145.0069,77.9663
2087,13.9974,-144.7069,77.9663
2088,13.6974,-144.4069,77.9663
2089,13.3974,-144.1069,77.9663
2090,13.0974,-143.8069,77.9663
2091,12.7974,-143.5069,77.9663
2092,12.4974,-143.2069,77.9663
2093,12.4974,-142.9069,77.9663
2094,12.1974,-142.6069,78.2663
2095,12.1974,-142.3069,78.2663
2096,11.8974,-142.0069,78.2663
2097,11.8974,-141.7069,78.2663
2098,5.7527,-140.7527,78.5000
2099,5.5974,-141.1069,78.5663
2100,5.2974,-141.4069,78.5663
2101,4.9974,-141.7069,78.5663
2102,4.6974,-142.0069,78.5663
2103,4.3974,-142.3069,78.5663
2104,4.0974,-142.6069,78.5663
2105,3.7974,-142.9069,78.2663
2106,3.4974,-142.9069,78.2663
2107,3.1974,-142.9069,78.2663
2108,2.8974,-142.9069,78.2663
2109,2.5974,-142.9069,78.2663
2110,2.2974,-142.9069,78.2663
2111,1.9974,-142.9069,78.2663
2112,1.6974,-142.9069,78.2663
2113,1.3974,-142.9069,78.2663
2114,1.0974,-142.9069,78.2663
2115,0.7974,-142.9069,78.2663
2116,0.4974,-142.6069,78.2663
2117,0.1974,-142.6069,78.2663
2118,-0.1026,-142.3069,78.2663
2119,-0.4026,-142.3069,78.2663
2120,-0.7026,-142.0069,78.2663
2121,-1.0026,-141.7069,78.2663
2122,-1.3026,-141.4069,78.2663
2123,-1.6026,-141.1069,78.2663
2124,-1.9026,-140.8069,78.2663
2125,-2.2026,-140.5069,78.2663
2126,-2.2026,-140.2069,78.2663
2127,-2.2026,-139.9069,78.2663
2128,-2.5026,-139.6069,78.2663
2129,-2.5026,-139.3069,78.2663
2130,-2.5026,-139.0069,78.2663
2131,-2.5026,-138.7069,78.2663
2132,-2.8026,-139.0069,78.2663
2133,-3.1026,-139.3069,78.2663
2134,-3.4026,-139.6069,78.2663
2135,-3.7026,-139.9069,78.2663
2136,-4.0026,-140.2069,78.2663
2137,-4.3026,-140.2069,78.2663
2138,-4.6026,-140.5069,78.2663
2139,-4.9026,-140.5069,78.2663
2140,-5.2026,-140.5069,78.2663
2141,-5.5026,-140.5069,78.2663
2142,-5.8026,-140.5069,78.2663
2143,-6.1026,-140.5069,78.2663
2144,-6.4026,-140.5069,78.2663
2145,-6.7026,-140.5069,78.2663
2146,-7.0026,-140.5069,78.2663
2147,-7.3026,-140.5069,78.2663
2148,-7.6026,-140.5069,78.2663
2149,-7.9026,-140.5069,78.2663
2150,-8.2026,-140.5069,78.2663
2151,-8.5026,-140.5069,78.2663
2152,-8.8026,-140.5069,78.2663
2153,-9.1026,-140.5069,78.2663
2154,-9.4026,-140.2069,78.2663
2155,-9.7026,-140.2069,78.2663
2156,-10.0026,-140.2069,78.2663
2157,-10.3026,-139.9069,78.2663
2158,-10.6026,-139.9069,78.2663
2159,-10.9026,-140.2069,78.2663
2160,-11.2026,-140.2069,78.2663
2161,-11.5026,-140.5069,78.2663
2162,-11.8026,-140.5069,78.2663
2163,-12.1026,-140.5069,78.2663
2164,-12.4026,-140.5069,78.2663
2165,-12.7026,-140.5069,78.2663
2166,-13.0026,-140.5069,78.2663
2167,-13.3026,-140.5069,78.2663
2168,-13.6026,-140.5069,78.2663
2169,-13.9026,-140.5069,78.2663
2170,-14.2026,-140.2069,78.2663
2171,-14.5026,-140.2069,78.2663
2172,-14.8026,-140.2069,78.2663
2173,-15.1026,-139.9069,78.2663
2174,-15.4026,-139.6069,78.2663
2175,-15.7026,-139.6069,78.2663
2176,-16.0026,-139.3069,78.5663
2177,-16.0026,-139.0069,78.5663
2178,-16.3026,-138.7069,78.5663
2179,-16.6026,-138.4069,78.5663
2180,-16.6026,-138.1069,78.5663
2181,-16.9026,-137.8069,78.5663
2182,-16.9026,-137.5069,78.5663
2183,-17.2026,-137.2069,78.2663
2184,-17.2026,-136.9069,78.2663
2185,-17.2026,-136.6069,78.2663
2186,-23.6230,-137.7770,78.1000
2187,-25.3845,-137.5415,78.3000
2188,-25.6026,-137.8069,78.2663
2189,-25.9026,-137.8069,78.2663
2190,-26.2026,-137.8069,78.2663
2191,-26.5026,-138.1069,78.2663
2192,-26.8026,-138.1069,78.2663
2193,-27.1026,-138.1069,78.2663
2194,-27.4026,-138.1069,78.2663
2195,-27.7026,-138.1069,78.2663
2196,-28.0026,-138.1069,78.2663
2197,-28.3026,-138.1069,78.2663
2198,-28.6026,-138.1069,78.2663
2199,-28.9026,-138.1069,78.2663
2200,-29.2026,-138.1069,78.2663
2201,-29.5026,-138.1069,78.2663
2202,-29.8026,-138.1069,78.2663
2203,-30.1026,-138.1069,78.2663
2204,-30.4026,-138.1069,78.2663
2205,-30.7026,-138.1069,78.2663
2206,-31.0026,-138.1069,78.2663
2207,-31.3026,-138.1069,78.2663
2208,-31.6026,-137.8069,78.2663
2209,-31.9026,-137.8069,78.2663
2210,-32.2026,-137.8069,78.2663
2211,-32.5026,-137.5069,77.9663
2212,-32.8026,-137.5069,77.9663
2213,-33.1026,-137.2069,77.9663
2214,-34.1022,-137.1824,78.3000
2215,-34.3026,-137.2069,78.2663
2216,-34.6026,-137.2069,78.2663
2217,-34.9026,-137.2069,78.2663
2218,-35.2026,-136.9069,77.9663
2219,-46.0900,-135.3042,78.5000
2220,-46.3026,-135.1069,78.5663
2221,-46.6026,-134.8069,78.2663
2222,-46.9026,-134.5069,77.9663
2223,-47.2026,-134.2069,77.9663
2224,-47.5026,-133.9069,77.9663
2225,-47.8026,-133.6069,77.6663
2226,-47.8026,-133.3069,77.6663
2227,-47.8026,-133.0069,77.6663
2228,-47.8026,-132.7069,77.6663
2229,-48.1026,-132.4069,77.3663
2230,-48.1026,-132.1069,77.3663
2231,-48.1026,-131.8069,77.3663
2232,-48.1026,-131.5069,77.3663
2233,-48.4026,-131.2069,77.3663
2234,-48.4026,-130.9069,77.3663
2235,-48.4026,-130.6069,77.3663
2236,-48.4026,-130.3069,77.3663
2237,-48.4026,-130.0069,77.3663
2238,-48.4026,-129.7069,77.3663
2239,-48.4026,-129.4069,77.3663
2240,-48.4026,-129.1069,77.3663
2241,-48.4026,-128.8069,77.6663
2242,-48.4026,-128.5069,77.9663
2243,-48.4026,-128.2069,78.2663
2244,-48.4026,-128.2069,78.5663
2245,-48.4026,-127.9069,78.5663
2246,-48.1026,-127.6069,78.5663
2247,-48.1026,-127.3069,78.5663
2248,-47.8026,-127.0069,78.5663
2249,-47.5026,-126.7069,78.5663
2250,-47.2026,-126.4069,78.5663
2251,-46.9026,-126.1069,78.5663
2252,-46.6026,-126.1069,78.5663
2253,-46.3026,-125.8069,78.5663
2254,-46.0026,-125.8069,78.5663
2255,-45.7026,-125.5069,78.2663
2256,-45.4026,-125.5069,78.2663
2257,-45.1026,-125.5069,78.2663
2258,-44.8026,-125.5069,78.2663
2259,-44.8026,-125.5069,78.5663
2260,-44.8026,-125.5069,78.8663
2261,-45.1026,-125.5069,79.1663
2262,-45.1026,-125.5069,79.4663
2263,-45.1026,-125.5069,79.7663
2264,-45.1026,-125.5069,80.0663
2265,-45.4026,-125.8069,80.3663
2266,-45.4026,-125.8069,80.6663
2267,-45.7026,-126.1069,80.9663
2268,-46.0026,-126.4069,81.2663
2269,-46.3026,-126.7069,81.5663
2270,-46.6026,-127.0069,81.8663
2271,-46.9026,-127.3069,82.1663
2272,-46.9026,-127.3069,82.4663
2273,-47.2026,-127.6069,82.7663
2274,-47.5026,-127.9069,83.0663
2275,-47.8026,-128.2069,83.3663
2276,-48.1026,-128.5069,83.6663
2277,-48.1026,-128.8069,83.6663
2278,-48.4026,-129.1069,83.9663
2279,-48.4026,-129.4069,83.9663
2280,-48.4026,-129.7069,84.2663
2281,-48.4026,-130.0069,84.5663
2282,-48.4026,-130.3069,84.5663
2283,-48.4026,-130.6069,84.8663
2284,-48.4026,-130.9069,84.8663
2285,-48.4026,-131.2069,84.8663
2286,-48.4026,-131.5069,84.8663
2287,-48.4026,-131.8069,84.8663
2288,-48.4026,-132.1069,84.8663
2289,-48.4026,-132.4069,84.8663
2290,-48.4026,-132.7069,84.5663
2291,-48.4026,-133.0069,84.5663
2292,-48.4026,-133.3069,84.2663
2293,-48.4026,-133.6069,83.9663
2294,-48.4026,-133.9069,83.6663
2295,-48.4026,-134.2069,83.3663
2296,-48.4026,-134.5069,83.0663
2297,-48.4026,-134.8069,82.7663
2298,-48.4026,-134.8069,82.4663
2299,-48.4026,-135.1069,82.1663
2300,-48.4026,-135.1069,81.8663
2301,-48.4026,-135.1069,81.5663
2302,-48.4026,-135.1069,81.2663
2303,-48.1026,-135.4069,81.2663
2304,-47.8026,-135.4069,81.2663
2305,-47.5026,-135.7069,81.2663
2306,-47.2026,-135.7069,81.2663
2307,-46.9026,-136.0069,81.2663
2308,-46.6026,-136.0069,81.2663
2309,-46.3026,-136.0069,81.2663
2310,-46.0026,-136.0069,81.2663
2311,-45.7026,-136.0069,81.2663
2312,-45.4026,-136.0069,81.2663
2313,-45.1026,-136.0069,81.2663
2314,-44.8026,-136.0069,81.2663
2315,-44.5026,-136.0069,81.2663
2316,-44.2026,-136.0069,81.2663
2317,-43.9026,-136.0069,81.2663
2318,-43.6026,-136.0069,81.2663
2319,-43.3026,-136.0069,81.2663
2320,-43.0026,-136.0069,81.2663
2321,-42.7026,-136.0069,81.2663
2322,-42.4026,-136.0069,81.2663
2323,-42.1026,-136.0069,81.2663
2324,-41.8026,-136.0069,81.2663
2325,-41.5026,-136.0069,81.2663
2326,-41.2026,-135.7069,80.9663
2327,-40.9026,-135.7069,80.9663
2328,-40.6026,-135.4069,80.9663
2329,-40.3026,-135.4069,80.9663
2330,-40.0026,-135.7069,80.9663
2331,-39.7026,-135.7069,80.9663
2332,-39.4026,-135.7069,80.9663
2333,-39.1026,-135.7069,80.9663
2334,-38.8026,-135.7069,80.9663
2335,-38.5026,-135.7069,80.9663
2336,-38.2026,-136.0069,80.9663
2337,-37.9026,-136.0069,80.9663
2338,-37.6026,-136.0069,80.9663
2339,-37.3026,-136.0069,80.9663
2340,-37.0026,-136.0069,80.9663
2341,-36.7026,-136.0069,80.9663
2342,-36.4026,-136.0069,80.9663
2343,-36.1026,-136.0069,80.9663
2344,-35.8026,-136.3069,80.9663
2345,-35.5026,-136.3069,80.9663
2346,-35.2026,-136.3069,80.9663
2347,-34.9026,-136.3069,80.9663
2348,-34.6026,-136.6069,80.9663
2349,-34.3026,-136.6069,80.9663
2350,-34.0026,-136.6069,80.9663
2351,-33.7026,-136.6069,80.9663
2352,-33.4026,-136.6069,80.9663
2353,-33.1026,-136.9069,80.9663
2354,-32.8026,-136.9069,80.9663
2355,-32.5026,-137.2069,80.9663
2356,-32.2026,-137.2069,80.9663
2357,-31.9026,-137.5069,81.2663
2358,-31.6026,-137.5069,81.2663
2359,-27.5907,-136.2038,81.3000
2360,-24.7159,-136.8841,81.3000
2361,-24.4026,-136.6069,81.2663
2362,-24.4026,-136.3069,81.2663
2363,-24.1026,-136.0069,81.2663
2364,-23.8026,-135.7069,81.2663
2365,-23.8026,-135.4069,81.2663
2366,-23.5026,-135.1069,81.2663
2367,-21.5567,-134.3961,81.3000
2368,-22.0026,-134.2069,80.9663
2369,-22.0026,-133.9069,80.9663
2370,-22.0026,-133.6069,80.9663
2371,-22.0026,-133.3069,80.9663
2372,-22.3026,-133.0069,80.9663
2373,-22.6026,-132.7069,80.9663
2374,-22.6026,-132.4069,80.9663
2375,-22.6026,-132.1069,80.9663
2376,-22.6026,-131.8069,80.9663
2377,-22.6026,-131.5069,80.9663
2378,-22.6026,-131.2069,80.9663
2379,-22.9026,-130.9069,81.2663
2380,-22.9026,-130.6069,81.2663
2381,-23.2026,-130.3069,81.2663
2382,-23.5026,-130.0069,81.2663
2383,-23.5026,-129.7069,81.2663
2384,-23.8026,-129.4069,81.2663
2385,-24.1026,-129.1069,81.2663
2386,-24.4026,-128.8069,81.2663
2387,-24.7026,-128.5069,81.2663
2388,-25.0026,-128.2069,81.2663
2389,-25.3026,-128.2069,81.2663
2390,-25.6026,-127.9069,81.2663
2391,-25.9026,-127.9069,81.2663
2392,-25.6026,-127.9069,81.2663
2393,-25.3026,-128.2069,81.2663
2394,-25.0026,-128.5069,81.2663
2395,-24.7026,-128.5069,81.2663
2396,-24.4026,-128.8069,81.2663
2397,-24.1026,-129.1069,81.2663
2398,-23.8026,-129.4069,81.2663
2399,-23.5026,-129.7069,81.2663
2400,-23.2026,-130.0069,81.2663
2401,-22.9026,-130.3069,81.2663
2402,-22.6026,-130.6069,81.2663
2403,-22.3026,-130.9069,81.2663
2404,-22.0026,-131.2069,81.2663
2405,-21.7026,-131.5069,81.2663
2406,-21.4026,-131.8069,81.2663
2407,-21.1026,-132.1069,81.2663
2408,-20.8026,-132.4069,81.2663
2409,-20.5026,-132.7069,81.2663
2410,-20.2026,-133.0069,81.2663
2411,-19.9026,-133.3069,81.2663
2412,-19.9026,-133.6069,81.2663
2413,-19.9026,-133.9069,81.2663
2414,-19.9026,-134.2069,81.2663
2415,-19.6026,-134.5069,81.2663
2416,-19.3026,-134.8069,81.2663
2417,-19.0026,-134.5069,80.9663
2418,-18.7026,-134.2069,80.9663
2419,-18.4026,-133.9069,80.9663
2420,-18.1026,-133.6069,80.9663
2421,-17.8026,-133.3069,80.9663
2422,-17.5026,-133.0069,80.9663
2423,-17.2026,-133.0069,80.9663
2424,-16.9026,-132.7069,80.9663
2425,-16.6026,-132.4069,80.9663
2426,-16.3026,-132.1069,80.9663
2427,-16.0026,-131.8069,80.9663
2428,-15.7026,-131.5069,80.9663
2429,-15.4026,-131.2069,80.9663
2430,-15.1026,-130.9069,80.9663
2431,-14.8026,-130.9069,80.9663
2432,-14.5026,-130.6069,81.2663
2433,-14.2026,-130.6069,81.2663
2434,-13.9026,-130.3069,81.2663
2435,-13.6026,-130.3069,81.2663
2436,-13.3026,-130.3069,81.2663
2437,-13.0026,-130.3069,81.2663
2438,-12.7026,-130.3069,81.2663
2439,-12.4026,-130.3069,81.2663
2440,-12.1026,-130.3069,81.2663
2441,-11.8026,-130.3069,81.2663
2442,-11.5026,-130.3069,81.2663
2443,-11.2026,-130.3069,81.2663
2444,-10.9026,-130.6069,80.9663
2445,-10.6026,-130.6069,80.9663
2446,-10.3026,-130.9069,80.9663
2447,-10.0026,-130.9069,80.9663
2448,-9.7026,-131.2069,80.9663
2449,-9.4026,-131.5069,80.9663
2450,-9.1026,-131.8069,80.9663
2451,-8.8026,-132.1069,80.9663
2452,-8.5026,-132.4069,80.9663
2453,-8.2026,-132.7069,80.9663
2454,-7.9026,-133.0069,80.9663
2455,-7.6026,-133.3069,80.9663
2456,-7.3026,-133.6069,80.9663
2457,-7.0026,-133.9069,80.9663
2458,-6.7026,-134.2069,80.9663
2459,-6.4026,-134.5069,80.9663
2460,-6.4026,-134.8069,80.9663
2461,-6.4026,-135.1069,80.9663
2462,-6.4026,-135.4069,80.9663
2463,-6.1026,-135.7069,80.9663
2464,-5.8026,-136.0069,80.9663
2465,-5.8026,-136.3069,80.9663
2466,-5.5026,-136.6069,80.9663
2467,-5.2026,-136.9069,80.9663
2468,-4.9026,-137.2069,80.9663
2469,-4.6026,-137.5069,80.9663
2470,-4.3026,-137.8069,80.9663
2471,-4.0026,-138.1069,80.9663
2472,-3.7026,-138.4069,80.9663
2473,-3.4026,-138.7069,80.9663
2474,-3.1026,-139.0069,80.9663
2475,-2.8026,-139.3069,80.9663
2476,-2.5026,-139.6069,80.9663
2477,-2.2026,-139.9069,80.9663
2478,-1.9026,-140.2069,80.9663
2479,-1.6026,-140.5069,80.9663
2480,-1.6026,-140.8069,80.9663
2481,-1.3026,-141.1069,80.9663
2482,-1.0026,-141.4069,81.2663
2483,-0.7026,-141.7069,81.2663
2484,-0.4026,-142.0069,81.2663
2485,-0.1026,-142.0069,81.2663
2486,0.1974,-142.3069,81.2663
2487,0.4974,-142.3069,81.2663
2488,0.7974,-142.6069,81.2663
2489,1.0974,-142.6069,81.2663
2490,1.3974,-142.6069,81.2663
2491,1.6974,-142.6069,81.2663
2492,1.9974,-142.6069,81.2663
2493,2.2974,-142.6069,81.2663
2494,2.5974,-142.6069,81.2663
2495,2.8974,-142.6069,81.2663
2496,3.1974,-142.6069,81.2663
2497,3.4974,-142.3069,81.2663
2498,3.7974,-142.3069,81.2663
2499,4.0974,-142.0069,81.2663
2500,4.3974,-142.0069,81.2663
2501,4.6974,-141.7069,81.2663
2502,4.9974,-141.4069,81.2663
2503,5.2974,-141.1069,81.2663
2504,5.5974,-140.8069,81.2663
2505,5.5974,-140.5069,81.2663
2506,5.8974,-140.2069,81.2663
2507,5.8974,-139.9069,81.2663
2508,6.1974,-139.6069,80.9663
2509,6.1974,-139.3069,80.9663
2510,6.1974,-139.0069,80.9663
2511,6.1974,-138.7069,80.9663
2512,6.4974,-138.4069,80.9663
2513,6.4974,-138.1069,80.9663
2514,6.4974,-137.8069,80.9663
2515,6.4974,-137.5069,80.9663
2516,6.4974,-137.2069,80.9663
2517,6.4974,-136.9069,80.9663
2518,6.4974,-136.6069,80.9663
2519,6.4974,-136.3069,80.9663
2520,6.4974,-136.0069,80.9663
2521,6.4974,-135.7069,80.9663
2522,6.1974,-135.4069,80.9663
2523,6.1974,-135.1069,80.9663
2524,5.8974,-134.8069,80.9663
2525,5.8974,-134.5069,80.9663
2526,5.5974,-134.2069,80.9663
2527,5.2974,-133.9069,80.9663
2528,4.9974,-133.6069,80.9663
2529,4.6974,-133.3069,80.9663
2530,4.3974,-133.3069,80.9663
2531,4.0974,-133.0069,81.2663
2532,3.7974,-133.0069,81.2663
2533,4.0974,-133.0069,81.2663
2534,4.3974,-133.3069,81.2663
2535,4.6974,-133.3069,81.2663
2536,4.9974,-133.6069,81.2663
2537,5.2974,-133.9069,81.2663
2538,5.5974,-134.2069,81.2663
2539,5.8974,-134.5069,81.2663
2540,5.8974,-134.8069,81.2663
2541,6.1974,-135.1069,81.2663
2542,6.1974,-135.4069,81.2663
2543,6.4974,-135.7069,80.9663
2544,6.4974,-136.0069,80.9663
2545,6.4974,-136.3069,80.9663
2546,6.4974,-136.6069,80.9663
2547,6.4974,-136.9069,80.9663
2548,6.4974,-137.2069,80.9663
2549,6.4974,-137.5069,80.9663
2550,6.4974,-137.8069,80.9663
2551,6.4974,-138.1069,80.9663
2552,6.4974,-138.4069,80.9663
2553,6.4974,-138.7069,80.9663
2554,6.4974,-139.0069,80.9663
2555,6.4974,-139.3069,80.9663
2556,6.1974,-139.6069,81.2663
2557,6.4974,-139.6069,80.9663
2558,6.7974,-139.6069,80.9663
2559,7.0974,-139.6069,80.9663
2560,7.3974,-139.6069,80.9663
2561,7.6974,-139.6069,80.9663
2562,7.9974,-139.6069,80.9663
2563,8.2974,-139.6069,80.9663
2564,8.5974,-139.6069,81.2663
2565,8.8974,-139.6069,81.2663
2566,9.1974,-139.6069,81.2663
2567,9.4974,-139.6069,81.2663
2568,9.7974,-139.6069,81.2663
2569,10.0974,-139.6069,81.2663
2570,10.3974,-139.6069,81.2663
2571,10.6974,-139.9069,81.2663
2572,10.9974,-140.2069,81.2663
2573,11.2974,-140.5069,81.2663
2574,11.5974,-140.8069,81.2663
2575,11.8974,-141.1069,81.2663
2576,12.1974,-141.4069,81.2663
2577,12.1974,-141.7069,81.2663
2578,12.1974,-142.0069,81.2663
2579,12.4974,-142.3069,81.5663
2580,12.7974,-142.6069,81.5663
2581,12.7974,-142.9069,81.5663
2582,13.0974,-143.2069,81.5663
2583,13.3974,-143.5069,81.5663
2584,13.6974,-143.8069,81.5663
2585,13.9974,-144.1069,81.5663
2586,14.2974,-144.4069,81.2663
2587,14.5974,-144.4069,81.2663
2588,14.8974,-144.7069,81.2663
2589,15.1974,-145.0069,81.2663
2590,15.4974,-145.0069,81.2663
2591,15.7974,-145.0069,81.2663
2592,16.0974,-145.0069,81.2663
2593,16.3974,-145.3069,81.2663
2594,16.6974,-145.3069,81.2663
2595,16.9974,-145.3069,81.2663
2596,17.2974,-145.6069,81.2663
2597,17.5974,-145.6069,81.2663
2598,17.8974,-145.6069,81.2663
2599,18.1974,-145.6069,81.2663
2600,18.4974,-145.6069,81.2663
2601,18.7974,-145.6069,81.2663
2602,19.0974,-145.6069,81.2663
2603,19.3974,-145.6069,81.2663
2604,19.6974,-145.9069,81.2663
2605,19.9974,-145.9069,81.2663
2606,20.2974,-145.9069,81.2663
2607,20.5974,-145.9069,81.2663
2608,20.8974,-146.2069,81.2663
2609,21.1974,-146.2069,81.2663
2610,21.4974,-146.2069,81.2663
2611,21.7974,-146.2069,81.2663
2612,22.0974,-146.2069,81.2663
2613,22.3974,-146.2069,81.2663
2614,22.6974,-146.2069,81.2663
2615,22.9974,-146.2069,81.2663
2616,23.2974,-146.2069,81.2663
2617,23.5974,-146.2069,81.2663
2618,23.8974,-146.5069,81.2663
2619,24.1974,-146.8069,81.2663
2620,24.4974,-146.8069,81.2663
2621,24.7974,-147.1069,81.2663
2622,25.0974,-147.1069,81.2663
2623,25.3974,-147.1069,81.2663
2624,25.6974,-147.1069,81.2663
2625,25.9974,-147.1069,81.2663
2626,26.2974,-147.1069,81.2663
2627,26.5974,-147.1069,81.2663
2628,26.8974,-147.1069,81.2663
2629,27.1974,-147.4069,81.2663
2630,27.4974,-147.7069,81.2663
2631,27.7974,-147.7069,81.2663
2632,28.0974,-148.0069,81.2663
2633,28.3974,-148.0069,81.2663
2634,28.6974,-148.0069,81.2663
2635,28.9974,-148.0069,81.2663
2636,29.2974,-148.0069,81.2663
2637,29.5974,-148.0069,81.2663
2638,29.8974,-148.0069,81.2663
2639,30.1974,-148.0069,81.2663
2640,30.4974,-148.0069,81.2663
2641,30.7974,-148.0069,81.2663
2642,31.0974,-148.0069,81.2663
2643,31.3974,-148.0069,81.2663
2644,31.6974,-148.0069,81.2663
2645,31.9974,-148.0069,81.2663
2646,32.2974,-148.0069,81.2663
2647,32.5974,-148.0069,81.2663
2648,32.8974,-148.0069,81.2663
2649,33.1974,-148.0069,81.2663
2650,33.4974,-148.0069,81.2663
2651,33.7974,-148.0069,81.2663
2652,34.0974,-148.3069,81.2663
2653,34.3974,-148.3069,81.2663
2654,34.6974,-148.3069,81.2663
2655,34.9974,-148.3069,81.2663
2656,35.2974,-148.6069,81.2663
2657,35.5974,-148.6069,81.2663
2658,35.8974,-148.9069,81.2663
2659,36.1974,-148.9069,81.2663
2660,36.4974,-148.9069,81.2663
2661,36.7974,-148.9069,81.2663
2662,37.0974,-148.9069,81.2663
2663,37.3974,-148.9069,81.2663
2664,37.6974,-148.9069,81.2663
2665,37.9974,-148.9069,81.2663
2666,38.2974,-148.9069,81.2663
2667,38.5974,-148.9069,81.2663
2668,38.8974,-149.2069,81.2663
2669,39.1974,-149.2069,81.2663
2670,39.4974,-149.5069,81.2663
2671,39.7974,-149.5069,81.2663
2672,40.0974,-149.5069,81.2663
2673,40.3974,-149.5069,81.2663
2674,40.6974,-149.5069,81.2663
2675,40.9974,-149.8069,81.2663
2676,41.2974,-149.8069,81.2663
2677,41.5974,-149.8069,81.2663
2678,41.8974,-149.8069,81.2663
2679,42.1974,-149.8069,81.2663
2680,42.4974,-149.8069,81.2663
2681,42.7974,-149.8069,81.2663
2682,43.0974,-149.8069,81.2663
2683,43.3974,-150.1069,81.2663
2684,43.6974,-150.1069,81.2663
2685,43.9974,-150.1069,81.2663
2686,44.2974,-150.1069,81.2663
2687,44.5974,-150.1069,81.2663
2688,44.8974,-150.1069,81.2663
2689,45.1974,-150.1069,81.2663
2690,45.4974,-150.4069,81.2663
2691,45.7974,-150.4069,81.2663
2692,46.0974,-150.4069,81.2663
2693,46.3974,-150.4069,81.2663
2694,46.6974,-150.4069,81.2663
2695,46.9974,-150.4069,81.2663
2696,47.2974,-150.4069,81.2663
2697,47.5974,-150.4069,81.2663
2698,47.8974,-150.4069,81.2663
2699,48.1974,-150.7069,81.2663
2700,48.4974,-150.7069,81.2663
2701,48.7974,-151.0069,81.2663
2702,49.0974,-151.0069,81.2663
2703,49.3974,-151.0069,81.2663
2704,49.6974,-151.3069,81.2663
2705,49.9974,-151.6069,81.2663
2706,50.2974,-151.6069,81.2663
2707,50.5974,-151.6069,81.2663
2708,50.8974,-151.6069,81.2663
2709,51.1974,-151.6069,81.2663
2710,51.4974,-151.6069,81.2663
2711,51.7974,-151.6069,81.2663
2712,52.0974,-151.6069,81.2663
2713,52.3974,-151.6069,81.2663
2714,52.6974,-151.6069,81.2663
2715,52.9974,-151.6069,81.2663
2716,53.2974,-151.6069,81.2663
2717,53.5974,-151.6069,81.2663
2718,53.8974,-151.6069,81.2663
2719,54.1974,-151.9069,81.2663
2720,54.4974,-151.9069,81.2663
2721,54.7974,-151.9069,81.2663
2722,55.0974,-151.9069,81.2663
2723,55.3974,-151.9069,81.2663
2724,55.6974,-152.2069,81.5663
2725,55.9974,-152.5069,81.8663
2726,56.2974,-152.8069,82.1663
2727,56.5974,-152.8069,82.1663
2728,56.8974,-152.8069,82.1663
2729,57.1974,-152.8069,82.1663
2730,57.4974,-153.1069,82.4663
2731,57.7974,-153.4069,82.7663
2732,58.0974,-153.4069,82.7663
2733,58.3974,-153.4069,82.7663
2734,58.6974,-153.4069,82.7663
2735,58.9974,-153.4069,82.7663
2736,59.2974,-153.4069,82.7663
2737,59.5974,-153.4069,82.7663
2738,59.8974,-153.4069,82.7663
2739,60.1974,-153.4069,82.7663
2740,60.4974,-153.7069,83.0663
2741,60.7974,-153.7069,83.0663
2742,61.0974,-153.7069,83.0663
2743,61.3974,-153.7069,83.3663
2744,61.6974,-153.7069,83.6663
2745,61.9974,-153.7069,83.6663
2746,62.2974,-153.7069,83.9663
2747,62.5974,-153.7069,83.9663
2748,62.8974,-153.7069,84.2663
2749,63.1974,-153.7069,84.2663
2750,63.4974,-153.7069,84.2663
2751,63.7974,-153.7069,84.2663
2752,64.0974,-153.7069,84.2663
2753,64.3974,-153.7069,83.9663
2754,64.6974,-153.7069,83.9663
2755,64.9974,-153.7069,83.6663
2756,65.2974,-153.7069,83.3663
2757,65.5974,-153.7069,83.0663
2758,65.8974,-153.7069,82.7663
2759,66.1974,-153.7069,82.4663
2760,66.1974,-153.7069,82.1663
2761,66.1974,-153.7069,81.8663
2762,66.4974,-153.4069,81.5663
2763,66.7974,-153.1069,81.5663
2764,67.0974,-152.8069,81.5663
2765,67.3974,-152.5069,81.5663
2766,67.3974,-152.2069,81.5663
2767,67.6974,-151.9069,81.5663
2768,67.6974,-151.6069,81.5663
2769,67.9974,-151.3069,81.5663
2770,67.9974,-151.0069,81.5663
2771,67.9974,-150.7069,81.5663
2772,67.9974,-150.4069,81.5663
2773,67.9974,-150.1069,81.5663
2774,67.9974,-149.8069,81.5663
2775,67.9974,-149.5069,81.5663
2776,67.9974,-149.2069,81.5663
2777,67.9974,-148.9069,81.5663
2778,67.6974,-148.6069,81.5663
2779,67.6974,-148.3069,81.5663
2780,67.3974,-148.0069,81.5663
2781,67.3974,-147.7069,81.5663
2782,67.0974,-147.4069,81.5663
2783,67.0974,-147.1069,81.5663
2784,66.7974,-146.8069,81.5663
2785,66.7974,-146.5069,81.5663
2786,66.7974,-146.2069,81.5663
2787,66.4974,-145.9069,81.5663
2788,66.1974,-145.6069,81.5663
2789,66.1974,-145.3069,81.5663
2790,65.8974,-145.0069,81.5663
2791,65.5974,-144.7069,81.5663
2792,65.2974,-144.4069,81.5663
2793,64.9974,-144.4069,81.5663
2794,64.6974,-144.1069,81.2663
2795,64.3974,-144.1069,81.2663
2796,64.0974,-143.8069,81.2663
2797,64.1672,-144.2212,84.1000
2798,63.7974,-143.8069,83.9663
2799,63.4974,-143.5069,83.9663
2800,63.1974,-143.5069,83.9663
2801,62.8974,-143.2069,84.2663
2802,62.5974,-143.2069,84.2663
2803,62.2974,-143.2069,84.2663
2804,61.9974,-143.2069,84.2663
2805,61.6974,-143.2069,84.2663
2806,61.3974,-143.2069,84.2663
2807,61.0974,-143.2069,84.2663
2808,60.7974,-143.2069,84.2663
2809,60.4974,-143.2069,84.2663
2810,60.1974,-143.2069,84.2663
2811,59.8974,-142.9069,84.5663
2812,59.5974,-142.9069,84.5663
2813,59.2974,-142.9069,84.5663
2814,58.9974,-142.9069,84.5663
2815,58.6974,-142.9069,84.5663
2816,58.3974,-142.6069,84.5663
2817,58.0974,-142.6069,84.5663
2818,57.7974,-142.6069,84.5663
2819,57.4974,-142.3069,84.5663
2820,57.1974,-142.0069,84.5663
2821,56.8974,-142.0069,84.5663
2822,56.5974,-142.0069,84.5663
2823,56.2974,-142.0069,84.5663
2824,55.9974,-142.0069,84.5663
2825,55.6974,-142.0069,84.5663
2826,55.3974,-142.0069,84.5663
2827,55.0974,-142.0069,84.5663
2828,54.7974,-141.7069,84.2663
2829,54.4974,-141.7069,84.2663
2830,54.1974,-141.7069,84.2663
2831,53.8974,-141.7069,84.2663
2832,53.5974,-141.7069,84.2663
2833,53.2974,-141.7069,84.2663
2834,52.9974,-141.7069,84.2663
2835,52.6974,-141.7069,84.2663
2836,52.3974,-141.7069,84.2663
2837,52.0974,-141.7069,84.2663
2838,51.7974,-141.7069,84.2663
2839,51.7974,-141.7069,84.5663
2840,52.0974,-141.7069,84.8663
2841,52.0974,-141.7069,85.1663
2842,52.0974,-141.7069,85.4663
2843,52.0974,-141.7069,85.7663
2844,52.0974,-141.7069,86.0663
2845,52.0974,-141.7069,86.3663
2846,52.0974,-142.0069,86.6663
2847,52.0974,-142.0069,86.9663
2848,52.0974,-142.3069,87.2663
2849,52.0974,-142.3069,87.5663
2850,52.0974,-142.6069,87.8663
2851,52.0974,-142.6069,88.1663
2852,52.0974,-142.9069,88.4663
2853,52.0974,-143.2069,88.7663
2854,52.0974,-143.5069,89.0663
2855,52.0974,-143.8069,89.3663
2856,52.0974,-144.1069,89.6663
2857,52.0974,-144.4069,89.6663
2858,52.0974,-144.7069,89.9663
2859,52.0974,-145.0069,89.9663
2860,52.0974,-145.3069,90.2663
2861,52.0974,-145.6069,90.2663
2862,52.0974,-145.9069,90.2663
2863,52.0974,-146.2069,90.2663
2864,52.0974,-146.5069,90.2663
2865,52.0974,-146.8069,90.2663
2866,52.0974,-147.1069,90.2663
2867,52.0974,-147.4069,90.2663
2868,52.0974,-147.7069,89.9663
2869,52.0974,-148.0069,89.9663
2870,52.0974,-148.3069,89.6663
2871,52.0974,-148.6069,89.6663
2872,52.0974,-148.9069,89.3663
2873,52.0974,-149.2069,89.3663
2874,52.0974,-149.5069,89.3663
2875,52.0974,-149.8069,89.3663
2876,52.0974,-150.1069,89.3663
2877,52.0974,-150.4069,89.3663
2878,52.0974,-150.7069,89.0663
2879,52.0974,-151.0069,89.0663
2880,52.0974,-151.3069,88.7663
2881,52.0974,-151.6069,88.7663
2882,52.0974,-151.9069,88.4663
2883,52.3974,-152.2069,88.1663
2884,52.3974,-152.5069,87.8663
2885,52.6974,-152.8069,87.5663
2886,52.9974,-153.1069,87.2663
2887,53.2974,-153.1069,86.9663
2888,53.2974,-153.1069,86.6663
2889,53.2974,-153.1069,86.3663
2890,53.2974,-153.1069,86.0663
2891,53.2974,-153.1069,85.7663
2892,53.5974,-153.1069,85.4663
2893,53.8974,-153.1069,85.1663
2894,54.1974,-153.1069,84.8663
2895,54.4974,-153.1069,84.5663
2896,54.1974,-153.1069,84.5663
2897,53.8974,-153.1069,84.5663
2898,53.5974,-152.8069,84.2663
2899,53.2974,-152.8069,84.2663
2900,52.9974,-153.1069,83.9663
2901,52.6974,-153.1069,83.9663
2902,52.3974,-153.1069,83.9663
2903,52.0974,-153.1069,83.9663
2904,51.7974,-153.1069,83.9663
2905,51.4974,-153.1069,83.9663
2906,51.1974,-153.1069,83.9663
2907,50.8974,-153.1069,83.9663
2908,50.5974,-153.1069,83.9663
2909,50.2974,-153.1069,83.9663
2910,49.9974,-153.1069,83.9663
2911,49.6974,-153.1069,83.9663
2912,49.3974,-153.1069,83.9663
2913,49.0974,-153.1069,83.9663
2914,48.7974,-153.1069,83.9663
2915,48.4974,-153.1069,83.9663
2916,48.1974,-152.8069,83.9663
2917,47.8974,-152.8069,83.9663
2918,47.5974,-152.5069,83.9663
2919,47.2974,-152.5069,83.9663
2920,46.9974,-152.2069,83.9663
2921,46.6974,-152.2069,83.9663
2922,46.3974,-152.2069,83.9663
2923,46.0974,-151.9069,84.2663
2924,45.7974,-151.6069,84.2663
2925,45.4974,-151.3069,84.2663
2926,45.1974,-151.6069,83.9663
2927,44.8974,-151.6069,83.9663
2928,44.5974,-151.9069,83.9663
2929,44.2974,-151.9069,83.9663
2930,43.9974,-151.9069,83.9663
2931,43.6974,-151.9069,83.9663
2932,43.3974,-151.9069,83.9663
2933,43.0974,-151.9069,83.9663
2934,42.7974,-151.9069,83.9663
2935,42.4974,-151.9069,83.9663
2936,42.1974,-151.9069,83.9663
2937,41.8974,-151.9069,83.9663
2938,41.5974,-151.9069,83.9663
2939,41.2974,-151.6069,84.2663
2940,40.9974,-151.6069,84.2663
2941,40.6974,-151.6069,84.2663
2942,40.3974,-151.3069,84.5663
2943,40.0974,-151.3069,84.5663
2944,39.7974,-151.3069,84.5663
2945,39.4974,-151.3069,84.5663
2946,39.1974,-151.3069,84.5663
2947,38.8974,-151.3069,84.5663
2948,38.5974,-151.3069,84.5663
2949,38.2974,-151.3069,84.5663
2950,37.9974,-151.3069,84.5663
2951,37.6974,-151.3069,84.5663
2952,37.3974,-151.3069,84.5663
2953,37.0974,-151.3069,84.5663
2954,36.7974,-151.3069,84.5663
2955,36.4974,-151.0069,84.5663
2956,36.1974,-151.0069,84.5663
2957,35.8974,-151.0069,84.5663
2958,35.5974,-150.7069,84.5663
2959,33.2162,-149.9651,84.3000
2960,33.4974,-150.1069,84.5663
2961,33.7974,-150.4069,84.8663
2962,34.0974,-150.7069,85.1663
2963,34.3974,-150.7069,85.4663
2964,34.6974,-150.7069,85.7663
2965,34.9974,-150.7069,86.0663
2966,35.2974,-150.7069,86.3663
2967,35.5974,-150.7069,86.6663
2968,35.5974,-150.7069,86.9663
2969,35.8974,-150.4069,87.2663
2970,35.8974,-150.4069,87.5663
2971,36.1974,-150.1069,87.8663
2972,36.4974,-149.8069,88.1663
2973,36.7974,-149.5069,88.4663
2974,37.0974,-149.2069,88.7663
2975,37.0974,-148.9069,88.7663
2976,37.3974,-148.6069,89.0663
2977,37.3974,-148.3069,89.0663
2978,37.3974,-148.0069,89.0663
2979,37.6974,-147.7069,89.3663
2980,37.6974,-147.4069,89.3663
2981,37.6974,-147.1069,89.3663
2982,37.6974,-146.8069,89.3663
2983,37.6974,-146.5069,89.3663
2984,37.9974,-146.2069,89.6663
2985,37.9974,-145.9069,89.6663
2986,38.2974,-145.6069,89.9663
2987,38.2974,-145.3069,89.9663
2988,38.5974,-145.0069,90.2663
2989,38.8974,-144.7069,90.2663
2990,39.1974,-144.4069,90.2663
2991,39.4974,-144.1069,90.2663
2992,39.7974,-143.8069,90.2663
2993,40.0974,-143.5069,90.2663
2994,40.3974,-143.2069,90.2663
2995,40.6974,-142.9069,89.9663
2996,40.9974,-142.6069,89.9663
2997,41.2974,-142.3069,89.6663
2998,41.5974,-142.0069,89.3663
2999,41.8974,-141.7069,89.0663
3000,41.8974,-141.4069,88.7663
3001,41.8974,-141.1069,88.4663
3002,41.8974,-140.8069,88.1663
3003,41.8974,-140.8069,87.8663
3004,41.8974,-140.5069,87.5663
3005,41.8974,-140.5069,87.2663
3006,41.8974,-140.2069,86.9663
3007,41.8974,-140.2069,86.6663
3008,42.1974,-139.9069,86.3663
3009,42.1974,-139.9069,86.0663
3010,42.1974,-139.9069,85.7663
3011,42.1974,-139.9069,85.4663
3012,42.1974,-139.9069,85.1663
3013,42.1974,-139.9069,84.8663
3014,42.1974,-139.9069,84.5663
3015,41.8974,-139.9069,84.5663
3016,41.5974,-139.9069,84.5663
3017,41.2974,-139.9069,84.5663
3018,40.9974,-139.6069,84.2663
3019,40.6974,-139.6069,84.2663
3020,40.3974,-139.3069,84.2663
3021,40.0974,-139.3069,84.2663
3022,39.7974,-139.3069,84.2663
3023,39.4974,-139.3069,84.2663
3024,39.1974,-139.3069,84.2663
3025,38.8974,-139.3069,84.2663
3026,38.5974,-139.3069,84.2663
3027,38.2974,-139.3069,84.2663
3028,37.9974,-139.3069,84.2663
3029,37.6974,-139.3069,84.2663
3030,37.3974,-139.3069,84.2663
3031,37.0974,-139.0069,84.2663
3032,33.0335,-138.1111,84.5000
3033,32.5974,-138.1069,84.5663
3034,32.2974,-137.8069,84.2663
3035,31.9974,-137.8069,84.2663
3036,31.6974,-137.8069,84.2663
3037,31.3974,-137.8069,84.2663
3038,31.0974,-137.8069,84.2663
3039,30.7974,-137.8069,84.2663
3040,30.4974,-137.8069,84.2663
3041,30.1974,-137.8069,84.2663
3042,29.8974,-137.8069,84.2663
3043,29.5974,-137.8069,84.2663
3044,29.2974,-137.8069,84.2663
3045,28.9974,-137.8069,84.2663
3046,28.6974,-137.8069,84.2663
3047,28.3974,-137.8069,84.2663
3048,28.0974,-137.5069,83.9663
3049,27.7974,-137.5069,83.9663
3050,26.7184,-137.2816,84.3000
3051,20.5000,-136.3000,84.3000
3052,20.2974,-136.3069,84.2663
3053,19.9974,-136.3069,84.2663
3054,19.6974,-136.3069,84.2663
3055,19.3974,-136.3069,84.2663
3056,19.0974,-136.0069,84.5663
3057,18.7974,-136.0069,84.5663
3058,19.0974,-136.0069,84.8663
3059,19.3974,-136.0069,85.1663
3060,19.6974,-136.0069,85.4663
3061,19.9974,-136.3069,85.7663
3062,20.2974,-136.3069,86.0663
3063,20.5974,-136.3069,86.3663
3064,20.8974,-136.6069,86.6663
3065,20.8974,-136.6069,86.9663
3066,21.1974,-136.9069,87.2663
3067,21.4974,-137.2069,87.5663
3068,21.4974,-137.2069,87.8663
3069,21.7974,-137.5069,88.1663
3070,22.0974,-137.8069,88.4663
3071,22.3974,-138.1069,88.7663
3072,22.6974,-138.4069,89.0663
3073,22.9974,-138.7069,89.3663
3074,23.2974,-139.0069,89.6663
3075,23.2974,-139.3069,89.6663
3076,23.5974,-139.6069,89.9663
3077,23.5974,-139.9069,89.9663
3078,23.5974,-140.2069,89.9663
3079,23.8974,-140.5069,90.2663
3080,23.8974,-140.8069,90.2663
3081,23.8974,-141.1069,90.2663
3082,23.8974,-141.4069,90.2663
3083,23.8974,-141.7069,90.2663
3084,23.8974,-142.0069,90.2663
3085,23.8974,-142.3069,90.2663
3086,23.8974,-142.6069,90.2663
3087,24.1974,-142.9069,89.9663
3088,24.1974,-143.2069,89.9663
3089,24.1974,-143.5069,89.9663
3090,24.4974,-143.8069,89.6663
3091,24.4974,-144.1069,89.6663
3092,24.4974,-144.4069,89.3663
3093,24.4974,-144.7069,89.3663
3094,24.4974,-145.0069,89.3663
3095,24.4974,-145.3069,89.3663
3096,24.4974,-145.6069,89.3663
3097,24.4974,-145.9069,89.3663
3098,24.4974,-146.2069,89.3663
3099,24.4974,-146.5069,89.3663
3100,24.4974,-146.8069,89.0663
3101,24.4974,-147.1069,89.0663
3102,24.4974,-147.4069,88.7663
3103,24.4974,-147.7069,88.4663
3104,24.4974,-148.0069,88.1663
3105,24.7974,-148.3069,87.8663
3106,25.0974,-148.6069,87.5663
3107,25.3974,-148.9069,87.2663
3108,25.6974,-149.2069,86.9663
3109,25.9974,-149.2069,86.6663
3110,26.2974,-149.5069,86.3663
3111,26.5974,-149.5069,86.0663
3112,26.8974,-149.5069,85.7663
3113,27.1974,-149.5069,85.4663
3114,27.4974,-149.8069,85.1663
3115,27.7974,-149.8069,84.8663
3116,28.0974,-149.8069,84.5663
3117,28.3974,-149.8069,84.2663
3118,28.6974,-149.8069,84.2663
3119,28.3974,-149.8069,84.2663
3120,28.0974,-149.8069,84.2663
3121,27.7974,-149.8069,84.2663
3122,27.4974,-149.8069,84.2663
3123,27.1974,-149.5069,83.9663
3124,26.8974,-149.2069,83.9663
3125,26.5974,-149.2069,83.9663
3126,26.2974,-149.2069,83.9663
3127,25.9974,-149.2069,83.9663
3128,25.6974,-149.2069,83.9663
3129,25.3974,-149.2069,83.9663
3130,25.0974,-149.2069,83.9663
3131,24.7974,-148.9069,83.9663
3132,24.4974,-148.9069,83.9663
3133,24.1974,-148.9069,83.9663
3134,23.8974,-148.9069,83.9663
3135,23.5974,-148.9069,83.9663
3136,23.2974,-148.9069,83.9663
3137,22.9974,-148.9069,83.9663
3138,22.6974,-148.9069,83.9663
3139,22.3974,-148.9069,83.9663
3140,22.0974,-148.9069,83.9663
3141,21.7974,-148.6069,84.2663
3142,21.4974,-148.6069,84.2663
3143,21.1974,-148.6069,84.2663
3144,20.8974,-148.3069,84.5663
3145,20.5974,-148.3069,84.5663
3146,20.2974,-148.3069,84.5663
3147,19.9974,-148.3069,84.5663
3148,19.6974,-148.3069,84.5663
3149,19.3974,-148.0069,84.2663
3150,19.0974,-147.7069,84.2663
3151,18.7974,-147.7069,84.2663
3152,18.4974,-147.7069,84.2663
3153,18.1974,-147.7069,84.2663
3154,17.8974,-147.7069,84.2663
3155,17.5974,-147.7069,84.2663
3156,17.2974,-147.7069,84.2663
3157,16.9974,-147.7069,84.2663
3158,16.6974,-147.7069,84.2663
3159,16.3974,-147.4069,84.5663
3160,16.0974,-147.4069,84.5663
3161,15.7974,-147.1069,84.5663
3162,15.4974,-146.8069,84.5663
3163,15.1974,-146.5069,84.2663
3164,14.8974,-146.2069,84.2663
3165,14.8974,-145.9069,84.2663
3166,14.5974,-145.6069,84.2663
3167,14.5974,-145.3069,84.2663
3168,14.2974,-145.3069,84.2663
3169,13.9974,-145.3069,84.2663
3170,13.6974,-145.3069,84.2663
3171,13.3974,-145.3069,84.2663
3172,13.0974,-145.3069,84.2663
3173,12.7974,-145.3069,84.2663
3174,12.4974,-145.3069,84.2663
3175,12.1974,-145.3069,84.2663
3176,11.8974,-145.3069,84.2663
3177,11.5974,-145.3069,84.2663
3178,11.2974,-145.3069,84.2663
3179,10.9974,-145.3069,84.2663
3180,10.6974,-145.3069,84.2663
3181,10.3974,-145.3069,84.2663
3182,10.0974,-145.3069,84.2663
3183,9.7974,-145.3069,84.2663
3184,9.4974,-145.3069,84.2663
3185,9.1974,-145.3069,84.2663
3186,8.8974,-145.3069,84.2663
3187,8.5974,-145.3069,84.2663
3188,8.2974,-145.3069,84.2663
3189,7.9974,-145.3069,84.2663
3190,7.6974,-145.3069,84.2663
3191,7.3974,-145.3069,84.2663
3192,7.0974,-145.3069,84.2663
3193,6.7974,-145.3069,84.2663
3194,6.4974,-145.3069,84.2663
3195,6.1974,-145.3069,84.2663
3196,5.8974,-145.3069,84.2663
3197,5.5974,-145.3069,84.2663
3198,5.2974,-145.3069,84.2663
3199,4.9974,-145.3069,84.2663
3200,4.6974,-145.3069,84.2663
3201,4.3974,-145.3069,84.2663
3202,4.0974,-145.3069,84.2663
3203,3.7974,-145.3069,84.2663
3204,3.4974,-145.3069,84.2663
3205,3.1974,-145.3069,84.2663
3206,2.8974,-145.3069,84.2663
3207,2.5974,-145.3069,84.2663
3208,2.2974,-145.3069,84.2663
3209,1.9974,-145.3069,84.2663
3210,1.6974,-145.3069,84.2663
3211,1.3974,-145.3069,84.2663
3212,1.0974,-145.3069,84.2663
3213,0.7974,-145.3069,84.2663
3214,0.4974,-145.3069,84.2663
3215,0.1974,-145.3069,84.2663
3216,-0.1026,-145.3069,84.2663
3217,-0.4026,-145.3069,84.2663
3218,-0.7026,-145.3069,84.2663
3219,-1.0026,-145.3069,84.2663
3220,-1.3026,-145.3069,84.2663
3221,-1.6026,-145.3069,84.2663
3222,-1.9026,-145.3069,84.2663
3223,-2.2026,-145.3069,84.2663
3224,-2.5026,-145.3069,84.2663
3225,-2.8026,-145.3069,84.2663
3226,-3.1026,-145.3069,84.2663
3227,-3.4026,-145.3069,84.2663
3228,-3.7026,-145.3069,84.2663
3229,-4.0026,-145.3069,84.2663
3230,-4.3026,-145.0069,83.9663
3231,-4.6026,-145.0069,83.9663
3232,-4.9026,-144.7069,83.9663
3233,-5.2026,-144.4069,83.9663
3234,-5.5026,-144.4069,83.9663
3235,-5.8026,-144.1069,83.9663
3236,-6.1026,-144.1069,83.9663
3237,-6.4026,-143.8069,83.9663
3238,-6.7026,-143.8069,83.9663
3239,-7.0026,-143.8069,83.9663
3240,-7.3026,-143.5069,83.9663
3241,-7.6026,-143.5069,83.9663
3242,-7.9026,-143.2069,83.9663
3243,-8.2026,-143.2069,83.9663
3244,-8.5026,-142.9069,83.9663
3245,-8.8026,-142.9069,83.9663
3246,-9.1026,-142.6069,83.9663
3247,-9.4026,-142.6069,83.9663
3248,-9.7026,-142.3069,83.9663
3249,-10.0026,-142.3069,83.9663
3250,-10.3026,-142.3069,83.9663
3251,-10.6026,-142.0069,83.9663
3252,-10.9026,-142.0069,83.9663
3253,-11.2026,-141.7069,83.9663
3254,-11.5026,-141.7069,83.9663
3255,-11.8026,-141.4069,83.9663
3256,-12.1026,-141.4069,83.9663
3257,-12.4026,-141.1069,83.9663
3258,-12.7026,-141.1069,83.9663
3259,-13.0026,-140.8069,83.9663
3260,-13.3026,-140.8069,83.9663
3261,-13.6026,-140.8069,83.9663
3262,-13.9026,-140.5069,83.9663
3263,-14.2026,-140.5069,83.9663
3264,-14.5026,-140.2069,83.9663
3265,-14.8026,-140.2069,83.9663
3266,-15.1026,-139.9069,83.9663
3267,-15.4026,-139.9069,83.9663
3268,-15.7026,-139.6069,83.9663
3269,-16.0026,-139.6069,83.9663
3270,-16.3026,-139.6069,83.9663
3271,-16.6026,-139.3069,83.9663
3272,-16.6026,-139.0069,83.6663
3273,-16.6026,-139.0069,83.3663
3274,-16.6026,-138.7069,83.0663
3275,-16.6026,-138.4069,82.7663
3276,-16.6026,-138.1069,82.4663
3277,-16.6026,-137.8069,82.1663
3278,-16.9026,-137.5069,81.8663
3279,-16.9026,-137.2069,81.8663
3280,-16.9026,-136.9069,81.5663
3281,-16.9026,-136.6069,81.5663
3282,-16.9026,-136.3069,81.2663
3283,-16.9026,-136.0069,81.2663
3284,-16.9026,-135.7069,81.2663
3285,-16.9026,-135.4069,81.2663
3286,-16.9026,-135.1069,80.9663
3287,-16.9026,-134.8069,80.9663
3288,-16.9026,-134.5069,80.9663
3289,-16.9026,-134.2069,80.9663
3290,-16.9026,-133.9069,80.9663
3291,-16.9026,-133.6069,80.9663
3292,-16.9026,-133.3069,80.9663
3293,-16.9026,-133.0069,80.9663
3294,-16.6026,-132.7069,81.2663
3295,-16.6026,-132.4069,81.2663
3296,-16.3026,-132.1069,81.5663
3297,-16.0026,-131.8069,81.8663
3298,-15.7026,-131.5069,82.1663
3299,-15.4026,-131.2069,82.4663
3300,-15.1026,-130.9069,82.7663
3301,-14.8026,-130.9069,82.7663
3302,-14.5026,-130.6069,83.0663
3303,-14.2026,-130.6069,83.0663
3304,-13.9026,-130.6069,83.3663
3305,-13.6026,-130.6069,83.6663
3306,-13.3026,-130.6069,83.9663
3307,-13.0026,-130.6069,84.2663
3308,-12.7026,-130.6069,84.2663
3309,-12.4026,-130.6069,84.2663
3310,-12.1026,-130.6069,84.2663
3311,-11.8026,-130.6069,84.2663
3312,-11.5026,-130.6069,84.2663
3313,-11.2026,-130.9069,84.2663
3314,-11.5026,-130.6069,84.2663
3315,-11.8026,-130.6069,84.2663
3316,-12.1026,-130.6069,84.2663
3317,-12.4026,-130.6069,84.2663
3318,-12.7026,-130.6069,84.2663
3319,-13.0026,-130.6069,84.2663
3320,-13.3026,-130.6069,84.2663
3321,-13.6026,-130.3069,84.2663
3322,-13.9026,-130.3069,84.2663
3323,-14.2026,-130.3069,84.2663
3324,-14.5026,-130.3069,84.2663
3325,-14.8026,-130.3069,84.2663
3326,-15.1026,-130.3069,84.2663
3327,-15.4026,-130.3069,84.2663
3328,-15.7026,-130.3069,84.2663
3329,-16.0026,-130.0069,84.2663
3330,-16.3026,-130.0069,84.2663
3331,-16.6026,-130.0069,84.2663
3332,-16.9026,-130.0069,84.2663
3333,-17.2026,-130.0069,84.2663
3334,-17.5026,-130.0069,84.2663
3335,-17.8026,-129.7069,84.2663
3336,-18.1026,-129.7069,84.2663
3337,-18.4026,-129.7069,84.2663
3338,-18.7026,-129.7069,84.2663
3339,-19.0026,-129.7069,84.2663
3340,-19.3026,-129.7069,84.2663
3341,-19.6026,-129.7069,84.2663
3342,-19.9026,-129.4069,84.2663
3343,-20.2026,-129.4069,84.2663
3344,-20.5026,-129.4069,84.2663
3345,-20.8026,-129.4069,84.2663
3346,-21.1026,-129.1069,84.2663
3347,-21.4026,-129.1069,84.2663
3348,-21.7026,-129.1069,84.2663
3349,-22.0026,-129.1069,84.2663
3350,-22.3026,-128.8069,84.2663
3351,-22.6026,-128.8069,84.2663
3352,-22.9026,-128.8069,84.2663
3353,-23.2026,-128.8069,84.2663
3354,-23.5026,-128.8069,84.2663
3355,-23.8026,-128.8069,84.2663
3356,-24.1026,-128.8069,84.2663
3357,-24.4026,-128.8069,84.2663
3358,-24.7026,-128.8069,84.2663
3359,-25.0026,-128.5069,84.2663
3360,-25.3026,-128.5069,84.2663
3361,-25.6026,-128.5069,84.2663
3362,-25.9026,-128.2069,84.2663
3363,-26.2026,-128.2069,84.2663
3364,-26.5026,-127.9069,84.2663
3365,-26.8026,-127.9069,84.2663
3366,-27.1026,-127.9069,84.2663
3367,-27.4026,-127.9069,84.2663
3368,-27.7026,-127.9069,84.2663
3369,-28.0026,-127.9069,84.2663
3370,-28.3026,-127.9069,84.2663
3371,-28.6026,-127.9069,84.2663
3372,-28.9026,-127.9069,84.2663
3373,-29.2026,-127.9069,84.2663
3374,-29.5026,-127.9069,84.2663
3375,-29.8026,-127.9069,84.2663
3376,-30.1026,-127.6069,84.2663
3377,-30.4026,-127.6069,84.2663
3378,-30.7026,-127.6069,84.2663
3379,-31.0026,-127.6069,84.2663
3380,-31.3026,-127.6069,84.2663
3381,-31.6026,-127.3069,84.2663
3382,-31.9026,-127.3069,84.2663
3383,-32.2026,-127.3069,84.2663
3384,-32.5026,-127.3069,84.2663
3385,-32.8026,-127.3069,84.2663
3386,-33.1026,-127.3069,84.2663
3387,-33.4026,-127.3069,84.2663
3388,-33.7026,-127.0069,84.2663
3389,-34.0026,-127.0069,84.2663
3390,-34.3026,-127.0069,84.2663
3391,-34.6026,-127.0069,84.2663
3392,-34.9026,-127.0069,84.2663
3393,-35.2026,-127.0069,84.2663
3394,-35.5026,-126.7069,84.2663
3395,-35.8026,-126.7069,84.2663
3396,-36.1026,-126.7069,84.2663
3397,-36.4026,-126.7069,84.2663
3398,-36.7026,-126.7069,84.2663
3399,-37.0026,-126.4069,84.2663
3400,-37.3026,-126.4069,84.2663
3401,-37.6026,-126.4069,84.2663
3402,-37.9026,-126.4069,84.2663
3403,-38.2026,-126.4069,84.2663
3404,-38.5026,-126.4069,84.2663
3405,-38.8026,-126.4069,84.2663
3406,-39.1026,-126.1069,84.2663
3407,-39.4026,-126.1069,84.2663
3408,-39.7026,-126.1069,84.2663
3409,-40.0026,-125.8069,84.2663
3410,-40.3026,-125.8069,84.2663
3411,-40.6026,-125.8069,84.2663
3412,-40.9026,-125.5069,84.2663
3413,-41.2026,-125.5069,84.2663
3414,-41.5026,-125.5069,84.2663
3415,-41.8026,-125.5069,84.2663
3416,-42.1026,-125.5069,84.2663
3417,-42.4026,-125.5069,84.2663
3418,-42.7026,-125.5069,84.2663
3419,-43.0026,-125.5069,84.2663
3420,-43.3026,-125.5069,84.2663
3421,-43.6026,-125.8069,84.2663
3422,-43.9026,-125.8069,84.2663
3423,-44.2026,-126.1069,84.2663
3424,-44.5026,-126.1069,84.2663
3425,-44.8026,-126.4069,84.2663
3426,-45.1026,-126.7069,84.2663
3427,-45.4026,-127.0069,84.2663
3428,-45.7026,-127.3069,84.2663
3429,-46.0026,-127.6069,84.2663
3430,-46.3026,-127.9069,84.2663
3431,-46.6026,-128.2069,84.2663
3432,-46.9026,-128.5069,84.5663
3433,-47.2026,-128.8069,84.8663
3434,-47.2026,-129.1069,84.8663
3435,-47.2026,-129.4069,84.8663
3436,-47.2026,-129.7069,85.1663
3437,-47.2026,-130.0069,85.1663
3438,-47.2026,-130.3069,85.4663
3439,-47.2026,-130.6069,85.4663
3440,-47.2026,-130.9069,85.4663
3441,-47.2026,-131.2069,85.4663
3442,-47.2026,-131.5069,85.4663
3443,-47.2026,-131.8069,85.4663
3444,-47.2026,-132.1069,85.4663
3445,-46.9026,-132.4069,85.4663
3446,-46.6026,-132.7069,85.4663
3447,-46.6026,-133.0069,85.4663
3448,-46.6026,-133.3069,85.4663
3449,-46.3026,-133.6069,85.1663
3450,-46.3026,-133.9069,85.1663
3451,-46.0026,-134.2069,84.8663
3452,-45.7026,-134.5069,84.5663
3453,-45.4026,-134.8069,84.5663
3454,-45.1026,-135.1069,84.5663
3455,-44.8026,-135.4069,84.5663
3456,-44.5026,-135.7069,84.5663
3457,-44.2026,-136.0069,84.5663
3458,-43.9026,-136.3069,84.5663
3459,-43.6026,-136.6069,84.5663
3460,-43.3026,-136.9069,84.5663
3461,-43.0026,-137.2069,84.5663
3462,-42.7026,-137.5069,84.5663
3463,-42.4026,-137.5069,84.5663
3464,-42.1026,-137.8069,84.5663
3465,-41.8026,-137.8069,84.5663
3466,-41.5026,-137.8069,84.5663
3467,-41.2026,-137.8069,84.5663
3468,-40.9026,-138.1069,84.5663
3469,-40.6026,-138.1069,84.5663
3470,-40.3026,-138.4069,84.5663
3471,-40.0026,-138.4069,84.5663
3472,-39.7026,-138.4069,84.5663
3473,-39.4026,-138.7069,84.5663
3474,-39.1026,-138.7069,84.5663
3475,-38.8026,-138.7069,84.5663
3476,-38.5026,-138.7069,84.2663
3477,-38.2026,-138.7069,83.9663
3478,-37.9026,-138.7069,83.9663
3479,-37.6026,-138.7069,83.9663
3480,-37.3026,-138.7069,83.9663
3481,-37.0026,-138.7069,83.9663
3482,-36.7026,-138.7069,83.9663
3483,-36.4026,-138.7069,83.9663
3484,-36.1026,-138.7069,83.9663
3485,-35.8026,-138.7069,83.9663
3486,-35.5026,-138.7069,83.9663
3487,-35.2026,-138.7069,83.9663
3488,-34.9026,-139.0069,83.9663
3489,-34.6026,-139.0069,83.9663
3490,-34.3026,-139.0069,83.9663
3491,-34.0026,-139.0069,83.9663
3492,-33.7026,-139.3069,83.9663
3493,-33.4026,-139.3069,83.9663
3494,-33.1026,-139.6069,83.9663
3495,-32.8026,-139.6069,83.9663
3496,-32.5026,-139.9069,83.6663
3497,-32.2026,-139.9069,83.6663
3498,-31.9026,-139.9069,83.6663
3499,-31.6026,-139.9069,83.6663
3500,-31.3026,-139.9069,83.6663
3501,-31.0026,-139.9069,83.6663
3502,-30.7026,-139.9069,83.6663
3503,-30.4026,-139.9069,83.6663
3504,-30.1026,-139.9069,83.6663
3505,-29.8026,-139.9069,83.6663
3506,-29.5026,-139.9069,83.6663
3507,-29.2026,-139.9069,83.6663
3508,-28.9026,-139.9069,83.6663
3509,-28.6026,-139.9069,83.6663
3510,-28.3026,-139.9069,83.6663
3511,-28.0026,-139.6069,83.9663
3512,-27.7026,-139.6069,83.9663
3513,-27.4026,-139.3069,84.2663
3514,-27.1026,-139.0069,84.2663
3515,-26.8026,-138.7069,84.2663
3516,-26.5026,-138.4069,84.5663
3517,-26.2026,-138.1069,84.8663
3518,-26.2026,-138.1069,85.1663
3519,-26.2026,-138.1069,85.4663
3520,-26.2026,-138.1069,85.7663
3521,-25.9026,-137.8069,86.0663
3522,-25.6026,-137.5069,86.3663
3523,-25.6026,-137.5069,86.6663
3524,-25.6026,-137.5069,86.9663
3525,-25.3026,-137.2069,87.2663
3526,-25.3026,-137.2069,87.5663
3527,-25.3026,-137.2069,87.8663
3528,-25.0026,-136.9069,88.1663
3529,-25.0026,-136.9069,88.4663
3530,-24.7026,-136.6069,88.7663
3531,-24.4026,-136.3069,89.0663
3532,-24.1026,-136.0069,89.3663
3533,-23.8026,-135.7069,89.6663
3534,-23.5026,-135.4069,89.9663
3535,-23.5026,-135.1069,89.9663
3536,-23.2026,-134.8069,90.2663
3537,-23.2026,-134.5069,90.2663
3538,-23.2026,-134.2069,90.2663
3539,-23.2026,-133.9069,90.2663
3540,-23.2026,-133.6069,90.2663
3541,-22.9026,-133.3069,90.2663
3542,-22.9026,-133.0069,90.2663
3543,-22.9026,-132.7069,90.2663
3544,-22.9026,-132.4069,90.2663
3545,-22.9026,-132.1069,90.2663
3546,-22.9026,-131.8069,90.2663
3547,-23.2026,-131.5069,89.9663
3548,-23.2026,-131.2069,89.6663
3549,-23.2026,-130.9069,89.3663
3550,-23.5026,-130.6069,89.0663
3551,-23.5026,-130.3069,89.0663
3552,-23.8026,-130.0069,88.7663
3553,-24.1026,-129.7069,88.4663
3554,-24.4026,-129.4069,88.1663
3555,-24.7026,-129.1069,87.8663
3556,-25.0026,-129.1069,87.8663
3557,-25.3026,-128.8069,87.5663
3558,-25.6026,-128.8069,87.5663
3559,-25.9026,-128.5069,87.5663
3560,-26.2026,-128.5069,87.5663
3561,-26.5026,-128.5069,87.5663
3562,-26.8026,-128.5069,87.5663
3563,-27.1026,-128.5069,87.5663
3564,-27.4026,-128.5069,87.5663
3565,-27.7026,-128.2069,87.5663
3566,-28.0026,-128.2069,87.5663
3567,-28.3026,-128.2069,87.5663
3568,-28.6026,-128.2069,87.5663
3569,-28.9026,-128.2069,87.5663
3570,-29.2026,-128.2069,87.5663
3571,-29.5026,-128.2069,87.5663
3572,-29.8026,-128.2069,87.5663
3573,-30.1026,-127.9069,87.5663
3574,-30.4026,-127.9069,87.5663
3575,-30.7026,-127.9069,87.5663
3576,-31.0026,-127.9069,87.5663
3577,-31.3026,-127.9069,87.5663
3578,-31.6026,-127.9069,87.5663
3579,-31.9026,-127.9069,87.5663
3580,-32.2026,-127.9069,87.5663
3581,-32.5026,-127.9069,87.5663
3582,-32.8026,-127.9069,87.5663
3583,-33.1026,-127.9069,87.5663
3584,-33.4026,-127.9069,87.5663
3585,-33.7026,-127.6069,87.5663
3586,-34.0026,-127.6069,87.5663
3587,-34.3026,-127.6069,87.5663
3588,-34.6026,-127.6069,87.5663
3589,-34.9026,-127.6069,87.5663
3590,-35.2026,-127.3069,87.5663
3591,-35.5026,-127.3069,87.5663
3592,-35.8026,-127.3069,87.5663
3593,-36.1026,-127.3069,87.5663
3594,-36.4026,-127.3069,87.5663
3595,-36.7026,-127.3069,87.5663
3596,-37.0026,-127.0069,87.5663
3597,-37.3026,-127.0069,87.5663
3598,-37.6026,-127.0069,87.5663
3599,-37.9026,-127.0069,87.5663
3600,-38.2026,-127.0069,87.5663
3601,-38.5026,-127.0069,87.5663
3602,-38.8026,-126.7069,87.5663
3603,-39.1026,-126.7069,87.5663
3604,-39.4026,-126.7069,87.5663
3605,-39.7026,-126.7069,87.5663
3606,-40.0026,-126.4069,87.5663
3607,-40.3026,-126.4069,87.5663
3608,-40.6026,-126.4069,87.5663
3609,-40.9026,-126.1069,87.5663
3610,-41.2026,-126.1069,87.5663
3611,-41.5026,-126.1069,87.5663
3612,-41.8026,-126.1069,87.5663
3613,-42.1026,-126.1069,87.5663
3614,-42.4026,-126.1069,87.5663
3615,-42.7026,-126.1069,87.5663
3616,-43.0026,-126.1069,87.5663
3617,-43.3026,-126.1069,87.5663
3618,-43.6026,-126.1069,87.5663
3619,-43.9026,-126.4069,87.5663
3620,-44.2026,-126.4069,87.5663
3621,-44.5026,-126.7069,87.5663
3622,-44.8026,-126.7069,87.5663
3623,-45.1026,-127.0069,87.2663
3624,-45.4026,-127.3069,87.2663
3625,-43.6142,-129.7142,87.3000
3626,-45.3284,-133.5284,87.3000
3627,-45.1026,-133.9069,87.2663
3628,-45.1026,-134.2069,87.2663
3629,-44.8026,-134.5069,87.2663
3630,-44.8026,-134.8069,87.2663
3631,-44.5026,-135.1069,87.5663
3632,-44.5026,-135.4069,87.5663
3633,-44.5026,-135.7069,87.5663
3634,-44.2026,-136.0069,87.8663
3635,-43.9026,-136.3069,88.1663
3636,-43.6026,-136.6069,88.4663
3637,-43.3026,-136.9069,88.4663
3638,-43.0026,-137.2069,88.4663
3639,-42.7026,-137.5069,88.4663
3640,-42.4026,-137.5069,88.4663
3641,-42.1026,-137.8069,88.4663
3642,-41.8026,-137.8069,88.4663
3643,-41.5026,-137.8069,88.4663
3644,-41.2026,-137.8069,88.4663
3645,-40.9026,-137.8069,88.4663
3646,-40.6026,-137.8069,88.4663
3647,-40.3026,-137.8069,88.4663
3648,-40.0026,-137.8069,88.4663
3649,-39.7026,-137.8069,88.4663
3650,-39.4026,-137.8069,88.4663
3651,-39.1026,-137.8069,88.4663
3652,-38.8026,-137.8069,88.4663
3653,-38.5026,-137.8069,88.4663
3654,-38.2026,-138.1069,88.4663
3655,-37.9026,-138.1069,88.4663
3656,-37.6026,-138.1069,88.4663
3657,-37.3026,-138.1069,88.4663
3658,-37.0026,-138.1069,88.4663
3659,-36.7026,-138.1069,88.4663
3660,-36.4026,-138.1069,88.4663
3661,-36.1026,-138.1069,88.4663
3662,-35.8026,-138.1069,88.4663
3663,-35.5026,-138.1069,88.4663
3664,-35.2026,-138.4069,88.4663
3665,-34.9026,-138.4069,88.4663
3666,-34.6026,-138.7069,88.4663
3667,-34.3026,-138.7069,88.4663
3668,-34.0026,-138.7069,88.4663
3669,-33.7026,-138.7069,88.4663
3670,-33.4026,-138.7069,88.4663
3671,-33.1026,-138.7069,88.4663
3672,-32.8026,-138.7069,88.4663
3673,-32.5026,-138.7069,88.4663
3674,-32.2026,-138.7069,88.4663
3675,-31.9026,-138.7069,88.4663
3676,-31.6026,-138.7069,88.4663
3677,-31.3026,-138.7069,88.4663
3678,-31.0026,-139.0069,88.4663
3679,-30.7026,-139.0069,88.4663
3680,-30.4026,-139.0069,88.4663
3681,-30.1026,-139.0069,88.4663
3682,-29.8026,-139.0069,88.4663
3683,-29.5026,-139.0069,88.4663
3684,-29.2026,-139.0069,88.4663
3685,-28.9026,-139.0069,88.4663
3686,-28.6026,-139.0069,88.4663
3687,-28.3026,-139.0069,88.4663
3688,-28.0026,-139.0069,88.4663
3689,-27.7026,-139.0069,88.4663
3690,-27.4026,-139.0069,88.4663
3691,-27.1026,-139.0069,88.4663
3692,-26.8026,-139.0069,88.4663
3693,-26.5026,-139.0069,88.4663
3694,-26.2026,-139.0069,88.4663
3695,-25.9026,-139.0069,88.4663
3696,-25.6026,-139.0069,88.4663
3697,-25.3026,-139.0069,88.4663
3698,-25.0026,-139.0069,88.4663
3699,-24.7026,-139.0069,88.4663
3700,-24.4026,-139.0069,88.4663
3701,-24.1026,-139.0069,88.4663
3702,-23.8026,-139.0069,88.4663
3703,-23.5026,-139.0069,88.4663
3704,-23.2026,-139.0069,88.4663
3705,-22.9026,-139.0069,88.4663
3706,-22.6026,-139.0069,88.4663
3707,-22.3026,-139.0069,88.4663
3708,-22.0026,-139.0069,88.4663
3709,-21.7026,-139.0069,88.4663
3710,-21.4026,-139.0069,88.4663
3711,-21.1026,-139.0069,88.4663
3712,-20.8026,-139.0069,88.4663
3713,-20.5026,-139.0069,88.4663
3714,-20.2026,-139.0069,88.4663
3715,-19.9026,-139.0069,88.4663
3716,-19.6026,-139.0069,88.4663
3717,-19.3026,-139.0069,88.4663
3718,-19.0026,-139.0069,88.4663
3719,-18.7026,-139.0069,88.4663
3720,-18.4026,-139.0069,88.4663
3721,-18.1026,-139.0069,88.4663
3722,-17.8026,-139.0069,88.4663
3723,-17.5026,-139.0069,88.1663
3724,-17.2026,-139.0069,88.1663
3725,-16.9026,-139.0069,87.8663
3726,-16.6026,-139.0069,87.8663
3727,-16.3026,-139.0069,87.8663
3728,-16.0026,-138.7069,87.5663
3729,-16.0026,-138.7069,87.8663
3730,-16.3026,-138.4069,88.1663
3731,-16.6026,-138.1069,88.4663
3732,-16.9026,-137.8069,88.7663
3733,-16.9026,-137.5069,89.0663
3734,-16.9026,-137.2069,89.3663
3735,-16.9026,-136.9069,89.6663
3736,-16.9026,-136.6069,89.6663
3737,-16.9026,-136.3069,89.9663
3738,-16.9026,-136.0069,89.9663
3739,-16.9026,-135.7069,90.2663
3740,-16.9026,-135.4069,90.2663
3741,-16.9026,-135.1069,90.2663
3742,-16.9026,-134.8069,90.2663
3743,-16.9026,-134.5069,90.2663
3744,-16.9026,-134.2069,90.2663
3745,-16.9026,-133.9069,90.2663
3746,-16.9026,-133.6069,90.2663
3747,-16.6026,-133.3069,89.9663
3748,-16.6026,-133.0069,89.9663
3749,-16.3026,-132.7069,89.6663
3750,-16.0026,-132.4069,89.6663
3751,-15.7026,-132.1069,89.3663
3752,-15.4026,-131.8069,89.0663
3753,-15.1026,-131.8069,88.7663
3754,-14.8026,-131.5069,88.4663
3755,-14.5026,-131.5069,88.1663
3756,-14.2026,-131.2069,87.8663
3757,-13.9026,-131.2069,87.8663
3758,-13.6026,-131.2069,87.5663
3759,-13.3026,-131.2069,87.5663
3760,-13.0026,-130.9069,87.2663
3761,-12.7026,-130.9069,87.2663
3762,-12.4026,-130.9069,87.2663
3763,-12.1026,-130.9069,87.2663
3764,-11.8026,-130.9069,87.2663
3765,-11.5026,-130.9069,87.2663
3766,-11.2026,-130.9069,87.2663
3767,-10.9026,-130.9069,87.2663
3768,-10.6026,-131.2069,87.2663
3769,-10.3026,-131.5069,87.2663
3770,-10.0026,-131.5069,87.2663
3771,-9.7026,-131.5069,87.2663
3772,-9.4026,-131.5069,87.2663
3773,-9.1026,-131.5069,87.2663
3774,-8.8026,-131.5069,87.2663
3775,-8.5026,-131.5069,87.2663
3776,-8.2026,-131.5069,87.2663
3777,-7.9026,-131.8069,87.2663
3778,-7.6026,-131.8069,87.2663
3779,-7.3026,-131.8069,87.2663
3780,-7.0026,-131.8069,87.2663
3781,-6.7026,-132.1069,87.2663
3782,-6.4026,-132.1069,87.2663
3783,-6.1026,-132.4069,87.2663
3784,-5.8026,-132.4069,87.2663
3785,-5.8026,-132.4069,87.5663
3786,-5.5026,-132.7069,87.8663
3787,-5.2026,-133.0069,88.1663
3788,-5.2026,-133.0069,88.4663
3789,-4.9026,-133.3069,88.7663
3790,-4.6026,-133.6069,89.0663
3791,-4.3026,-133.9069,89.3663
3792,-4.0026,-134.2069,89.6663
3793,-3.7026,-134.5069,89.9663
3794,-3.4026,-134.8069,90.2663
3795,-3.4026,-135.1069,90.2663
3796,-3.4026,-135.4069,90.2663
3797,-3.4026,-135.7069,90.2663
3798,-3.4026,-136.0069,90.2663
3799,-3.4026,-136.3069,90.2663
3800,-3.4026,-136.6069,90.2663
3801,-3.4026,-136.9069,90.2663
3802,-3.4026,-137.2069,90.2663
3803,-3.4026,-137.5069,90.2663
3804,-3.4026,-137.8069,90.2663
3805,-3.4026,-138.1069,90.2663
3806,-3.1026,-138.4069,89.9663
3807,-3.1026,-138.7069,89.9663
3808,-2.8026,-139.0069,89.6663
3809,-2.8026,-139.3069,89.6663
3810,-2.5026,-139.6069,89.3663
3811,-2.2026,-139.9069,89.0663
3812,-2.2026,-140.2069,88.7663
3813,-1.9026,-140.5069,88.4663
3814,-1.9026,-140.8069,88.1663
3815,-1.9026,-141.1069,87.8663
3816,-1.6026,-141.4069,87.5663
3817,6.5598,-138.5071,87.3000
3818,5.9527,-134.2473,87.3000
3819,5.8974,-134.5069,87.5663
3820,5.8974,-134.5069,87.8663
3821,6.1974,-134.8069,88.1663
3822,6.4974,-135.1069,88.4663
3823,6.7974,-135.4069,88.7663
3824,6.7974,-135.7069,89.0663
3825,6.7974,-136.0069,89.3663
3826,6.7974,-136.3069,89.6663
3827,6.7974,-136.6069,89.6663
3828,6.7974,-136.9069,89.9663
3829,6.7974,-137.2069,89.9663
3830,6.7974,-137.5069,90.2663
3831,6.7974,-137.8069,90.2663
3832,6.7974,-138.1069,90.2663
3833,6.7974,-138.4069,90.2663
3834,6.7974,-138.7069,90.2663
3835,6.7974,-139.0069,90.2663
3836,6.7974,-139.3069,90.2663
3837,6.7974,-139.6069,90.2663
3838,6.7974,-139.9069,89.9663
3839,6.7974,-140.2069,89.9663
3840,6.7974,-140.5069,89.9663
3841,6.7974,-140.8069,89.6663
3842,6.7974,-141.1069,89.3663
3843,6.7974,-141.4069,89.3663
3844,6.7974,-141.7069,89.0663
3845,6.7974,-142.0069,88.7663
3846,6.7974,-142.3069,88.4663
3847,6.7974,-142.6069,88.1663
3848,6.7974,-142.6069,87.8663
3849,6.7974,-142.6069,87.5663
3850,7.0974,-142.9069,87.2663
3851,7.3974,-142.9069,87.2663
3852,7.6974,-142.9069,87.2663
3853,7.9974,-142.9069,87.2663
3854,8.2974,-142.9069,87.2663
3855,8.5974,-143.2069,87.2663
3856,8.8974,-143.2069,87.2663
3857,9.1974,-143.2069,87.2663
3858,9.4974,-143.5069,87.2663
3859,9.7974,-143.5069,87.2663
3860,10.0974,-143.5069,87.2663
3861,10.3974,-143.5069,87.2663
3862,10.6974,-143.5069,87.2663
3863,10.9974,-143.5069,87.2663
3864,11.2974,-143.5069,87.2663
3865,11.5974,-143.5069,87.2663
3866,11.8974,-143.8069,87.2663
3867,12.1974,-143.8069,87.2663
3868,12.4974,-143.8069,87.2663
3869,12.7974,-143.8069,87.2663
3870,13.0974,-143.8069,87.2663
3871,13.3974,-143.8069,87.2663
3872,17.0707,-140.3293,87.3000
3873,16.7000,-136.1000,87.3000
3874,16.9974,-136.0069,87.2663
3875,17.2974,-136.0069,87.2663
3876,17.5974,-136.0069,87.2663
3877,17.8974,-136.0069,87.2663
3878,18.1974,-136.0069,87.2663
3879,18.4974,-136.0069,87.2663
3880,18.7974,-136.0069,87.2663
3881,19.0974,-136.0069,87.2663
3882,19.3974,-136.0069,87.2663
3883,19.6974,-136.0069,87.2663
3884,19.9974,-136.0069,87.2663
3885,20.2974,-136.0069,87.2663
3886,20.5974,-136.0069,87.2663
3887,20.8974,-136.0069,87.2663
3888,21.1974,-136.0069,87.2663
3889,21.4974,-136.0069,87.2663
3890,21.7974,-136.0069,87.2663
3891,22.0974,-136.0069,87.2663
3892,22.3974,-136.0069,87.2663
3893,22.6974,-136.0069,87.2663
3894,22.9974,-136.0069,87.2663
3895,23.2974,-136.0069,87.2663
3896,23.5974,-136.0069,87.2663
3897,23.8974,-136.0069,87.2663
3898,24.1974,-136.0069,87.2663
3899,24.4974,-136.0069,87.2663
3900,24.7974,-136.0069,87.2663
3901,25.0974,-136.0069,87.2663
3902,25.3974,-136.0069,87.2663
3903,25.6974,-136.0069,87.2663
3904,25.9974,-136.0069,87.2663
3905,26.2974,-136.0069,87.2663
3906,26.5974,-136.0069,87.2663
3907,26.8974,-136.0069,87.2663
3908,27.1974,-136.0069,87.2663
3909,27.4974,-136.0069,87.2663
3910,27.7974,-136.0069,87.2663
3911,28.0974,-136.0069,87.2663
3912,28.3974,-136.0069,87.2663
3913,28.6974,-136.0069,87.2663
3914,28.9974,-136.0069,87.2663
3915,29.2974,-136.0069,87.2663
3916,29.5974,-136.0069,87.2663
3917,29.8974,-136.0069,87.2663
3918,30.1974,-136.0069,87.2663
3919,30.4974,-136.0069,87.2663
3920,30.7974,-136.0069,87.2663
3921,31.0974,-136.0069,87.2663
3922,31.3974,-136.0069,87.2663
3923,31.6974,-136.0069,87.2663
3924,31.9974,-136.0069,87.2663
3925,32.2974,-136.0069,87.2663
3926,32.5974,-136.0069,87.2663
3927,32.8974,-136.0069,87.2663
3928,33.1974,-136.0069,87.2663
3929,33.4974,-136.0069,87.2663
3930,33.7974,-136.0069,87.2663
3931,34.0974,-136.0069,87.2663
3932,34.3974,-136.0069,87.2663
3933,34.6974,-136.0069,87.2663
3934,34.9974,-136.0069,87.2663
3935,35.2974,-136.0069,87.2663
3936,35.5974,-136.0069,87.2663
3937,35.8974,-136.0069,87.2663
3938,36.1974,-136.0069,87.2663
3939,36.4974,-136.0069,87.2663
3940,36.7974,-136.0069,87.2663
3941,37.0974,-136.0069,87.2663
3942,37.3974,-136.0069,87.2663
3943,37.6974,-136.0069,87.2663
3944,37.9974,-136.0069,87.2663
3945,38.2974,-136.0069,87.2663
3946,38.5974,-136.0069,87.2663
3947,38.8974,-136.0069,87.2663
3948,39.1974,-136.0069,87.2663
3949,39.4974,-136.0069,87.2663
3950,39.7974,-136.0069,87.2663
3951,40.0974,-136.0069,87.2663
3952,40.3974,-136.0069,87.2663
3953,40.6974,-136.0069,87.2663
3954,40.9974,-136.0069,87.2663
3955,41.2974,-136.0069,87.2663
3956,41.5974,-136.0069,87.2663
3957,41.8974,-136.0069,87.2663
3958,42.1974,-136.0069,87.2663
3959,42.4974,-136.0069,87.2663
3960,42.7974,-136.0069,87.2663
3961,43.0974,-136.0069,87.2663
3962,43.3974,-136.0069,87.2663
3963,43.6974,-136.0069,87.2663
3964,43.9974,-136.0069,87.2663
3965,44.2974,-136.0069,87.2663
3966,44.5974,-136.0069,87.2663
3967,44.8974,-136.0069,87.2663
3968,45.1974,-136.0069,87.2663
3969,45.4974,-136.0069,87.2663
3970,45.7974,-136.3069,87.2663
3971,46.0974,-136.3069,87.2663
3972,46.3974,-136.3069,87.2663
3973,46.6974,-136.6069,87.2663
3974,46.9974,-136.6069,87.2663
3975,47.2974,-136.9069,87.2663
3976,47.5974,-136.9069,87.2663
3977,47.8974,-137.2069,87.2663
3978,48.1974,-137.2069,87.2663
3979,48.4974,-137.5069,87.2663
3980,48.7974,-137.8069,87.2663
3981,49.0974,-138.1069,87.2663
3982,49.3974,-138.4069,87.2663
3983,49.6974,-138.7069,87.2663
3984,49.9974,-139.0069,87.2663
3985,50.2974,-139.3069,87.2663
3986,50.5974,-139.6069,87.2663
3987,50.8974,-139.9069,87.2663
3988,51.1974,-140.2069,87.2663
3989,51.4974,-140.5069,87.2663
3990,51.7974,-140.8069,87.2663
3991,52.0974,-141.1069,87.2663
3992,52.3974,-141.4069,87.2663
3993,52.6974,-141.7069,87.2663
3994,52.9974,-141.7069,87.2663
3995,53.2974,-141.7069,87.2663
3996,53.5974,-141.7069,87.2663
3997,53.8974,-141.7069,87.2663
3998,54.1974,-141.7069,87.2663
3999,54.4974,-141.7069,87.2663
4000,54.7974,-141.7069,87.2663
4001,55.0974,-141.7069,87.2663
4002,55.3974,-141.7069,87.2663
4003,55.6974,-141.7069,87.2663
4004,55.9974,-141.7069,87.2663
4005,56.2974,-141.7069,87.2663
4006,56.5974,-141.7069,87.2663
4007,56.8974,-141.7069,87.2663
4008,57.1974,-141.7069,87.2663
4009,57.4974,-141.7069,87.2663
4010,57.7974,-141.7069,87.2663
4011,58.0974,-141.7069,87.2663
4012,58.3974,-142.0069,87.2663
4013,58.6974,-142.0069,87.2663
4014,58.9974,-142.3069,87.2663
4015,59.2974,-142.3069,87.2663
4016,59.5974,-142.3069,87.2663
4017,59.8974,-142.6069,87.2663
4018,60.1974,-142.6069,87.2663
4019,60.4974,-142.9069,87.2663
4020,60.7974,-142.9069,87.2663
4021,61.0974,-143.2069,87.2663
4022,61.3974,-143.2069,87.2663
4023,61.6974,-143.5069,87.2663
4024,61.9974,-143.5069,87.2663
4025,62.2974,-143.8069,87.2663
4026,62.5974,-143.8069,87.2663
4027,62.8974,-144.1069,87.2663
4028,63.1974,-144.1069,87.2663
4029,63.4974,-144.4069,87.2663
4030,63.7974,-144.4069,87.2663
4031,64.0974,-144.7069,87.2663
4032,64.3974,-145.0069,87.2663
4033,64.6974,-145.3069,87.2663
4034,64.6974,-145.6069,87.2663
4035,64.9974,-145.9069,87.2663
4036,64.9974,-146.2069,87.2663
4037,65.2974,-146.5069,87.2663
4038,65.2974,-146.8069,87.2663
4039,65.2974,-147.1069,87.2663
4040,65.2974,-147.4069,87.2663
4041,65.2974,-147.7069,87.2663
4042,65.2974,-148.0069,87.2663
4043,65.2974,-148.3069,87.2663
4044,65.2974,-148.6069,87.2663
4045,65.2974,-148.9069,87.2663
4046,65.2974,-149.2069,87.2663
4047,65.2974,-149.5069,87.2663
4048,64.9974,-149.8069,87.5663
4049,64.9974,-149.8069,87.8663
4050,64.9974,-149.8069,88.1663
4051,64.9974,-149.8069,88.4663
4052,64.6974,-150.1069,88.7663
4053,64.6974,-150.4069,89.0663
4054,64.3974,-150.7069,89.3663
4055,64.3974,-150.7069,89.6663
4056,64.0974,-151.0069,89.9663
4057,64.0974,-151.0069,90.2663
4058,63.7974,-151.3069,90.2663
4059,63.7974,-151.6069,90.2663
4060,63.4974,-151.9069,90.2663
4061,63.1974,-152.2069,90.2663
4062,62.8974,-152.5069,90.2663
4063,62.5974,-152.8069,90.2663
4064,62.2974,-153.1069,90.2663
4065,61.9974,-153.1069,90.2663
4066,61.6974,-153.4069,90.2663
4067,61.3974,-153.4069,90.2663
4068,61.0974,-153.7069,90.2663
4069,60.7974,-153.7069,90.2663
4070,60.4974,-153.7069,90.2663
4071,60.1974,-153.7069,90.2663
4072,59.8974,-153.7069,90.2663
4073,59.5974,-153.7069,90.2663
4074,59.2974,-153.7069,90.2663
4075,58.9974,-153.7069,90.2663
4076,58.6974,-153.4069,90.2663
4077,58.3974,-153.4069,90.2663
4078,58.0974,-153.4069,90.2663
4079,57.7974,-153.1069,90.2663
4080,57.4974,-153.1069,90.2663
4081,57.1974,-152.8069,90.2663
4082,56.8974,-152.5069,90.2663
4083,56.5974,-152.2069,90.2663
4084,56.2974,-151.9069,90.2663
4085,55.9974,-151.9069,90.2663
4086,55.6974,-151.6069,90.2663
4087,55.3974,-151.3069,90.5663
4088,55.0974,-151.3069,90.5663
4089,54.7974,-151.0069,90.5663
4090,54.4974,-150.7069,90.5663
4091,54.1974,-150.4069,90.5663
4092,53.8974,-150.1069,90.5663
4093,53.8974,-149.8069,90.5663
4094,50.5042,-148.6900,90.3000
4095,50.2974,-148.9069,90.2663
4096,50.2974,-149.2069,90.2663
4097,49.9974,-149.5069,90.2663
4098,49.9974,-149.8069,90.2663
4099,49.6974,-150.1069,90.2663
4100,49.3974,-150.4069,90.2663
4101,49.0974,-150.7069,90.2663
4102,-40.5693,-126.2045,90.3000
4103,-40.9026,-126.1069,90.2663
4104,-41.2026,-126.1069,90.2663
4105,-41.5026,-125.8069,90.2663
4106,-41.8026,-125.8069,90.2663
4107,-42.1026,-125.8069,90.2663
4108,-42.4026,-125.8069,90.2663
4109,-42.7026,-125.8069,90.2663
4110,-43.0026,-125.8069,90.2663
4111,-43.3026,-125.8069,90.2663
4112,-43.6026,-126.1069,90.2663
4113,-43.9026,-126.1069,90.2663
4114,-44.2026,-126.4069,90.2663
4115,-44.5026,-126.4069,90.2663
4116,-44.8026,-126.7069,90.2663
4117,-45.1026,-127.0069,90.2663
4118,-45.4026,-127.3069,90.2663
4119,-45.7026,-127.6069,90.2663
4120,-46.0026,-127.9069,90.2663
4121,-46.0026,-128.2069,90.2663
4122,-46.3026,-128.5069,90.2663
4123,-46.3026,-128.8069,90.2663
4124,-46.6026,-129.1069,90.2663
4125,-46.6026,-129.4069,90.2663
4126,-46.6026,-129.7069,90.2663
4127,-46.6026,-130.0069,90.2663
4128,-46.6026,-130.3069,90.2663
4129,-46.6026,-130.6069,90.2663
4130,-46.6026,-130.9069,90.2663
4131,-46.6026,-131.2069,90.2663
4132,-46.6026,-131.5069,90.2663
4133,-46.6026,-131.8069,90.2663
4134,-46.6026,-132.1069,90.2663
4135,-46.6026,-132.4069,90.2663
4136,-46.6026,-132.7069,90.2663
4137,-46.6026,-133.0069,90.2663
4138,-46.6026,-133.3069,90.2663
4139,-46.3026,-133.6069,90.5663
4140,-42.3000,-133.9527,90.3000
4141,-38.1000,-132.1000,90.5000
4142,-32.1803,-136.7073,90.3000
4143,-32.2026,-136.9069,90.5663
4144,-32.2026,-136.9069,90.8663
4145,-32.2026,-137.2069,91.1663
4146,-31.9026,-137.5069,91.4663
4147,-31.6026,-137.8069,91.7663
4148,-31.3026,-138.1069,92.0663
4149,-31.3026,-138.1069,92.3663
4150,-31.0026,-138.1069,92.6663
4151,-30.7026,-138.1069,92.9663
4152,-30.4026,-138.1069,93.2663
4153,-30.1026,-138.1069,93.5663
4154,-29.8026,-138.1069,93.5663
4155,-29.5026,-138.1069,93.8663
4156,-29.2026,-138.1069,93.8663
4157,-28.9026,-138.1069,93.8663
4158,-28.6026,-138.1069,93.8663
4159,-28.3026,-138.1069,93.8663
4160,-28.0026,-138.1069,93.8663
4161,-27.7026,-138.1069,93.8663
4162,-27.4026,-138.1069,93.8663
4163,-27.1026,-138.1069,93.8663
4164,-26.8026,-138.1069,93.8663
4165,-26.5026,-138.1069,93.8663
4166,-26.2026,-138.1069,93.8663
4167,-25.9026,-138.1069,93.8663
4168,-25.6026,-138.1069,93.8663
4169,-25.3026,-138.1069,93.8663
4170,-25.0026,-138.1069,93.8663
4171,-24.7026,-138.1069,93.8663
4172,-24.4026,-138.1069,93.8663
4173,-24.1026,-138.1069,93.8663
4174,-23.8026,-138.1069,93.8663
4175,-23.5026,-138.1069,93.8663
4176,-23.2026,-138.1069,93.8663
4177,-22.9026,-138.1069,93.8663
4178,-22.6026,-138.1069,93.8663
4179,-22.3026,-138.1069,93.8663
4180,-22.0026,-138.1069,93.8663
4181,-21.7026,-138.1069,93.8663
4182,-21.4026,-138.1069,93.8663
4183,-21.1026,-138.1069,93.8663
4184,-20.8026,-138.1069,93.8663
4185,-20.5026,-138.1069,93.8663
4186,-20.2026,-138.1069,93.8663
4187,-19.9026,-138.1069,93.8663
4188,-19.6026,-138.1069,93.8663
4189,-19.3026,-138.1069,93.8663
4190,-19.0026,-138.1069,93.8663
4191,-18.7026,-138.1069,93.8663
4192,-18.4026,-138.1069,93.8663
4193,-18.1026,-138.1069,93.8663
4194,-17.8026,-138.1069,93.8663
4195,-17.5026,-138.1069,93.8663
4196,-17.2026,-138.1069,93.8663
4197,-16.9026,-138.1069,93.8663
4198,-16.6026,-138.1069,93.8663
4199,-16.3026,-138.1069,93.8663
4200,-16.0026,-138.1069,93.8663
4201,-15.7026,-138.1069,93.8663
4202,-15.4026,-138.1069,93.8663
4203,-15.1026,-138.1069,93.8663
4204,-14.8026,-138.1069,93.8663
4205,-14.5026,-138.1069,93.8663
4206,-14.2026,-138.1069,93.8663
4207,-13.9026,-138.1069,93.8663
4208,-13.6026,-138.1069,93.8663
4209,-13.3026,-138.1069,93.8663
4210,-13.0026,-138.1069,93.8663
4211,-12.7026,-138.1069,93.8663
4212,-12.4026,-138.1069,93.8663
4213,-12.1026,-138.1069,93.8663
4214,-11.8026,-138.1069,93.8663
4215,-11.5026,-138.1069,93.8663
4216,-11.2026,-138.1069,93.8663
4217,-10.9026,-138.1069,93.8663
4218,-10.6026,-138.1069,93.8663
4219,-10.3026,-138.1069,93.8663
4220,-10.0026,-138.1069,93.8663
4221,-9.7026,-138.1069,93.8663
4222,-9.4026,-138.1069,93.8663
4223,-9.1026,-138.1069,93.8663
4224,-8.8026,-138.1069,93.8663
4225,-8.5026,-138.1069,93.8663
4226,-8.2026,-138.1069,93.8663
4227,-7.9026,-138.1069,93.8663
4228,-7.6026,-138.1069,93.8663
4229,-7.3026,-138.1069,93.8663
4230,-7.0026,-138.1069,93.8663
4231,-6.7026,-138.1069,93.8663
4232,-6.4026,-138.1069,93.8663
4233,-6.1026,-138.1069,93.8663
4234,-5.8026,-138.1069,93.8663
4235,-5.5026,-138.1069,93.8663
4236,-5.2026,-138.1069,93.8663
4237,-4.9026,-138.1069,93.8663
4238,-4.6026,-138.1069,93.8663
4239,-4.3026,-138.1069,93.8663
4240,-4.0026,-138.1069,93.8663
4241,-3.7026,-138.1069,93.8663
4242,-3.4026,-138.1069,93.8663
4243,-3.1026,-138.1069,93.8663
4244,-2.8026,-138.1069,93.8663
4245,-2.5026,-138.1069,93.8663
4246,-2.2026,-138.1069,93.8663
4247,-1.9026,-138.1069,93.8663
4248,-1.6026,-138.1069,93.8663
4249,-1.3026,-138.1069,93.8663
4250,-1.0026,-138.1069,93.8663
4251,-0.7026,-138.1069,93.8663
4252,-0.4026,-138.1069,93.8663
4253,-0.1026,-138.1069,93.8663
4254,0.1974,-138.1069,93.8663
4255,0.4974,-138.1069,93.8663
4256,0.7974,-138.1069,93.8663
4257,1.0974,-138.1069,93.8663
4258,1.3974,-138.1069,93.8663
4259,1.6974,-138.1069,93.8663
4260,1.9974,-138.1069,93.8663
4261,2.2974,-138.1069,93.8663
4262,2.5974,-138.1069,93.8663
4263,2.8974,-138.1069,93.8663
4264,3.1974,-138.1069,93.5663
4265,3.4974,-138.1069,93.5663
4266,3.7974,-138.1069,93.5663
4267,4.0974,-138.1069,93.5663
4268,4.3974,-138.1069,93.5663
4269,4.6974,-138.1069,93.5663
4270,4.9974,-138.1069,93.5663
4271,5.2974,-138.1069,93.5663
4272,5.5974,-138.1069,93.5663
4273,5.8974,-138.1069,93.5663
4274,6.1974,-138.1069,93.2663
4275,6.4974,-138.1069,93.2663
4276,6.7974,-138.1069,93.2663
4277,7.0974,-138.1069,92.9663
4278,7.3974,-138.1069,92.9663
4279,7.6974,-138.1069,92.6663
4280,7.9974,-138.1069,92.6663
4281,8.2974,-138.1069,92.3663
4282,8.5974,-138.1069,92.3663
4283,8.8974,-138.1069,92.0663
4284,9.1974,-138.1069,92.0663
4285,9.4974,-138.1069,91.7663
4286,9.7974,-138.1069,91.7663
4287,10.0974,-138.1069,91.7663
4288,10.3974,-138.1069,91.4663
4289,10.6974,-138.1069,91.4663
4290,10.9974,-138.1069,91.1663
4291,11.2974,-138.1069,91.1663
4292,11.5974,-138.1069,90.8663
4293,11.8974,-138.1069,90.8663
4294,12.1974,-138.1069,90.5663
4295,12.4974,-138.1069,90.5663
4296,12.7974,-138.1069,90.5663
4297,13.0974,-137.8069,90.2663
4298,13.0974,-138.1069,90.2663
4299,12.7974,-138.4069,90.2663
4300,12.7974,-138.7069,90.2663
4301,12.4974,-139.0069,90.2663
4302,12.4974,-139.3069,90.2663
4303,12.4974,-139.6069,90.2663
4304,12.4974,-139.9069,90.2663
4305,12.4974,-140.2069,90.2663
4306,12.4974,-140.5069,90.2663
4307,12.4974,-140.8069,90.2663
4308,12.4974,-141.1069,90.2663
4309,12.4974,-141.4069,90.2663
4310,12.4974,-141.7069,90.2663
4311,12.7974,-142.0069,90.2663
4312,12.7974,-142.3069,90.2663
4313,12.7974,-142.6069,90.2663
4314,12.7974,-142.9069,90.2663
4315,12.7974,-143.2069,90.2663
4316,12.7974,-143.5069,90.2663
4317,13.0974,-143.8069,90.2663
4318,13.0974,-144.1069,90.2663
4319,13.3974,-144.4069,90.2663
4320,13.3974,-144.7069,90.2663
4321,13.6974,-145.0069,90.2663
4322,13.6974,-145.3069,90.2663
4323,13.6974,-145.6069,90.2663
4324,13.9974,-145.9069,90.2663
4325,16.0620,-144.0446,90.3000
4326,17.5858,-144.3142,90.3000
4327,19.3196,-146.0585,90.3000
4328,19.6974,-145.9069,90.2663
4329,19.9974,-145.6069,90.2663
4330,20.2974,-145.3069,90.5663
4331,20.5974,-145.0069,90.5663
4332,20.8974,-144.7069,90.5663
4333,21.1974,-144.4069,90.5663
4334,21.1974,-144.1069,90.5663
4335,21.1974,-143.8069,90.5663
4336,21.1974,-143.5069,90.5663
4337,21.1974,-143.2069,90.5663
4338,21.1974,-142.9069,90.2663
4339,21.1974,-142.6069,90.2663
4340,21.4974,-142.6069,90.2663
4341,21.7974,-142.6069,90.2663
4342,22.0974,-142.6069,90.2663
4343,22.3974,-142.3069,90.2663
4344,22.6974,-142.0069,90.2663
4345,22.9974,-141.7069,90.2663
4346,23.2974,-141.7069,90.2663
4347,23.5974,-141.7069,90.2663
4348,23.8974,-141.7069,90.2663
4349,24.1974,-141.7069,90.2663
4350,24.4974,-141.7069,90.2663
4351,24.7974,-141.7069,90.2663
4352,25.0974,-141.7069,90.2663
4353,25.3974,-141.7069,90.2663
4354,25.6974,-141.4069,90.2663
4355,25.9974,-141.4069,90.2663
4356,26.2974,-141.1069,90.2663
4357,26.5974,-141.1069,90.2663
4358,26.8974,-141.1069,90.2663
4359,27.1974,-140.8069,89.9663
4360,27.4974,-140.5069,89.9663
4361,27.7974,-140.5069,89.9663
4362,28.0974,-140.2069,89.9663
4363,28.3974,-139.9069,89.9663
4364,28.6974,-139.6069,89.9663
4365,28.9974,-139.6069,89.9663
4366,29.2974,-139.3069,89.9663
4367,29.5974,-139.3069,89.9663
4368,29.2974,-139.3069,89.9663
4369,28.9974,-139.6069,89.9663
4370,28.6974,-139.9069,89.9663
4371,28.3974,-140.2069,89.9663
4372,28.0974,-140.5069,89.9663
4373,28.0974,-140.8069,89.9663
4374,27.7974,-141.1069,90.2663
4375,27.4974,-141.4069,90.2663
4376,27.4974,-141.7069,90.2663
4377,27.4974,-142.0069,90.2663
4378,27.1974,-142.3069,90.2663
4379,27.1974,-142.6069,90.2663
4380,26.8974,-142.9069,90.2663
4381,26.8974,-143.2069,90.2663
4382,26.5974,-143.5069,90.2663
4383,26.5974,-143.8069,90.2663
4384,26.2974,-144.1069,90.2663
4385,26.2974,-144.4069,90.2663
4386,25.9974,-144.7069,90.2663
4387,25.9974,-145.0069,90.2663
4388,25.9974,-145.3069,90.2663
4389,25.9974,-145.6069,90.2663
4390,25.9974,-145.9069,90.2663
4391,26.2974,-146.2069,90.2663
4392,26.5974,-146.5069,90.2663
4393,26.8974,-146.8069,90.2663
4394,27.1974,-147.1069,90.2663
4395,27.1974,-147.4069,90.2663
4396,27.4974,-147.7069,90.2663
4397,27.7974,-148.0069,90.2663
4398,28.0974,-148.3069,90.2663
4399,28.3974,-148.6069,90.2663
4400,28.6974,-148.6069,90.2663
4401,28.9974,-148.9069,90.2663
4402,29.2974,-148.9069,90.2663
4403,29.5974,-149.2069,90.2663
4404,29.8974,-149.2069,90.2663
4405,30.1974,-149.2069,90.2663
4406,30.4974,-149.5069,90.2663
4407,30.7974,-149.5069,90.2663
4408,31.0974,-149.5069,90.2663
4409,31.3974,-149.5069,90.2663
4410,31.6974,-149.5069,90.2663
4411,31.9974,-149.5069,90.2663
4412,32.2974,-149.5069,90.2663
4413,32.5974,-149.5069,90.2663
4414,32.8974,-149.5069,90.2663
4415,33.1974,-149.2069,90.2663
4416,33.4974,-149.2069,90.2663
4417,33.7974,-148.9069,90.2663
4418,34.0974,-148.9069,90.2663
4419,34.3974,-148.6069,90.2663
4420,34.6974,-148.3069,90.2663
4421,34.9974,-148.0069,90.2663
4422,35.2974,-147.7069,90.2663
4423,35.5974,-147.4069,90.2663
4424,35.8974,-147.1069,90.2663
4425,36.1974,-146.8069,89.9663
4426,35.9000,-145.3000,90.3000
4427,41.6197,-144.8927,90.3000
4428,41.8974,-144.7069,90.2663
4429,41.8974,-144.4069,90.2663
4430,42.1974,-144.1069,90.2663
4431,42.1974,-143.8069,90.2663
4432,42.1974,-143.5069,90.2663
4433,42.4974,-143.2069,89.9663
4434,42.7974,-142.9069,89.9663
4435,46.0619,-146.7913,90.3000
4436,56.9302,-146.5302,90.5000
4437,57.1974,-146.2069,90.5663
4438,57.1974,-145.9069,90.5663
4439,57.4974,-145.6069,90.5663
4440,57.7974,-145.3069,90.5663
4441,58.0974,-145.0069,90.5663
4442,58.3974,-144.7069,90.5663
4443,58.6974,-144.4069,90.5663
4444,58.9974,-144.1069,90.2663
4445,59.2974,-143.8069,90.2663
4446,60.3000,-143.5000,90.1000
4447,60.4974,-143.5069,89.9663
4448,60.7974,-143.5069,89.9663
4449,61.0974,-143.5069,89.9663
4450,61.3974,-143.5069,89.9663
4451,61.6974,-143.5069,89.9663
4452,61.9974,-143.5069,89.9663
4453,62.2974,-143.8069,89.9663
4454,62.5974,-143.8069,89.9663
4455,62.8974,-143.8069,89.9663
4456,63.1974,-144.1069,89.9663
4457,63.4974,-144.1069,89.9663
4458,63.7974,-144.4069,89.9663
4459,64.0974,-144.7069,90.2663
4460,64.3974,-145.0069,90.2663
4461,64.6974,-145.3069,90.2663
4462,64.9974,-145.6069,90.2663
4463,64.9974,-145.9069,90.2663
4464,65.2974,-146.2069,90.2663
4465,65.1803,-146.2927,93.3000
4466,65.2974,-146.5069,93.2663
4467,65.2974,-146.8069,93.2663
4468,65.2974,-147.1069,93.2663
4469,65.2974,-147.4069,93.2663
4470,65.2974,-147.7069,92.9663
4471,65.2974,-148.0069,92.9663
4472,65.2974,-148.3069,92.9663
4473,65.2974,-148.6069,92.9663
4474,65.2974,-148.9069,92.9663
4475,65.2974,-149.2069,92.9663
4476,64.9974,-149.5069,92.9663
4477,64.9974,-149.8069,92.9663
4478,64.6974,-150.1069,93.2663
4479,64.6974,-150.4069,93.2663
4480,64.3974,-150.7069,93.2663
4481,64.0974,-151.0069,93.2663
4482,63.7974,-151.3069,93.2663
4483,63.4974,-151.6069,93.2663
4484,63.1974,-151.9069,93.2663
4485,62.8974,-151.9069,93.2663
4486,62.5974,-151.9069,93.2663
4487,62.2974,-152.2069,93.5663
4488,61.9974,-152.2069,93.5663
4489,61.6974,-152.2069,93.5663
4490,61.3974,-152.2069,93.5663
4491,61.0974,-152.5069,93.5663
4492,60.7974,-152.5069,93.5663
4493,60.4974,-152.5069,93.5663
4494,60.1974,-152.5069,93.5663
4495,59.8974,-152.5069,93.5663
4496,59.5974,-152.5069,93.5663
4497,59.2974,-152.5069,93.5663
4498,58.9974,-152.5069,93.5663
4499,58.6974,-152.5069,93.5663
4500,58.3974,-152.5069,93.5663
4501,58.0974,-152.5069,93.5663
4502,57.7974,-152.2069,93.2663
4503,57.4974,-152.2069,93.2663
4504,57.1974,-151.9069,92.9663
4505,56.8974,-151.6069,93.2663
4506,56.8974,-151.3069,93.2663
4507,56.8974,-151.0069,93.2663
4508,56.8974,-150.7069,93.5663
4509,56.8974,-150.4069,93.5663
4510,56.8974,-150.1069,93.5663
4511,56.8974,-149.8069,93.5663
4512,56.8974,-149.5069,93.5663
4513,56.8974,-149.2069,93.5663
4514,56.8974,-148.9069,93.5663
4515,56.8974,-148.6069,93.5663
4516,56.8974,-148.3069,93.5663
4517,56.8974,-148.0069,93.5663
4518,56.8974,-147.7069,93.5663
4519,56.8974,-147.4069,93.5663
4520,56.8974,-147.1069,93.5663
4521,56.8974,-146.8069,93.5663
4522,57.1974,-146.5069,93.2663
4523,56.8974,-146.5069,93.2663
4524,56.5974,-146.5069,93.2663
4525,56.2974,-146.5069,93.2663
4526,55.9974,-146.5069,93.2663
4527,55.6974,-146.5069,93.2663
4528,55.3974,-146.5069,93.2663
4529,55.0974,-146.2069,93.2663
4530,54.7974,-145.9069,93.2663
4531,54.4974,-145.9069,93.2663
4532,54.1974,-145.9069,93.2663
4533,53.8974,-145.9069,93.2663
4534,53.5974,-145.9069,93.2663
4535,53.2974,-145.9069,93.2663
4536,52.9974,-145.9069,93.2663
4537,52.6974,-145.9069,93.2663
4538,52.3974,-145.6069,93.2663
4539,52.0974,-145.6069,93.2663
4540,51.7974,-145.6069,93.2663
4541,51.4974,-145.6069,93.2663
4542,51.1974,-145.6069,93.2663
4543,50.8974,-145.6069,93.2663
4544,50.5974,-145.6069,93.2663
4545,50.2974,-145.6069,93.2663
4546,49.9974,-145.6069,93.2663
4547,49.6974,-145.6069,93.2663
4548,49.3974,-145.3069,93.2663
4549,49.0974,-145.0069,93.2663
4550,48.7974,-144.7069,93.2663
4551,48.4974,-144.4069,93.2663
4552,48.1974,-144.1069,93.2663
4553,47.8974,-143.8069,93.2663
4554,47.5974,-143.5069,93.2663
4555,47.2974,-143.5069,93.2663
4556,46.9974,-143.5069,93.2663
4557,46.6974,-143.5069,93.2663
4558,46.3974,-143.5069,93.2663
4559,46.0974,-143.5069,93.2663
4560,45.7974,-143.5069,93.2663
4561,45.4974,-143.5069,93.2663
4562,45.1974,-143.5069,93.2663
4563,44.8974,-143.5069,93.2663
4564,44.5974,-143.5069,93.2663
4565,44.2974,-143.5069,93.2663
4566,43.9974,-143.5069,93.2663
4567,43.6974,-143.5069,93.2663
4568,43.3974,-143.5069,93.2663
4569,43.0974,-143.5069,93.2663
4570,42.7974,-143.5069,93.2663
4571,42.4974,-143.5069,93.2663
4572,42.1974,-143.5069,93.2663
4573,41.8974,-143.5069,93.2663
4574,41.5974,-143.5069,93.2663
4575,41.2974,-143.5069,93.2663
4576,40.9974,-143.5069,93.2663
4577,40.6974,-143.5069,93.2663
4578,40.3974,-143.5069,93.2663
4579,40.0974,-143.5069,93.2663
4580,39.7974,-143.5069,93.2663
4581,39.4974,-143.2069,93.2663
4582,39.1974,-143.2069,93.2663
4583,38.8974,-143.2069,93.2663
4584,38.5974,-143.2069,93.2663
4585,38.2974,-143.2069,93.2663
4586,37.9974,-143.2069,93.2663
4587,37.6974,-143.2069,93.2663
4588,37.3974,-143.2069,93.2663
4589,37.0974,-143.2069,93.2663
4590,36.7974,-143.2069,93.2663
4591,36.4974,-143.2069,93.2663
4592,36.1974,-143.2069,93.2663
4593,35.8974,-143.2069,93.2663
4594,35.5974,-143.2069,93.2663
4595,35.2974,-143.2069,93.2663
4596,34.9974,-143.2069,93.2663
4597,34.6974,-142.9069,93.2663
4598,34.3974,-142.6069,93.2663
4599,34.0974,-142.3069,93.2663
4600,33.7974,-142.0069,93.2663
4601,33.4974,-141.7069,93.2663
4602,33.1974,-141.4069,93.2663
4603,32.8974,-141.1069,93.2663
4604,32.5974,-140.8069,93.2663
4605,32.2974,-140.8069,93.2663
4606,31.9974,-140.8069,93.2663
4607,31.6974,-140.8069,93.2663
4608,31.3974,-140.8069,93.2663
4609,31.0974,-140.8069,93.2663
4610,30.7974,-140.8069,93.2663
4611,30.4974,-140.8069,93.2663
4612,30.1974,-140.8069,93.2663
4613,29.8974,-140.8069,93.2663
4614,29.5974,-140.8069,93.2663
4615,29.2974,-140.8069,93.2663
4616,28.9974,-140.8069,93.2663
4617,28.6974,-140.8069,93.2663
4618,28.3974,-140.8069,93.2663
4619,28.0974,-140.8069,93.2663
4620,27.7974,-140.8069,93.2663
4621,27.4974,-140.8069,93.2663
4622,27.1974,-140.8069,93.2663
4623,26.8974,-140.8069,93.2663
4624,26.5974,-140.8069,93.2663
4625,26.2974,-140.8069,93.2663
4626,25.9974,-140.8069,93.2663
4627,25.6974,-140.8069,93.2663
4628,25.3974,-140.8069,93.2663
4629,25.0974,-140.8069,93.2663
4630,24.7974,-140.8069,93.2663
4631,24.4974,-140.8069,93.2663
4632,24.1974,-140.8069,93.2663
4633,23.8974,-140.8069,93.2663
4634,23.5974,-140.8069,93.2663
4635,23.2974,-140.8069,93.2663
4636,22.9974,-140.8069,93.2663
4637,22.6974,-140.8069,93.2663
4638,22.3974,-140.8069,93.2663
4639,22.0974,-140.5069,93.2663
4640,21.7974,-140.5069,93.2663
4641,21.4974,-140.5069,93.2663
4642,21.1974,-140.2069,93.2663
4643,21.1974,-140.5069,93.2663
4644,21.1974,-140.8069,93.2663
4645,21.1974,-141.1069,93.2663
4646,21.1974,-141.4069,93.2663
4647,20.8974,-141.7069,93.2663
4648,20.8974,-142.0069,93.2663
4649,20.5974,-142.3069,93.2663
4650,20.5974,-142.6069,93.2663
4651,20.2974,-142.9069,93.2663
4652,19.9974,-143.2069,93.2663
4653,19.6974,-143.5069,93.2663
4654,19.3974,-143.8069,93.5663
4655,19.0974,-144.1069,93.5663
4656,19.0974,-144.4069,93.5663
4657,18.7974,-144.7069,93.5663
4658,18.4974,-145.0069,93.5663
4659,18.1974,-145.3069,93.5663
4660,17.8974,-145.6069,93.5663
4661,17.5974,-145.6069,93.5663
4662,17.2974,-145.9069,93.2663
4663,16.9974,-145.9069,93.2663
4664,16.6974,-145.9069,93.2663
4665,16.3974,-145.6069,93.5663
4666,16.0974,-145.3069,93.5663
4667,15.7974,-145.3069,93.5663
4668,15.4974,-145.0069,93.5663
4669,15.1974,-144.7069,93.5663
4670,14.8974,-144.4069,93.5663
4671,14.5974,-144.1069,93.5663
4672,14.2974,-143.8069,93.5663
4673,13.9974,-143.5069,93.5663
4674,13.6974,-143.2069,93.2663
4675,13.3974,-142.9069,93.2663
4676,13.0974,-142.6069,93.2663
4677,13.0974,-142.3069,93.2663
4678,12.7974,-142.0069,92.9663
4679,12.7974,-141.7069,92.9663
4680,12.4974,-141.7069,92.9663
4681,12.1974,-141.7069,92.9663
4682,11.8974,-141.7069,92.9663
4683,11.5974,-141.7069,92.9663
4684,11.2974,-141.7069,92.9663
4685,10.9974,-141.7069,92.9663
4686,10.6974,-141.7069,92.9663
4687,10.3974,-141.7069,92.9663
4688,10.0974,-141.7069,92.9663
4689,9.7974,-141.7069,92.9663
4690,9.4974,-141.7069,92.9663
4691,9.1974,-141.7069,92.9663
4692,8.8974,-141.7069,92.9663
4693,8.5974,-141.7069,92.9663
4694,8.2974,-141.7069,92.9663
4695,7.9974,-141.7069,92.9663
4696,7.6974,-141.7069,92.9663
4697,7.3974,-141.7069,92.9663
4698,7.0974,-141.7069,92.9663
4699,6.7974,-141.7069,92.9663
4700,6.4974,-141.7069,92.9663
4701,6.1974,-141.7069,92.9663
4702,5.8974,-141.7069,92.9663
4703,5.5974,-141.7069,92.9663
4704,5.2974,-141.7069,92.9663
4705,4.9974,-141.7069,92.9663
4706,4.6974,-141.7069,92.9663
4707,4.3974,-141.7069,92.9663
4708,4.0974,-141.7069,92.9663
4709,3.7974,-141.7069,92.9663
4710,3.4974,-141.7069,92.9663
4711,3.1974,-141.7069,92.9663
4712,2.8974,-141.7069,92.9663
4713,2.5974,-141.7069,92.9663
4714,2.2974,-141.7069,92.9663
4715,1.9974,-141.7069,92.9663
4716,1.6974,-141.7069,92.9663
4717,1.3974,-141.7069,92.9663
4718,1.0974,-141.7069,92.9663
4719,0.7974,-141.7069,92.9663
4720,0.4974,-141.7069,92.9663
4721,0.1974,-141.7069,92.9663
4722,-0.1026,-141.7069,92.9663
4723,-0.4026,-141.7069,92.9663
4724,-0.7026,-141.7069,92.9663
4725,-1.0026,-141.7069,92.9663
4726,-1.3026,-141.7069,92.9663
4727,-1.6026,-141.7069,92.9663
4728,-1.9026,-141.7069,92.9663
4729,-2.2026,-141.7069,92.9663
4730,-2.5026,-141.7069,92.9663
4731,-2.8026,-141.7069,92.9663
4732,-3.1026,-141.7069,92.9663
4733,-3.4026,-141.7069,92.9663
4734,-3.7026,-141.7069,92.9663
4735,-4.0026,-141.7069,92.9663
4736,-4.3026,-141.7069,92.9663
4737,-4.6026,-141.7069,92.9663
4738,-4.9026,-141.7069,92.9663
4739,-5.2026,-141.7069,92.9663
4740,-5.5026,-141.7069,92.9663
4741,-5.8026,-141.7069,92.9663
4742,-6.1026,-141.4069,93.2663
4743,-6.4026,-141.4069,93.2663
4744,-6.7026,-141.4069,93.2663
4745,-7.0026,-141.4069,93.2663
4746,-7.3026,-141.4069,93.2663
4747,-7.6026,-141.4069,93.2663
4748,-7.9026,-141.4069,93.2663
4749,-8.2026,-141.4069,93.2663
4750,-8.5026,-141.4069,93.2663
4751,-8.8026,-141.4069,93.2663
4752,-9.1026,-141.4069,93.2663
4753,-9.4026,-141.4069,93.2663
4754,-9.7026,-141.4069,93.2663
4755,-10.0026,-141.4069,93.2663
4756,-10.3026,-141.4069,93.2663
4757,-10.6026,-141.4069,93.2663
4758,-10.9026,-141.4069,93.2663
4759,-11.2026,-141.4069,93.2663
4760,-11.5026,-141.4069,93.2663
4761,-11.8026,-141.4069,93.2663
4762,-12.1026,-141.4069,93.2663
4763,-12.4026,-141.4069,93.2663
4764,-12.7026,-141.4069,93.2663
4765,-13.0026,-141.4069,93.2663
4766,-13.3026,-141.4069,93.2663
4767,-13.6026,-141.4069,93.2663
4768,-13.9026,-141.4069,93.2663
4769,-14.2026,-141.4069,93.2663
4770,-14.5026,-141.4069,93.2663
4771,-14.8026,-141.4069,93.2663
4772,-15.1026,-141.4069,93.2663
4773,-15.4026,-141.4069,93.2663
4774,-15.7026,-141.4069,93.2663
4775,-16.0026,-141.4069,93.2663
4776,-16.3026,-141.4069,93.2663
4777,-16.6026,-141.4069,93.2663
4778,-16.9026,-141.4069,93.2663
4779,-17.2026,-141.4069,93.2663
4780,-17.5026,-141.4069,93.2663
4781,-17.8026,-141.4069,93.2663
4782,-18.1026,-141.4069,93.2663
4783,-18.4026,-141.4069,93.2663
4784,-18.7026,-141.4069,93.2663
4785,-19.0026,-141.4069,93.2663
4786,-19.3026,-141.4069,93.2663
4787,-19.6026,-141.4069,93.2663
4788,-19.9026,-141.4069,93.2663
4789,-20.2026,-141.4069,93.2663
4790,-20.5026,-141.4069,93.2663
4791,-20.8026,-141.4069,93.2663
4792,-21.1026,-141.4069,93.2663
4793,-21.4026,-141.4069,93.2663
4794,-21.7026,-141.1069,93.2663
4795,-22.0026,-140.8069,93.2663
4796,-22.3026,-140.5069,93.2663
4797,-22.6026,-140.2069,93.2663
4798,-22.9026,-139.9069,93.2663
4799,-23.2026,-139.6069,93.2663
4800,-23.5026,-139.3069,93.2663
4801,-23.8026,-139.0069,93.2663
4802,-24.1026,-138.7069,93.2663
4803,-24.4026,-138.7069,93.2663
4804,-24.7026,-138.7069,93.2663
4805,-25.0026,-138.7069,93.2663
4806,-25.3026,-138.7069,93.2663
4807,-25.6026,-138.7069,93.2663
4808,-25.9026,-138.7069,93.2663
4809,-26.2026,-138.7069,93.2663
4810,-26.5026,-138.7069,93.2663
4811,-26.8026,-138.7069,93.2663
4812,-27.1026,-138.7069,93.2663
4813,-27.4026,-138.7069,93.2663
4814,-27.7026,-138.7069,93.2663
4815,-28.0026,-138.7069,93.2663
4816,-28.3026,-138.7069,93.2663
4817,-28.6026,-138.7069,93.2663
4818,-28.9026,-138.7069,93.2663
4819,-29.2026,-138.7069,93.2663
4820,-29.5026,-138.7069,93.2663
4821,-29.8026,-138.7069,93.2663
4822,-30.1026,-138.7069,93.2663
4823,-30.4026,-138.7069,93.2663
4824,-30.7026,-138.7069,93.2663
4825,-31.0026,-138.7069,93.2663
4826,-31.3026,-138.7069,93.2663
4827,-31.6026,-138.7069,93.2663
4828,-31.9026,-138.7069,93.2663
4829,-32.2026,-138.7069,93.2663
4830,-32.5026,-138.7069,93.2663
4831,-32.8026,-138.7069,93.2663
4832,-33.1026,-138.7069,93.2663
4833,-33.4026,-138.7069,93.2663
4834,-33.7026,-138.7069,93.2663
4835,-34.0026,-138.7069,93.2663
4836,-34.3026,-138.7069,93.2663
4837,-34.6026,-138.4069,93.2663
4838,-34.9026,-138.4069,93.2663
4839,-35.2026,-138.1069,93.2663
4840,-35.5026,-138.1069,93.2663
4841,-35.8026,-137.8069,93.2663
4842,-36.1026,-137.8069,93.2663
4843,-36.4026,-137.5069,93.2663
4844,-36.7026,-137.5069,93.2663
4845,-37.0026,-137.5069,93.2663
4846,-37.3026,-137.2069,93.2663
4847,-37.6026,-137.2069,93.2663
4848,-37.9026,-136.9069,93.2663
4849,-38.2026,-136.9069,93.2663
4850,-38.5026,-136.6069,93.2663
4851,-38.8026,-136.6069,93.2663
4852,-39.1026,-136.3069,93.2663
4853,-39.4026,-136.3069,93.2663
4854,-39.7026,-136.3069,93.2663
4855,-40.0026,-136.0069,93.5663
4856,-39.7026,-135.7069,93.5663
4857,-39.4026,-135.4069,93.5663
4858,-39.1026,-135.1069,93.5663
4859,-39.1026,-134.8069,93.5663
4860,-38.8026,-134.5069,93.5663
4861,-38.8026,-134.2069,93.5663
4862,-38.8026,-133.9069,93.5663
4863,-38.8026,-133.6069,93.5663
4864,-38.8026,-133.3069,93.5663
4865,-38.8026,-133.0069,93.5663
4866,-38.8026,-132.7069,93.5663
4867,-38.8026,-132.4069,93.5663
4868,-38.5026,-132.1069,93.2663
4869,-38.2026,-131.8069,93.2663
4870,-38.2026,-131.5069,93.2663
4871,-38.2026,-131.2069,93.2663
4872,-38.2026,-130.9069,93.2663
4873,-38.2026,-130.6069,93.2663
4874,-38.2026,-130.3069,93.2663
4875,-38.2026,-130.0069,93.2663
4876,-38.2026,-129.7069,93.2663
4877,-38.2026,-129.4069,93.2663
4878,-38.2026,-129.1069,93.2663
4879,-38.5026,-128.8069,93.2663
4880,-38.5026,-128.5069,93.2663
4881,-38.8026,-128.2069,93.2663
4882,-38.8026,-127.9069,93.2663
4883,-39.1026,-127.6069,93.2663
4884,-39.4026,-127.3069,93.2663
4885,-39.7026,-127.0069,93.2663
4886,-40.0026,-126.7069,93.2663
4887,-40.3026,-126.7069,93.2663
4888,-40.6026,-126.4069,93.2663
4889,-40.9026,-126.4069,93.2663
4890,-41.2026,-126.1069,93.2663
4891,-41.5026,-126.1069,93.2663
4892,-41.8026,-126.1069,93.2663
4893,-42.1026,-126.1069,93.2663
4894,-42.4026,-126.1069,93.2663
4895,-42.7026,-126.1069,93.2663
4896,-43.0026,-126.1069,93.2663
4897,-43.3026,-126.1069,93.2663
4898,-43.6026,-126.1069,93.2663
4899,-43.9026,-126.4069,93.2663
4900,-43.6026,-126.1069,93.5663
4901,-43.3026,-126.1069,93.8663
4902,-43.0026,-126.1069,94.1663
4903,-42.7026,-126.1069,94.4663
4904,-42.4026,-126.1069,94.7663
4905,-42.1026,-126.1069,95.0663
4906,-41.8026,-126.1069,95.3663
4907,-41.5026,-126.1069,95.6663
4908,-41.2026,-126.1069,95.9663
4909,-40.9026,-126.4069,96.2663
4910,-41.2026,-126.1069,96.2663
4911,-41.5026,-126.1069,96.2663
4912,-41.8026,-126.1069,96.2663
4913,-42.1026,-126.1069,96.2663
4914,-42.4026,-126.1069,96.2663
4915,-42.7026,-126.1069,96.2663
4916,-43.0026,-126.1069,96.2663
4917,-43.3026,-126.1069,96.2663
4918,-43.6026,-126.1069,96.2663
4919,-43.9026,-126.4069,96.2663
4920,-44.2026,-126.4069,96.2663
4921,-44.5026,-126.7069,96.2663
4922,-44.8026,-126.7069,96.2663
4923,-45.1026,-127.0069,95.9663
4924,-45.4026,-127.3069,95.9663
4925,-45.7026,-127.6069,95.9663
4926,-46.0026,-127.9069,95.9663
4927,-46.0026,-128.2069,95.9663
4928,-46.3026,-128.5069,95.9663
4929,-46.3026,-128.8069,95.9663
4930,-46.6026,-129.1069,95.9663
4931,-46.6026,-129.4069,95.9663
4932,-46.6026,-129.7069,95.9663
4933,-46.6026,-130.0069,95.9663
4934,-46.6026,-130.3069,95.9663
4935,-46.6026,-130.6069,95.9663
4936,-46.6026,-130.9069,95.9663
4937,-46.6026,-131.2069,95.9663
4938,-46.6026,-131.5069,95.9663
4939,-46.6026,-131.8069,95.9663
4940,-46.3026,-132.1069,95.9663
4941,-46.3026,-131.8069,95.9663
4942,-46.6026,-131.5069,95.9663
4943,-46.6026,-131.2069,95.9663
4944,-46.6026,-130.9069,95.9663
4945,-46.6026,-130.6069,95.9663
4946,-46.6026,-130.3069,95.9663
4947,-46.6026,-130.0069,95.9663
4948,-46.6026,-129.7069,95.9663
4949,-46.6026,-129.4069,95.9663
4950,-46.6026,-129.1069,95.9663
4951,-46.3026,-128.8069,95.9663
4952,-46.3026,-128.5069,95.9663
4953,-46.0026,-128.2069,95.9663
4954,-46.0026,-127.9069,95.9663
4955,-45.7026,-127.6069,95.9663
4956,-45.4026,-127.3069,95.9663
4957,-45.1026,-127.0069,95.9663
4958,-44.8026,-126.7069,95.9663
4959,-44.5026,-126.7069,95.9663
4960,-44.2026,-126.4069,95.9663
4961,-43.9026,-126.4069,95.9663
4962,-43.6026,-126.1069,95.9663
4963,-43.3026,-126.1069,95.9663
4964,-43.0026,-126.1069,95.9663
4965,-42.7026,-126.1069,95.9663
4966,-42.4026,-126.1069,95.9663
4967,-42.1026,-126.1069,95.9663
4968,-41.8026,-126.1069,95.9663
4969,-41.5026,-126.1069,95.9663
4970,-41.2026,-126.1069,95.9663
4971,-40.9026,-126.4069,95.9663
4972,-40.6026,-126.4069,95.9663
4973,-40.3026,-126.7069,95.9663
4974,-40.0026,-126.7069,95.9663
4975,-39.7026,-127.0069,95.9663
4976,-39.4026,-127.3069,95.9663
4977,-39.1026,-127.6069,96.2663
4978,-38.8026,-127.9069,96.2663
4979,-38.8026,-128.2069,96.2663
4980,-38.5026,-128.5069,96.5663
4981,13.0045,-141.8307,96.3000
4982,14.1869,-143.0131,96.3000
4983,16.9000,-135.7000,96.3000
4984,17.2974,-135.7069,96.2663
4985,17.5974,-135.7069,96.2663
4986,17.8974,-135.7069,96.2663
4987,18.1974,-135.7069,96.2663
4988,18.4974,-136.0069,96.2663
4989,18.7974,-136.0069,96.2663
4990,19.0974,-136.0069,96.2663
4991,19.3974,-136.3069,96.2663
4992,19.6974,-136.6069,96.2663
4993,19.9974,-136.6069,96.2663
4994,20.2974,-136.9069,96.2663
4995,20.5974,-137.2069,96.2663
4996,20.5974,-137.5069,96.2663
4997,20.8974,-137.8069,96.2663
4998,21.1974,-138.1069,96.2663
4999,21.1974,-138.4069,96.2663
5000,21.1974,-138.7069,96.2663
5001,21.4974,-139.0069,96.2663
5002,21.4974,-139.3069,96.2663
5003,21.4974,-139.6069,96.2663
5004,21.4974,-139.9069,96.2663
5005,21.4974,-140.2069,96.2663
5006,56.9000,-148.1000,96.3000
5007,56.8974,-148.3069,96.2663
5008,56.8974,-148.6069,96.2663
5009,56.8974,-148.9069,96.2663
5010,56.8974,-149.2069,96.2663
5011,57.1974,-149.5069,96.2663
5012,57.1974,-149.8069,96.2663
5013,57.4974,-150.1069,96.2663
5014,57.4974,-150.4069,96.2663
5015,57.7974,-150.7069,96.2663
5016,58.0974,-151.0069,96.2663
5017,58.3974,-151.3069,96.2663
5018,58.6974,-151.6069,96.2663
5019,58.9974,-151.6069,96.2663
5020,59.2974,-151.9069,96.2663
5021,59.5974,-151.9069,96.2663
5022,62.4346,-150.0478,96.3000
5023,59.5693,-151.9955,99.3000
5024,58.2716,-151.1284,99.9000
5025,58.6974,-151.3069,99.8663
5026,58.9974,-151.6069,99.8663
5027,59.2974,-151.6069,99.8663
5028,59.5974,-151.9069,99.8663
5029,59.8974,-151.9069,99.8663
5030,60.1974,-152.2069,99.8663
5031,60.4974,-152.2069,99.8663
5032,60.7974,-152.2069,99.8663
5033,61.0974,-152.2069,99.8663
5034,61.3974,-152.2069,99.8663
5035,61.6974,-152.2069,99.8663
5036,61.9974,-152.2069,99.8663
5037,62.2974,-152.2069,99.8663
5038,62.5974,-151.9069,99.8663
5039,62.8974,-151.9069,99.8663
5040,63.1974,-151.6069,99.8663
5041,63.4974,-151.6069,99.8663
5042,63.7974,-151.3069,99.8663
5043,64.0974,-151.0069,99.8663
5044,64.3974,-150.7069,99.8663
5045,64.6974,-150.4069,99.8663
5046,64.6974,-150.1069,99.8663
5047,64.9974,-149.8069,99.8663
5048,64.9974,-149.5069,99.8663
5049,65.2974,-149.2069,100.1663
5050,65.2974,-148.9069,100.1663
5051,65.2974,-148.6069,100.1663
5052,65.2974,-148.3069,100.1663
5053,65.2974,-148.0069,100.1663
5054,65.2974,-147.7069,100.1663
5055,65.2974,-147.4069,100.1663
5056,65.2974,-147.1069,100.1663
5057,65.2974,-146.8069,100.1663
5058,64.9974,-146.5069,100.1663
5059,64.9974,-146.2069,100.1663
5060,64.6974,-145.9069,100.1663
5061,64.6974,-145.6069,100.1663
5062,64.3974,-145.3069,100.1663
5063,64.0974,-145.0069,100.1663
5064,63.7974,-144.7069,100.1663
5065,63.4974,-144.4069,99.8663
5066,63.1974,-144.4069,99.8663
5067,62.8974,-144.1069,99.5663
5068,62.5974,-144.1069,99.5663
5069,62.2974,-143.8069,99.2663
5070,61.9974,-143.8069,99.2663
5071,61.6974,-143.8069,99.2663
5072,61.3974,-143.8069,99.2663
5073,61.0974,-143.8069,99.2663
5074,21.1651,-138.6162,99.3000
5075,21.4974,-139.0069,99.2663
5076,21.4974,-139.3069,99.2663
5077,21.4974,-139.6069,99.2663
5078,21.4974,-139.9069,99.2663
5079,21.4974,-140.2069,99.2663
5080,21.4974,-140.5069,99.2663
5081,21.4974,-140.8069,99.2663
5082,21.4974,-141.1069,99.2663
5083,21.4974,-141.4069,99.2663
5084,21.1974,-141.7069,99.2663
5085,21.1974,-142.0069,99.2663
5086,20.8974,-142.3069,99.2663
5087,20.8974,-142.6069,99.2663
5088,20.5974,-142.9069,98.9663
5089,20.2974,-143.2069,98.9663
5090,19.9974,-143.5069,98.9663
5091,19.6974,-143.8069,98.9663
5092,19.3974,-143.8069,98.9663
5093,19.0974,-144.1069,98.9663
5094,18.7974,-144.1069,98.9663
5095,18.4974,-144.4069,98.9663
5096,18.1974,-144.4069,98.9663
5097,17.8974,-144.4069,98.9663
5098,17.5974,-144.4069,98.9663
5099,17.2974,-144.4069,98.9663
5100,16.9974,-144.4069,98.9663
5101,-38.3000,-130.3000,100.1000
5102,-41.1654,-132.2478,99.3000
5103,-43.2488,-133.7620,100.1000
5104,-44.0307,-134.1955,99.3000
5105,-45.5284,-133.3284,100.1000
5106,-45.4026,-133.0069,100.1663
5107,-45.7026,-132.7069,100.1663
5108,-46.0026,-132.4069,99.8663
5109,-46.0026,-132.1069,99.8663
5110,-46.3026,-131.8069,99.5663
5111,-46.3026,-131.5069,99.5663
5112,-46.6026,-131.2069,99.2663
5113,-46.6026,-130.9069,99.2663
5114,-46.6026,-130.6069,99.2663
5115,-46.6026,-130.3069,99.2663
5116,-46.6026,-130.0069,99.2663
5117,-46.6026,-129.7069,99.2663
5118,-46.6026,-129.4069,99.2663
5119,-46.3026,-129.1069,99.2663
5120,-46.3026,-128.8069,99.2663
5121,-46.3026,-128.5069,99.2663
5122,-46.0026,-128.2069,99.2663
5123,-46.0026,-127.9069,99.2663
5124,-45.7026,-127.6069,99.2663
5125,-45.4026,-127.3069,99.2663
5126,-45.1026,-127.0069,99.2663
5127,-44.8026,-126.7069,99.2663
5128,-44.5026,-126.7069,99.2663
5129,-44.2026,-126.4069,99.2663
5130,-43.9026,-126.4069,99.2663
5131,-42.5000,-126.1000,100.1000
5132,-42.4026,-126.1069,99.8663
5133,-42.4026,-126.1069,99.5663
5134,-42.4026,-126.1069,99.2663
5135,-42.4026,-126.1069,98.9663
5136,-42.4026,-126.1069,98.6663
5137,-42.4026,-126.1069,98.3663
5138,-42.4026,-126.1069,98.0663
5139,-42.4026,-126.1069,97.7663
5140,-42.4026,-126.1069,97.4663
5141,-42.4026,-126.1069,97.1663
5142,-42.4026,-126.1069,96.8663
5143,-42.4026,-126.1069,96.5663
5144,-42.4026,-126.1069,96.2663
5145,-42.4026,-126.1069,95.9663
5146,-42.7026,-125.8069,95.6663
5147,-42.7026,-125.8069,95.3663
5148,-42.7026,-125.8069,95.0663
5149,-42.7026,-125.8069,94.7663
5150,-42.7026,-125.8069,94.4663
5151,-42.7026,-125.8069,94.1663
5152,-42.7026,-125.8069,93.8663
5153,-42.7026,-125.8069,93.5663
5154,-42.7026,-125.8069,93.2663
5155,-42.7026,-125.8069,92.9663
5156,-42.7026,-125.8069,92.6663
5157,-42.7026,-125.8069,92.3663
5158,-42.7026,-125.8069,92.0663
5159,-42.7026,-125.8069,91.7663
5160,-42.7026,-125.8069,91.4663
5161,-42.7026,-125.8069,91.1663
5162,-42.7026,-125.5069,90.8663
5163,-42.7026,-125.2069,90.5663
5164,-42.7026,-124.9069,90.2663
5165,-43.0026,-124.6069,89.9663
5166,-43.0026,-124.6069,89.6663
5167,-43.3026,-124.3069,89.3663
5168,-43.3026,-124.3069,89.0663
5169,-43.3026,-124.3069,88.7663
5170,-43.6026,-124.0069,88.4663
5171,-43.6026,-124.0069,88.1663
5172,-43.9026,-123.7069,87.8663
5173,-44.2026,-123.4069,87.5663
5174,-44.5026,-123.1069,87.2663
5175,-44.8026,-122.8069,86.9663
5176,-45.1026,-122.5069,86.6663
5177,-45.4026,-122.2069,86.3663
5178,-45.7026,-121.9069,86.0663
5179,-46.0026,-121.6069,85.7663
5180,-46.3026,-121.3069,85.4663
5181,-46.6026,-121.0069,85.1663
5182,-46.9026,-120.7069,84.8663
5183,-46.9026,-120.7069,84.5663
5184,-46.9026,-120.7069,84.2663
5185,-46.9026,-120.7069,83.9663
5186,-46.9026,-120.7069,83.6663
5187,-46.9026,-120.4069,83.3663
5188,-46.9026,-120.4069,83.0663
5189,-46.9026,-120.1069,82.7663
5190,-46.9026,-120.1069,82.4663
5191,-46.9026,-119.8069,82.1663
5192,-46.9026,-119.8069,81.8663
5193,-46.9026,-119.5069,81.5663
5194,-46.9026,-119.5069,81.2663
5195,-46.9026,-119.5069,80.9663
5196,-46.9026,-119.5069,80.6663
5197,-46.9026,-119.5069,80.3663
5198,-46.9026,-119.5069,80.0663
5199,-46.9026,-119.5069,79.7663
5200,-46.9026,-119.5069,79.4663
5201,-46.9026,-119.5069,79.1663
5202,-46.9026,-119.2069,78.8663
5203,-46.9026,-118.9069,78.5663
5204,-46.9026,-118.6069,78.2663
5205,-46.9026,-118.3069,77.9663
5206,-46.9026,-118.0069,77.6663
5207,-46.9026,-117.7069,77.3663
5208,-46.9026,-118.0069,77.3663
5209,-46.9026,-118.3069,77.3663
5210,-46.9026,-118.6069,77.3663
5211,-46.9026,-118.9069,77.3663
5212,-46.6026,-119.2069,77.3663
5213,-46.6026,-119.5069,77.3663
5214,-46.6026,-119.8069,77.3663
5215,-46.3026,-120.1069,77.3663
5216,-46.3026,-120.1069,77.6663
5217,-46.3026,-120.1069,77.9663
5218,-46.3026,-120.1069,78.2663
5219,-46.6026,-120.4069,78.5663
5220,-46.6026,-120.4069,78.8663
5221,-46.6026,-120.4069,79.1663
5222,-46.3026,-120.7069,79.1663
5223,-46.0026,-121.0069,79.1663
5224,-45.7026,-121.3069,79.1663
5225,-45.4026,-121.6069,79.1663
5226,-45.1026,-121.6069,79.1663
5227,-44.8026,-121.9069,79.1663
5228,-44.5026,-121.9069,79.1663
5229,-44.2026,-122.2069,79.1663
5230,-43.9026,-122.2069,79.1663
5231,-43.6026,-122.2069,79.1663
5232,-43.3026,-122.2069,79.1663
5233,-43.0026,-122.5069,79.1663
5234,-42.7026,-122.5069,79.1663
5235,-42.4026,-122.8069,79.1663
5236,-42.1026,-122.8069,79.1663
5237,-41.8026,-123.1069,79.1663
5238,-41.5026,-123.1069,79.1663
5239,-41.8026,-122.8069,79.1663
5240,-42.1026,-122.8069,79.1663
5241,-42.4026,-122.5069,79.1663
5242,-42.7026,-122.2069,78.8663
5243,-43.0026,-122.2069,78.8663
5244,-43.3026,-122.2069,78.8663
5245,-43.6026,-122.2069,78.8663
5246,-43.9026,-122.2069,78.8663
5247,-44.2026,-121.9069,78.5663
5248,-44.5026,-121.9069,78.5663
5249,-44.8026,-121.6069,78.2663
5250,-45.1026,-121.3069,77.9663
5251,-45.4026,-121.0069,77.6663
5252,-45.7026,-120.7069,77.6663
5253,-46.0026,-120.4069,77.3663
5254,-46.0026,-120.1069,77.3663
5255,-46.3026,-119.8069,77.3663
5256,-46.3026,-119.5069,77.3663
5257,-46.6026,-119.2069,77.3663
5258,-46.6026,-118.9069,77.3663
5259,-46.6026,-118.6069,77.3663
5260,-46.6026,-118.3069,77.3663
5261,-46.6026,-118.0069,77.3663
5262,-46.9026,-117.7069,77.3663
5263,-46.9026,-117.4069,77.3663
5264,-46.9026,-117.1069,77.3663
5265,-46.9026,-116.8069,77.3663
5266,-46.9026,-116.5069,77.3663
5267,-46.9026,-116.2069,77.3663
5268,-46.9026,-115.9069,77.3663
5269,-46.9026,-115.6069,77.3663
5270,-46.9026,-115.3069,77.3663
5271,-46.9026,-115.0069,77.3663
5272,-46.9026,-114.7069,77.3663
5273,-46.9026,-114.4069,77.3663
5274,-46.9026,-114.1069,77.3663
5275,-46.9026,-113.8069,77.3663
5276,-46.9026,-113.5069,77.3663
5277,-46.9026,-113.2069,77.3663
5278,-46.9026,-112.9069,77.3663
5279,-46.6026,-112.6069,77.3663
5280,-46.6026,-112.3069,77.3663
5281,-46.3026,-112.0069,77.3663
5282,-46.3026,-111.7069,77.3663
5283,-46.0026,-111.4069,77.3663
5284,-46.0026,-111.1069,77.3663
5285,-46.0026,-110.8069,77.3663
5286,-45.7026,-110.5069,77.3663
5287,-45.7026,-110.2069,77.3663
5288,-45.7026,-109.9069,77.3663
5289,-45.7026,-109.6069,77.3663
5290,-45.7026,-109.3069,77.3663
5291,-45.7026,-109.0069,77.3663
5292,-45.4026,-108.7069,77.3663
5293,-45.4026,-108.4069,77.3663
5294,-45.1026,-108.1069,77.3663
5295,-45.1026,-107.8069,77.3663
5296,-45.1026,-107.5069,77.3663
5297,-44.8026,-107.2069,77.3663
5298,-44.8026,-106.9069,77.3663
5299,-44.8026,-106.6069,77.3663
5300,-44.8026,-106.3069,77.3663
5301,-44.8026,-106.0069,77.3663
5302,-44.8026,-105.7069,77.3663
5303,-44.8026,-105.4069,77.3663
5304,-44.8026,-105.1069,77.3663
5305,-44.8026,-104.8069,77.3663
5306,-44.8026,-104.5069,77.3663
5307,-44.8026,-104.2069,77.3663
5308,-44.5026,-103.9069,77.3663
5309,-44.5026,-103.6069,77.3663
5310,-44.5026,-103.3069,77.3663
5311,-44.2026,-103.0069,77.3663
5312,-44.2026,-102.7069,77.3663
5313,-44.2026,-102.4069,77.3663
5314,-44.2026,-102.1069,77.3663
5315,-43.9026,-101.8069,77.3663
5316,-43.9000,-100.7000,77.3000
5317,-43.5976,-99.6257,77.3000
5318,-43.6026,-99.4069,77.3663
5319,-43.6026,-99.1069,77.3663
5320,-43.6026,-98.8069,77.3663
5321,-43.6026,-98.5069,77.3663
5322,-43.6026,-98.2069,77.3663
5323,-43.6026,-97.9069,77.3663
5324,-43.6026,-97.6069,77.3663
5325,-43.3026,-97.3069,77.3663
5326,-43.0026,-97.0069,77.3663
5327,-43.0026,-96.7069,77.3663
5328,-43.0026,-96.4069,77.3663
5329,-43.0026,-96.1069,77.3663
5330,-43.0026,-95.8069,77.3663
5331,-42.7026,-95.5069,77.3663
5332,-42.7026,-95.2069,77.3663
5333,-42.7026,-94.9069,77.3663
5334,-42.7026,-94.6069,77.3663
5335,-42.7026,-94.3069,77.3663
5336,-42.7026,-94.0069,77.3663
5337,-42.7026,-93.7069,77.3663
5338,-42.7026,-93.4069,77.3663
5339,-42.4026,-93.1069,77.3663
5340,-42.4026,-92.8069,77.3663
5341,-42.4026,-92.5069,77.3663
5342,-42.4026,-92.2069,77.3663
5343,-42.1026,-91.9069,77.3663
5344,-42.1026,-91.6069,77.3663
5345,-42.1026,-91.3069,77.3663
5346,-41.8026,-91.0069,77.3663
5347,-41.8026,-90.7069,77.3663
5348,-41.5026,-90.4069,77.3663
5349,-41.2026,-90.1069,77.3663
5350,-40.9026,-89.8069,77.3663
5351,-40.6026,-89.5069,77.3663
5352,-40.3026,-89.2069,77.3663
5353,-40.0026,-88.9069,77.3663
5354,-39.7026,-88.9069,77.3663
5355,-39.4026,-88.6069,77.3663
5356,-39.1026,-88.6069,77.3663
5357,-38.8026,-88.6069,77.3663
5358,-38.5026,-88.6069,77.3663
5359,-38.2026,-88.6069,77.3663
5360,-37.9026,-88.6069,77.3663
5361,-37.6026,-88.6069,77.3663
5362,-37.3026,-88.6069,77.3663
5363,-37.0026,-88.6069,77.3663
5364,-36.7026,-88.6069,77.3663
5365,-36.4026,-88.6069,77.3663
5366,-36.1026,-88.6069,77.3663
5367,-35.8026,-88.6069,77.3663
5368,-35.5026,-88.6069,77.3663
5369,-35.2026,-88.6069,77.3663
5370,-34.9026,-88.9069,77.3663
5371,-34.6026,-89.2069,77.3663
5372,-34.3026,-89.2069,77.3663
5373,-34.0026,-89.2069,77.3663
5374,-33.7026,-89.2069,77.3663
5375,-33.4026,-89.2069,77.3663
5376,-33.1026,-89.2069,77.3663
5377,-32.8026,-89.2069,77.3663
5378,-32.5026,-89.2069,77.3663
5379,-32.2026,-89.5069,77.3663
5380,-31.9026,-89.5069,77.3663
5381,-31.6026,-89.5069,77.3663
5382,-31.3026,-89.5069,77.3663
5383,-31.0026,-89.5069,77.3663
5384,-30.7026,-89.5069,77.3663
5385,-30.4026,-89.5069,77.3663
5386,-30.1026,-89.5069,77.3663
5387,-29.8026,-89.5069,77.3663
5388,-29.5026,-89.5069,77.3663
5389,-29.2026,-89.5069,77.3663
5390,-28.9026,-89.5069,77.3663
5391,-28.6026,-89.8069,77.3663
5392,-28.3026,-89.8069,77.3663
5393,-28.0026,-90.1069,77.3663
5394,-27.7026,-90.4069,77.3663
5395,-27.4026,-90.7069,77.3663
5396,-27.1026,-91.0069,77.3663
5397,-27.1026,-91.3069,77.3663
5398,-26.8026,-91.6069,77.3663
5399,-26.8026,-91.9069,77.3663
5400,-26.8026,-92.2069,77.3663
5401,-26.8026,-92.5069,77.3663
5402,-26.8026,-92.8069,77.3663
5403,-26.8026,-93.1069,77.3663
5404,-26.8026,-93.4069,77.3663
5405,-26.8026,-93.7069,77.3663
5406,-26.8026,-94.0069,77.3663
5407,-26.8026,-94.3069,77.3663
5408,-26.8026,-94.6069,77.3663
5409,-26.8026,-94.9069,77.3663
5410,-26.8026,-95.2069,77.3663
5411,-26.8026,-95.5069,77.3663
5412,-26.8026,-95.8069,77.3663
5413,-26.8026,-96.1069,77.3663
5414,-26.8026,-96.4069,77.3663
5415,-26.8026,-96.7069,77.3663
5416,-26.8026,-97.0069,77.3663
5417,-26.8026,-97.3069,77.3663
5418,-26.8026,-97.6069,77.3663
5419,-26.8026,-97.9069,77.3663
5420,-27.1026,-98.2069,77.6663
5421,-27.2045,-99.6307,77.5000
5422,-27.1026,-100.0069,77.3663
5423,-27.4026,-100.3069,77.3663
5424,-27.4026,-100.6069,77.3663
5425,-27.4026,-100.9069,77.3663
5426,-27.7026,-101.2069,77.3663
5427,-27.7026,-101.5069,77.3663
5428,-28.0026,-101.8069,77.3663
5429,-28.3026,-102.1069,77.3663
5430,-28.6026,-102.4069,77.3663
5431,-28.6026,-102.7069,77.3663
5432,-28.6026,-103.0069,77.3663
5433,-28.3026,-103.3069,77.3663
5434,-28.3026,-103.6069,77.3663
5435,-28.3026,-103.9069,77.3663
5436,-28.3026,-104.2069,77.3663
5437,-28.3026,-104.5069,77.3663
5438,-28.3026,-104.8069,77.3663
5439,-28.3026,-105.1069,77.3663
5440,-28.3026,-105.4069,77.3663
5441,-28.3026,-105.7069,77.3663
5442,-28.3000,-107.3000,77.5000
5443,-28.6026,-107.5069,77.3663
5444,-28.6026,-107.8069,77.3663
5445,-28.6026,-108.1069,77.3663
5446,-28.6026,-108.4069,77.3663
5447,-28.6026,-108.7069,77.3663
5448,-28.9026,-109.0069,77.3663
5449,-28.9026,-109.3069,77.3663
5450,-29.2026,-109.6069,77.3663
5451,-29.5026,-109.9069,77.3663
5452,-29.8026,-110.2069,77.3663
5453,-29.8026,-110.5069,77.3663
5454,-29.8026,-110.8069,77.3663
5455,-29.5026,-111.1069,77.3663
5456,-29.5026,-111.4069,77.3663
5457,-29.5026,-111.7069,77.3663
5458,-29.5026,-112.0069,77.3663
5459,-29.5026,-112.3069,77.3663
5460,-29.2026,-112.6069,77.3663
5461,-29.2026,-112.9069,77.3663
5462,-29.2026,-113.2069,77.3663
5463,-29.2026,-113.5069,77.3663
5464,-29.2026,-113.8069,77.3663
5465,-29.2026,-114.1069,77.3663
5466,-29.2026,-114.4069,77.3663
5467,-29.2026,-114.7069,77.3663
5468,-28.9026,-115.0069,77.3663
5469,-28.9026,-115.3069,77.3663
5470,-28.9026,-115.6069,77.3663
5471,-28.9026,-115.9069,77.3663
5472,-28.9026,-116.2069,77.3663
5473,-28.9026,-116.5069,77.3663
5474,-28.9026,-116.8069,77.3663
5475,-28.9026,-117.1069,77.3663
5476,-28.9026,-117.4069,77.3663
5477,-28.6026,-117.7069,77.3663
5478,-4.9648,-91.7648,89.9000
5479,-4.6026,-91.9069,89.9663
5480,-4.3026,-92.2069,90.2663
5481,-4.0026,-92.2069,90.2663
5482,-3.7026,-92.5069,90.5663
5483,-3.4026,-92.8069,90.8663
5484,-3.1026,-93.1069,91.1663
5485,-2.8026,-93.4069,91.4663
5486,-2.5026,-93.7069,91.7663
5487,-2.2026,-94.0069,92.0663
5488,-1.9026,-94.3069,92.3663
5489,-1.6026,-94.3069,92.3663
5490,-1.3026,-94.3069,92.3663
5491,-1.0026,-94.3069,92.3663
5492,-0.7026,-94.3069,92.3663
5493,-0.4026,-94.3069,92.3663
5494,-0.1026,-94.3069,92.3663
5495,0.1974,-94.3069,92.3663
5496,0.4974,-94.3069,92.3663
5497,0.7974,-94.3069,92.3663
5498,1.0974,-94.3069,92.3663
5499,1.3974,-94.3069,92.3663
5500,1.6974,-94.3069,92.3663
5501,1.9974,-94.3069,92.3663
5502,2.2974,-94.3069,92.3663
5503,2.5974,-94.3069,92.3663
5504,2.8974,-94.3069,92.3663
5505,3.1974,-94.3069,92.3663
5506,3.4974,-94.6069,92.6663
5507,3.7974,-94.6069,92.6663
5508,4.0974,-94.6069,92.6663
5509,4.3974,-94.6069,92.6663
5510,4.6974,-94.6069,92.6663
5511,4.9974,-94.6069,92.6663
5512,5.2974,-94.6069,92.6663
5513,5.5974,-94.6069,92.6663
5514,5.8974,-94.6069,92.6663
5515,6.1974,-94.6069,92.6663
5516,6.4974,-94.6069,92.6663
5517,6.7974,-94.6069,92.6663
5518,7.0974,-94.6069,92.6663
5519,7.3974,-94.6069,92.6663
5520,7.6974,-94.6069,92.6663
5521,7.9974,-94.6069,92.6663
5522,8.2974,-94.6069,92.6663
5523,8.5974,-94.6069,92.6663
5524,8.8974,-94.6069,92.6663
5525,9.1974,-94.6069,92.6663
5526,9.4974,-94.6069,92.6663
5527,9.7974,-94.6069,92.6663
5528,10.0974,-94.6069,92.6663
5529,10.3974,-94.6069,92.6663
5530,10.6974,-94.6069,92.6663
5531,10.9974,-94.6069,92.6663
5532,11.2974,-94.6069,92.6663
5533,11.5974,-94.6069,92.6663
5534,11.8974,-94.9069,92.6663
5535,12.1974,-94.9069,92.6663
5536,12.4974,-94.9069,92.6663
5537,12.7974,-94.9069,92.6663
5538,13.0974,-94.9069,92.6663
5539,13.3974,-94.9069,92.6663
5540,13.6974,-94.9069,92.6663
5541,13.9974,-94.9069,92.6663
5542,14.2974,-94.9069,92.6663
5543,14.5974,-94.9069,92.6663
5544,14.8974,-94.9069,92.6663
5545,15.1974,-94.9069,92.6663
5546,15.4974,-94.9069,92.6663
5547,15.7974,-94.9069,92.6663
5548,16.0974,-94.9069,92.6663
5549,16.3974,-94.9069,92.6663
5550,16.6974,-94.9069,92.6663
5551,16.9974,-94.9069,92.6663
5552,17.2974,-94.9069,92.6663
5553,17.5974,-94.9069,92.6663
5554,17.8974,-94.9069,92.6663
5555,18.1974,-95.2069,92.6663
5556,18.4974,-95.5069,92.6663
5557,18.7974,-95.8069,92.6663
5558,19.0974,-95.8069,92.6663
5559,19.3974,-95.8069,92.6663
5560,19.6974,-95.8069,92.6663
5561,19.9974,-95.8069,92.6663
5562,20.2974,-95.8069,92.6663
5563,20.5974,-95.8069,92.6663
5564,20.8974,-95.8069,92.6663
5565,21.1974,-95.8069,92.6663
5566,21.4974,-95.8069,92.6663
5567,21.7974,-95.8069,92.6663
5568,22.0974,-96.1069,92.6663
5569,22.3974,-96.4069,92.6663
5570,22.6974,-96.4069,92.6663
5571,22.9974,-96.4069,92.6663
5572,23.2974,-96.4069,92.6663
5573,23.5974,-96.4069,92.6663
5574,23.8974,-96.4069,92.6663
5575,24.1974,-96.4069,92.6663
5576,24.4974,-96.4069,92.6663
5577,24.7974,-96.4069,92.6663
5578,25.0974,-96.4069,92.6663
5579,25.3974,-96.4069,92.6663
5580,25.6974,-96.4069,92.6663
5581,25.9974,-96.4069,92.6663
5582,26.2974,-96.4069,92.6663
5583,26.5974,-96.4069,92.6663
5584,26.8974,-96.4069,92.6663
5585,27.1974,-96.4069,92.6663
5586,27.4974,-96.4069,92.6663
5587,27.7974,-96.4069,92.6663
5588,28.0974,-96.4069,92.6663
5589,28.3974,-96.4069,92.6663
5590,28.6974,-96.4069,92.6663
5591,28.9974,-96.4069,92.6663
5592,29.2974,-96.4069,92.6663
5593,29.5974,-96.4069,92.3663
5594,29.8974,-96.4069,92.3663
5595,30.1974,-96.4069,92.0663
5596,30.4974,-96.4069,91.7663
5597,30.7974,-96.4069,91.4663
5598,31.0974,-96.4069,91.1663
5599,31.3974,-96.4069,90.8663
5600,31.6974,-96.1069,90.5663
5601,31.9974,-95.8069,90.2663
5602,32.2974,-95.5069,89.9663
5603,32.2974,-95.5069,89.6663
5604,32.5974,-95.2069,89.3663
5605,32.5974,-94.9069,89.6663
5606,32.5974,-94.6069,89.9663
5607,32.5974,-94.3069,90.2663
5608,32.5974,-94.0069,90.5663
5609,32.5974,-93.7069,90.8663
5610,32.2974,-93.4069,91.1663
5611,32.2974,-93.1069,91.4663
5612,32.2974,-92.8069,91.7663
5613,31.9974,-92.5069,92.0663
5614,31.9974,-92.2069,92.0663
5615,31.9974,-91.9069,92.0663
5616,31.6974,-91.6069,92.3663
5617,31.3974,-91.3069,92.6663
5618,31.3974,-91.0069,92.6663
5619,31.0974,-90.7069,92.6663
5620,30.7974,-90.4069,92.6663
5621,30.4974,-90.1069,92.6663
5622,30.1974,-89.8069,92.6663
5623,29.8974,-89.5069,92.6663
5624,29.5974,-89.5069,92.6663
5625,29.2974,-89.2069,92.6663
5626,28.9974,-89.2069,92.6663
5627,28.6974,-88.9069,92.6663
5628,28.3974,-88.9069,92.6663
5629,28.0974,-88.9069,92.6663
5630,27.7974,-88.9069,92.6663
5631,27.4974,-88.9069,92.6663
5632,27.1974,-88.9069,92.6663
5633,26.8974,-88.9069,92.6663
5634,26.5974,-88.9069,92.6663
5635,26.2974,-88.6069,92.6663
5636,25.9974,-88.3069,92.6663
5637,25.6974,-88.0069,92.6663
5638,25.3974,-88.0069,92.6663
5639,25.0974,-88.0069,92.6663
5640,24.7974,-88.0069,92.6663
5641,24.4974,-88.0069,92.6663
5642,24.1974,-88.0069,92.6663
5643,23.8974,-88.0069,92.6663
5644,23.5974,-88.0069,92.6663
5645,23.2974,-88.0069,92.6663
5646,22.9974,-88.0069,92.6663
5647,22.6974,-88.0069,92.6663
5648,22.3974,-88.0069,92.6663
5649,22.0974,-88.0069,92.6663
5650,21.7974,-88.0069,92.6663
5651,21.4974,-88.0069,92.6663
5652,21.1974,-87.7069,92.6663
5653,20.8974,-87.7069,92.6663
5654,20.5974,-87.7069,92.6663
5655,20.2974,-87.7069,92.6663
5656,19.9974,-87.7069,92.6663
5657,19.6974,-87.7069,92.6663
5658,19.3974,-87.7069,92.6663
5659,19.0974,-87.7069,92.6663
5660,18.7974,-87.7069,92.6663
5661,18.4974,-87.7069,92.6663
5662,18.1974,-87.7069,92.6663
5663,17.8974,-87.7069,92.6663
5664,17.5974,-87.4069,92.6663
5665,17.2974,-87.4069,92.6663
5666,16.9974,-87.4069,92.6663
5667,16.6974,-87.4069,92.6663
5668,16.3974,-87.4069,92.6663
5669,16.0974,-87.4069,92.6663
5670,15.7974,-87.4069,92.6663
5671,15.4974,-87.1069,92.6663
5672,15.1974,-87.1069,92.6663
5673,14.8974,-87.1069,92.6663
5674,14.5974,-86.8069,92.6663
5675,14.2974,-86.8069,92.6663
5676,13.9974,-86.5069,92.6663
5677,13.6974,-86.5069,92.6663
5678,13.3974,-86.5069,92.6663
5679,13.0974,-86.5069,92.6663
5680,12.7974,-86.5069,92.6663
5681,12.4974,-86.5069,92.6663
5682,12.1974,-86.5069,92.6663
5683,11.8974,-86.5069,92.6663
5684,11.5974,-86.5069,92.6663
5685,11.2974,-86.5069,92.6663
5686,10.9974,-86.2069,92.6663
5687,10.6974,-86.2069,92.6663
5688,10.3974,-86.2069,92.6663
5689,10.0974,-86.2069,92.6663
5690,9.7974,-86.2069,92.6663
5691,9.4974,-86.2069,92.6663
5692,9.1974,-86.2069,92.6663
5693,8.8974,-86.2069,92.6663
5694,8.5974,-85.9069,92.6663
5695,8.2974,-85.9069,92.6663
5696,7.9974,-85.6069,92.6663
5697,7.6974,-85.6069,92.6663
5698,7.3974,-85.6069,92.6663
5699,7.0974,-85.3069,92.6663
5700,6.7974,-85.3069,92.6663
5701,6.4974,-85.0069,92.6663
5702,6.1974,-85.0069,92.6663
5703,5.8974,-84.7069,92.6663
5704,5.5974,-84.7069,92.6663
5705,5.2974,-84.7069,92.6663
5706,4.9974,-84.4069,92.6663
5707,4.6974,-84.4069,92.6663
5708,4.3974,-84.1069,92.6663
5709,4.0974,-84.1069,92.6663
5710,3.7974,-84.1069,92.6663
5711,3.4974,-83.8069,92.6663
5712,3.1974,-83.8069,92.6663
5713,2.8974,-83.5069,92.6663
5714,2.5974,-83.5069,92.6663
5715,2.2974,-83.5069,92.6663
5716,1.9974,-83.5069,92.6663
5717,1.6974,-83.5069,92.6663
5718,1.3974,-83.5069,92.6663
5719,1.0974,-83.5069,92.6663
5720,0.7974,-83.2069,92.3663
5721,0.4974,-83.2069,92.3663
5722,0.1974,-82.9069,92.0663
5723,-0.1026,-82.6069,91.7663
5724,-0.4026,-82.3069,91.4663
5725,-0.7026,-82.0069,91.1663
5726,-1.0026,-81.7069,90.8663
5727,-1.3026,-81.4069,90.5663
5728,-1.3026,-81.4069,90.2663
5729,-1.6026,-81.1069,89.9663
5730,-1.6026,-81.1069,89.6663
5731,-1.6026,-81.1069,89.3663
5732,-1.9026,-81.4069,89.3663
5733,-2.2026,-81.7069,89.3663
5734,-2.5026,-82.0069,89.3663
5735,-2.8026,-82.3069,89.3663
5736,-3.1026,-82.6069,89.3663
5737,-3.4026,-82.9069,89.3663
5738,-3.7026,-83.2069,89.3663
5739,-4.0026,-83.5069,89.3663
5740,-4.3026,-83.5069,89.3663
5741,-4.6026,-83.8069,89.3663
5742,-4.9026,-84.1069,89.3663
5743,-5.2026,-84.4069,89.3663
5744,-5.5026,-84.7069,89.3663
5745,-5.8026,-85.0069,89.3663
5746,-5.8026,-85.3069,89.3663
5747,-6.1026,-85.6069,89.3663
5748,-6.1026,-85.9069,89.3663
5749,-6.4026,-86.2069,89.3663
5750,-6.4026,-86.5069,89.3663
5751,-6.4026,-86.8069,89.3663
5752,-6.7026,-87.1069,89.3663
5753,-6.7026,-87.4069,89.3663
5754,-6.7026,-87.7069,89.3663
5755,-6.7026,-88.0069,89.3663
5756,-6.7026,-88.3069,89.3663
5757,-6.7026,-88.6069,89.3663
5758,-6.7026,-88.9069,89.3663
5759,-6.4026,-89.2069,89.3663
5760,-6.4026,-89.5069,89.3663
5761,-6.4026,-89.8069,89.3663
5762,-6.1026,-90.1069,89.3663
5763,-6.1026,-90.4069,89.3663
5764,-5.8026,-90.7069,89.3663
5765,-5.8026,-91.0069,89.3663
5766,-5.5026,-91.3069,89.3663
5767,-5.5026,-91.6069,89.3663
5768,-5.2026,-91.9069,89.3663
5769,-5.2026,-92.2069,89.0663
5770,-5.2026,-92.5069,89.0663
5771,-5.2026,-92.8069,88.7663
5772,-5.2026,-93.1069,88.4663
5773,-5.2026,-93.4069,88.1663
5774,-5.2026,-93.7069,88.1663
5775,-4.9026,-94.0069,87.8663
5776,-4.9026,-94.3069,87.8663
5777,-4.9026,-94.6069,87.8663
5778,-4.6026,-94.9069,87.5663
5779,-4.6026,-95.2069,87.5663
5780,-4.3026,-95.5069,87.2663
5781,-4.3026,-95.8069,86.9663
5782,-4.3026,-96.1069,86.9663
5783,-4.3026,-96.4069,86.6663
5784,-4.3026,-96.7069,86.3663
5785,-4.3026,-96.7069,86.6663
5786,-4.3026,-96.7069,86.9663
5787,-4.3026,-96.7069,87.2663
5788,-4.3026,-96.7069,87.5663
5789,-4.3026,-96.7069,87.8663
5790,-4.3026,-96.7069,88.1663
5791,-4.3026,-96.7069,88.4663
5792,-4.3026,-96.7069,88.7663
5793,-4.3026,-96.7069,89.0663
5794,-4.0026,-96.7069,89.3663
5795,-4.0026,-96.7069,89.6663
5796,-3.7026,-96.7069,89.9663
5797,-3.7026,-96.7069,90.2663
5798,-3.4026,-96.7069,90.5663
5799,-3.1026,-96.7069,90.8663
5800,-2.8026,-96.7069,91.1663
5801,-2.5026,-96.7069,91.4663
5802,-2.2026,-96.7069,91.4663
5803,-1.9026,-96.7069,91.7663
5804,-1.6026,-96.7069,91.7663
5805,-1.3026,-96.7069,92.0663
5806,-1.0026,-96.7069,92.0663
5807,-0.7026,-96.7069,92.0663
5808,-0.4026,-96.7069,92.0663
5809,-0.1026,-96.7069,92.0663
5810,0.1974,-96.7069,92.0663
5811,0.4974,-96.7069,92.0663
5812,0.7974,-96.7069,92.0663
5813,1.0974,-96.7069,92.0663
5814,1.3974,-96.7069,92.0663
5815,1.6974,-96.7069,92.0663
5816,1.9974,-96.7069,92.0663
5817,2.2974,-96.7069,92.0663
5818,2.5974,-96.7069,92.0663
5819,2.8974,-96.7069,92.0663
5820,3.1974,-96.7069,92.3663
5821,3.4974,-96.7069,92.3663
5822,3.7974,-96.7069,92.3663
5823,4.0974,-96.7069,92.3663
5824,4.3974,-96.7069,92.3663
5825,4.6974,-96.7069,92.3663
5826,4.9974,-96.7069,92.3663
5827,5.2974,-96.7069,92.3663
5828,5.5974,-96.7069,92.3663
5829,5.8974,-96.7069,92.3663
5830,6.1974,-96.7069,92.3663
5831,6.4974,-96.7069,92.3663
5832,6.7974,-96.7069,92.3663
5833,7.0974,-96.7069,92.3663
5834,7.3974,-96.7069,92.3663
5835,7.6974,-96.7069,92.3663
5836,7.9974,-96.7069,92.3663
5837,8.2974,-96.7069,92.3663
5838,8.5974,-96.7069,92.3663
5839,8.8974,-96.7069,92.3663
5840,9.1974,-96.7069,92.3663
5841,9.4974,-96.7069,92.3663
5842,9.7974,-96.7069,92.3663
5843,10.0974,-96.7069,92.3663
5844,10.3974,-96.7069,92.3663
5845,10.6974,-96.7069,92.3663
5846,10.9974,-96.7069,92.3663
5847,11.2974,-96.7069,92.3663
5848,11.5974,-96.7069,92.3663
5849,11.8974,-96.7069,92.3663
5850,12.1974,-96.7069,92.3663
5851,12.4974,-96.7069,92.3663
5852,12.7974,-96.7069,92.3663
5853,13.0974,-96.7069,92.3663
5854,13.3974,-96.7069,92.3663
5855,13.6974,-96.7069,92.3663
5856,13.9974,-96.7069,92.3663
5857,14.2974,-96.7069,92.3663
5858,14.5974,-96.7069,92.3663
5859,14.8974,-96.7069,92.3663
5860,15.1974,-96.7069,92.3663
5861,15.4974,-96.7069,92.3663
5862,15.7974,-96.7069,92.3663
5863,16.0974,-96.7069,92.3663
5864,16.3974,-96.7069,92.3663
5865,16.6974,-96.7069,92.3663
5866,16.9974,-96.7069,92.3663
5867,17.2974,-96.7069,92.3663
5868,17.5974,-96.7069,92.3663
5869,17.8974,-96.7069,92.6663
5870,18.1974,-96.7069,92.6663
5871,18.4974,-96.7069,92.6663
5872,18.7974,-96.7069,92.6663
5873,19.0974,-96.7069,92.6663
5874,19.3974,-96.7069,92.6663
5875,19.6974,-96.7069,92.6663
5876,19.9974,-96.7069,92.6663
5877,20.2974,-96.7069,92.6663
5878,20.5974,-96.7069,92.6663
5879,20.8974,-96.7069,92.6663
5880,21.1974,-96.7069,92.6663
5881,21.4974,-96.7069,92.6663
5882,21.7974,-96.7069,92.6663
5883,22.0974,-96.7069,92.6663
5884,22.3974,-96.7069,92.6663
5885,22.6974,-96.7069,92.6663
5886,22.9974,-96.7069,92.6663
5887,23.2974,-96.7069,92.6663
5888,23.5974,-96.7069,92.6663
5889,23.8974,-96.7069,92.6663
5890,24.1974,-96.7069,92.6663
5891,24.4974,-96.7069,92.6663
5892,24.7974,-96.7069,92.3663
5893,25.0974,-96.7069,92.3663
5894,25.3974,-96.7069,92.3663
5895,25.6974,-96.7069,92.3663
5896,25.9974,-96.7069,92.3663
5897,26.2974,-96.7069,92.3663
5898,26.5974,-96.7069,92.3663
5899,26.8974,-96.7069,92.3663
5900,27.1974,-96.7069,92.3663
5901,27.4974,-96.7069,92.3663
5902,27.7974,-96.7069,92.3663
5903,28.0974,-96.7069,92.3663
5904,28.3974,-96.7069,92.3663
5905,28.6974,-96.7069,92.3663
5906,28.9974,-96.7069,92.3663
5907,29.2974,-96.7069,92.3663
5908,29.5974,-96.7069,92.0663
5909,29.8974,-96.7069,92.0663
5910,30.1974,-96.7069,92.0663
5911,30.4974,-96.4069,91.7663
5912,30.7974,-96.4069,91.7663
5913,31.0974,-96.1069,91.4663
5914,31.3974,-96.1069,91.1663
5915,31.6974,-95.8069,90.8663
5916,31.9974,-95.5069,90.5663
5917,32.2974,-95.2069,90.2663
5918,32.5974,-94.9069,89.9663
5919,32.5974,-94.6069,89.6663
5920,32.5974,-94.3069,89.3663
5921,32.5974,-94.0069,89.0663
5922,32.5974,-93.7069,88.7663
5923,32.5974,-93.4069,88.4663
5924,32.8974,-93.1069,88.1663
5925,32.8974,-92.8069,87.8663
5926,32.8974,-92.5069,87.5663
5927,32.8974,-92.2069,87.2663
5928,32.8974,-91.9069,86.9663
5929,32.8974,-91.6069,86.6663
5930,32.5974,-91.3069,86.3663
5931,32.8974,-91.6069,86.0663
5932,32.8974,-91.9069,85.7663
5933,32.8974,-92.2069,85.4663
5934,32.8974,-92.5069,85.1663
5935,32.8974,-92.8069,84.8663
5936,32.8974,-93.1069,84.5663
5937,32.8974,-93.4069,84.5663
5938,32.8974,-93.7069,84.2663
5939,32.8974,-94.0069,84.2663
5940,32.8974,-94.3069,83.9663
5941,32.8974,-94.6069,83.9663
5942,32.8974,-94.9069,83.6663
5943,32.8974,-95.2069,83.6663
5944,32.5974,-95.5069,83.3663
5945,32.5974,-95.8069,83.3663
5946,33.2000,-93.1000,83.3000
5947,33.5208,-91.2301,83.3000
5948,33.8000,-89.9000,83.3000
5949,33.8000,-87.9000,83.3000
5950,34.0974,-87.7069,83.3663
5951,34.0974,-87.4069,83.3663
5952,34.0974,-87.1069,83.3663
5953,34.0974,-86.8069,83.3663
5954,34.0974,-86.5069,83.3663
5955,34.0974,-86.2069,83.3663
5956,34.0974,-85.9069,83.3663
5957,34.0974,-85.6069,83.3663
5958,33.7974,-85.3069,83.3663
5959,33.7974,-85.0069,83.3663
5960,33.7974,-84.7069,83.3663
5961,33.4974,-84.4069,83.3663
5962,33.4974,-84.1069,83.3663
5963,33.1974,-83.8069,83.3663
5964,32.8974,-83.5069,83.3663
5965,32.8974,-83.2069,83.3663
5966,32.5974,-82.9069,83.3663
5967,32.2974,-82.9069,83.3663
5968,31.9974,-82.6069,83.3663
5969,31.6974,-82.3069,83.3663
5970,31.3974,-82.3069,83.3663
5971,31.0974,-82.0069,83.3663
5972,30.7974,-82.0069,83.3663
5973,30.4974,-81.7069,83.3663
5974,30.1974,-81.7069,83.3663
5975,29.8974,-81.7069,83.3663
5976,29.5974,-81.7069,83.3663
5977,29.2974,-81.4069,83.3663
5978,28.9974,-81.4069,83.3663
5979,28.6974,-81.4069,83.3663
5980,28.3974,-81.4069,83.3663
5981,28.0974,-81.4069,83.3663
5982,27.7974,-81.4069,83.3663
5983,27.4974,-81.4069,83.3663
5984,27.1974,-81.4069,83.3663
5985,26.8974,-81.4069,83.3663
5986,26.5974,-81.4069,83.3663
5987,26.2974,-81.4069,83.3663
5988,25.9974,-81.4069,83.3663
5989,25.6974,-81.4069,83.3663
5990,25.3974,-81.4069,83.3663
5991,25.0974,-81.4069,83.3663
5992,24.7974,-81.4069,83.3663
5993,24.4974,-81.4069,83.3663
5994,24.1974,-81.4069,83.3663
5995,23.8974,-81.4069,83.3663
5996,23.5974,-81.4069,83.3663
5997,23.2974,-81.4069,83.3663
5998,22.9974,-81.4069,83.3663
5999,22.6974,-81.4069,83.3663
6000,22.3974,-81.4069,83.3663
6001,22.0974,-81.4069,83.3663
6002,21.7974,-81.4069,83.3663
6003,21.4974,-81.4069,83.3663
6004,21.1974,-81.4069,83.3663
6005,20.8974,-81.4069,83.3663
6006,20.5974,-81.4069,83.3663
6007,20.2974,-81.4069,83.3663
6008,19.9974,-81.1069,83.3663
6009,19.6974,-80.8069,83.3663
6010,19.3974,-80.5069,83.3663
6011,19.0974,-80.2069,83.3663
6012,18.7974,-79.9069,83.3663
6013,18.4974,-79.9069,83.3663
6014,18.1974,-79.6069,83.3663
6015,17.8974,-79.6069,83.3663
6016,17.5974,-79.3069,83.3663
6017,17.2974,-79.3069,83.3663
6018,16.9974,-79.3069,83.3663
6019,16.6974,-79.3069,83.3663
6020,16.3974,-79.3069,83.3663
6021,16.0974,-79.3069,83.3663
6022,15.7974,-79.3069,83.3663
6023,15.4974,-79.3069,83.3663
6024,15.1974,-79.3069,83.3663
6025,14.8974,-79.0069,83.3663
6026,14.5974,-79.0069,83.3663
6027,14.2974,-79.0069,83.3663
6028,13.9974,-79.0069,83.3663
6029,3.6599,-78.2159,83.3000
6030,3.4974,-77.8069,83.3663
6031,3.1974,-77.5069,83.3663
6032,2.8974,-77.2069,83.3663
6033,2.5974,-77.2069,83.3663
6034,2.2974,-76.9069,83.3663
6035,1.9974,-76.9069,83.3663
6036,1.6974,-76.6069,83.3663
6037,1.3974,-76.6069,83.3663
6038,1.0974,-76.6069,83.3663
6039,0.7974,-76.6069,83.3663
6040,0.4974,-76.6069,83.3663
6041,0.1974,-76.6069,83.3663
6042,-0.1026,-76.6069,83.3663
6043,-0.4026,-76.6069,83.3663
6044,-0.7026,-76.6069,83.3663
6045,-1.0026,-76.6069,83.3663
6046,-1.3026,-76.6069,83.3663
6047,-1.6026,-76.6069,83.3663
6048,-1.9026,-76.9069,83.3663
6049,-2.2026,-76.9069,83.3663
6050,-2.5026,-76.9069,83.3663
6051,-2.8026,-77.2069,83.3663
6052,-3.1026,-77.2069,83.3663
6053,-3.4026,-77.5069,83.3663
6054,-3.7026,-77.8069,83.3663
6055,-4.0026,-77.8069,83.3663
6056,-4.3026,-78.1069,83.3663
6057,-4.6026,-78.4069,83.3663
6058,-4.6026,-78.7069,83.3663
6059,-4.9026,-79.0069,83.3663
6060,-4.9026,-79.3069,83.3663
6061,-5.2026,-79.6069,83.3663
6062,-5.2026,-79.9069,83.3663
6063,-5.5026,-80.2069,83.3663
6064,-5.5026,-80.5069,83.3663
6065,-5.8000,-81.5000,83.3000
6066,-6.6357,-83.9061,83.3000
6067,-7.8072,-85.9472,83.3000
6068,-7.9052,-88.2126,83.3000
6069,-7.9026,-88.6069,83.3663
6070,-7.9026,-88.9069,83.3663
6071,-7.9026,-89.2069,83.3663
6072,-7.9026,-89.5069,83.3663
6073,-7.6026,-89.8069,83.3663
6074,-7.9421,-93.4958,83.3000
6075,-7.9026,-93.7069,83.3663
6076,-8.2026,-94.0069,83.3663
6077,-8.2026,-94.3069,83.3663
6078,-8.5026,-94.6069,83.3663
6079,-8.5026,-94.9069,83.3663
6080,-8.5026,-95.2069,83.3663
6081,-8.5026,-95.5069,83.3663
6082,-8.5026,-95.8069,83.3663
6083,-8.5026,-96.1069,83.3663
6084,-8.5026,-96.4069,83.3663
6085,-8.5026,-96.7069,83.3663
6086,-8.5026,-97.0069,83.3663
6087,-8.5026,-97.3069,83.3663
6088,-8.5026,-97.6069,83.3663
6089,-8.5026,-97.9069,83.3663
6090,-8.2026,-98.2069,83.3663
6091,-8.2026,-98.5069,83.3663
6092,-7.9026,-98.8069,83.3663
6093,-8.2026,-99.1069,83.0663
6094,-8.2026,-99.1069,82.7663
6095,-8.2026,-99.1069,82.4663
6096,-8.2026,-99.1069,82.1663
6097,-8.5026,-99.1069,81.8663
6098,-8.5026,-99.1069,81.5663
6099,-8.5026,-99.1069,81.2663
6100,-8.5026,-99.1069,80.9663
6101,-8.5026,-99.1069,80.6663
6102,-8.5026,-98.8069,80.6663
6103,-8.8026,-98.5069,80.9663
6104,-8.8026,-98.2069,81.2663
6105,-9.1026,-97.9069,81.5663
6106,-9.1026,-97.6069,81.8663
6107,-9.1026,-97.3069,82.1663
6108,-9.1026,-97.0069,82.1663
6109,-9.1026,-96.7069,82.1663
6110,-9.1026,-96.4069,82.1663
6111,-9.1026,-96.1069,82.1663
6112,-9.1026,-95.8069,82.1663
6113,-9.1026,-95.5069,82.1663
6114,-9.1026,-95.2069,82.1663
6115,-9.1026,-94.9069,82.1663
6116,-9.1026,-94.6069,82.1663
6117,-9.1026,-94.3069,82.1663
6118,-8.8026,-94.0069,81.8663
6119,-8.8026,-93.7069,81.8663
6120,-8.5026,-93.4069,81.5663
6121,-8.5026,-93.1069,81.5663
6122,-8.5026,-92.8069,81.5663
6123,-8.2026,-92.5069,81.2663
6124,-8.2026,-92.2069,80.9663
6125,-8.2026,-91.9069,80.9663
6126,-7.9026,-91.6069,80.6663
6127,-7.9026,-91.3069,80.6663
6128,-7.9026,-91.0069,80.6663
6129,-7.6026,-90.7069,80.3663
6130,-7.6026,-90.4069,80.6663
6131,-7.6026,-90.4069,80.9663
6132,-7.9026,-90.1069,81.2663
6133,-7.9026,-89.8069,81.5663
6134,-8.2026,-89.5069,81.8663
6135,-8.2026,-89.2069,81.8663
6136,-8.2026,-88.9069,82.1663
6137,-8.2026,-88.6069,82.1663
6138,-8.2026,-88.3069,82.4663
6139,-8.2026,-88.0069,82.4663
6140,-8.2026,-87.7069,82.4663
6141,-8.2026,-87.4069,82.4663
6142,-8.2026,-87.1069,82.4663
6143,-8.2026,-86.8069,82.4663
6144,-8.2026,-86.5069,82.4663
6145,-7.9026,-86.2069,82.4663
6146,-7.9026,-85.9069,82.4663
6147,-7.9026,-85.6069,82.4663
6148,-7.6026,-85.3069,82.1663
6149,-7.6026,-85.0069,82.1663
6150,-7.3026,-84.7069,81.8663
6151,-7.3026,-84.4069,81.8663
6152,-7.0026,-84.1069,81.5663
6153,-6.7026,-83.8069,81.2663
6154,-6.4026,-83.5069,80.9663
6155,-6.1026,-83.2069,80.6663
6156,-6.1026,-82.9069,80.6663
6157,-5.8026,-82.6069,80.3663
6158,-5.8270,-81.8249,80.5000
6159,-5.5026,-81.4069,80.3663
6160,-5.5026,-81.1069,80.3663
6161,-5.5026,-80.8069,80.3663
6162,-5.5026,-80.5069,80.3663
6163,-5.2026,-80.2069,80.3663
6164,-5.2026,-79.9069,80.3663
6165,-5.2026,-79.6069,80.3663
6166,-4.9026,-79.3069,80.3663
6167,-4.9026,-79.0069,80.3663
6168,-4.6026,-78.7069,80.3663
6169,-4.3026,-78.4069,80.3663
6170,-4.3026,-78.1069,80.3663
6171,-4.0026,-77.8069,80.3663
6172,-3.7026,-77.5069,80.3663
6173,-3.4026,-77.2069,80.6663
6174,-3.1026,-77.2069,80.6663
6175,-2.8026,-77.2069,80.6663
6176,-2.5026,-76.9069,80.3663
6177,-2.2026,-76.9069,80.3663
6178,-1.9026,-76.6069,80.0663
6179,-1.6026,-76.6069,79.7663
6180,-1.3026,-76.6069,79.4663
6181,-1.0026,-76.6069,79.4663
6182,-0.7026,-76.6069,79.4663
6183,-0.4026,-76.6069,79.4663
6184,-0.1026,-76.6069,79.4663
6185,0.1974,-76.6069,79.4663
6186,0.4974,-76.6069,79.1663
6187,0.7974,-76.6069,79.1663
6188,1.0974,-76.6069,79.1663
6189,1.3974,-76.6069,79.1663
6190,1.6974,-76.6069,79.1663
6191,1.9974,-76.6069,79.1663
6192,2.2974,-76.6069,79.1663
6193,2.5974,-76.6069,79.1663
6194,2.8974,-76.6069,79.1663
6195,3.1974,-76.6069,79.1663
6196,3.4974,-76.6069,79.1663
6197,3.7974,-76.6069,79.1663
6198,4.0974,-76.6069,79.1663
6199,4.3974,-76.6069,79.1663
6200,4.6974,-76.6069,79.1663
6201,4.9974,-76.6069,79.1663
6202,5.2974,-76.6069,79.1663
6203,5.5974,-76.6069,79.1663
6204,5.8974,-76.6069,79.1663
6205,6.1974,-76.6069,79.1663
6206,6.4974,-76.6069,79.1663
6207,6.7974,-76.9069,79.1663
6208,7.0974,-76.9069,79.1663
6209,7.3974,-77.2069,79.1663
6210,7.6974,-77.2069,79.1663
6211,7.9974,-77.5069,79.1663
6212,8.2974,-77.5069,79.1663
6213,8.5974,-77.8069,79.4663
6214,8.8974,-77.8069,79.4663
6215,9.1974,-78.1069,79.7663
6216,9.4974,-78.1069,79.7663
6217,9.7974,-78.1069,79.7663
6218,10.0974,-78.4069,80.0663
6219,10.3974,-78.7069,80.0663
6220,10.6974,-78.7069,80.0663
6221,10.9974,-79.0069,80.3663
6222,11.2974,-79.0069,80.3663
6223,11.5974,-79.3069,80.6663
6224,11.8974,-79.3069,80.6663
6225,12.1974,-79.3069,80.6663
6226,12.4974,-79.3069,80.6663
6227,12.7974,-79.3069,80.6663
6228,13.0974,-79.0069,80.6663
6229,13.3974,-79.0069,80.6663
6230,13.6974,-79.0069,80.6663
6231,13.9974,-79.0069,80.6663
6232,14.2974,-79.0069,80.6663
6233,14.5974,-79.0069,80.6663
6234,14.8974,-79.0069,80.6663
6235,15.1974,-79.0069,80.6663
6236,15.4974,-79.0069,80.6663
6237,15.7974,-79.0069,80.6663
6238,16.0974,-79.0069,80.6663
6239,16.3974,-79.0069,80.6663
6240,16.6974,-79.0069,80.6663
6241,16.9974,-79.0069,80.6663
6242,17.2974,-79.0069,80.6663
6243,17.5974,-79.0069,80.6663
6244,17.8974,-79.0069,80.6663
6245,18.1974,-79.3069,80.6663
6246,18.4974,-79.3069,80.6663
6247,18.7974,-79.6069,80.6663
6248,19.0974,-79.6069,80.6663
6249,19.3974,-79.9069,80.6663
6250,19.6974,-80.2069,80.6663
6251,19.9974,-80.5069,80.6663
6252,20.2974,-80.8069,80.6663
6253,20.5974,-81.1069,80.3663
6254,20.5974,-81.4069,80.3663
6255,20.8974,-81.7069,80.3663
6256,21.1974,-81.7069,80.3663
6257,21.4974,-81.7069,80.3663
6258,21.7974,-81.7069,80.3663
6259,22.0974,-81.7069,80.3663
6260,22.3974,-81.7069,80.3663
6261,22.6974,-81.7069,80.3663
6262,22.9974,-81.7069,80.3663
6263,23.2974,-82.0069,80.3663
6264,23.5974,-82.0069,80.3663
6265,23.8974,-82.0069,80.3663
6266,24.1974,-82.3069,80.3663
6267,24.4974,-82.3069,80.3663
6268,24.7974,-82.3069,80.3663
6269,25.0974,-82.3069,80.3663
6270,25.3974,-82.3069,80.3663
6271,25.6974,-82.0069,80.6663
6272,25.9974,-81.7069,80.6663
6273,26.2974,-81.7069,80.6663
6274,26.5974,-81.7069,80.6663
6275,26.8974,-81.7069,80.6663
6276,27.1974,-81.7069,80.6663
6277,27.4974,-81.7069,80.6663
6278,27.7974,-81.7069,80.6663
6279,28.0974,-81.7069,80.6663
6280,28.3974,-81.7069,80.6663
6281,28.6974,-81.7069,80.6663
6282,28.9974,-81.7069,80.6663
6283,29.2974,-81.7069,80.6663
6284,29.5974,-81.7069,80.6663
6285,29.8974,-81.7069,80.6663
6286,30.1974,-81.7069,80.6663
6287,30.4974,-82.0069,80.6663
6288,30.7974,-82.0069,80.6663
6289,31.0974,-82.0069,80.6663
6290,31.3974,-82.3069,80.6663
6291,31.6974,-82.3069,80.6663
6292,31.9974,-82.6069,80.6663
6293,32.2974,-82.9069,80.6663
6294,32.5974,-82.9069,80.6663
6295,32.8974,-83.2069,80.6663
6296,32.8974,-83.5069,80.6663
6297,33.1974,-83.8069,80.6663
6298,33.4974,-84.1069,80.6663
6299,33.4974,-84.4069,80.6663
6300,33.7974,-84.7069,80.3663
6301,33.7974,-85.0069,80.3663
6302,33.7974,-85.3069,80.3663
6303,34.0974,-85.6069,80.3663
6304,34.0974,-85.9069,80.3663
6305,34.0974,-86.2069,80.3663
6306,34.0974,-86.5069,80.3663
6307,34.0974,-86.8069,80.3663
6308,34.0974,-87.1069,80.3663
6309,34.0974,-87.4069,80.3663
6310,33.7974,-87.7069,80.3663
6311,33.7974,-88.0069,80.3663
6312,33.7974,-88.3069,80.3663
6313,33.7974,-88.6069,80.3663
6314,33.7974,-88.9069,80.3663
6315,33.7974,-89.2069,80.3663
6316,33.7974,-89.5069,80.3663
6317,33.7974,-89.8069,80.3663
6318,33.4974,-90.1069,80.3663
6319,33.4974,-90.4069,80.3663
6320,33.4974,-90.7069,80.3663
6321,33.4974,-91.0069,80.3663
6322,33.4974,-91.3069,80.3663
6323,33.4974,-91.6069,80.3663
6324,33.4974,-91.9069,80.3663
6325,33.4974,-92.2069,80.3663
6326,33.4974,-92.5069,80.3663
6327,33.4974,-92.8069,80.3663
6328,33.4974,-93.1069,80.3663
6329,33.4974,-93.4069,80.3663
6330,33.4974,-93.7069,80.3663
6331,33.4974,-94.0069,80.3663
6332,33.4974,-94.3069,80.3663
6333,33.1974,-94.6069,80.3663
6334,32.8974,-94.9069,80.3663
6335,32.5974,-95.2069,80.3663
6336,32.5974,-95.5069,80.3663
6337,32.2974,-95.8069,80.3663
6338,32.2974,-96.1069,80.3663
6339,32.2974,-96.4069,80.3663
6340,32.2974,-96.7069,80.3663
6341,32.2974,-97.0069,80.3663
6342,32.2974,-97.3069,80.3663
6343,31.9974,-97.6069,80.3663
6344,31.9974,-97.9069,80.3663
6345,31.9974,-97.6069,80.3663
6346,32.2974,-97.3069,80.3663
6347,32.2974,-97.0069,80.3663
6348,32.2974,-96.7069,80.3663
6349,32.5974,-96.4069,80.3663
6350,32.8974,-96.1069,80.3663
6351,32.8974,-95.8069,80.3663
6352,32.8974,-95.5069,80.3663
6353,32.8974,-95.2069,80.3663
6354,32.8974,-94.9069,80.3663
6355,32.8974,-94.6069,80.3663
6356,32.8974,-94.3069,80.3663
6357,32.8974,-94.0069,80.3663
6358,32.8974,-93.7069,80.3663
6359,32.8974,-93.4069,80.3663
6360,32.8974,-93.1069,80.3663
6361,32.8974,-92.8069,80.3663
6362,32.8974,-92.5069,80.3663
6363,33.1974,-92.2069,80.3663
6364,33.1974,-91.9069,80.3663
6365,33.1974,-91.6069,80.3663
6366,33.1974,-91.3069,80.3663
6367,33.1974,-91.0069,80.3663
6368,33.4974,-90.7069,80.3663
6369,33.4974,-90.4069,80.3663
6370,33.4974,-90.1069,80.3663
6371,33.4974,-89.8069,80.3663
6372,33.4974,-89.5069,80.3663
6373,33.7974,-89.2069,80.3663
6374,33.7974,-88.9069,80.3663
6375,33.8000,-88.5000,77.5000
6376,33.7974,-88.9069,77.3663
6377,33.7974,-89.2069,77.3663
6378,33.7974,-89.5069,77.3663
6379,33.4974,-89.8069,77.3663
6380,33.4974,-90.1069,77.3663
6381,33.4974,-90.4069,77.3663
6382,33.1974,-90.7069,77.6663
6383,33.2000,-91.9000,77.5000
6384,32.2422,-97.2986,77.3000
6385,31.6575,-100.6221,77.7000
6386,-8.1790,-98.7790,77.5000
6387,-8.5026,-98.8069,77.6663
6388,-8.5026,-98.8069,77.9663
6389,-8.5026,-98.8069,78.2663
6390,-8.5026,-98.8069,78.5663
6391,-8.5026,-98.8069,78.8663
6392,-8.5026,-98.8069,79.1663
6393,-8.5026,-98.8069,79.4663
6394,-8.5026,-98.8069,79.7663
6395,-8.5026,-98.8069,80.0663
6396,-8.5026,-98.8069,80.3663
6397,-8.8026,-98.5069,80.6663
6398,-8.8026,-98.2069,80.9663
6399,-8.8026,-98.2069,81.2663
6400,-9.1026,-97.9069,81.5663
6401,-9.1026,-97.6069,81.8663
6402,-9.1026,-97.3069,81.8663
6403,-9.1026,-97.0069,82.1663
6404,-9.1026,-96.7069,82.1663
6405,-9.1026,-96.4069,82.1663
6406,-9.1026,-96.1069,82.1663
6407,-9.1026,-95.8069,82.1663
6408,-9.1026,-95.5069,82.1663
6409,-9.1026,-95.2069,82.1663
6410,-9.1026,-94.9069,82.1663
6411,-9.1026,-94.6069,82.1663
6412,-8.8026,-94.3069,81.8663
6413,-8.8026,-94.0069,81.8663
6414,-8.5026,-93.7069,81.5663
6415,-8.5026,-93.4069,81.2663
6416,-8.2026,-93.1069,80.9663
6417,-8.2026,-93.1069,80.6663
6418,-8.2026,-93.1069,80.3663
6419,-8.2026,-92.8069,80.0663
6420,-8.2026,-92.5069,79.7663
6421,-8.2026,-92.5069,79.4663
6422,-8.2026,-92.5069,79.1663
6423,-8.2026,-92.5069,78.8663
6424,-7.9026,-92.2069,78.5663
6425,-7.9026,-92.2069,78.2663
6426,-7.9026,-92.2069,77.9663
6427,-7.6026,-91.9069,77.6663
6428,-7.2595,-90.6171,77.5000
6429,-7.3026,-90.7069,77.6663
6430,-7.3026,-91.0069,77.9663
6431,-7.3026,-91.0069,78.2663
6432,-7.3026,-91.0069,78.5663
6433,-7.3026,-91.0069,78.8663
6434,-7.3026,-91.0069,79.1663
6435,-7.3026,-91.0069,79.4663
6436,-7.3026,-91.0069,79.7663
6437,-7.3026,-91.0069,80.0663
6438,-7.6026,-90.7069,80.3663
6439,-7.6026,-90.4069,80.6663
6440,-7.6026,-90.4069,80.9663
6441,-7.9026,-90.1069,81.2663
6442,-7.9026,-89.8069,81.5663
6443,-8.2026,-89.5069,81.8663
6444,-8.2026,-89.2069,81.8663
6445,-8.2026,-88.9069,82.1663
6446,-8.2026,-88.6069,82.1663
6447,-8.2026,-88.3069,82.4663
6448,-8.2026,-88.0069,82.4663
6449,-8.2026,-87.7069,82.4663
6450,-8.2026,-87.4069,82.4663
6451,-8.2026,-87.1069,82.4663
6452,-8.2026,-86.8069,82.4663
6453,-8.2026,-86.5069,82.4663
6454,-8.2026,-86.2069,82.4663
6455,-8.2026,-85.9069,82.4663
6456,-8.2026,-85.6069,82.4663
6457,-7.9026,-85.3069,82.4663
6458,-7.6026,-85.0069,82.1663
6459,-7.3026,-84.7069,81.8663
6460,-7.3026,-84.4069,81.8663
6461,-7.0026,-84.1069,81.5663
6462,-7.0026,-84.1069,81.2663
6463,-6.7026,-83.8069,80.9663
6464,-6.7026,-83.8069,80.6663
6465,-6.7026,-83.8069,80.3663
6466,-6.4026,-83.5069,80.0663
6467,-6.4026,-83.5069,79.7663
6468,-6.4026,-83.2069,79.4663
6469,-6.4026,-83.2069,79.1663
6470,-6.4026,-82.9069,78.8663
6471,-6.4026,-82.9069,78.5663
6472,-6.1026,-82.6069,78.2663
6473,-6.1026,-82.6069,77.9663
6474,-6.1026,-82.6069,77.6663
6475,-5.8026,-82.3069,77.3663
6476,-5.8026,-82.0069,77.3663
6477,-5.8026,-81.7069,77.3663
6478,-5.8026,-81.4069,77.3663
6479,-5.8026,-81.1069,77.3663
6480,-5.5026,-80.8069,77.6663
6481,-5.5026,-80.5069,77.6663
6482,-5.5026,-80.2069,77.6663
6483,-5.5026,-79.9069,77.6663
6484,-5.5026,-79.6069,77.6663
6485,-5.2026,-79.3069,77.6663
6486,-4.2376,-77.9624,77.5000
6487,-4.0026,-77.8069,77.3663
6488,-3.7026,-77.8069,77.3663
6489,-3.4026,-77.5069,77.3663
6490,-3.1026,-77.2069,77.3663
6491,-2.8026,-76.9069,77.3663
6492,-2.5026,-76.9069,77.3663
6493,-2.2026,-76.6069,77.6663
6494,-1.9026,-76.6069,77.6663
6495,-1.6026,-76.6069,77.6663
6496,-1.3026,-76.6069,77.6663
6497,-1.0026,-76.6069,77.6663
6498,-0.7026,-76.3069,77.6663
6499,-0.4026,-76.3069,77.6663
6500,-0.1026,-76.3069,77.6663
6501,0.1974,-76.6069,77.6663
6502,0.4974,-76.6069,77.6663
6503,0.7974,-76.6069,77.6663
6504,1.0974,-76.6069,77.6663
6505,1.3974,-76.6069,77.6663
6506,1.6974,-76.9069,77.6663
6507,1.9974,-76.9069,77.6663
6508,2.2974,-77.2069,77.6663
6509,2.5974,-77.5069,77.6663
6510,2.8974,-77.8069,77.6663
6511,3.1974,-77.8069,77.6663
6512,3.4974,-77.8069,77.6663
6513,3.7974,-78.1069,77.6663
6514,4.0974,-78.4069,77.6663
6515,4.3974,-78.4069,77.6663
6516,4.6974,-78.7069,77.6663
6517,4.9974,-78.7069,77.6663
6518,5.2974,-78.7069,77.6663
6519,5.5974,-78.7069,77.6663
6520,5.8974,-78.7069,77.6663
6521,6.1974,-78.7069,77.6663
6522,6.4974,-78.7069,77.6663
6523,6.7974,-78.7069,77.6663
6524,7.0974,-79.0069,77.3663
6525,7.3974,-79.0069,77.3663
6526,7.6974,-79.0069,77.3663
6527,7.9974,-79.0069,77.3663
6528,8.2974,-79.0069,77.3663
6529,8.5974,-79.0069,77.3663
6530,8.8974,-79.3069,77.3663
6531,9.1974,-79.3069,77.3663
6532,9.4974,-79.6069,77.3663
6533,9.7974,-79.6069,77.3663
6534,11.9000,-79.6000,77.5000
6535,12.1974,-79.3069,77.3663
6536,12.4974,-79.3069,77.3663
6537,12.7974,-79.3069,77.3663
6538,13.0974,-79.3069,77.3663
6539,13.3974,-79.0069,77.3663
6540,13.6974,-79.0069,77.3663
6541,13.9974,-79.0069,77.3663
6542,14.2974,-79.0069,77.3663
6543,14.5974,-79.0069,77.3663
6544,14.8974,-79.0069,77.3663
6545,15.1974,-79.0069,77.3663
6546,15.4974,-79.0069,77.3663
6547,15.7974,-79.0069,77.3663
6548,16.0974,-79.3069,77.6663
6549,16.3974,-79.3069,77.6663
6550,17.4033,-79.3967,77.5000
6551,17.5974,-79.6069,77.3663
6552,17.8974,-79.6069,77.3663
6553,18.1974,-79.9069,77.3663
6554,20.3000,-81.4000,77.5000
6555,20.5974,-81.4069,77.3663
6556,20.8974,-81.4069,77.3663
6557,21.1974,-81.4069,77.3663
6558,21.4974,-81.4069,77.3663
6559,21.7974,-81.4069,77.3663
6560,22.0974,-81.4069,77.3663
6561,22.3974,-81.7069,77.3663
6562,22.6974,-81.7069,77.3663
6563,22.9974,-81.7069,77.3663
6564,23.2974,-82.0069,77.3663
6565,24.5751,-81.9730,77.3000
6566,26.3216,-82.0130,77.5000
6567,22.2171,-81.7405,77.3000
6568,21.7974,-81.7069,77.3663
6569,21.4974,-81.7069,77.3663
6570,21.1974,-81.7069,77.3663
6571,20.8974,-81.4069,77.3663
6572,20.5974,-81.1069,77.3663
6573,20.2974,-80.8069,77.3663
6574,19.9974,-80.8069,77.3663
6575,19.6974,-80.8069,77.3663
6576,19.3974,-80.8069,77.3663
6577,19.0974,-80.8069,77.3663
6578,18.7974,-80.5069,77.3663
6579,18.4974,-80.2069,77.3663
6580,18.1974,-79.9069,77.6663
6581,17.8974,-79.6069,77.6663
6582,17.5974,-79.6069,77.6663
6583,17.2974,-79.3069,77.6663
6584,16.9974,-79.3069,77.6663
6585,16.6974,-79.3069,77.6663
6586,16.3974,-79.3069,77.6663
6587,16.0974,-79.3069,77.6663
6588,15.7974,-79.0069,77.6663
6589,15.4974,-79.0069,77.6663
6590,15.1974,-79.0069,77.6663
6591,14.8974,-79.0069,77.6663
6592,14.5974,-79.0069,77.6663
6593,14.2974,-79.0069,77.6663
6594,13.9974,-79.0069,77.6663
6595,13.6974,-79.0069,77.6663
6596,13.3974,-79.0069,77.6663
6597,13.0974,-79.0069,77.6663
6598,12.7974,-79.0069,77.6663
6599,12.4974,-79.0069,77.6663
6600,12.1974,-79.0069,77.6663
6601,11.8974,-79.0069,77.6663
6602,11.5974,-79.0069,77.6663
6603,11.2974,-79.0069,77.6663
6604,10.9974,-79.0069,77.6663
6605,10.6974,-79.0069,77.6663
6606,10.3974,-79.0069,77.6663
6607,10.0974,-79.0069,77.6663
6608,9.7974,-79.0069,77.6663
6609,9.4974,-79.0069,77.6663
6610,9.1974,-79.0069,77.6663
6611,8.8974,-79.0069,77.6663
6612,8.5974,-79.0069,77.6663
6613,8.2974,-79.0069,77.6663
6614,7.9974,-79.0069,77.6663
6615,7.6974,-79.0069,77.6663
6616,7.3974,-78.7069,77.6663
6617,7.0974,-78.7069,77.6663
6618,6.7974,-78.4069,77.6663
6619,6.4974,-78.4069,77.6663
6620,6.1974,-78.1069,77.6663
6621,5.8974,-78.1069,77.6663
6622,5.5974,-77.8069,77.6663
6623,5.2974,-77.8069,77.6663
6624,4.9974,-77.5069,77.9663
6625,4.6974,-77.5069,77.9663
6626,4.3974,-77.5069,77.9663
6627,4.0974,-77.2069,77.9663
6628,3.7974,-77.2069,77.9663
6629,3.4974,-76.9069,77.9663
6630,3.1974,-76.9069,77.9663
6631,2.8974,-76.6069,77.9663
6632,2.5974,-76.6069,77.9663
6633,2.2974,-76.3069,77.9663
6634,1.9974,-76.3069,77.9663
6635,1.6974,-76.3069,77.9663
6636,1.3974,-76.0069,78.2663
6637,1.0974,-76.0069,78.2663
6638,0.7974,-76.0069,78.2663
6639,0.4974,-76.0069,78.2663
6640,0.1974,-75.7069,78.2663
6641,-0.1026,-75.7069,78.2663
6642,-0.4026,-75.4069,78.2663
6643,-0.7026,-75.1069,78.2663
6644,-1.0026,-74.8069,78.2663
6645,-1.3026,-74.8069,78.2663
6646,-1.6026,-74.5069,78.5663
6647,-1.3026,-74.8069,78.5663
6648,-1.0026,-75.1069,78.5663
6649,-0.7026,-75.4069,78.5663
6650,-0.4026,-75.7069,78.5663
6651,-0.1026,-76.0069,78.5663
6652,0.1974,-76.0069,78.5663
6653,0.4974,-76.3069,78.2663
6654,0.7974,-76.3069,78.2663
6655,1.0974,-76.3069,78.2663
6656,1.3974,-76.3069,78.2663
6657,1.6974,-76.3069,78.2663
6658,1.9974,-76.3069,78.2663
6659,2.2974,-76.3069,78.2663
6660,2.5974,-76.3069,78.2663
6661,2.8974,-76.3069,78.2663
6662,3.1974,-76.3069,78.2663
6663,3.4974,-76.3069,78.2663
6664,3.7974,-76.3069,78.2663
6665,4.0974,-76.3069,78.2663
6666,4.3974,-76.3069,78.2663
6667,4.6974,-76.6069,78.2663
6668,4.9974,-76.6069,78.2663
6669,5.2974,-76.6069,78.2663
6670,10.5000,-77.5000,78.3000
6671,10.6974,-77.5069,78.2663
6672,10.9974,-77.5069,78.2663
6673,11.2974,-77.8069,78.5663
6674,11.5974,-77.8069,78.5663
6675,11.8974,-77.8069,78.5663
6676,12.1974,-77.8069,78.5663
6677,12.4974,-77.8069,78.5663
6678,12.7974,-77.8069,78.5663
6679,13.0974,-77.8069,78.5663
6680,13.3974,-77.8069,78.5663
6681,13.6974,-77.8069,78.5663
6682,13.9974,-77.8069,78.5663
6683,14.2974,-77.8069,78.5663
6684,14.5974,-77.8069,78.5663
6685,14.8974,-77.8069,78.5663
6686,15.1974,-77.8069,78.5663
6687,15.4974,-77.8069,78.5663
6688,15.7974,-77.8069,78.5663
6689,16.0974,-77.8069,78.5663
6690,16.3974,-77.8069,78.5663
6691,16.6974,-77.5069,78.5663
6692,16.9974,-77.8069,78.5663
6693,17.2974,-77.8069,78.5663
6694,17.5974,-77.8069,78.5663
6695,17.8974,-77.8069,78.5663
6696,18.1974,-77.5069,78.5663
6697,18.4974,-77.8069,78.5663
6698,18.7974,-77.8069,78.5663
6699,19.0974,-78.1069,78.5663
6700,19.3974,-78.4069,78.5663
6701,19.6974,-78.4069,78.5663
6702,19.9974,-78.7069,78.5663
6703,20.2974,-78.7069,78.5663
6704,20.5974,-79.0069,78.5663
6705,20.8974,-79.3069,78.5663
6706,21.1974,-79.3069,78.5663
6707,21.4974,-79.3069,78.5663
6708,21.7974,-79.6069,78.2663
6709,22.0974,-79.6069,78.2663
6710,28.3000,-80.5000,78.3000
6711,26.4978,-80.1824,81.3000
6712,26.2974,-80.2069,81.2663
6713,25.9974,-80.2069,81.2663
6714,25.6974,-80.2069,81.2663
6715,25.3974,-80.2069,81.2663
6716,25.0974,-80.2069,81.2663
6717,24.7974,-80.2069,81.2663
6718,24.4974,-80.2069,81.2663
6719,24.1974,-80.2069,81.2663
6720,23.8974,-80.2069,81.2663
6721,23.5974,-80.2069,81.2663
6722,23.2974,-80.2069,81.2663
6723,22.9974,-80.2069,81.2663
6724,22.6974,-79.9069,81.5663
6725,22.3974,-79.9069,81.5663
6726,22.0974,-79.6069,81.5663
6727,21.7974,-79.6069,81.5663
6728,21.4974,-79.6069,81.5663
6729,21.1974,-79.3069,81.5663
6730,20.8974,-79.3069,81.5663
6731,20.5974,-79.0069,81.5663
6732,20.2974,-79.0069,81.5663
6733,19.9974,-78.7069,81.5663
6734,19.6974,-78.7069,81.5663
6735,19.3974,-78.4069,81.5663
6736,19.0974,-78.1069,81.5663
6737,18.7974,-77.8069,81.5663
6738,18.4974,-77.5069,81.5663
6739,18.1974,-77.2069,81.5663
6740,17.8974,-76.9069,81.5663
6741,17.5974,-76.6069,81.5663
6742,17.2974,-76.3069,81.5663
6743,16.9974,-76.0069,81.5663
6744,16.6974,-75.7069,81.5663
6745,16.3974,-75.4069,81.2663
6746,16.0974,-75.1069,81.2663
6747,16.0974,-75.4069,81.2663
6748,15.7974,-75.7069,81.2663
6749,15.4974,-76.0069,81.2663
6750,15.1974,-76.3069,81.2663
6751,14.8974,-76.6069,81.2663
6752,14.5974,-76.9069,81.2663
6753,14.2974,-77.2069,81.2663
6754,13.9974,-77.2069,81.2663
6755,13.6974,-77.5069,81.2663
6756,13.3974,-77.5069,81.2663
6757,13.0974,-77.8069,81.2663
6758,12.7974,-77.8069,81.2663
6759,12.4974,-77.8069,81.2663
6760,12.1974,-77.8069,81.2663
6761,11.8974,-77.8069,81.2663
6762,11.5974,-77.8069,81.2663
6763,11.2974,-77.8069,81.2663
6764,10.9974,-77.8069,81.2663
6765,10.6974,-77.5069,81.2663
6766,10.3974,-77.5069,81.2663
6767,10.0974,-77.2069,81.5663
6768,8.3059,-77.0941,81.3000
6769,7.9974,-77.2069,81.2663
6770,7.6974,-77.2069,81.2663
6771,7.3974,-77.2069,81.2663
6772,7.0974,-76.9069,81.2663
6773,6.7974,-76.9069,81.2663
6774,6.4974,-76.9069,81.2663
6775,6.1974,-76.6069,81.2663
6776,4.7059,-76.4941,81.3000
6777,4.9974,-76.6069,81.5663
6778,5.2974,-76.6069,81.5663
6779,5.5974,-76.6069,81.8663
6780,5.8974,-76.6069,82.1663
6781,6.1974,-76.6069,82.1663
6782,6.4974,-76.6069,82.4663
6783,6.7974,-76.6069,82.4663
6784,7.0974,-76.6069,82.7663
6785,7.3974,-76.6069,83.0663
6786,7.6974,-76.6069,83.3663
6787,7.9974,-76.6069,83.3663
6788,8.2974,-76.6069,83.3663
6789,8.5974,-76.6069,83.3663
6790,8.8974,-76.6069,83.3663
6791,9.1974,-76.6069,83.3663
6792,9.4974,-76.6069,83.3663
6793,9.7974,-76.6069,83.3663
6794,10.0974,-76.6069,83.3663
6795,10.3974,-76.9069,83.3663
6796,10.6974,-76.9069,83.3663
6797,10.9974,-77.2069,83.3663
6798,11.2974,-77.2069,83.3663
6799,11.5974,-77.2069,83.3663
6800,11.8974,-77.2069,83.3663
6801,12.1974,-77.2069,83.3663
6802,12.4974,-77.2069,83.3663
6803,12.7974,-77.2069,83.3663
6804,13.0974,-76.9069,83.3663
6805,13.3974,-76.9069,83.3663
6806,13.6974,-76.9069,83.3663
6807,13.9974,-76.6069,83.3663
6808,14.2974,-76.6069,83.3663
6809,14.5974,-76.3069,83.3663
6810,14.8974,-76.0069,83.3663
6811,15.1974,-75.7069,83.3663
6812,15.4974,-75.4069,83.3663
6813,15.4974,-75.1069,83.3663
6814,15.7974,-74.8069,83.3663
6815,15.7974,-74.5069,83.3663
6816,16.0974,-74.2069,83.3663
6817,16.0974,-73.9069,83.3663
6818,16.0974,-73.6069,83.3663
6819,16.3974,-73.3069,83.3663
6820,18.2197,-74.7073,83.5000
6821,18.1974,-75.1069,83.3663
6822,18.4974,-75.4069,83.3663
6823,18.4974,-75.7069,83.3663
6824,18.7974,-76.0069,83.3663
6825,18.7974,-76.3069,83.3663
6826,18.7974,-76.6069,83.3663
6827,19.0974,-76.9069,83.3663
6828,19.0974,-77.2069,83.3663
6829,19.0974,-77.5069,83.3663
6830,19.3974,-77.8069,83.3663
6831,19.6974,-78.1069,83.3663
6832,19.9974,-78.4069,83.3663
6833,20.2974,-78.4069,83.3663
6834,20.5974,-78.7069,83.3663
6835,20.8974,-78.7069,83.3663
6836,21.1974,-78.7069,83.3663
6837,21.4974,-78.7069,83.3663
6838,21.7974,-79.0069,83.3663
6839,22.0974,-79.0069,83.3663
6840,22.3974,-79.0069,83.3663
6841,22.6974,-79.0069,83.3663
6842,22.9974,-79.0069,83.3663
6843,23.2974,-79.0069,83.3663
6844,23.5974,-78.7069,83.3663
6845,23.8974,-79.0069,83.3663
6846,24.1974,-79.3069,83.3663
6847,24.4974,-79.3069,83.3663
6848,24.7974,-79.3069,83.3663
6849,25.0974,-79.6069,83.3663
6850,25.3974,-79.6069,83.3663
6851,25.6974,-79.6069,83.3663
6852,25.9974,-79.6069,83.3663
6853,26.2974,-79.9069,83.3663
6854,26.5974,-80.2069,83.3663
6855,26.8974,-80.2069,83.3663
6856,27.1974,-80.2069,83.3663
6857,27.4974,-80.2069,83.3663
6858,27.7974,-80.2069,83.3663
6859,28.0974,-80.2069,83.3663
6860,28.3974,-80.5069,83.3663
6861,28.6974,-80.5069,83.3663
6862,28.9974,-80.5069,83.3663
6863,29.2974,-80.5069,83.3663
6864,29.5974,-80.5069,83.3663
6865,29.8974,-80.5069,83.3663
6866,30.1974,-80.5069,83.6663
6867,30.4974,-80.5069,83.9663
6868,30.7974,-80.8069,84.2663
6869,31.0974,-80.8069,84.2663
6870,31.3974,-80.8069,84.5663
6871,31.6974,-80.5069,84.8663
6872,31.9974,-80.2069,85.1663
6873,32.2974,-79.9069,85.4663
6874,32.2974,-79.6069,85.4663
6875,32.5974,-79.3069,85.7663
6876,32.5974,-79.0069,85.7663
6877,32.8974,-78.7069,85.7663
6878,32.8974,-78.4069,85.7663
6879,32.8974,-78.1069,85.7663
6880,33.1974,-77.8069,85.7663
6881,33.1974,-77.5069,85.7663
6882,33.4974,-77.2069,85.7663
6883,33.4974,-76.9069,85.7663
6884,33.7974,-76.6069,85.7663
6885,33.7974,-76.3069,85.7663
6886,34.0974,-76.0069,85.4663
6887,34.0974,-75.7069,85.4663
6888,34.0974,-75.4069,85.4663
6889,34.0974,-75.1069,85.4663
6890,34.0974,-74.8069,85.1663
6891,34.0974,-74.5069,85.1663
6892,34.0974,-74.2069,85.1663
6893,34.0974,-73.9069,85.1663
6894,34.0974,-73.6069,85.1663
6895,34.0974,-73.3069,84.8663
6896,34.0974,-73.0069,84.5663
6897,34.0974,-72.7069,84.5663
6898,34.0974,-72.4069,84.5663
6899,33.7974,-72.1069,84.2663
6900,33.7974,-71.8069,84.2663
6901,33.4974,-71.5069,83.9663
6902,33.1974,-71.2069,83.6663
6903,32.8974,-70.9069,83.3663
6904,32.5974,-70.6069,83.3663
6905,32.2974,-70.6069,83.3663
6906,31.9974,-70.3069,83.3663
6907,31.6974,-70.3069,83.3663
6908,31.3974,-70.0069,83.3663
6909,31.0974,-70.0069,83.3663
6910,30.7974,-70.0069,83.3663
6911,30.4974,-70.0069,83.3663
6912,30.1974,-70.0069,83.3663
6913,29.8974,-69.7069,83.3663
6914,29.5974,-69.7069,83.3663
6915,29.2974,-69.7069,83.3663
6916,28.9974,-69.7069,83.3663
6917,28.6974,-69.7069,83.3663
6918,28.3974,-69.7069,83.3663
6919,28.0974,-69.7069,83.3663
6920,27.7974,-69.7069,83.3663
6921,27.4974,-69.7069,83.3663
6922,27.1974,-69.4069,83.3663
6923,26.8974,-69.4069,83.3663
6924,26.5974,-69.4069,83.3663
6925,26.2974,-69.4069,83.3663
6926,25.9974,-69.4069,83.3663
6927,25.6974,-69.4069,83.3663
6928,25.3974,-69.4069,83.3663
6929,25.0974,-69.1069,83.3663
6930,24.7974,-69.1069,83.3663
6931,24.4974,-68.8069,83.3663
6932,24.1974,-68.8069,83.3663
6933,23.8974,-68.5069,83.3663
6934,23.5974,-68.5069,83.3663
6935,23.2974,-68.5069,83.3663
6936,22.9974,-68.5069,83.3663
6937,22.6974,-68.5069,83.3663
6938,22.3974,-68.5069,83.3663
6939,22.0974,-68.5069,83.3663
6940,21.7974,-68.5069,83.3663
6941,21.4974,-68.8069,83.6663
6942,21.1974,-68.8069,83.6663
6943,20.8974,-68.8069,83.6663
6944,20.5974,-68.8069,83.6663
6945,20.2974,-68.8069,83.6663
6946,19.9974,-68.8069,83.6663
6947,19.6974,-68.8069,83.6663
6948,19.3974,-68.8069,83.6663
6949,19.0974,-68.8069,83.6663
6950,18.7974,-68.8069,83.6663
6951,18.4974,-68.8069,83.6663
6952,18.1974,-68.8069,83.6663
6953,17.8974,-69.1069,83.6663
6954,17.5974,-69.1069,83.6663
6955,17.2974,-69.4069,83.6663
6956,16.9974,-69.4069,83.6663
6957,16.6974,-69.7069,83.6663
6958,16.3974,-69.7069,83.6663
6959,16.0974,-69.4069,83.6663
6960,16.0974,-69.1069,83.6663
6961,15.7974,-68.8069,83.6663
6962,15.4974,-68.5069,83.6663
6963,15.1974,-68.2069,83.6663
6964,15.1974,-67.9069,83.6663
6965,14.8974,-67.9069,83.6663
6966,14.5974,-67.6069,83.3663
6967,14.2974,-67.6069,83.3663
6968,13.9974,-67.3069,83.3663
6969,13.6974,-67.3069,83.3663
6970,13.3974,-67.0069,83.3663
6971,13.0974,-67.0069,83.3663
6972,12.7974,-67.0069,83.3663
6973,12.4974,-66.7069,83.3663
6974,12.1974,-66.7069,83.3663
6975,11.8974,-66.7069,83.3663
6976,11.5974,-66.7069,83.3663
6977,11.2974,-66.7069,83.3663
6978,10.9974,-66.7069,83.3663
6979,10.6974,-66.7069,83.3663
6980,10.3974,-66.7069,83.3663
6981,10.0974,-66.4069,83.3663
6982,9.7974,-66.4069,83.3663
6983,9.4974,-66.4069,83.3663
6984,9.1974,-66.4069,83.3663
6985,8.8974,-66.4069,83.3663
6986,8.5974,-66.4069,83.3663
6987,8.2974,-66.4069,83.3663
6988,7.9974,-66.1069,83.3663
6989,7.6974,-66.1069,83.3663
6990,7.3974,-66.1069,83.3663
6991,7.0974,-65.8069,83.3663
6992,6.7974,-65.8069,83.3663
6993,6.4974,-65.8069,83.3663
6994,6.1974,-65.8069,83.3663
6995,5.8974,-65.8069,83.3663
6996,5.5974,-65.8069,83.3663
6997,5.2974,-65.8069,83.3663
6998,4.9974,-65.8069,83.3663
6999,4.6974,-65.8069,83.3663
7000,4.3974,-65.8069,83.3663
7001,4.0974,-65.8069,83.3663
7002,3.7974,-65.8069,83.3663
7003,3.4974,-65.8069,83.3663
7004,3.1974,-66.1069,83.3663
7005,2.8974,-66.1069,83.3663
7006,2.5974,-66.4069,83.3663
7007,2.2974,-66.4069,83.3663
7008,1.9974,-66.7069,83.3663
7009,1.6974,-66.7069,83.3663
7010,1.9974,-66.7069,83.3663
7011,2.2974,-66.4069,83.3663
7012,2.5974,-66.4069,83.3663
7013,2.8974,-66.1069,83.3663
7014,3.1974,-66.1069,83.3663
7015,3.4974,-65.8069,83.3663
7016,3.7974,-65.8069,83.3663
7017,4.0974,-65.8069,83.3663
7018,4.3974,-65.8069,83.3663
7019,4.6974,-65.8069,83.3663
7020,4.9974,-65.8069,83.3663
7021,5.2974,-65.8069,83.3663
7022,5.5974,-65.8069,83.3663
7023,5.8974,-65.8069,83.3663
7024,6.1974,-65.8069,83.3663
7025,6.4974,-65.8069,83.3663
7026,6.7974,-65.8069,83.3663
7027,7.0974,-65.8069,83.3663
7028,7.3974,-65.8069,83.3663
7029,7.6974,-65.8069,83.3663
7030,7.9974,-65.8069,83.3663
7031,8.2974,-65.8069,83.3663
7032,8.5974,-65.8069,83.3663
7033,8.8974,-65.8069,83.3663
7034,9.1974,-65.8069,83.3663
7035,9.4974,-65.8069,83.3663
7036,9.7974,-65.8069,83.3663
7037,10.0974,-65.8069,83.3663
7038,10.3974,-65.8069,83.3663
7039,10.6974,-65.8069,83.3663
7040,10.9974,-65.8069,83.3663
7041,11.2974,-65.8069,83.3663
7042,11.5974,-65.8069,83.3663
7043,11.8974,-65.8069,83.3663
7044,12.1974,-65.8069,83.3663
7045,12.4974,-65.8069,83.3663
7046,12.7974,-65.8069,83.3663
7047,13.0974,-65.8069,83.3663
7048,13.3974,-65.8069,83.3663
7049,13.6974,-65.8069,83.3663
7050,13.9974,-65.8069,83.3663
7051,14.2974,-65.8069,83.3663
7052,14.5974,-65.8069,83.3663
7053,14.8974,-65.8069,83.3663
7054,15.1974,-66.1069,83.3663
7055,15.4974,-66.1069,83.3663
7056,15.7974,-66.1069,83.3663
7057,16.0974,-66.4069,83.3663
7058,16.3974,-66.4069,83.3663
7059,16.6974,-66.7069,83.3663
7060,16.9974,-66.7069,83.3663
7061,17.2974,-67.0069,83.3663
7062,17.5974,-67.0069,83.3663
7063,17.8974,-67.0069,83.3663
7064,18.1974,-67.3069,83.3663
7065,18.4974,-67.3069,83.3663
7066,18.7974,-67.6069,83.3663
7067,19.0974,-67.6069,83.3663
7068,19.3974,-67.9069,83.3663
7069,19.6974,-67.9069,83.3663
7070,19.9974,-68.2069,83.3663
7071,20.2974,-68.2069,83.3663
7072,20.5974,-68.2069,83.3663
7073,20.8974,-68.5069,83.3663
7074,21.1974,-68.5069,83.3663
7075,21.4974,-68.5069,83.3663
7076,21.7974,-68.5069,83.3663
7077,22.0974,-68.5069,83.3663
7078,22.3974,-68.5069,83.3663
7079,22.6974,-68.5069,83.3663
7080,22.9974,-68.5069,83.3663
7081,23.2974,-68.5069,83.3663
7082,23.5974,-68.8069,83.3663
7083,23.8974,-68.8069,83.3663
7084,24.1974,-68.8069,83.3663
7085,24.4974,-68.8069,83.3663
7086,24.7974,-69.1069,83.3663
7087,25.0974,-69.1069,83.3663
7088,25.3974,-69.1069,83.3663
7089,25.6974,-69.1069,83.3663
7090,25.9974,-69.1069,83.3663
7091,26.2974,-69.1069,83.3663
7092,26.5974,-69.1069,83.3663
7093,26.8974,-69.1069,83.3663
7094,27.1974,-69.1069,83.3663
7095,27.4974,-69.1069,83.3663
7096,27.7974,-69.4069,83.0663
7097,28.0974,-69.7069,83.0663
7098,28.3974,-69.7069,83.0663
7099,28.6974,-69.7069,83.0663
7100,28.9974,-69.7069,83.0663
7101,29.2974,-69.7069,83.0663
7102,29.5974,-69.7069,83.0663
7103,29.8974,-69.7069,83.0663
7104,30.1974,-69.7069,83.0663
7105,30.4974,-69.7069,83.0663
7106,30.7974,-70.0069,83.0663
7107,31.0974,-70.0069,83.0663
7108,31.3974,-70.0069,83.0663
7109,31.6974,-70.3069,83.0663
7110,31.9974,-70.3069,83.0663
7111,32.2974,-70.6069,83.0663
7112,32.5974,-70.6069,83.0663
7113,32.8974,-70.9069,83.0663
7114,33.1974,-71.2069,83.0663
7115,33.4974,-71.5069,82.7663
7116,33.7974,-71.8069,82.4663
7117,34.0974,-72.1069,82.4663
7118,34.3974,-72.4069,82.1663
7119,34.6974,-72.7069,82.1663
7120,34.9974,-73.0069,81.8663
7121,35.2974,-73.0069,81.8663
7122,35.5974,-73.3069,81.8663
7123,35.8974,-73.3069,81.8663
7124,36.1974,-73.6069,81.5663
7125,36.4974,-73.9069,81.2663
7126,36.7974,-74.2069,80.9663
7127,37.0974,-74.5069,80.6663
7128,37.0974,-74.8069,80.6663
7129,37.3974,-75.1069,80.3663
7130,37.3974,-75.4069,80.0663
7131,37.3974,-75.4069,79.7663
7132,37.3974,-75.7069,79.4663
7133,37.3974,-76.0069,79.1663
7134,37.3974,-76.0069,78.8663
7135,37.3974,-76.0069,78.5663
7136,37.0974,-76.3069,78.2663
7137,37.0974,-76.3069,77.9663
7138,37.0974,-76.3069,77.6663
7139,37.0974,-76.3069,77.3663
7140,44.1770,-79.5675,77.5000
7141,44.5974,-79.9069,77.3663
7142,44.8974,-79.9069,77.3663
7143,45.1974,-80.2069,77.3663
7144,45.4974,-80.5069,77.3663
7145,45.7974,-80.5069,77.3663
7146,46.0974,-80.8069,77.3663
7147,46.3974,-80.8069,77.3663
7148,46.3974,-81.1069,77.3663
7149,46.6974,-81.4069,77.3663
7150,46.9974,-81.7069,77.3663
7151,46.9974,-82.0069,77.3663
7152,47.2974,-82.3069,77.3663
7153,47.2974,-82.6069,77.3663
7154,47.2974,-82.9069,77.3663
7155,47.5974,-83.2069,77.6663
7156,47.8974,-83.5069,77.9663
7157,48.1974,-83.8069,78.2663
7158,48.4974,-84.1069,78.5663
7159,48.7974,-84.1069,78.5663
7160,49.0974,-84.4069,78.8663
7161,49.3974,-84.7069,79.1663
7162,49.6974,-85.0069,79.4663
7163,49.9974,-85.0069,79.7663
7164,50.2974,-85.0069,80.0663
7165,50.5974,-85.0069,80.3663
7166,50.8974,-85.0069,80.6663
7167,51.1974,-85.0069,80.9663
7168,51.4974,-85.0069,80.9663
7169,51.7974,-85.0069,80.9663
7170,52.0974,-85.0069,80.9663
7171,52.3974,-85.0069,80.9663
7172,52.6974,-85.0069,80.9663
7173,52.9974,-85.0069,80.9663
7174,53.2974,-85.0069,80.9663
7175,53.5974,-84.7069,81.2663
7176,53.8974,-84.4069,81.5663
7177,54.1974,-84.1069,81.8663
7178,54.4974,-83.8069,81.8663
7179,54.7974,-83.5069,81.8663
7180,55.0974,-83.2069,81.8663
7181,55.3974,-82.9069,82.1663
7182,55.6974,-82.6069,82.4663
7183,55.9974,-82.3069,82.4663
7184,56.2974,-82.0069,82.7663
7185,56.5974,-81.7069,82.7663
7186,56.8974,-81.7069,82.7663
7187,57.1974,-81.4069,82.7663
7188,57.4974,-81.1069,82.7663
7189,57.7974,-80.8069,82.7663
7190,58.0974,-80.5069,82.7663
7191,58.3974,-80.2069,82.4663
7192,58.6974,-79.9069,82.4663
7193,58.9974,-79.6069,82.4663
7194,59.2974,-79.3069,82.4663
7195,59.5974,-79.3069,82.4663
7196,59.8974,-79.3069,82.4663
7197,60.1974,-79.3069,82.4663
7198,60.4974,-79.3069,82.4663
7199,60.7974,-79.3069,82.4663
7200,61.0974,-79.3069,82.4663
7201,61.3974,-79.0069,82.1663
7202,61.6974,-78.7069,81.8663
7203,61.9974,-78.4069,81.5663
7204,62.2974,-78.1069,81.2663
7205,62.5974,-77.8069,80.9663
7206,62.8974,-77.5069,80.6663
7207,63.1974,-77.2069,80.6663
7208,63.4974,-76.9069,80.3663
7209,63.7974,-76.6069,80.0663
7210,64.0974,-76.3069,79.7663
7211,64.3974,-76.0069,79.4663
7212,64.6974,-75.7069,79.1663
7213,64.9974,-75.4069,78.8663
7214,64.9974,-75.1069,78.5663
7215,65.2974,-74.8069,78.2663
7216,65.2974,-74.5069,77.9663
7217,65.2974,-74.2069,77.6663
7218,64.2002,-65.0552,77.7000
7219,63.6640,-60.5100,77.7000
7220,63.4974,-60.1069,77.6663
7221,63.1974,-60.1069,77.6663
7222,62.8974,-59.8069,77.6663
7223,62.5974,-59.8069,77.6663
7224,62.2974,-59.8069,77.6663
7225,61.9974,-59.5069,77.6663
7226,61.6974,-59.5069,77.6663
7227,61.3974,-59.5069,77.6663
7228,61.0974,-59.5069,77.6663
7229,60.7974,-59.5069,77.6663
7230,60.4974,-59.5069,77.6663
7231,60.1974,-59.5069,77.6663
7232,59.8974,-59.5069,77.6663
7233,59.5974,-59.2069,77.6663
7234,59.2974,-59.2069,77.6663
7235,58.9974,-59.2069,77.6663
7236,58.6974,-59.2069,77.6663
7237,58.3974,-59.2069,77.6663
7238,58.0974,-59.2069,77.6663
7239,57.7974,-59.2069,77.6663
7240,57.4974,-59.2069,77.6663
7241,57.1974,-59.2069,77.6663
7242,56.8974,-59.2069,77.6663
7243,56.5974,-59.2069,77.6663
7244,56.2974,-59.2069,77.6663
7245,55.9974,-59.2069,77.6663
7246,55.6974,-58.9069,77.6663
7247,55.3974,-58.9069,77.6663
7248,55.0974,-58.6069,77.6663
7249,54.7974,-58.6069,77.6663
7250,54.4974,-58.3069,77.6663
7251,54.1974,-58.3069,77.6663
7252,53.8974,-58.3069,77.6663
7253,53.5974,-58.3069,77.6663
7254,53.2974,-58.3069,77.6663
7255,52.9974,-58.3069,77.6663
7256,52.6974,-58.3069,77.6663
7257,52.3974,-58.3069,77.6663
7258,52.0974,-58.3069,77.6663
7259,51.7974,-58.3069,77.6663
7260,51.4974,-58.0069,77.6663
7261,51.1974,-58.0069,77.6663
7262,50.8974,-57.7069,77.9663
7263,50.5974,-57.7069,77.9663
7264,50.2974,-57.7069,77.9663
7265,49.9974,-57.7069,77.9663
7266,49.6974,-57.7069,77.9663
7267,49.3974,-57.7069,77.9663
7268,42.5000,-75.8000,77.5000
7269,42.1974,-75.7069,77.3663
7270,41.8974,-75.7069,77.3663
7271,41.5974,-75.7069,77.6663
7272,41.2974,-75.7069,77.9663
7273,40.9974,-75.7069,78.2663
7274,40.6974,-75.7069,78.5663
7275,40.3974,-75.7069,78.8663
7276,40.0974,-75.7069,79.1663
7277,39.7974,-75.4069,79.4663
7278,39.4974,-75.1069,79.7663
7279,39.1974,-74.8069,80.0663
7280,38.8974,-74.5069,80.3663
7281,38.5974,-74.2069,80.6663
7282,38.2974,-73.9069,80.9663
7283,37.9974,-73.6069,81.2663
7284,37.6974,-73.3069,81.5663
7285,37.3974,-73.0069,81.8663
7286,37.0974,-72.7069,82.1663
7287,36.7974,-72.4069,82.4663
7288,36.4974,-72.4069,82.4663
7289,36.1974,-72.1069,82.7663
7290,35.8974,-71.8069,83.0663
7291,35.5974,-71.5069,83.0663
7292,35.2974,-71.2069,83.0663
7293,34.9974,-70.9069,83.0663
7294,34.6974,-70.6069,83.0663
7295,34.3974,-70.6069,83.0663
7296,34.0974,-70.6069,83.0663
7297,33.7974,-70.6069,83.0663
7298,33.4974,-70.6069,83.0663
7299,33.1974,-70.6069,83.0663
7300,32.8974,-70.3069,83.0663
7301,32.5974,-70.0069,83.0663
7302,32.2974,-69.7069,83.0663
7303,31.9974,-69.4069,83.0663
7304,31.6974,-69.1069,83.0663
7305,31.3974,-68.8069,83.0663
7306,31.0974,-68.5069,83.0663
7307,30.7974,-68.2069,83.0663
7308,30.4974,-67.9069,83.0663
7309,30.1974,-67.6069,83.0663
7310,29.8974,-67.3069,83.0663
7311,29.5974,-67.0069,83.0663
7312,29.2974,-67.0069,83.0663
7313,28.9974,-67.0069,83.0663
7314,28.6974,-67.0069,83.0663
7315,28.3974,-67.0069,83.0663
7316,28.0974,-67.0069,83.0663
7317,27.7974,-67.0069,83.0663
7318,27.4974,-67.0069,83.0663
7319,27.1974,-66.7069,83.0663
7320,26.8974,-66.7069,83.0663
7321,26.5974,-66.7069,83.0663
7322,26.2974,-66.7069,83.0663
7323,25.9974,-66.7069,83.0663
7324,25.6974,-66.7069,83.0663
7325,25.3974,-66.7069,83.0663
7326,25.0974,-66.7069,83.0663
7327,24.7974,-66.7069,83.0663
7328,24.4974,-66.7069,83.0663
7329,24.1974,-66.4069,83.0663
7330,23.8974,-66.1069,83.0663
7331,23.5974,-65.8069,83.0663
7332,23.2974,-65.8069,83.0663
7333,22.9974,-65.8069,83.0663
7334,22.6974,-65.5069,82.7663
7335,22.3974,-65.2069,82.4663
7336,22.0974,-64.9069,82.1663
7337,21.7974,-64.9069,82.1663
7338,21.4974,-64.9069,82.1663
7339,21.1974,-64.6069,82.1663
7340,20.8974,-64.6069,82.1663
7341,20.5974,-64.3069,82.1663
7342,20.2974,-64.3069,82.1663
7343,19.9974,-64.3069,82.1663
7344,19.6974,-64.3069,82.1663
7345,19.3974,-64.3069,82.1663
7346,19.0974,-64.3069,82.1663
7347,18.7974,-64.0069,82.1663
7348,18.4974,-64.0069,82.1663
7349,18.1974,-63.7069,82.1663
7350,17.8974,-63.7069,82.1663
7351,17.5974,-63.4069,82.1663
7352,17.2974,-63.1069,82.1663
7353,16.9974,-62.8069,82.1663
7354,16.6974,-62.5069,82.1663
7355,16.3974,-62.2069,82.1663
7356,16.0974,-61.9069,82.1663
7357,16.0974,-61.6069,82.1663
7358,15.7974,-61.3069,81.8663
7359,15.7974,-61.0069,81.8663
7360,15.4974,-60.7069,81.5663
7361,15.4974,-60.4069,81.2663
7362,15.4974,-60.1069,80.9663
7363,15.4974,-60.1069,80.6663
7364,15.4974,-59.8069,80.3663
7365,15.4974,-59.8069,80.0663
7366,15.4974,-59.8069,79.7663
7367,15.4974,-59.8069,79.4663
7368,15.4974,-59.5069,79.1663
7369,15.4974,-59.5069,78.8663
7370,15.1974,-59.2069,78.5663
7371,15.1974,-59.2069,78.2663
7372,15.1974,-59.2069,77.9663
7373,15.1974,-59.2069,77.6663
7374,15.1974,-59.2069,77.3663
7375,14.8974,-58.9069,77.6663
7376,14.5974,-58.9069,77.6663
7377,14.2974,-58.9069,77.6663
7378,13.9974,-58.9069,77.6663
7379,13.6974,-58.9069,77.6663
7380,13.3974,-58.9069,77.9663
7381,13.0974,-58.9069,77.9663
7382,12.7974,-58.6069,78.2663
7383,12.4974,-58.6069,78.2663
7384,12.1974,-58.6069,78.2663
7385,11.8974,-58.6069,78.2663
7386,11.5974,-58.6069,78.5663
7387,11.2974,-58.6069,78.8663
7388,10.9974,-58.6069,79.1663
7389,10.6974,-58.6069,79.4663
7390,10.3974,-58.6069,79.7663
7391,10.0974,-58.6069,79.7663
7392,9.7974,-58.6069,80.0663
7393,9.4974,-58.6069,80.0663
7394,9.1974,-58.6069,80.0663
7395,8.8974,-58.6069,80.0663
7396,8.5974,-58.6069,80.0663
7397,8.2974,-58.6069,80.0663
7398,7.9974,-58.6069,80.0663
7399,7.6974,-58.6069,80.0663
7400,7.3974,-58.6069,80.0663
7401,7.0974,-58.6069,80.0663
7402,6.7974,-58.6069,80.0663
7403,6.4974,-58.3069,79.7663
7404,6.1974,-58.3069,79.7663
7405,5.8974,-58.0069,79.4663
7406,5.5974,-58.0069,79.4663
7407,5.2974,-57.7069,79.1663
7408,4.9974,-57.4069,78.8663
7409,4.6974,-57.1069,78.8663
7410,4.3974,-57.1069,78.8663
7411,4.0974,-56.8069,78.5663
7412,3.7974,-56.8069,78.5663
7413,3.4974,-56.5069,78.2663
7414,3.1974,-56.5069,78.2663
7415,2.8974,-56.5069,78.2663
7416,2.5974,-56.2069,77.9663
7417,2.2974,-55.9069,77.9663
7418,1.9974,-55.9069,77.9663
7419,1.6974,-55.6069,77.6663
7420,1.3974,-55.6069,77.6663
7421,1.0974,-55.6069,77.6663
7422,0.7974,-55.3069,77.3663
7423,0.7974,-55.0069,77.3663
7424,0.7974,-54.7069,77.3663
7425,1.0974,-54.4069,77.3663
7426,1.0974,-54.1069,77.3663
7427,1.0974,-53.8069,77.3663
7428,1.0974,-53.5069,77.3663
7429,1.0974,-53.2069,77.3663
7430,1.0974,-52.9069,77.3663
7431,1.0974,-52.6069,77.3663
7432,0.7974,-52.3069,77.3663
7433,0.7974,-52.0069,77.3663
7434,0.4974,-51.7069,77.3663
7435,0.4974,-51.4069,77.3663
7436,0.1974,-51.1069,77.3663
7437,-0.1026,-50.8069,77.3663
7438,-0.4026,-50.5069,77.3663
7439,-0.7026,-50.2069,77.3663
7440,-1.0026,-49.9069,77.3663
7441,-1.3026,-49.6069,77.3663
7442,-1.6026,-49.6069,77.3663
7443,-1.9026,-49.3069,77.3663
7444,-2.2026,-49.3069,77.3663
7445,-2.5026,-49.0069,77.3663
7446,-2.8026,-49.0069,77.3663
7447,-3.1026,-49.0069,77.3663
7448,-3.4026,-49.0069,77.3663
7449,-3.7026,-49.0069,77.3663
7450,-4.0026,-49.0069,77.3663
7451,-4.3026,-49.0069,77.3663
7452,-4.6026,-49.0069,77.3663
7453,-4.9026,-49.0069,77.3663
7454,-5.2026,-49.0069,77.3663
7455,-5.5026,-49.0069,77.3663
7456,-5.8026,-49.0069,77.3663
7457,-6.1026,-49.0069,77.3663
7458,-6.4026,-49.0069,77.3663
7459,-6.7026,-49.0069,77.3663
7460,-7.0026,-49.0069,77.3663
7461,-7.3026,-49.0069,77.3663
7462,-7.6026,-49.0069,77.3663
7463,-7.9026,-49.0069,77.3663
7464,-8.2026,-49.0069,77.3663
7465,-8.5026,-49.0069,77.3663
7466,-8.8026,-49.3069,77.3663
7467,-9.1026,-49.3069,77.3663
7468,-9.4026,-49.6069,77.3663
7469,-9.7026,-49.6069,77.3663
7470,-10.0026,-49.9069,77.3663
7471,-10.3026,-50.2069,77.3663
7472,-10.6026,-50.5069,77.3663
7473,-10.9026,-50.8069,77.3663
7474,-11.2026,-51.1069,77.3663
7475,-11.2026,-51.4069,77.3663
7476,-11.5026,-51.7069,77.3663
7477,-11.5026,-52.0069,77.3663
7478,-11.8026,-52.3069,77.3663
7479,-11.8026,-52.6069,77.3663
7480,-11.8026,-52.9069,77.3663
7481,-11.8026,-53.2069,77.3663
7482,-11.8026,-53.5069,77.3663
7483,-11.8026,-53.8069,77.3663
7484,-11.8026,-54.1069,77.3663
7485,-11.8026,-54.4069,77.3663
7486,-11.8026,-54.7069,77.3663
7487,-12.1026,-54.7069,77.3663
7488,-12.4026,-54.7069,77.3663
7489,-12.7026,-54.4069,77.6663
7490,-13.0026,-54.4069,77.6663
7491,-13.3026,-54.4069,77.6663
7492,-13.6026,-54.1069,77.6663
7493,-13.9026,-54.1069,77.6663
7494,-14.2026,-54.1069,77.6663
7495,-14.5026,-54.1069,77.6663
7496,-14.8026,-54.1069,77.6663
7497,-15.1026,-54.1069,77.6663
7498,-15.4026,-54.1069,77.6663
7499,-15.7026,-54.1069,77.6663
7500,-16.0026,-53.8069,77.6663
7501,-16.3026,-53.8069,77.6663
7502,-16.6026,-53.8069,77.6663
7503,-16.9026,-53.8069,77.6663
7504,-17.2026,-53.8069,77.6663
7505,-17.5026,-53.8069,77.6663
7506,-17.8026,-53.8069,77.6663
7507,-18.1026,-53.8069,77.9663
7508,-18.4026,-53.8069,78.2663
7509,-18.7026,-53.8069,78.5663
7510,-19.0026,-53.8069,78.8663
7511,-19.3026,-53.8069,79.1663
7512,-19.6026,-53.8069,79.4663
7513,-19.9026,-53.8069,79.7663
7514,-20.2026,-53.8069,80.0663
7515,-20.5026,-53.8069,80.3663
7516,-20.8026,-53.8069,80.6663
7517,-21.1026,-53.8069,80.9663
7518,-21.4026,-53.8069,81.2663
7519,-21.7026,-54.1069,81.5663
7520,-22.0026,-54.4069,81.8663
7521,-22.3026,-54.7069,82.1663
7522,-22.6026,-54.7069,82.1663
7523,-22.9026,-55.0069,82.4663
7524,-23.2026,-55.3069,82.4663
7525,-23.5026,-55.3069,82.4663
7526,-23.8026,-55.6069,82.4663
7527,-24.1026,-55.9069,82.4663
7528,-24.4026,-56.2069,82.4663
7529,-24.7026,-56.5069,82.4663
7530,-25.0026,-56.8069,82.1663
7531,-25.3026,-57.1069,82.1663
7532,-25.6026,-57.4069,81.8663
7533,-25.9026,-57.7069,81.5663
7534,-26.2026,-58.0069,81.2663
7535,-26.5026,-58.3069,80.9663
7536,-26.8026,-58.6069,80.6663
7537,-27.1026,-58.9069,80.3663
7538,-27.1026,-59.2069,80.0663
7539,-27.4026,-59.5069,79.7663
7540,-27.4026,-59.8069,79.4663
7541,-27.7026,-60.1069,79.1663
7542,-27.7026,-60.4069,78.8663
7543,-27.7026,-60.7069,78.5663
7544,-27.7026,-61.0069,78.2663
7545,-27.7026,-61.3069,77.9663
7546,-27.7026,-61.6069,77.6663
7547,-27.4026,-61.9069,77.3663
7548,-27.4026,-62.2069,77.3663
7549,-27.1026,-62.5069,77.3663
7550,-26.8026,-62.8069,77.3663
7551,-26.8026,-63.1069,77.3663
7552,-26.5026,-63.4069,77.3663
7553,-26.2026,-63.7069,77.3663
7554,-25.9026,-63.7069,77.3663
7555,-25.6026,-64.0069,77.3663
7556,-25.3026,-64.3069,77.3663
7557,-25.0026,-64.3069,77.3663
7558,-24.7026,-64.3069,77.3663
7559,-24.4026,-64.6069,77.3663
7560,-24.1026,-64.6069,77.3663
7561,-23.8026,-64.6069,77.3663
7562,-23.5026,-64.6069,77.3663
7563,-23.2026,-64.6069,77.3663
7564,-22.9026,-64.9069,77.6663
7565,-22.6026,-64.9069,77.6663
7566,-22.3026,-64.9069,77.6663
7567,-22.0026,-64.9069,77.6663
7568,-21.7026,-64.9069,77.6663
7569,-21.4026,-64.9069,77.6663
7570,-21.1026,-64.9069,77.6663
7571,-20.8026,-64.9069,77.6663
7572,-20.5026,-64.9069,77.6663
7573,-20.2026,-64.9069,77.6663
7574,-19.9026,-64.9069,77.6663
7575,-19.6026,-65.2069,77.3663
7576,-19.3026,-65.2069,77.3663
7577,-19.0026,-65.2069,77.3663
7578,-18.7026,-65.5069,77.3663
7579,-18.4026,-65.5069,77.3663
7580,-18.1026,-65.5069,77.3663
7581,-17.8026,-65.5069,77.3663
7582,-17.5026,-65.5069,77.3663
7583,-17.2026,-65.5069,77.3663
7584,-16.9026,-65.5069,77.3663
7585,-16.6026,-65.8069,77.3663
7586,-16.3026,-65.8069,77.3663
7587,-16.0026,-65.8069,77.3663
7588,-15.7026,-65.8069,77.3663
7589,-15.4026,-66.1069,77.6663
7590,-15.1026,-66.1069,77.6663
7591,-14.8026,-66.1069,77.6663
7592,-14.5026,-66.1069,77.6663
7593,-12.6577,-67.6577,77.5000
7594,-12.4026,-67.6069,77.3663
7595,-12.1026,-67.9069,77.3663
7596,-11.8026,-67.9069,77.3663
7597,-11.5026,-68.2069,77.3663
7598,-11.2026,-68.5069,77.3663
7599,-10.9026,-68.5069,77.3663
7600,-10.6026,-68.5069,77.3663
7601,-10.3026,-68.5069,77.3663
7602,-10.0026,-68.8069,77.6663
7603,-9.7026,-68.8069,77.6663
7604,-9.4026,-68.8069,77.6663
7605,-9.1026,-68.8069,77.6663
7606,-8.8026,-68.8069,77.6663
7607,-8.5026,-68.8069,77.6663
7608,-8.2026,-68.8069,77.6663
7609,-7.9026,-68.8069,77.6663
7610,-7.6026,-69.1069,77.6663
7611,-7.3026,-69.1069,77.6663
7612,-7.0026,-69.1069,77.6663
7613,-6.7026,-69.4069,77.6663
7614,-6.4026,-69.4069,77.6663
7615,-6.1026,-69.4069,77.6663
7616,-5.8026,-69.4069,77.6663
7617,-5.5026,-69.4069,77.6663
7618,-5.2026,-69.4069,77.6663
7619,-4.9026,-69.4069,77.6663
7620,-4.6026,-69.4069,77.6663
7621,-4.3026,-69.4069,77.6663
7622,-4.0026,-69.7069,77.3663
7623,-3.7026,-70.0069,77.3663
7624,-3.4026,-70.0069,77.3663
7625,-3.1026,-70.0069,77.3663
7626,-2.8026,-70.0069,77.3663
7627,-2.5026,-70.0069,77.3663
7628,-2.2026,-70.0069,77.3663
7629,-1.9026,-70.0069,77.3663
7630,-1.6026,-70.0069,77.3663
7631,-1.6026,-70.0069,77.6663
7632,-1.6026,-70.0069,77.9663
7633,-1.6026,-70.0069,78.2663
7634,-1.9026,-69.7069,78.5663
7635,-1.9026,-69.7069,78.8663
7636,-2.2026,-69.7069,79.1663
7637,-2.2026,-69.4069,79.4663
7638,-2.2026,-69.1069,79.7663
7639,-2.2026,-69.1069,80.0663
7640,-1.9026,-68.8069,80.3663
7641,-1.6026,-68.5069,80.6663
7642,-1.3026,-68.2069,80.6663
7643,-1.0026,-68.2069,80.6663
7644,-0.7026,-67.9069,80.9663
7645,-0.4026,-67.9069,80.9663
7646,-0.1026,-67.6069,81.2663
7647,0.1974,-67.6069,81.2663
7648,0.4974,-67.6069,81.2663
7649,0.7974,-67.6069,81.2663
7650,1.0974,-67.6069,81.2663
7651,1.3974,-67.6069,81.2663
7652,1.6974,-67.3069,81.5663
7653,1.9974,-67.0069,81.8663
7654,2.2974,-66.7069,81.8663
7655,2.5974,-66.4069,81.8663
7656,2.8974,-66.1069,81.8663
7657,3.1974,-65.8069,81.8663
7658,3.4974,-65.8069,81.8663
7659,3.7974,-65.5069,81.8663
7660,4.0974,-65.2069,81.8663
7661,4.3974,-64.9069,81.8663
7662,4.6974,-64.6069,81.8663
7663,4.9974,-64.3069,81.8663
7664,5.2974,-64.0069,81.8663
7665,5.5974,-63.7069,81.8663
7666,5.8974,-63.4069,81.8663
7667,6.1974,-63.1069,81.8663
7668,6.4974,-62.8069,81.8663
7669,6.7974,-62.5069,82.1663
7670,7.0974,-62.2069,82.1663
7671,7.3974,-61.9069,82.1663
7672,7.6974,-61.6069,82.1663
7673,7.9974,-61.3069,82.1663
7674,8.2974,-61.0069,82.1663
7675,8.5974,-60.7069,82.1663
7676,8.8974,-60.4069,82.1663
7677,9.1974,-60.1069,82.1663
7678,9.4974,-60.1069,82.1663
7679,9.7974,-60.1069,82.1663
7680,10.0974,-60.1069,82.1663
7681,10.3974,-60.1069,82.1663
7682,10.6974,-60.1069,82.1663
7683,10.9974,-60.1069,82.1663
7684,11.2974,-60.1069,82.1663
7685,11.5974,-60.1069,82.1663
7686,11.8974,-60.1069,82.1663
7687,12.1974,-59.8069,82.1663
7688,12.4974,-59.5069,82.1663
7689,12.7974,-59.2069,82.1663
7690,13.0974,-58.9069,82.1663
7691,13.3974,-58.6069,82.1663
7692,13.6974,-58.3069,82.1663
7693,13.9974,-58.0069,82.1663
7694,14.2974,-57.7069,82.1663
7695,14.5974,-57.4069,82.1663
7696,14.8974,-57.1069,82.1663
7697,15.1974,-56.8069,82.1663
7698,15.4974,-56.5069,82.1663
7699,15.7974,-56.2069,82.1663
7700,16.0974,-55.9069,82.1663
7701,16.3974,-55.6069,82.1663
7702,16.6974,-55.3069,82.1663
7703,16.9974,-55.0069,82.1663
7704,17.2974,-54.7069,82.1663
7705,17.5974,-54.4069,82.1663
7706,17.8974,-54.1069,82.4663
7707,18.1974,-54.1069,82.4663
7708,18.4974,-53.8069,82.4663
7709,18.7974,-53.8069,82.4663
7710,19.0974,-53.5069,82.4663
7711,19.3974,-53.5069,82.4663
7712,19.6974,-53.5069,82.4663
7713,19.9974,-53.5069,82.4663
7714,20.2974,-53.5069,82.4663
7715,20.5974,-53.5069,82.4663
7716,20.8974,-53.5069,82.4663
7717,21.1974,-53.2069,82.4663
7718,21.4974,-53.2069,82.4663
7719,21.7974,-52.9069,82.4663
7720,22.0974,-52.9069,82.4663
7721,22.3974,-52.9069,82.4663
7722,22.6974,-52.9069,82.4663
7723,22.9974,-52.9069,82.4663
7724,23.2974,-52.9069,82.4663
7725,23.5974,-52.9069,82.4663
7726,23.8974,-52.9069,82.4663
7727,24.1974,-52.9069,82.4663
7728,24.4974,-52.9069,82.4663
7729,24.7974,-52.9069,82.4663
7730,25.0974,-52.9069,82.4663
7731,25.3974,-53.2069,82.1663
7732,25.6974,-53.5069,81.8663
7733,25.9974,-53.5069,81.8663
7734,26.2974,-53.5069,81.8663
7735,26.5974,-53.8069,81.5663
7736,26.8974,-53.8069,81.2663
7737,27.1974,-53.8069,81.2663
7738,27.4974,-53.8069,81.2663
7739,27.7974,-54.1069,80.9663
7740,28.0974,-54.1069,80.9663
7741,28.3974,-54.4069,80.6663
7742,28.0974,-54.1069,80.6663
7743,27.7974,-54.1069,80.6663
7744,27.4974,-53.8069,80.6663
7745,27.1974,-53.8069,80.6663
7746,26.8974,-53.8069,80.6663
7747,26.5974,-53.5069,80.6663
7748,26.2974,-53.5069,80.6663
7749,25.9974,-53.5069,80.6663
7750,25.6974,-53.5069,80.6663
7751,25.3974,-53.2069,80.6663
7752,25.0974,-53.2069,80.6663
7753,24.7974,-52.9069,80.3663
7754,24.4974,-52.9069,80.3663
7755,24.1974,-52.6069,80.3663
7756,23.8974,-52.6069,80.3663
7757,23.5974,-52.6069,80.3663
7758,23.2974,-52.6069,80.3663
7759,22.9974,-52.6069,80.3663
7760,22.6974,-52.6069,80.3663
7761,22.3974,-52.6069,80.3663
7762,22.0974,-52.6069,80.3663
7763,21.7974,-52.6069,80.3663
7764,21.4974,-52.6069,80.3663
7765,21.1974,-52.6069,80.3663
7766,20.8974,-52.6069,80.3663
7767,20.5974,-52.6069,80.3663
7768,20.2974,-52.6069,80.3663
7769,19.9974,-52.6069,80.3663
7770,19.6974,-52.6069,80.3663
7771,19.3974,-52.6069,80.3663
7772,19.0974,-52.6069,80.3663
7773,18.7974,-52.6069,80.3663
7774,18.4974,-52.6069,80.3663
7775,18.1974,-52.6069,80.3663
7776,17.8974,-52.6069,80.3663
7777,17.5974,-52.6069,80.3663
7778,17.2974,-52.6069,80.3663
7779,16.9974,-52.6069,80.3663
7780,16.6974,-52.6069,80.3663
7781,16.3974,-52.6069,80.3663
7782,16.0974,-52.6069,80.3663
7783,15.7974,-52.6069,80.3663
7784,15.4974,-52.6069,80.3663
7785,15.1974,-52.6069,80.3663
7786,14.8974,-52.6069,80.3663
7787,14.5974,-52.6069,80.3663
7788,14.2974,-52.6069,80.3663
7789,13.9974,-52.6069,80.3663
7790,13.6974,-52.6069,80.3663
7791,13.3974,-52.6069,80.3663
7792,13.0974,-52.6069,80.3663
7793,12.7974,-52.6069,80.3663
7794,12.4974,-52.6069,80.3663
7795,12.1974,-52.6069,80.3663
7796,11.8974,-52.6069,80.3663
7797,11.5974,-52.6069,80.3663
7798,11.2974,-52.6069,80.3663
7799,10.9974,-52.6069,80.3663
7800,10.6974,-52.6069,80.3663
7801,10.3974,-52.6069,80.3663
7802,10.0974,-52.6069,80.3663
7803,9.7974,-52.6069,80.3663
7804,9.4974,-52.6069,80.3663
7805,9.1974,-52.6069,80.3663
7806,8.8974,-52.6069,80.3663
7807,8.5974,-52.6069,80.3663
7808,8.2974,-52.6069,80.3663
7809,7.9974,-52.6069,80.3663
7810,7.6974,-52.6069,80.3663
7811,7.3974,-52.6069,80.3663
7812,7.0974,-52.6069,80.3663
7813,6.7974,-52.6069,80.3663
7814,6.4974,-52.6069,80.3663
7815,6.1974,-52.6069,80.3663
7816,5.8974,-52.6069,80.3663
7817,5.5974,-52.6069,80.3663
7818,5.2974,-52.6069,80.3663
7819,4.9974,-52.6069,80.3663
7820,4.6974,-52.6069,80.3663
7821,4.3974,-52.6069,80.3663
7822,4.0974,-52.6069,80.3663
7823,3.7974,-52.6069,80.3663
7824,3.4974,-52.6069,80.3663
7825,3.1974,-52.6069,80.3663
7826,2.8974,-52.6069,80.3663
7827,2.5974,-52.6069,80.3663
7828,2.2974,-52.6069,80.3663
7829,1.9974,-52.6069,80.3663
7830,1.6974,-52.6069,80.3663
7831,1.3974,-52.3069,80.3663
7832,1.0974,-52.0069,80.3663
7833,0.7974,-51.7069,80.3663
7834,0.4974,-51.4069,80.3663
7835,0.1974,-51.1069,80.3663
7836,-0.1026,-50.8069,80.3663
7837,-0.4026,-50.5069,80.3663
7838,-0.7026,-50.2069,80.3663
7839,-1.0026,-49.9069,80.3663
7840,-1.3026,-49.9069,80.3663
7841,-1.6026,-49.6069,80.3663
7842,-1.9026,-49.6069,80.3663
7843,-2.2026,-49.6069,80.3663
7844,-2.5026,-49.3069,80.3663
7845,-2.8026,-49.3069,80.3663
7846,-3.1026,-49.3069,80.3663
7847,-3.4026,-49.3069,80.3663
7848,-3.7026,-49.3069,80.3663
7849,-4.0026,-49.3069,80.3663
7850,-4.3026,-49.3069,80.3663
7851,-4.6026,-49.3069,80.3663
7852,-4.9026,-49.3069,80.3663
7853,-5.2026,-49.3069,80.3663
7854,-5.5026,-49.3069,80.3663
7855,-5.8026,-49.3069,80.3663
7856,-6.1026,-49.3069,80.3663
7857,-6.4026,-49.3069,80.3663
7858,-6.7026,-49.3069,80.3663
7859,-7.0026,-49.6069,80.3663
7860,-7.3026,-49.9069,80.3663
7861,-7.6026,-49.9069,80.3663
7862,-7.9026,-49.9069,80.3663
7863,-8.2026,-49.9069,80.3663
7864,-8.5026,-49.9069,80.3663
7865,-8.8026,-49.9069,80.3663
7866,-9.1026,-49.9069,80.3663
7867,-9.4026,-49.9069,80.3663
7868,-9.7026,-49.9069,80.3663
7869,-10.0026,-49.9069,80.3663
7870,-10.3026,-49.9069,80.3663
7871,-10.6026,-49.9069,80.3663
7872,-10.9026,-49.9069,80.3663
7873,-11.2026,-49.9069,80.3663
7874,-11.5026,-49.9069,80.3663
7875,-11.8026,-49.9069,80.3663
7876,-12.1026,-49.9069,80.3663
7877,-12.4026,-49.9069,80.3663
7878,-12.7026,-49.9069,80.3663
7879,-13.0026,-49.9069,80.3663
7880,-13.3026,-49.9069,80.3663
7881,-13.6026,-49.9069,80.3663
7882,-13.9026,-49.9069,80.3663
7883,-14.2026,-49.9069,80.3663
7884,-14.5026,-49.9069,80.3663
7885,-14.8026,-49.9069,80.3663
7886,-15.1026,-49.9069,80.3663
7887,-15.4026,-49.9069,80.3663
7888,-15.7026,-49.9069,80.3663
7889,-16.0026,-49.9069,80.3663
7890,-16.3026,-49.9069,80.3663
7891,-16.6026,-49.9069,80.3663
7892,-16.9026,-50.2069,80.0663
7893,-17.2026,-50.2069,80.0663
7894,-17.5026,-50.5069,79.7663
7895,-17.8026,-50.5069,79.7663
7896,-18.1026,-50.8069,79.4663
7897,-18.4026,-50.8069,79.4663
7898,-18.7026,-50.8069,79.4663
7899,-19.0026,-51.1069,79.1663
7900,-19.3026,-51.4069,79.1663
7901,-19.6026,-51.4069,79.1663
7902,-19.9026,-51.7069,78.8663
7903,-20.2026,-51.7069,78.8663
7904,-20.5026,-52.0069,78.5663
7905,-20.8026,-52.0069,78.5663
7906,-27.1772,-52.2640,78.7000
7907,-27.3000,-56.7000,78.7000
7908,-27.7026,-56.8069,78.5663
7909,-28.0026,-56.5069,78.5663
7910,-28.3026,-56.5069,78.5663
7911,-28.6026,-56.5069,78.5663
7912,-28.9026,-56.2069,78.5663
7913,-29.2026,-56.2069,78.5663
7914,-29.5026,-55.9069,78.5663
7915,-29.8026,-55.9069,78.5663
7916,-30.1026,-55.6069,78.5663
7917,-30.4026,-55.6069,78.5663
7918,-30.7026,-55.3069,78.5663
7919,-31.0026,-55.0069,78.5663
7920,-31.3026,-54.7069,78.5663
7921,-31.6026,-54.4069,78.5663
7922,-31.9026,-54.1069,78.5663
7923,-32.2026,-53.8069,78.5663
7924,-32.5026,-53.5069,78.5663
7925,-32.8026,-53.2069,78.5663
7926,-33.1026,-52.9069,78.5663
7927,-33.4026,-52.6069,78.5663
7928,-33.7026,-52.3069,78.5663
7929,-34.2395,-51.2102,78.7000
7930,-34.3026,-51.1069,78.8663
7931,-34.3026,-50.8069,79.1663
7932,-34.3026,-50.5069,79.4663
7933,-34.6026,-50.2069,79.7663
7934,-34.6026,-49.9069,80.0663
7935,-34.6026,-49.6069,80.3663
7936,-34.6026,-49.3069,80.6663
7937,-34.6026,-49.0069,80.6663
7938,-34.6026,-48.7069,80.9663
7939,-34.6026,-48.4069,80.9663
7940,-34.6026,-48.1069,80.9663
7941,-34.6026,-47.8069,80.9663
7942,-34.6026,-47.5069,80.9663
7943,-34.6026,-47.2069,80.9663
7944,-34.6026,-46.9069,80.9663
7945,-34.6026,-46.6069,80.9663
7946,-34.3026,-46.3069,80.9663
7947,-34.0026,-46.0069,80.9663
7948,-33.7026,-45.7069,80.9663
7949,-33.4026,-45.4069,80.9663
7950,-33.1026,-45.1069,80.6663
7951,-32.8026,-45.1069,80.6663
7952,-32.5026,-44.8069,80.3663
7953,-32.2026,-44.8069,80.3663
7954,-31.9026,-44.5069,80.0663
7955,-31.6026,-44.5069,79.7663
7956,-31.3026,-44.5069,79.7663
7957,-31.0026,-44.5069,79.4663
7958,-30.7026,-44.5069,79.1663
7959,-30.4026,-44.5069,78.8663
7960,-30.1026,-44.5069,78.5663
7961,-29.8026,-44.5069,78.5663
7962,-29.5026,-44.5069,78.5663
7963,-29.2026,-44.5069,78.5663
7964,-28.9026,-44.5069,78.5663
7965,-28.6026,-44.5069,78.5663
7966,-28.3026,-44.5069,78.5663
7967,-28.0026,-44.5069,78.5663
7968,-27.7026,-44.5069,78.5663
7969,-27.4026,-44.5069,78.5663
7970,-27.1026,-44.5069,78.5663
7971,-26.8026,-44.5069,78.5663
7972,-26.5026,-44.5069,78.5663
7973,-26.2026,-44.5069,78.5663
7974,-25.9026,-44.5069,78.5663
7975,-25.6026,-44.5069,78.5663
7976,-25.3026,-44.5069,78.5663
7977,-25.0026,-44.5069,78.5663
7978,-24.7026,-44.5069,78.5663
7979,-24.4026,-44.5069,78.5663
7980,-24.1026,-44.5069,78.5663
7981,-23.8026,-44.5069,78.5663
7982,-23.5026,-44.5069,78.5663
7983,-23.2026,-44.5069,78.5663
7984,-22.9026,-44.5069,78.5663
7985,-22.6026,-44.5069,78.5663
7986,-22.3026,-44.5069,78.5663
7987,-22.0026,-44.5069,78.5663
7988,-21.7026,-44.5069,78.5663
7989,-21.4026,-44.5069,78.5663
7990,-21.1026,-44.5069,78.5663
7991,-20.8026,-44.5069,78.5663
7992,-20.5026,-44.5069,78.5663
7993,-20.2026,-44.5069,78.5663
7994,-19.9026,-44.5069,78.5663
7995,-19.6026,-44.5069,78.5663
7996,-19.3026,-44.5069,78.5663
7997,-19.0026,-44.5069,78.5663
7998,-18.7026,-44.5069,78.5663
7999,-18.4026,-44.5069,78.5663
8000,-18.1026,-44.5069,78.5663
8001,-17.8026,-44.5069,78.5663
8002,-17.5026,-44.5069,78.5663
8003,-17.2026,-44.5069,78.5663
8004,-16.9026,-44.5069,78.5663
8005,-16.6026,-44.5069,78.5663
8006,-16.3026,-44.5069,78.5663
8007,-16.0026,-44.5069,78.5663
8008,-15.7026,-44.5069,78.5663
8009,-15.4026,-44.5069,78.5663
8010,-15.1026,-44.5069,78.5663
8011,-14.8026,-44.5069,78.5663
8012,-14.5026,-44.5069,78.5663
8013,-14.2026,-44.5069,78.5663
8014,-13.9026,-44.5069,78.5663
8015,-13.6026,-44.5069,78.5663
8016,-13.3026,-44.5069,78.5663
8017,-13.0026,-44.5069,78.5663
8018,-12.7026,-44.8069,78.5663
8019,-12.4026,-44.8069,78.5663
8020,-12.1026,-45.1069,78.5663
8021,-11.8026,-45.1069,78.5663
8022,-11.5026,-45.1069,78.5663
8023,-11.2026,-45.4069,78.5663
8024,-10.9026,-45.4069,78.5663
8025,-10.6026,-45.7069,78.5663
8026,-10.3026,-45.7069,78.5663
8027,-10.0026,-46.0069,78.5663
8028,-9.7026,-46.0069,78.5663
8029,-9.4026,-46.3069,78.5663
8030,-9.1026,-46.3069,78.5663
8031,-8.8026,-46.6069,78.5663
8032,-8.5026,-46.6069,78.5663
8033,-8.2026,-46.6069,78.5663
8034,-7.9026,-46.9069,78.5663
8035,-7.6026,-46.9069,78.5663
8036,-7.3026,-47.2069,78.5663
8037,-7.0026,-47.2069,78.5663
8038,-6.7026,-47.5069,78.5663
8039,-6.4026,-47.5069,78.5663
8040,-6.1026,-47.8069,78.5663
8041,-5.8026,-47.8069,78.5663
8042,-5.5026,-48.1069,78.5663
8043,-5.2026,-48.1069,78.5663
8044,-4.9026,-48.1069,78.5663
8045,-4.6026,-48.4069,78.5663
8046,-4.3026,-48.4069,78.5663
8047,-4.0026,-48.7069,78.5663
8048,-3.7026,-48.7069,78.5663
8049,-3.4026,-49.0069,78.5663
8050,-3.1026,-49.0069,78.5663
8051,-2.8026,-49.3069,78.5663
8052,-2.5026,-49.3069,78.5663
8053,-2.2026,-49.3069,78.5663
8054,-1.9026,-49.6069,78.5663
8055,-1.6026,-49.6069,78.5663
8056,-1.3026,-49.9069,78.5663
8057,-1.0026,-49.9069,78.5663
8058,-0.7026,-50.2069,78.5663
8059,-0.4026,-50.5069,78.5663
8060,-0.1026,-50.8069,78.5663
8061,0.1974,-51.1069,78.5663
8062,0.4974,-51.4069,78.5663
8063,0.4974,-51.7069,78.5663
8064,0.7974,-52.0069,78.5663
8065,0.7974,-52.3069,78.5663
8066,1.0974,-52.6069,78.5663
8067,1.0974,-52.9069,78.5663
8068,1.0974,-53.2069,78.5663
8069,1.0974,-53.5069,78.5663
8070,1.0974,-53.8069,78.5663
8071,1.0974,-54.1069,78.5663
8072,1.0974,-54.4069,78.5663
8073,0.7974,-54.7069,78.5663
8074,0.7974,-55.0069,78.5663
8075,0.4974,-55.3069,78.5663
8076,1.7000,-56.1000,78.7000
8077,1.9974,-56.2069,78.5663
8078,2.2974,-56.2069,78.5663
8079,2.5974,-56.2069,78.5663
8080,2.8974,-56.2069,78.5663
8081,3.1974,-56.2069,78.5663
8082,3.4974,-56.2069,78.5663
8083,3.7974,-56.2069,78.5663
8084,4.0974,-56.5069,78.8663
8085,4.3974,-56.8069,79.1663
8086,4.6974,-57.1069,79.4663
8087,4.9974,-57.4069,79.7663
8088,5.2974,-57.7069,80.0663
8089,5.5974,-57.7069,80.0663
8090,5.8974,-57.7069,80.0663
8091,6.1974,-57.7069,80.0663
8092,6.4974,-57.7069,80.0663
8093,6.7974,-58.0069,80.0663
8094,7.0974,-58.3069,80.0663
8095,7.3974,-58.3069,80.0663
8096,7.6974,-58.6069,80.0663
8097,7.9974,-58.6069,80.0663
8098,8.2974,-58.6069,80.0663
8099,8.5974,-58.6069,80.0663
8100,8.8974,-58.6069,80.0663
8101,9.1974,-58.6069,80.0663
8102,9.4974,-58.6069,80.0663
8103,9.7974,-58.6069,80.0663
8104,10.0974,-58.6069,80.0663
8105,10.3974,-58.6069,80.0663
8106,10.6974,-58.6069,80.0663
8107,10.9974,-58.6069,80.0663
8108,11.2974,-58.6069,80.0663
8109,11.5974,-58.6069,80.0663
8110,11.8974,-58.6069,80.0663
8111,12.1974,-58.6069,80.0663
8112,12.4974,-58.6069,80.0663
8113,12.7974,-58.6069,79.7663
8114,13.0974,-58.6069,79.7663
8115,13.3974,-58.6069,79.4663
8116,13.6974,-58.6069,79.4663
8117,13.9974,-58.6069,79.1663
8118,14.2974,-58.6069,79.1663
8119,14.5974,-58.9069,78.8663
8120,14.8974,-58.9069,78.8663
8121,15.1974,-59.2069,78.5663
8122,15.4974,-59.2069,78.5663
8123,15.7974,-58.9069,78.5663
8124,15.7974,-58.6069,78.5663
8125,16.0974,-58.3069,78.5663
8126,16.0974,-58.0069,78.5663
8127,16.0974,-57.7069,78.5663
8128,16.0974,-57.4069,78.5663
8129,16.0974,-57.1069,78.5663
8130,16.0974,-56.8069,78.5663
8131,16.0974,-56.5069,78.5663
8132,16.0974,-56.2069,78.5663
8133,16.0974,-55.9069,78.5663
8134,16.3974,-55.6069,78.5663
8135,16.3974,-55.3069,78.5663
8136,16.3974,-55.0069,78.5663
8137,16.6974,-54.7069,78.5663
8138,16.9974,-54.4069,78.5663
8139,17.2974,-54.1069,78.5663
8140,17.5974,-53.8069,78.5663
8141,17.8974,-53.5069,78.5663
8142,18.1974,-53.5069,78.5663
8143,18.4974,-53.2069,78.5663
8144,18.7974,-53.2069,78.5663
8145,19.0974,-52.9069,78.5663
8146,19.3974,-52.9069,78.5663
8147,19.6974,-52.9069,78.5663
8148,19.9974,-52.9069,78.5663
8149,20.2974,-52.9069,78.5663
8150,20.5974,-52.9069,78.5663
8151,20.8974,-52.9069,78.5663
8152,21.1974,-52.9069,78.5663
8153,21.4974,-52.9069,78.5663
8154,21.7974,-52.9069,78.5663
8155,22.0974,-52.9069,78.5663
8156,22.3974,-52.9069,78.5663
8157,22.6974,-52.9069,78.5663
8158,22.9974,-52.9069,78.5663
8159,23.2974,-53.2069,78.5663
8160,23.5974,-53.2069,78.5663
8161,23.8974,-53.2069,78.5663
8162,24.1974,-53.5069,78.5663
8163,24.4974,-53.5069,78.5663
8164,24.7974,-53.5069,78.5663
8165,25.0974,-53.8069,78.5663
8166,25.3974,-53.8069,78.5663
8167,25.6974,-53.8069,78.5663
8168,25.9974,-53.8069,78.5663
8169,26.2974,-53.8069,78.5663
8170,26.5974,-53.8069,78.5663
8171,26.8974,-53.8069,78.5663
8172,27.1974,-53.8069,78.5663
8173,27.4974,-53.8069,78.5663
8174,27.7974,-53.8069,78.5663
8175,28.0974,-53.8069,78.5663
8176,28.3974,-53.8069,78.5663
8177,28.6974,-53.8069,78.5663
8178,28.9974,-53.8069,78.5663
8179,29.2974,-54.1069,78.5663
8180,29.5974,-54.1069,78.5663
8181,29.8974,-54.1069,78.5663
8182,30.1974,-54.4069,78.5663
8183,30.4974,-54.4069,78.5663
8184,30.7974,-54.4069,78.5663
8185,31.0974,-54.7069,78.5663
8186,31.3974,-54.7069,78.5663
8187,31.6974,-54.7069,78.5663
8188,31.9974,-55.0069,78.5663
8189,32.2974,-55.3069,78.5663
8190,32.5974,-55.3069,78.5663
8191,32.8974,-55.6069,78.5663
8192,34.3000,-55.3000,78.5000
8193,34.6974,-55.3069,78.5663
8194,34.9974,-55.3069,78.5663
8195,35.2974,-55.3069,78.5663
8196,35.5974,-55.3069,78.5663
8197,35.8974,-55.3069,78.5663
8198,36.1974,-55.3069,78.5663
8199,36.4974,-55.6069,78.5663
8200,36.7974,-55.9069,78.5663
8201,37.0974,-55.9069,78.5663
8202,37.3974,-55.9069,78.5663
8203,37.6974,-55.9069,78.5663
8204,37.9974,-55.9069,78.5663
8205,38.2974,-55.9069,78.5663
8206,38.5974,-55.9069,78.5663
8207,38.8974,-55.9069,78.5663
8208,39.1974,-55.9069,78.5663
8209,39.4974,-56.2069,78.5663
8210,39.7974,-56.2069,78.5663
8211,40.0974,-56.2069,78.5663
8212,40.3974,-56.5069,78.5663
8213,40.6974,-56.5069,78.5663
8214,40.9974,-56.5069,78.5663
8215,41.2974,-56.5069,78.8663
8216,41.5974,-56.5069,78.8663
8217,41.8974,-56.5069,78.8663
8218,42.1974,-56.5069,78.8663
8219,42.4974,-56.5069,78.8663
8220,42.7974,-56.5069,78.8663
8221,43.0974,-56.5069,78.8663
8222,43.3974,-56.5069,78.8663
8223,43.6974,-56.5069,78.8663
8224,43.9974,-56.5069,78.8663
8225,44.2974,-56.5069,78.8663
8226,44.5974,-56.8069,78.5663
8227,44.8974,-57.1069,78.5663
8228,45.1974,-57.1069,78.5663
8229,45.4974,-57.1069,78.5663
8230,45.7974,-57.1069,78.5663
8231,46.0974,-57.1069,78.5663
8232,46.3974,-57.1069,78.5663
8233,46.6974,-57.1069,78.5663
8234,46.9974,-57.1069,78.5663
8235,47.2974,-57.1069,78.5663
8236,47.5974,-57.1069,78.5663
8237,47.8974,-57.1069,78.5663
8238,48.1974,-57.1069,78.5663
8239,48.4974,-57.1069,78.5663
8240,48.7974,-57.1069,78.5663
8241,49.0974,-57.1069,78.5663
8242,49.3974,-57.4069,78.5663
8243,49.6974,-57.4069,78.5663
8244,49.9974,-57.7069,78.5663
8245,50.2974,-57.7069,78.5663
8246,50.5974,-57.7069,78.5663
8247,50.8974,-57.7069,78.5663
8248,51.1974,-57.7069,78.5663
8249,51.4974,-57.7069,78.5663
8250,51.7974,-57.7069,78.5663
8251,52.0974,-57.7069,78.5663
8252,52.3974,-58.0069,78.5663
8253,52.6974,-58.3069,78.5663
8254,52.9974,-58.3069,78.5663
8255,53.2974,-58.3069,78.5663
8256,53.5974,-58.3069,78.5663
8257,53.8974,-58.3069,78.5663
8258,54.1974,-58.3069,78.5663
8259,54.4974,-58.6069,78.5663
8260,54.7974,-58.6069,78.5663
8261,55.0974,-58.9069,78.8663
8262,55.3974,-58.9069,78.8663
8263,55.6974,-58.9069,78.8663
8264,55.9974,-59.2069,78.5663
8265,56.2974,-59.2069,78.5663
8266,56.5974,-59.5069,78.5663
8267,56.8974,-59.5069,78.5663
8268,57.1974,-59.2069,78.5663
8269,57.4974,-59.2069,78.5663
8270,57.7974,-59.2069,78.5663
8271,58.0974,-59.2069,78.5663
8272,58.3974,-59.2069,78.5663
8273,58.6974,-59.2069,78.5663
8274,58.9974,-59.2069,78.5663
8275,59.2974,-59.2069,78.5663
8276,59.5974,-59.2069,78.5663
8277,59.8974,-59.2069,78.5663
8278,60.1974,-59.2069,78.5663
8279,60.4974,-59.2069,78.5663
8280,60.7974,-59.2069,78.5663
8281,61.0974,-59.2069,78.5663
8282,61.3974,-59.2069,78.5663
8283,61.6974,-59.2069,78.5663
8284,61.9974,-59.2069,78.5663
8285,62.2974,-59.2069,78.5663
8286,62.5974,-59.2069,78.5663
8287,62.8974,-59.2069,78.5663
8288,63.1974,-59.2069,78.5663
8289,63.4974,-59.5069,78.5663
8290,63.7974,-59.5069,78.5663
8291,64.0974,-59.8069,78.5663
8292,64.3974,-59.8069,78.5663
8293,64.6974,-60.1069,78.5663
8294,64.9974,-60.1069,78.5663
8295,65.2974,-60.4069,78.5663
8296,65.5974,-60.4069,78.5663
8297,65.8974,-60.4069,78.5663
8298,66.1974,-60.7069,78.5663
8299,66.4974,-60.7069,78.5663
8300,66.7974,-60.7069,78.5663
8301,67.0974,-60.7069,78.5663
8302,67.3974,-61.0069,78.5663
8303,67.6974,-61.0069,78.5663
8304,67.9974,-61.0069,78.5663
8305,68.2974,-61.0069,78.5663
8306,68.5974,-61.0069,78.5663
8307,68.8974,-61.0069,78.5663
8308,69.1974,-61.3069,78.5663
8309,69.4974,-61.3069,78.5663
8310,69.7974,-61.3069,78.5663
8311,70.0974,-61.6069,78.5663
8312,70.3974,-61.9069,78.5663
8313,70.6974,-61.9069,78.5663
8314,70.9974,-62.2069,78.5663
8315,71.2974,-62.5069,78.5663
8316,71.5974,-62.8069,78.5663
8317,71.8974,-63.1069,78.5663
8318,72.1974,-63.4069,78.5663
8319,72.1974,-63.7069,78.8663
8320,72.1974,-63.7069,79.1663
8321,72.1974,-63.7069,79.4663
8322,72.1974,-63.7069,79.7663
8323,72.1974,-63.7069,80.0663
8324,72.1974,-63.7069,80.3663
8325,72.1974,-63.7069,80.6663
8326,72.1974,-63.7069,80.9663
8327,72.1974,-63.7069,81.2663
8328,72.1974,-63.7069,81.5663
8329,72.1974,-63.7069,81.8663
8330,72.1974,-64.0069,82.1663
8331,72.1974,-64.0069,82.4663
8332,72.4974,-64.3069,82.7663
8333,72.4974,-64.6069,83.0663
8334,72.4974,-64.6069,83.3663
8335,72.4974,-64.6069,83.6663
8336,72.7974,-64.9069,83.9663
8337,72.7974,-65.2069,83.9663
8338,72.7974,-65.5069,84.2663
8339,73.0974,-65.8069,84.5663
8340,73.0974,-66.1069,84.5663
8341,73.0974,-66.4069,84.5663
8342,73.0974,-66.7069,84.5663
8343,73.0974,-67.0069,84.5663
8344,73.0974,-67.3069,84.5663
8345,73.0974,-67.6069,84.5663
8346,73.0974,-67.9069,84.5663
8347,73.0974,-68.2069,84.5663
8348,72.7974,-68.5069,84.2663
8349,72.7974,-68.8069,84.2663
8350,72.7974,-69.1069,84.2663
8351,72.4974,-69.4069,83.9663
8352,72.1974,-69.7069,83.9663
8353,71.8974,-70.0069,83.9663
8354,71.5974,-70.3069,83.6663
8355,71.2974,-70.6069,83.3663
8356,70.9974,-70.9069,83.0663
8357,70.6974,-71.2069,82.7663
8358,70.3974,-71.2069,82.4663
8359,70.0974,-71.2069,82.4663
8360,69.7974,-71.5069,82.1663
8361,69.4974,-71.8069,81.8663
8362,69.1974,-71.8069,81.5663
8363,68.8974,-72.1069,81.2663
8364,68.5974,-72.1069,80.9663
8365,68.2974,-72.4069,80.6663
8366,67.9974,-72.4069,80.3663
8367,67.6974,-72.7069,80.0663
8368,67.6974,-72.7069,79.7663
8369,67.6974,-72.7069,79.4663
8370,67.6974,-72.7069,79.1663
8371,67.3974,-72.7069,78.8663
8372,67.3974,-72.7069,78.5663
8373,67.3974,-72.7069,78.8663
8374,67.3974,-72.7069,79.1663
8375,67.3974,-72.7069,79.4663
8376,67.3974,-72.7069,79.7663
8377,67.3974,-72.7069,80.0663
8378,67.3974,-72.7069,80.3663
8379,67.3974,-72.7069,80.6663
8380,67.3974,-72.7069,80.9663
8381,67.3974,-72.7069,81.2663
8382,67.3974,-72.4069,81.5663
8383,67.6974,-72.4069,81.5663
8384,67.9974,-72.4069,81.5663
8385,68.2974,-72.4069,81.5663
8386,68.5974,-72.1069,81.8663
8387,68.8974,-72.1069,81.8663
8388,69.1974,-71.8069,82.1663
8389,69.4974,-71.8069,82.1663
8390,69.7974,-71.5069,82.4663
8391,70.0974,-71.2069,82.7663
8392,70.3974,-71.2069,82.7663
8393,70.6974,-70.9069,83.0663
8394,70.9974,-70.9069,83.0663
8395,71.2974,-70.6069,83.3663
8396,71.5974,-70.3069,83.6663
8397,71.8974,-70.0069,83.9663
8398,72.1974,-69.7069,83.9663
8399,72.4974,-69.4069,84.2663
8400,72.4974,-69.1069,84.2663
8401,72.7974,-68.8069,84.5663
8402,72.7974,-68.5069,84.5663
8403,72.7974,-68.2069,84.5663
8404,73.0974,-67.9069,84.5663
8405,73.0974,-67.6069,84.5663
8406,73.0974,-67.3069,84.5663
8407,73.0974,-67.0069,84.5663
8408,73.0974,-66.7069,84.5663
8409,73.0974,-66.4069,84.5663
8410,73.0974,-66.1069,84.5663
8411,73.0974,-65.8069,84.5663
8412,72.7974,-65.5069,84.2663
8413,72.7974,-65.2069,84.2663
8414,72.4974,-64.9069,83.9663
8415,72.4974,-64.6069,83.9663
8416,72.1974,-64.3069,83.6663
8417,71.8974,-64.0069,83.3663
8418,71.5974,-63.7069,83.0663
8419,71.2974,-63.4069,82.7663
8420,70.9974,-63.1069,82.4663
8421,70.6974,-62.8069,82.1663
8422,70.3974,-62.5069,82.1663
8423,70.0974,-62.2069,81.8663
8424,69.7974,-62.2069,81.8663
8425,69.4974,-61.9069,81.5663
8426,69.1974,-61.9069,81.5663
8427,68.8974,-61.6069,81.5663
8428,68.5974,-61.6069,81.5663
8429,68.2974,-61.3069,81.5663
8430,67.9974,-61.3069,81.5663
8431,67.6974,-61.0069,81.8663
8432,67.3974,-61.0069,81.8663
8433,67.0974,-60.7069,81.8663
8434,66.7974,-60.7069,81.8663
8435,66.4974,-60.7069,81.8663
8436,66.1974,-60.4069,81.5663
8437,65.8974,-60.4069,81.5663
8438,65.5974,-60.4069,81.5663
8439,65.2974,-60.4069,81.5663
8440,64.9974,-60.4069,81.5663
8441,64.6974,-60.4069,81.5663
8442,64.3974,-60.4069,81.5663
8443,64.0974,-60.4069,81.5663
8444,63.7974,-60.1069,81.5663
8445,63.4974,-60.1069,81.5663
8446,63.1974,-60.1069,81.5663
8447,62.8974,-59.8069,81.5663
8448,62.5974,-59.8069,81.5663
8449,62.2974,-59.8069,81.5663
8450,61.9974,-59.8069,81.5663
8451,61.6974,-59.8069,81.5663
8452,61.3974,-59.8069,81.5663
8453,61.0974,-59.8069,81.5663
8454,60.7974,-59.8069,81.5663
8455,60.4974,-59.5069,81.5663
8456,60.1974,-59.5069,81.5663
8457,59.8974,-59.2069,81.5663
8458,59.5974,-59.2069,81.5663
8459,59.2974,-58.9069,81.5663
8460,58.9974,-58.9069,81.5663
8461,58.6974,-58.9069,81.5663
8462,58.3974,-58.9069,81.5663
8463,58.0974,-58.9069,81.5663
8464,57.7974,-58.9069,81.5663
8465,57.4974,-58.9069,81.5663
8466,57.1974,-59.2069,81.5663
8467,56.8974,-59.2069,81.5663
8468,56.5974,-59.2069,81.5663
8469,56.2974,-59.2069,81.5663
8470,55.9974,-58.9069,81.5663
8471,55.6974,-58.6069,81.5663
8472,55.3974,-58.3069,81.5663
8473,55.0974,-58.3069,81.5663
8474,54.7974,-58.3069,81.5663
8475,54.4974,-58.3069,81.5663
8476,54.1974,-58.3069,81.5663
8477,53.8974,-58.3069,81.5663
8478,53.5974,-58.3069,81.5663
8479,53.2974,-58.3069,81.5663
8480,52.9974,-58.3069,81.5663
8481,52.2257,-58.4024,81.7000
8482,51.7974,-58.0069,81.5663
8483,51.4974,-58.0069,81.5663
8484,51.1974,-58.0069,81.5663
8485,50.8974,-57.7069,81.5663
8486,50.5974,-57.7069,81.5663
8487,50.2974,-57.7069,81.5663
8488,49.9974,-57.7069,81.5663
8489,49.6974,-57.7069,81.5663
8490,49.3974,-57.7069,81.5663
8491,49.0974,-57.7069,81.5663
8492,48.7974,-57.7069,81.5663
8493,48.4974,-57.4069,81.5663
8494,48.1974,-57.4069,81.5663
8495,47.8974,-57.4069,81.5663
8496,47.5974,-57.1069,81.5663
8497,47.2974,-57.1069,81.5663
8498,46.9974,-57.1069,81.5663
8499,46.6974,-57.1069,81.5663
8500,46.3974,-57.1069,81.5663
8501,46.0974,-57.1069,81.5663
8502,45.7974,-57.1069,81.5663
8503,45.4974,-57.1069,81.5663
8504,45.1974,-57.1069,81.5663
8505,44.8974,-57.4069,81.5663
8506,44.5974,-57.4069,81.5663
8507,44.2974,-57.1069,81.5663
8508,43.9974,-56.8069,81.5663
8509,43.6974,-56.8069,81.5663
8510,43.3974,-56.5069,81.5663
8511,43.0974,-56.5069,81.5663
8512,42.7974,-56.5069,81.5663
8513,42.4974,-56.2069,81.5663
8514,42.1974,-56.2069,81.5663
8515,41.8974,-55.9069,81.5663
8516,41.5974,-55.9069,81.5663
8517,41.2974,-55.9069,81.5663
8518,40.9974,-55.9069,81.5663
8519,40.6974,-55.9069,81.5663
8520,40.3974,-55.9069,81.5663
8521,40.0974,-55.9069,81.5663
8522,39.7974,-55.9069,81.5663
8523,39.4974,-55.9069,81.5663
8524,39.1974,-55.9069,81.5663
8525,38.8974,-55.6069,81.5663
8526,38.5974,-55.6069,81.5663
8527,38.2974,-55.6069,81.5663
8528,37.9974,-55.6069,81.5663
8529,37.6974,-55.6069,81.5663
8530,37.3974,-55.6069,81.5663
8531,37.0974,-55.3069,81.5663
8532,36.7974,-55.3069,81.5663
8533,36.4974,-55.3069,81.5663
8534,36.1974,-55.3069,81.5663
8535,35.8974,-55.3069,81.5663
8536,35.5974,-55.3069,81.5663
8537,35.2974,-55.3069,81.5663
8538,34.9974,-55.0069,81.5663
8539,34.6974,-55.0069,81.5663
8540,34.3974,-55.0069,81.5663
8541,34.0974,-55.0069,81.5663
8542,33.7974,-55.0069,81.5663
8543,33.4974,-55.0069,81.5663
8544,33.1974,-55.0069,81.5663
8545,32.8974,-55.0069,81.5663
8546,32.5974,-55.0069,81.5663
8547,32.2974,-55.0069,81.5663
8548,31.9974,-55.0069,81.5663
8549,31.6974,-54.7069,81.5663
8550,31.3974,-54.7069,81.5663
8551,31.0974,-54.4069,81.5663
8552,30.7974,-54.4069,81.5663
8553,30.4974,-54.4069,81.5663
8554,30.1974,-54.4069,81.5663
8555,29.8974,-54.4069,81.5663
8556,29.5974,-54.4069,81.5663
8557,29.2974,-54.4069,81.5663
8558,28.9974,-54.4069,81.5663
8559,28.6974,-54.4069,81.5663
8560,28.3974,-54.1069,81.5663
8561,25.0255,-53.1745,81.7000
8562,24.7974,-52.9069,81.5663
8563,24.4974,-52.9069,81.5663
8564,24.1974,-52.6069,81.5663
8565,23.8974,-52.6069,81.5663
8566,22.9000,-52.7000,81.9000
8567,22.6974,-52.6069,81.8663
8568,22.3974,-52.6069,81.8663
8569,22.0974,-52.6069,81.8663
8570,21.7974,-52.6069,81.8663
8571,21.4974,-52.6069,81.8663
8572,21.1974,-52.6069,81.8663
8573,20.8974,-52.9069,81.8663
8574,20.5974,-52.9069,81.8663
8575,20.2974,-53.2069,81.5663
8576,19.9974,-53.2069,81.5663
8577,19.6974,-53.2069,81.5663
8578,19.3974,-53.2069,81.5663
8579,19.0974,-53.5069,81.5663
8580,18.7974,-53.5069,81.5663
8581,18.4974,-53.5069,81.5663
8582,18.1974,-53.8069,81.5663
8583,17.8974,-54.1069,81.8663
8584,17.5974,-54.1069,81.8663
8585,17.2974,-54.4069,81.8663
8586,16.9974,-54.7069,81.8663
8587,16.9974,-55.0069,81.8663
8588,16.6974,-55.3069,81.8663
8589,16.3974,-55.6069,81.8663
8590,16.3974,-55.9069,81.8663
8591,16.0974,-56.2069,81.8663
8592,16.0974,-56.5069,81.8663
8593,16.0974,-56.8069,81.8663
8594,16.0974,-57.1069,81.8663
8595,15.7974,-57.4069,81.5663
8596,15.7974,-57.7069,81.5663
8597,15.7974,-58.0069,81.5663
8598,15.7974,-58.3069,81.5663
8599,15.7974,-58.6069,81.5663
8600,15.4974,-58.9069,81.5663
8601,15.4974,-59.2069,81.5663
8602,15.4974,-59.5069,81.5663
8603,15.4974,-59.8069,81.5663
8604,15.4974,-60.1069,81.5663
8605,15.4974,-60.4069,81.5663
8606,15.4974,-60.7069,81.5663
8607,15.7974,-61.0069,81.8663
8608,15.7974,-61.3069,81.8663
8609,16.0974,-61.6069,82.1663
8610,16.0974,-61.9069,82.1663
8611,16.3974,-62.2069,81.8663
8612,16.3974,-62.5069,81.8663
8613,16.6974,-62.8069,81.5663
8614,16.3974,-62.5069,81.8663
8615,16.0974,-62.2069,82.1663
8616,16.0974,-61.9069,82.1663
8617,15.7974,-61.6069,82.1663
8618,15.4974,-61.3069,82.1663
8619,15.1974,-61.0069,82.1663
8620,14.8974,-60.7069,82.1663
8621,14.5974,-60.4069,82.1663
8622,14.2974,-60.1069,82.1663
8623,13.9974,-59.8069,82.1663
8624,13.6974,-59.5069,82.1663
8625,13.3974,-59.2069,82.1663
8626,13.0974,-59.2069,82.1663
8627,12.7974,-59.2069,82.1663
8628,12.4974,-59.2069,82.1663
8629,12.1974,-59.2069,82.1663
8630,11.8974,-59.2069,82.1663
8631,11.5974,-59.2069,82.1663
8632,11.2974,-59.2069,82.1663
8633,10.9974,-59.2069,82.1663
8634,10.6974,-59.2069,82.1663
8635,10.3974,-59.2069,82.1663
8636,10.0974,-59.2069,82.1663
8637,9.7974,-59.2069,82.1663
8638,9.4974,-59.2069,82.1663
8639,9.1974,-59.2069,82.1663
8640,8.8974,-59.2069,82.1663
8641,8.5974,-58.9069,82.1663
8642,8.2974,-58.6069,82.1663
8643,7.9974,-58.3069,82.1663
8644,7.6974,-58.0069,82.1663
8645,7.3974,-57.7069,82.1663
8646,7.0974,-57.4069,82.1663
8647,6.7974,-57.1069,82.1663
8648,6.4974,-56.8069,82.1663
8649,6.1974,-56.5069,82.1663
8650,5.8974,-56.2069,82.1663
8651,5.5974,-55.9069,82.1663
8652,5.2974,-55.6069,82.1663
8653,4.9974,-55.3069,82.1663
8654,4.6974,-55.0069,82.1663
8655,4.3974,-54.7069,82.1663
8656,4.0974,-54.4069,82.1663
8657,3.7974,-54.1069,82.1663
8658,3.4974,-53.8069,82.1663
8659,3.1974,-53.5069,82.1663
8660,2.8974,-53.2069,82.1663
8661,2.5974,-53.2069,82.1663
8662,2.2974,-52.9069,81.8663
8663,1.9974,-52.9069,81.8663
8664,1.6974,-52.6069,81.8663
8665,1.3974,-52.3069,81.8663
8666,1.0974,-52.0069,81.5663
8667,0.7974,-52.0069,81.5663
8668,0.4974,-51.7069,81.5663
8669,0.1974,-51.4069,81.5663
8670,0.1974,-51.1069,81.5663
8671,-0.1026,-50.8069,81.5663
8672,-0.1026,-50.5069,81.5663
8673,-0.4026,-50.5069,81.5663
8674,-0.7026,-50.2069,81.5663
8675,-1.0026,-49.9069,81.5663
8676,-1.3026,-49.9069,81.5663
8677,-1.6026,-49.6069,81.5663
8678,-1.9026,-49.6069,81.5663
8679,-2.2026,-49.6069,81.5663
8680,-2.5026,-49.3069,81.5663
8681,-2.8026,-49.3069,81.5663
8682,-3.1026,-49.3069,81.5663
8683,-3.4026,-49.3069,81.5663
8684,-3.7026,-49.3069,81.5663
8685,-4.0026,-49.3069,81.5663
8686,-4.3026,-49.3069,81.5663
8687,-4.6026,-49.6069,81.5663
8688,-4.9026,-49.6069,81.5663
8689,-5.2026,-49.6069,81.5663
8690,-5.5026,-49.9069,81.5663
8691,-5.8026,-50.2069,81.5663
8692,-6.1026,-50.2069,81.5663
8693,-6.4026,-50.5069,81.5663
8694,-6.7026,-50.8069,81.5663
8695,-6.7026,-51.1069,81.5663
8696,-7.0026,-51.4069,81.5663
8697,-7.3026,-51.7069,81.5663
8698,-7.3026,-52.0069,81.5663
8699,-7.3026,-52.3069,81.5663
8700,-7.6026,-52.6069,81.5663
8701,-7.6026,-52.9069,81.5663
8702,-7.6026,-53.2069,81.5663
8703,-7.6026,-53.5069,81.5663
8704,-7.6026,-53.8069,81.5663
8705,-7.6026,-54.1069,81.5663
8706,-7.9026,-54.4069,81.5663
8707,-7.9026,-54.7069,81.5663
8708,-7.9026,-55.0069,81.5663
8709,-8.2026,-55.3069,81.5663
8710,-8.2026,-55.6069,81.5663
8711,-23.2230,-53.7770,81.7000
8712,-27.2121,-53.9891,81.7000
8713,-28.9000,-55.9000,81.7000
8714,-29.2026,-55.9069,81.5663
8715,-29.5026,-55.6069,81.5663
8716,-29.8026,-55.6069,81.5663
8717,-30.1026,-55.3069,81.5663
8718,-30.4026,-55.0069,81.5663
8719,-30.7026,-54.7069,81.5663
8720,-31.0026,-54.4069,81.5663
8721,-31.3026,-54.1069,81.5663
8722,-31.6026,-54.1069,81.5663
8723,-31.9026,-53.8069,81.5663
8724,-32.2026,-53.5069,81.5663
8725,-32.5026,-53.2069,81.5663
8726,-32.8026,-52.9069,81.5663
8727,-32.8026,-52.6069,81.5663
8728,-33.1026,-52.3069,81.5663
8729,-33.1026,-52.0069,81.5663
8730,-33.4026,-51.7069,81.5663
8731,-33.4026,-51.4069,81.5663
8732,-33.7026,-51.1069,81.5663
8733,-33.7026,-50.8069,81.5663
8734,-34.0026,-50.5069,81.5663
8735,-34.0026,-50.2069,81.5663
8736,-34.3026,-49.9069,81.5663
8737,-34.3026,-49.6069,81.5663
8738,-34.3026,-49.3069,81.5663
8739,-34.3026,-49.0069,81.5663
8740,-34.3026,-48.7069,81.5663
8741,-34.3026,-48.4069,81.5663
8742,-34.3026,-48.1069,81.5663
8743,-34.3026,-47.8069,81.5663
8744,-34.3026,-47.5069,81.5663
8745,-34.3026,-47.2069,81.5663
8746,-34.0026,-46.9069,81.5663
8747,-34.0026,-46.6069,81.5663
8748,-33.7026,-46.3069,81.5663
8749,-33.7026,-46.0069,81.5663
8750,-33.4026,-45.7069,81.5663
8751,-33.1026,-45.4069,81.5663
8752,-32.8026,-45.1069,81.5663
8753,-32.5026,-44.8069,81.5663
8754,-32.2026,-44.8069,81.5663
8755,-31.9026,-44.5069,81.5663
8756,-31.6026,-44.5069,81.5663
8757,-31.3026,-44.2069,81.5663
8758,-31.0026,-44.2069,81.5663
8759,-30.7026,-44.2069,81.5663
8760,-30.4026,-44.2069,81.5663
8761,-30.1026,-44.2069,81.5663
8762,-29.8026,-44.2069,81.5663
8763,-29.5026,-44.2069,81.5663
8764,-29.2026,-44.2069,81.5663
8765,-28.9026,-44.2069,81.5663
8766,-28.6026,-44.5069,81.5663
8767,-28.3026,-44.5069,81.5663
8768,-28.0026,-44.5069,81.5663
8769,-27.7026,-44.5069,81.5663
8770,-27.4026,-44.8069,81.8663
8771,-27.1026,-45.1069,81.8663
8772,-26.8026,-45.1069,81.8663
8773,-26.5026,-45.4069,81.8663
8774,-26.2026,-45.4069,81.8663
8775,-25.9026,-45.4069,81.8663
8776,-25.6026,-45.4069,81.8663
8777,-25.3026,-45.7069,81.8663
8778,-25.0026,-46.0069,81.8663
8779,-24.7026,-46.0069,81.8663
8780,-24.4026,-46.3069,81.8663
8781,-24.1026,-46.6069,81.8663
8782,-23.8026,-46.9069,81.8663
8783,-23.5026,-47.2069,81.8663
8784,-23.2026,-47.5069,81.5663
8785,-23.2026,-47.8069,81.5663
8786,-22.9026,-48.1069,81.5663
8787,-22.9263,-48.5570,84.7000
8788,-22.9026,-48.4069,84.5663
8789,-23.2026,-48.1069,84.5663
8790,-23.2026,-47.8069,84.5663
8791,-23.5026,-47.5069,84.5663
8792,-23.8026,-47.2069,84.5663
8793,-23.8026,-46.9069,84.5663
8794,-24.1026,-46.9069,84.5663
8795,-24.4026,-46.6069,84.5663
8796,-24.7026,-46.3069,84.5663
8797,-25.0026,-46.3069,84.5663
8798,-25.3026,-46.0069,84.5663
8799,-25.6026,-46.0069,84.5663
8800,-25.9026,-46.0069,84.5663
8801,-26.2026,-45.7069,84.5663
8802,-26.5026,-45.7069,84.5663
8803,-27.5000,-45.7000,84.7000
8804,-27.7026,-45.7069,84.5663
8805,-28.0026,-45.7069,84.5663
8806,-28.3026,-45.7069,84.5663
8807,-28.6026,-46.0069,84.8663
8808,-28.9026,-46.3069,84.8663
8809,-29.2026,-46.3069,84.8663
8810,-29.5026,-46.3069,84.8663
8811,-29.8026,-46.3069,84.8663
8812,-30.1026,-46.6069,85.1663
8813,-30.4026,-46.6069,85.1663
8814,-30.7026,-46.9069,85.1663
8815,-31.0026,-47.2069,85.1663
8816,-31.3026,-47.2069,85.1663
8817,-31.6026,-47.5069,85.1663
8818,-31.9026,-47.8069,85.1663
8819,-31.9026,-48.1069,85.1663
8820,-32.2026,-48.4069,85.1663
8821,-32.5026,-48.7069,84.8663
8822,-32.5026,-49.0069,84.8663
8823,-32.5026,-49.3069,84.8663
8824,-32.8026,-49.6069,84.5663
8825,-32.8026,-49.9069,84.5663
8826,-32.8026,-50.2069,84.5663
8827,-32.8026,-50.5069,84.5663
8828,-32.8026,-50.8069,84.5663
8829,-32.8026,-51.1069,84.5663
8830,-32.8026,-51.4069,84.5663
8831,-32.8026,-51.7069,84.5663
8832,-32.8026,-52.0069,84.5663
8833,-32.5026,-52.3069,84.5663
8834,-32.2026,-52.6069,84.5663
8835,-32.2026,-52.9069,84.5663
8836,-32.2026,-53.2069,84.5663
8837,-31.9026,-53.5069,84.8663
8838,-31.6026,-53.8069,84.8663
8839,-31.3026,-53.8069,84.8663
8840,-31.0026,-54.1069,84.8663
8841,-30.7026,-54.4069,84.5663
8842,-30.4026,-54.7069,84.5663
8843,-30.1026,-54.7069,84.5663
8844,-29.8026,-55.0069,84.5663
8845,-29.5026,-55.3069,84.5663
8846,-29.2026,-55.3069,84.5663
8847,-28.9026,-55.6069,84.5663
8848,-28.6026,-55.6069,84.5663
8849,-28.3026,-55.9069,84.5663
8850,-28.0026,-55.9069,84.5663
8851,-27.7026,-55.9069,84.5663
8852,-27.4026,-55.9069,84.5663
8853,-27.1026,-55.9069,84.5663
8854,-26.8026,-55.9069,84.5663
8855,-26.5026,-55.9069,84.5663
8856,-26.2026,-55.9069,84.5663
8857,-25.9026,-55.9069,84.5663
8858,-25.6026,-55.6069,84.5663
8859,-25.3026,-55.3069,84.5663
8860,-25.0026,-55.3069,84.5663
8861,-24.7026,-55.0069,84.5663
8862,-24.4026,-54.7069,84.5663
8863,-24.1026,-54.4069,84.5663
8864,-24.1097,-52.5676,84.7000
8865,-7.7955,-57.2307,84.7000
8866,-7.2355,-58.0355,84.5000
8867,-5.6478,-58.6654,84.7000
8868,-3.5000,-60.1000,84.7000
8869,-3.7026,-60.1069,84.5663
8870,-4.0026,-59.8069,84.5663
8871,-4.3026,-59.8069,84.5663
8872,-4.6026,-59.8069,84.5663
8873,-4.9026,-59.8069,84.5663
8874,-5.2026,-59.5069,84.5663
8875,-5.5026,-59.5069,84.5663
8876,-5.8026,-59.2069,84.5663
8877,-6.1026,-59.2069,84.5663
8878,-6.4026,-58.9069,84.5663
8879,-6.7026,-58.6069,84.5663
8880,-7.0026,-58.3069,84.5663
8881,-7.3026,-58.0069,84.5663
8882,-7.3026,-57.7069,84.5663
8883,-7.6026,-57.4069,84.5663
8884,-7.6026,-57.1069,84.5663
8885,-7.9026,-56.8069,84.5663
8886,-7.9026,-56.5069,84.5663
8887,-7.9026,-56.2069,84.5663
8888,-7.9026,-55.9069,84.5663
8889,-7.9026,-55.6069,84.5663
8890,-7.9026,-55.3069,84.5663
8891,-7.9026,-55.0069,84.5663
8892,-7.9026,-54.7069,84.5663
8893,-7.9026,-54.4069,84.5663
8894,-7.9026,-54.1069,84.5663
8895,-7.9026,-53.8069,84.5663
8896,-7.9026,-53.5069,84.5663
8897,-7.6026,-53.2069,84.5663
8898,-7.6026,-52.9069,84.5663
8899,-7.3026,-52.6069,84.5663
8900,-7.3026,-52.3069,84.5663
8901,-7.0026,-52.0069,84.5663
8902,-7.0026,-51.7069,84.5663
8903,-6.7026,-51.4069,84.5663
8904,-6.4026,-51.1069,84.5663
8905,-6.1026,-50.8069,84.5663
8906,-5.8026,-50.5069,84.5663
8907,-5.5026,-50.5069,84.5663
8908,-5.2026,-50.2069,84.5663
8909,-4.9026,-50.2069,84.5663
8910,-4.6026,-49.9069,84.5663
8911,-4.3026,-49.9069,84.5663
8912,-4.0026,-49.9069,84.5663
8913,-3.7026,-49.9069,84.5663
8914,-3.4026,-49.9069,84.5663
8915,-3.1026,-49.9069,84.5663
8916,-2.8026,-49.9069,84.5663
8917,-2.5026,-49.9069,84.5663
8918,-2.2026,-49.9069,84.5663
8919,-1.9026,-50.2069,84.5663
8920,-1.6026,-50.2069,84.5663
8921,-1.3026,-50.5069,84.5663
8922,-1.0026,-50.5069,84.5663
8923,-0.7026,-50.8069,84.5663
8924,-0.4026,-51.1069,84.5663
8925,-0.1026,-51.4069,84.5663
8926,0.1974,-51.7069,84.5663
8927,0.1974,-52.0069,84.5663
8928,0.4974,-52.3069,84.5663
8929,0.4974,-52.6069,84.5663
8930,0.7974,-52.9069,84.5663
8931,0.7974,-53.2069,84.5663
8932,0.7974,-53.5069,84.5663
8933,0.7974,-53.8069,84.5663
8934,0.7974,-54.1069,84.5663
8935,0.7974,-54.4069,84.5663
8936,0.7974,-54.7069,84.5663
8937,0.7974,-55.0069,84.5663
8938,0.7974,-55.3069,84.5663
8939,0.7974,-55.6069,84.5663
8940,0.7974,-55.9069,84.5663
8941,0.7974,-56.2069,84.5663
8942,0.7974,-56.5069,84.5663
8943,0.4974,-56.8069,84.5663
8944,0.4974,-57.1069,84.5663
8945,0.4974,-57.4069,84.5663
8946,0.1974,-57.7069,84.5663
8947,0.4974,-57.4069,84.5663
8948,0.4974,-57.1069,84.5663
8949,0.4974,-56.8069,84.5663
8950,0.7974,-56.5069,84.5663
8951,0.7974,-56.2069,84.5663
8952,0.7974,-55.9069,84.5663
8953,0.7974,-55.6069,84.5663
8954,0.7974,-55.3069,84.5663
8955,0.7974,-55.0069,84.5663
8956,0.7974,-54.7069,84.5663
8957,0.7974,-54.4069,84.5663
8958,0.7974,-54.1069,84.5663
8959,0.7974,-53.8069,84.5663
8960,0.7974,-53.5069,84.5663
8961,23.1000,-52.1000,84.9000
8962,23.2974,-52.0069,84.8663
8963,23.5974,-52.0069,84.8663
8964,23.8974,-52.0069,84.8663
8965,24.1974,-52.0069,84.8663
8966,24.4974,-52.3069,84.5663
8967,24.7974,-52.6069,84.5663
8968,25.0974,-52.6069,84.5663
8969,25.3974,-52.6069,84.5663
8970,25.6974,-52.6069,84.5663
8971,25.9974,-52.6069,84.5663
8972,25.6974,-52.6069,84.5663
8973,25.3974,-52.6069,84.5663
8974,25.0974,-52.6069,84.5663
8975,24.7974,-52.6069,84.5663
8976,24.4974,-52.6069,84.2663
8977,24.1974,-52.6069,84.2663
8978,23.8974,-52.6069,83.9663
8979,23.5974,-52.6069,83.9663
8980,23.2974,-52.6069,83.9663
8981,22.9974,-52.6069,83.9663
8982,22.6974,-52.6069,83.9663
8983,22.3974,-52.6069,83.9663
8984,22.0974,-52.9069,83.9663
8985,21.7974,-52.9069,83.9663
8986,21.4974,-53.2069,83.9663
8987,21.1974,-53.5069,83.9663
8988,20.8974,-53.8069,83.9663
8989,20.5974,-53.8069,83.9663
8990,20.2974,-53.8069,83.9663
8991,19.9974,-53.8069,83.9663
8992,19.6974,-53.8069,83.9663
8993,19.3974,-53.8069,83.9663
8994,19.0974,-53.8069,83.9663
8995,18.7974,-54.1069,83.9663
8996,18.4974,-54.1069,83.9663
8997,18.1974,-54.4069,83.9663
8998,17.8974,-54.4069,83.9663
8999,17.5974,-54.7069,83.9663
9000,17.2974,-55.0069,83.9663
9001,16.9974,-55.3069,83.9663
9002,16.6974,-55.6069,83.9663
9003,16.6974,-55.9069,83.9663
9004,16.3974,-56.2069,83.9663
9005,16.3974,-56.5069,83.9663
9006,16.0974,-56.8069,83.9663
9007,16.0974,-57.1069,83.9663
9008,15.7974,-57.4069,83.9663
9009,15.7974,-57.7069,83.9663
9010,15.7974,-58.0069,83.9663
9011,15.7974,-58.3069,83.9663
9012,15.7974,-58.6069,83.9663
9013,15.7974,-58.9069,83.9663
9014,15.4974,-59.2069,83.6663
9015,15.4974,-59.5069,83.6663
9016,15.4974,-59.8069,83.6663
9017,15.4974,-60.1069,83.6663
9018,15.4974,-60.4069,83.6663
9019,15.7974,-60.7069,83.6663
9020,15.7974,-61.0069,83.6663
9021,15.7974,-61.3069,83.6663
9022,16.0974,-61.6069,83.6663
9023,16.0974,-61.9069,83.6663
9024,16.3974,-62.2069,83.6663
9025,16.6974,-62.5069,83.6663
9026,16.9974,-62.8069,83.9663
9027,17.2974,-63.1069,83.9663
9028,17.5974,-63.4069,83.9663
9029,17.8974,-63.4069,83.9663
9030,18.1974,-63.7069,83.9663
9031,18.4974,-63.7069,83.9663
9032,18.7974,-64.0069,84.2663
9033,19.0974,-64.0069,84.2663
9034,19.3974,-64.0069,84.2663
9035,19.6974,-64.0069,84.2663
9036,19.9974,-64.0069,84.2663
9037,20.2974,-64.0069,84.2663
9038,20.5974,-64.0069,84.2663
9039,20.8974,-64.0069,84.2663
9040,21.1974,-64.0069,84.2663
9041,21.4974,-63.7069,84.5663
9042,21.7974,-63.7069,84.5663
9043,22.0974,-64.0069,84.2663
9044,22.3974,-64.3069,83.9663
9045,22.6974,-64.6069,83.9663
9046,22.9974,-64.9069,83.6663
9047,23.2974,-64.9069,83.6663
9048,23.5974,-64.9069,83.6663
9049,23.8974,-64.9069,83.6663
9050,24.1974,-64.9069,83.6663
9051,24.4974,-64.9069,83.6663
9052,24.7974,-64.9069,83.6663
9053,25.0974,-64.9069,83.6663
9054,25.3974,-64.9069,83.6663
9055,25.6974,-64.9069,83.6663
9056,25.9974,-64.9069,83.6663
9057,26.2974,-64.9069,83.6663
9058,26.5974,-64.9069,83.6663
9059,26.8974,-64.9069,83.6663
9060,27.1974,-64.9069,83.6663
9061,27.4974,-65.2069,83.6663
9062,27.7974,-65.2069,83.6663
9063,28.0974,-65.2069,83.6663
9064,28.3974,-65.2069,83.6663
9065,28.6974,-65.2069,83.6663
9066,28.9974,-65.2069,83.6663
9067,29.2974,-65.2069,83.6663
9068,29.5974,-65.2069,83.6663
9069,29.8974,-65.2069,83.6663
9070,30.1974,-65.2069,83.6663
9071,30.4974,-65.2069,83.6663
9072,30.7974,-65.2069,83.6663
9073,31.0974,-65.2069,83.6663
9074,31.3974,-65.2069,83.6663
9075,31.6974,-65.2069,83.6663
9076,31.9974,-65.2069,83.6663
9077,32.2974,-65.2069,83.6663
9078,32.5974,-65.5069,83.6663
9079,32.8974,-65.8069,83.6663
9080,33.1974,-65.8069,83.6663
9081,33.4974,-66.1069,83.6663
9082,33.7974,-66.1069,83.6663
9083,34.0974,-66.1069,83.6663
9084,34.3974,-66.1069,83.6663
9085,34.6974,-66.1069,83.6663
9086,34.9974,-66.1069,83.6663
9087,35.2974,-66.1069,83.6663
9088,35.5974,-66.1069,83.6663
9089,35.8974,-66.1069,83.9663
9090,36.1974,-66.1069,83.9663
9091,36.4974,-66.1069,84.2663
9092,36.7974,-66.1069,84.2663
9093,37.0974,-66.1069,84.2663
9094,37.3974,-66.1069,84.2663
9095,37.6974,-66.1069,84.2663
9096,37.9974,-66.1069,84.2663
9097,38.2974,-66.1069,84.2663
9098,38.5974,-65.8069,84.5663
9099,38.8974,-66.1069,84.8663
9100,39.1974,-66.1069,84.8663
9101,39.4974,-66.4069,84.8663
9102,39.7974,-66.4069,84.8663
9103,40.0974,-66.7069,84.8663
9104,40.3974,-66.7069,84.8663
9105,40.6974,-67.0069,84.8663
9106,40.9974,-67.0069,84.8663
9107,41.2974,-67.3069,84.8663
9108,41.5974,-67.3069,84.8663
9109,41.8974,-67.6069,84.8663
9110,42.1974,-67.6069,84.8663
9111,48.1693,-67.5955,84.7000
9112,48.4974,-67.9069,84.5663
9113,48.7974,-67.9069,84.5663
9114,49.0974,-67.9069,84.5663
9115,49.3974,-67.9069,84.5663
9116,49.6974,-68.2069,84.5663
9117,49.9974,-68.5069,84.5663
9118,50.2974,-68.5069,84.5663
9119,50.5974,-68.5069,84.5663
9120,50.8974,-68.5069,84.5663
9121,51.1974,-68.5069,84.5663
9122,51.4974,-68.5069,84.5663
9123,51.7974,-68.5069,84.5663
9124,52.0974,-68.5069,84.5663
9125,52.3974,-68.5069,84.5663
9126,52.6974,-68.5069,84.5663
9127,52.9974,-68.5069,84.5663
9128,53.2974,-68.5069,84.5663
9129,53.5974,-68.5069,84.5663
9130,53.8974,-68.5069,84.5663
9131,54.1974,-68.5069,84.5663
9132,54.4974,-68.5069,84.5663
9133,54.7974,-68.5069,84.5663
9134,55.0974,-68.5069,84.5663
9135,55.3974,-68.5069,84.5663
9136,55.6974,-68.5069,84.5663
9137,55.9974,-68.5069,84.5663
9138,56.2974,-68.8069,84.5663
9139,56.5974,-69.1069,84.5663
9140,56.8974,-69.1069,84.5663
9141,57.1974,-69.4069,84.5663
9142,57.4974,-69.4069,84.5663
9143,57.7974,-69.4069,84.5663
9144,58.0974,-69.4069,84.5663
9145,58.3974,-69.4069,84.5663
9146,58.6974,-69.4069,84.5663
9147,58.9974,-69.4069,84.5663
9148,59.2974,-69.4069,84.5663
9149,59.5974,-69.7069,84.5663
9150,59.8974,-69.7069,84.5663
9151,60.1974,-70.0069,84.5663
9152,60.4974,-70.0069,84.5663
9153,60.7974,-70.0069,84.5663
9154,61.0974,-70.0069,84.5663
9155,61.3974,-70.0069,84.5663
9156,61.6974,-70.0069,84.5663
9157,61.9974,-70.0069,84.5663
9158,62.2974,-70.0069,84.5663
9159,62.5974,-70.0069,84.5663
9160,62.8974,-70.0069,84.5663
9161,63.1974,-70.3069,84.5663
9162,63.4974,-70.3069,84.5663
9163,63.7974,-70.6069,84.5663
9164,64.0974,-70.6069,84.5663
9165,64.3974,-70.9069,84.5663
9166,64.6974,-70.9069,84.5663
9167,64.9974,-71.2069,84.5663
9168,65.2974,-71.5069,84.5663
9169,65.5974,-71.5069,84.5663
9170,65.8974,-71.8069,84.5663
9171,66.1974,-71.8069,84.5663
9172,66.4974,-72.1069,84.5663
9173,66.7974,-72.1069,84.5663
9174,67.0974,-72.1069,84.5663
9175,67.3974,-72.1069,84.5663
9176,67.6974,-72.1069,84.5663
9177,67.9974,-72.1069,84.5663
9178,68.2974,-72.1069,84.5663
9179,68.5974,-72.1069,84.5663
9180,68.8974,-71.8069,84.5663
9181,69.1974,-71.8069,84.5663
9182,69.4974,-71.8069,84.5663
9183,69.7974,-71.5069,84.5663
9184,70.0974,-71.2069,84.5663
9185,70.3974,-71.2069,84.5663
9186,70.6974,-70.9069,84.5663
9187,70.9974,-70.6069,84.5663
9188,71.2974,-70.6069,84.5663
9189,71.5974,-70.6069,84.5663
9190,71.8974,-70.3069,84.5663
9191,71.8974,-70.0069,84.5663
9192,72.1974,-69.7069,84.5663
9193,72.4974,-69.4069,84.5663
9194,72.4974,-69.1069,84.5663
9195,72.7974,-68.8069,84.5663
9196,72.7974,-68.5069,84.5663
9197,72.7974,-68.2069,84.5663
9198,73.0974,-67.9069,84.5663
9199,73.0974,-67.6069,84.5663
9200,73.0974,-67.3069,84.5663
9201,73.0974,-67.0069,84.5663
9202,73.0974,-66.7069,84.5663
9203,73.0974,-66.4069,84.5663
9204,73.0974,-66.1069,84.5663
9205,72.7974,-65.8069,84.5663
9206,72.7974,-65.5069,84.5663
9207,72.7974,-65.2069,84.5663
9208,72.4974,-64.9069,84.5663
9209,72.4974,-64.6069,84.5663
9210,72.1974,-64.3069,84.5663
9211,71.8974,-64.0069,84.5663
9212,71.5974,-63.7069,84.5663
9213,71.2974,-63.4069,84.5663
9214,70.9974,-63.1069,84.5663
9215,70.6974,-62.8069,84.5663
9216,70.3974,-62.5069,84.5663
9217,70.0974,-62.2069,84.5663
9218,69.7974,-61.9069,84.5663
9219,69.4974,-61.6069,84.5663
9220,69.1974,-61.3069,84.5663
9221,68.8974,-61.0069,84.5663
9222,68.5974,-60.7069,84.5663
9223,68.2974,-60.4069,84.5663
9224,67.9974,-60.1069,84.5663
9225,67.6974,-59.8069,84.5663
9226,67.3974,-59.5069,84.5663
9227,67.0974,-59.5069,84.5663
9228,66.7974,-59.2069,84.5663
9229,66.4974,-59.2069,84.5663
9230,66.1974,-59.2069,84.5663
9231,65.8974,-59.2069,84.5663
9232,65.5974,-59.2069,84.5663
9233,65.2974,-59.2069,84.5663
9234,64.9974,-59.2069,84.5663
9235,64.6974,-59.2069,84.5663
9236,64.3974,-59.2069,84.5663
9237,64.0974,-58.9069,84.5663
9238,63.7974,-58.9069,84.5663
9239,63.4974,-58.6069,84.5663
9240,63.1974,-58.6069,84.5663
9241,62.8974,-58.6069,84.5663
9242,62.5974,-58.6069,84.5663
9243,62.2974,-58.6069,84.5663
9244,61.9974,-58.6069,84.5663
9245,61.6974,-58.6069,84.5663
9246,61.3974,-58.6069,84.5663
9247,61.0974,-58.6069,84.5663
9248,60.7974,-58.3069,84.5663
9249,60.4974,-58.3069,84.5663
9250,60.1974,-58.0069,84.5663
9251,59.8974,-58.0069,84.5663
9252,59.5974,-58.0069,84.5663
9253,59.2974,-58.0069,84.5663
9254,58.9974,-58.0069,84.5663
9255,58.6974,-58.0069,84.5663
9256,58.3974,-58.0069,84.5663
9257,58.0974,-58.0069,84.5663
9258,57.7974,-58.0069,84.5663
9259,57.4974,-58.0069,84.5663
9260,57.1974,-58.0069,84.5663
9261,56.8974,-58.0069,84.5663
9262,56.5974,-58.0069,84.5663
9263,56.2974,-58.0069,84.5663
9264,55.9974,-57.7069,84.5663
9265,55.6974,-57.4069,84.5663
9266,55.3974,-57.1069,84.5663
9267,55.0974,-57.1069,84.5663
9268,54.7974,-57.1069,84.5663
9269,54.4974,-56.8069,84.5663
9270,54.1974,-56.8069,84.5663
9271,53.8974,-56.8069,84.5663
9272,53.5974,-56.8069,84.5663
9273,53.2974,-56.8069,84.5663
9274,52.9974,-56.8069,84.5663
9275,52.6974,-56.8069,84.5663
9276,52.3974,-56.8069,84.5663
9277,52.0974,-56.8069,84.5663
9278,51.7974,-56.8069,84.5663
9279,51.4974,-56.5069,84.5663
9280,51.1974,-56.5069,84.5663
9281,50.8974,-56.5069,84.5663
9282,50.5974,-56.5069,84.5663
9283,50.2974,-56.5069,84.5663
9284,49.9974,-56.5069,84.5663
9285,49.6974,-56.5069,84.5663
9286,49.3974,-56.5069,84.5663
9287,49.0974,-56.5069,84.5663
9288,48.7974,-56.5069,84.5663
9289,48.4974,-56.2069,84.5663
9290,48.1974,-56.2069,84.5663
9291,47.8974,-56.2069,84.5663
9292,47.5974,-55.9069,84.5663
9293,47.2974,-55.9069,84.5663
9294,46.9974,-55.9069,84.5663
9295,46.6974,-55.9069,84.5663
9296,46.3974,-55.9069,84.5663
9297,46.0974,-55.9069,84.5663
9298,45.7974,-55.9069,84.5663
9299,45.4974,-55.9069,84.5663
9300,45.1974,-55.9069,84.5663
9301,44.8974,-55.9069,84.5663
9302,44.5974,-55.9069,84.5663
9303,44.2974,-55.9069,84.5663
9304,43.9974,-55.9069,84.5663
9305,43.6974,-55.9069,84.5663
9306,43.3974,-55.9069,84.5663
9307,43.0974,-55.6069,84.5663
9308,42.7974,-55.6069,84.5663
9309,42.4974,-55.6069,84.5663
9310,42.1974,-55.6069,84.5663
9311,41.8974,-55.6069,84.5663
9312,41.5974,-55.6069,84.5663
9313,41.2974,-55.6069,84.5663
9314,40.9974,-55.6069,84.5663
9315,40.9974,-55.3069,84.5663
9316,40.9974,-55.0069,84.5663
9317,40.9974,-54.7069,84.5663
9318,40.9974,-54.4069,84.8663
9319,40.9974,-54.1069,85.1663
9320,40.9974,-53.8069,85.4663
9321,40.9974,-53.5069,85.4663
9322,40.9974,-53.2069,85.4663
9323,40.9974,-52.9069,85.7663
9324,40.9974,-52.6069,86.0663
9325,40.9974,-52.3069,86.3663
9326,41.2974,-52.0069,86.6663
9327,41.2974,-51.7069,86.9663
9328,41.2974,-51.4069,87.2663
9329,41.2974,-51.1069,87.5663
9330,41.2974,-50.8069,87.8663
9331,41.2974,-50.5069,88.1663
9332,41.2974,-50.2069,88.4663
9333,41.2974,-50.2069,88.7663
9334,41.2974,-49.9069,89.0663
9335,41.2974,-49.6069,89.3663
9336,41.2974,-49.6069,89.6663
9337,41.2974,-49.3069,89.9663
9338,41.2974,-49.3069,90.2663
9339,41.2974,-49.3069,90.5663
9340,41.2974,-49.3069,90.8663
9341,41.2974,-49.3069,91.1663
9342,41.2974,-49.3069,91.4663
9343,41.2974,-49.3069,91.7663
9344,41.2974,-49.3069,92.0663
9345,41.2974,-49.3069,92.3663
9346,41.2974,-49.3069,92.6663
9347,41.2974,-49.6069,92.9663
9348,41.2974,-49.6069,93.2663
9349,41.2974,-49.9069,93.5663
9350,41.2974,-50.2069,93.8663
9351,41.2974,-50.5069,94.1663
9352,41.2974,-50.8069,94.4663
9353,41.2974,-51.1069,94.4663
9354,40.9974,-51.4069,94.7663
9355,40.6974,-51.7069,95.0663
9356,40.6974,-52.0069,95.0663
9357,40.6974,-52.3069,95.0663
9358,40.6974,-52.6069,95.0663
9359,40.6974,-52.9069,95.0663
9360,40.6974,-53.2069,95.0663
9361,40.6974,-53.5069,95.0663
9362,40.6974,-53.8069,95.0663
9363,40.6974,-54.1069,95.0663
9364,40.6974,-54.4069,95.0663
9365,40.6974,-54.7069,95.0663
9366,40.6974,-55.0069,95.0663
9367,40.6974,-55.3069,95.0663
9368,40.6974,-55.6069,95.0663
9369,40.6974,-55.9069,95.0663
9370,40.6974,-56.2069,95.0663
9371,40.6974,-56.5069,95.0663
9372,40.6974,-56.8069,95.0663
9373,40.6974,-57.1069,95.0663
9374,40.6974,-57.4069,95.0663
9375,40.6974,-57.7069,95.0663
9376,40.6974,-58.0069,95.0663
9377,40.6974,-58.3069,95.0663
9378,40.3974,-58.6069,95.0663
9379,40.3974,-58.9069,95.0663
9380,40.0974,-59.2069,95.0663
9381,40.0974,-59.5069,95.0663
9382,40.0974,-59.8069,95.0663
9383,40.0974,-60.1069,95.0663
9384,40.0974,-60.4069,95.0663
9385,39.7974,-60.7069,95.0663
9386,39.7974,-61.0069,95.0663
9387,39.4974,-61.3069,95.0663
9388,39.4974,-61.6069,95.0663
9389,39.1974,-61.9069,95.0663
9390,39.1974,-62.2069,95.0663
9391,39.1974,-62.5069,95.0663
9392,39.1974,-62.8069,95.0663
9393,39.1974,-63.1069,95.0663
9394,39.1974,-63.4069,94.7663
9395,39.1974,-63.7069,94.7663
9396,39.1974,-64.0069,94.7663
9397,39.1974,-64.3069,94.4663
9398,39.1974,-64.6069,94.1663
9399,39.1974,-64.9069,94.1663
9400,39.1974,-65.2069,93.8663
9401,39.1974,-65.5069,93.5663
9402,39.1974,-65.5069,93.2663
9403,39.1974,-65.8069,92.9663
9404,39.1974,-66.1069,92.6663
9405,39.1974,-66.1069,92.3663
9406,39.1974,-66.4069,92.0663
9407,39.1974,-66.7069,91.7663
9408,39.1974,-66.7069,91.4663
9409,39.1974,-67.0069,91.1663
9410,39.1974,-67.0069,90.8663
9411,39.1974,-67.3069,90.5663
9412,39.1974,-67.3069,90.2663
9413,39.1974,-67.3069,89.9663
9414,39.1974,-67.3069,89.6663
9415,39.1974,-67.3069,89.3663
9416,39.1974,-67.3069,89.0663
9417,39.1974,-67.3069,88.7663
9418,39.1974,-67.3069,88.4663
9419,39.4974,-67.3069,88.1663
9420,39.7974,-67.3069,87.8663
9421,40.0974,-67.3069,87.5663
9422,40.3974,-67.6069,87.8663
9423,40.6974,-67.6069,88.1663
9424,40.9974,-67.6069,88.4663
9425,41.2974,-67.6069,88.7663
9426,41.5974,-67.6069,89.0663
9427,41.8974,-67.6069,89.3663
9428,42.1974,-67.9069,89.6663
9429,42.4974,-67.9069,89.9663
9430,42.7974,-67.9069,90.2663
9431,43.0974,-67.9069,90.5663
9432,43.3974,-67.9069,90.8663
9433,43.6974,-67.9069,91.1663
9434,43.9974,-67.9069,91.4663
9435,44.2974,-67.9069,91.7663
9436,44.5974,-67.9069,92.0663
9437,44.8974,-67.6069,92.3663
9438,45.1974,-67.3069,92.6663
9439,45.4974,-67.0069,92.9663
9440,45.7974,-66.7069,93.2663
9441,46.0974,-66.4069,93.5663
9442,46.3974,-66.1069,93.8663
9443,46.6974,-65.8069,94.1663
9444,46.9974,-65.5069,94.4663
9445,47.2974,-65.5069,94.4663
9446,47.5974,-65.5069,94.4663
9447,47.8974,-65.5069,94.4663
9448,48.1974,-65.5069,94.4663
9449,48.4974,-65.2069,94.7663
9450,48.7974,-65.2069,94.7663
9451,49.0974,-65.2069,94.7663
9452,49.3974,-65.2069,94.7663
9453,49.6974,-65.2069,94.7663
9454,49.9974,-65.2069,94.7663
9455,50.2974,-65.2069,94.7663
9456,50.5974,-64.9069,95.0663
9457,50.8974,-64.6069,95.0663
9458,51.1974,-64.3069,95.0663
9459,51.4974,-64.0069,95.0663
9460,51.7974,-63.7069,95.0663
9461,52.0974,-63.4069,95.0663
9462,52.3974,-63.1069,95.0663
9463,52.6974,-62.8069,94.7663
9464,52.9974,-62.5069,94.7663
9465,53.2974,-62.2069,94.4663
9466,53.5974,-61.9069,94.4663
9467,53.8974,-61.9069,94.4663
9468,54.1974,-61.9069,94.4663
9469,54.4974,-61.9069,94.4663
9470,54.7974,-61.9069,94.4663
9471,55.0974,-61.9069,94.4663
9472,55.3974,-61.9069,94.4663
9473,55.6974,-61.9069,94.4663
9474,55.9974,-61.9069,94.4663
9475,56.2974,-61.9069,94.4663
9476,56.5974,-61.9069,94.4663
9477,56.8974,-61.9069,94.4663
9478,57.1974,-61.9069,94.4663
9479,57.4974,-61.9069,94.4663
9480,57.7974,-61.9069,94.4663
9481,58.0974,-61.9069,94.4663
9482,58.3974,-61.9069,94.4663
9483,58.6974,-61.9069,94.4663
9484,58.9974,-61.9069,94.4663
9485,59.2974,-61.9069,94.4663
9486,59.5974,-61.9069,94.4663
9487,59.8974,-61.9069,94.4663
9488,60.1974,-61.9069,94.4663
9489,60.4974,-61.9069,94.4663
9490,60.7974,-61.9069,94.4663
9491,61.0974,-61.9069,94.4663
9492,61.3974,-61.9069,94.4663
9493,61.6974,-61.9069,94.4663
9494,61.9974,-61.9069,94.4663
9495,62.2974,-61.9069,94.4663
9496,62.5974,-61.9069,94.4663
9497,62.8974,-61.9069,94.4663
9498,63.1974,-61.9069,94.4663
9499,63.4974,-61.9069,94.4663
9500,63.7974,-61.9069,94.4663
9501,64.0974,-61.9069,94.4663
9502,64.3974,-61.9069,94.4663
9503,64.6974,-61.9069,94.4663
9504,64.9974,-61.6069,94.1663
9505,65.2974,-61.6069,94.1663
9506,65.5974,-61.6069,94.1663
9507,65.8974,-61.6069,94.1663
9508,66.1974,-61.3069,94.1663
9509,66.4974,-61.0069,94.1663
9510,66.7974,-60.7069,94.1663
9511,67.0974,-60.4069,94.1663
9512,67.3974,-60.4069,94.1663
9513,67.6974,-60.7069,93.8663
9514,67.9974,-60.7069,93.8663
9515,68.2974,-61.0069,93.5663
9516,68.5974,-61.3069,93.2663
9517,68.8974,-61.6069,92.9663
9518,69.1974,-61.6069,92.6663
9519,69.4974,-61.6069,92.3663
9520,69.7974,-61.6069,92.0663
9521,69.7974,-61.6069,91.7663
9522,70.0974,-61.6069,91.4663
9523,70.0974,-61.6069,91.1663
9524,70.0974,-61.6069,90.8663
9525,70.3974,-61.9069,90.5663
9526,70.3974,-61.9069,90.2663
9527,70.3974,-61.9069,89.9663
9528,70.3974,-61.9069,89.6663
9529,70.3974,-61.9069,89.3663
9530,70.3974,-61.9069,89.0663
9531,70.3974,-61.9069,88.7663
9532,70.3974,-61.9069,88.4663
9533,70.3974,-61.9069,88.1663
9534,70.0974,-62.2069,87.8663
9535,70.0974,-62.2069,87.5663
9536,70.7284,-63.6716,87.7000
9537,70.9974,-64.0069,87.5663
9538,71.2974,-64.3069,87.5663
9539,71.5974,-64.6069,87.5663
9540,71.5974,-64.9069,87.5663
9541,71.8974,-65.2069,87.8663
9542,71.8974,-65.5069,87.8663
9543,72.1974,-65.8069,87.8663
9544,72.1974,-66.1069,87.8663
9545,72.1974,-66.4069,87.8663
9546,72.1974,-66.7069,87.8663
9547,72.1974,-67.0069,87.8663
9548,72.1974,-67.3069,87.8663
9549,72.1974,-67.6069,87.8663
9550,72.1974,-67.9069,87.8663
9551,72.1974,-68.2069,87.8663
9552,71.8974,-68.5069,87.8663
9553,71.8974,-68.8069,87.8663
9554,71.5974,-69.1069,87.8663
9555,71.5974,-69.4069,87.8663
9556,71.5974,-69.7069,87.8663
9557,71.2974,-70.0069,87.8663
9558,70.9974,-70.3069,87.8663
9559,70.6974,-70.6069,87.5663
9560,70.3974,-70.9069,87.5663
9561,70.0974,-71.2069,87.2663
9562,69.7974,-71.2069,87.2663
9563,69.4974,-71.5069,87.2663
9564,69.1974,-71.5069,87.2663
9565,68.8974,-71.8069,87.2663
9566,68.5974,-71.8069,87.2663
9567,68.2974,-71.8069,87.2663
9568,67.9974,-71.8069,87.2663
9569,67.6974,-71.8069,87.2663
9570,67.3974,-71.8069,87.2663
9571,67.0974,-71.8069,87.2663
9572,66.7974,-71.8069,87.2663
9573,66.4974,-71.8069,87.2663
9574,66.1974,-71.8069,87.2663
9575,65.8974,-71.8069,87.2663
9576,65.5974,-71.8069,87.2663
9577,65.2974,-71.8069,87.2663
9578,64.9974,-71.8069,87.2663
9579,64.6974,-71.5069,87.2663
9580,64.3974,-71.5069,87.2663
9581,64.0974,-71.5069,87.2663
9582,63.7974,-71.2069,87.5663
9583,63.4974,-71.2069,87.5663
9584,63.1974,-71.2069,87.5663
9585,62.8974,-71.2069,87.5663
9586,62.5974,-71.2069,87.5663
9587,62.2974,-71.2069,87.5663
9588,61.9974,-71.2069,87.5663
9589,61.6974,-71.2069,87.5663
9590,61.3974,-71.2069,87.5663
9591,61.0974,-71.2069,87.5663
9592,60.7974,-71.2069,87.5663
9593,60.4974,-71.2069,87.5663
9594,60.1974,-71.2069,87.5663
9595,59.8974,-71.2069,87.5663
9596,59.5974,-71.2069,87.5663
9597,59.2974,-71.2069,87.5663
9598,58.9974,-71.2069,87.5663
9599,58.6974,-71.2069,87.5663
9600,58.3974,-71.2069,87.5663
9601,58.0974,-71.2069,87.5663
9602,57.7974,-71.2069,87.5663
9603,57.4974,-71.2069,87.5663
9604,57.1974,-71.2069,87.5663
9605,56.8974,-71.2069,87.5663
9606,56.5974,-71.2069,87.5663
9607,56.2974,-71.2069,87.5663
9608,55.9974,-71.2069,87.5663
9609,55.6974,-71.2069,87.5663
9610,55.3974,-71.2069,87.5663
9611,55.0974,-71.2069,87.5663
9612,54.7974,-71.2069,87.5663
9613,54.4974,-71.2069,87.5663
9614,54.1974,-71.2069,87.5663
9615,53.8974,-71.2069,87.5663
9616,53.5974,-71.2069,87.5663
9617,53.2974,-71.2069,87.5663
9618,52.9974,-71.2069,87.5663
9619,52.6974,-71.2069,87.5663
9620,52.3974,-71.2069,87.5663
9621,52.0974,-71.2069,87.5663
9622,51.7974,-71.2069,87.5663
9623,51.4974,-71.2069,87.5663
9624,51.1974,-71.2069,87.5663
9625,50.8974,-71.2069,87.5663
9626,50.5974,-71.2069,87.5663
9627,50.2974,-71.2069,87.5663
9628,49.9974,-71.2069,87.5663
9629,49.6974,-71.2069,87.5663
9630,49.3974,-71.2069,87.5663
9631,49.0974,-71.2069,87.5663
9632,48.7974,-71.2069,87.5663
9633,48.4974,-71.2069,87.5663
9634,48.1974,-71.2069,87.5663
9635,47.8974,-71.2069,87.5663
9636,47.5974,-71.2069,87.5663
9637,47.2974,-71.2069,87.5663
9638,46.9974,-71.2069,87.5663
9639,46.6974,-71.2069,87.5663
9640,46.3974,-71.2069,87.5663
9641,46.0974,-71.2069,87.5663
9642,45.7974,-71.2069,87.5663
9643,45.4974,-71.2069,87.5663
9644,45.1974,-70.9069,87.5663
9645,44.8974,-70.9069,87.5663
9646,44.5974,-70.6069,87.5663
9647,44.2974,-70.6069,87.5663
9648,43.9974,-70.3069,87.5663
9649,43.6974,-70.3069,87.5663
9650,43.3974,-70.3069,87.5663
9651,43.0974,-70.0069,87.5663
9652,42.7974,-70.0069,87.5663
9653,42.4974,-69.7069,87.5663
9654,42.1974,-69.7069,87.5663
9655,41.8974,-69.4069,87.5663
9656,41.5974,-69.4069,87.5663
9657,41.2974,-69.1069,87.5663
9658,40.9974,-69.1069,87.5663
9659,40.6974,-68.8069,87.5663
9660,40.3974,-68.8069,87.5663
9661,40.0974,-68.8069,87.5663
9662,39.7974,-68.5069,87.5663
9663,39.4974,-68.5069,87.5663
9664,39.1974,-68.2069,87.5663
9665,38.8974,-68.2069,87.5663
9666,38.5974,-67.9069,87.5663
9667,38.2974,-67.9069,87.5663
9668,37.9974,-67.6069,87.5663
9669,37.6974,-67.6069,87.5663
9670,37.3974,-67.6069,87.5663
9671,37.0974,-67.3069,87.5663
9672,37.0974,-67.3069,87.8663
9673,37.0974,-67.3069,88.1663
9674,37.0974,-67.3069,88.4663
9675,37.0974,-67.3069,88.7663
9676,37.0974,-67.3069,89.0663
9677,37.0974,-67.3069,89.3663
9678,37.0974,-67.3069,89.6663
9679,37.0974,-67.3069,89.9663
9680,36.7974,-67.0069,90.2663
9681,36.7974,-67.0069,90.5663
9682,36.7974,-67.0069,90.8663
9683,36.4974,-66.7069,91.1663
9684,36.4974,-66.7069,91.4663
9685,36.1974,-66.4069,91.7663
9686,35.8974,-66.1069,92.0663
9687,35.5974,-65.8069,92.3663
9688,35.2974,-65.5069,92.6663
9689,34.9974,-65.2069,92.9663
9690,34.6974,-64.9069,93.2663
9691,34.3974,-64.6069,93.5663
9692,34.0974,-64.3069,93.8663
9693,33.7974,-64.0069,94.1663
9694,33.7974,-63.7069,94.1663
9695,33.4974,-63.4069,94.4663
9696,33.1974,-63.1069,94.4663
9697,32.8974,-62.8069,94.7663
9698,32.5974,-62.5069,94.7663
9699,32.2974,-62.2069,94.7663
9700,31.9974,-61.9069,95.0663
9701,31.6974,-61.6069,95.0663
9702,31.3974,-61.3069,95.0663
9703,31.0974,-61.0069,95.0663
9704,30.7974,-60.7069,95.0663
9705,30.4974,-60.4069,95.0663
9706,30.1974,-60.1069,95.0663
9707,29.8974,-59.8069,95.0663
9708,29.5974,-59.5069,95.0663
9709,29.2974,-59.2069,95.0663
9710,28.9974,-58.9069,95.0663
9711,28.6974,-58.6069,94.7663
9712,28.3974,-58.3069,94.7663
9713,28.0974,-58.0069,94.4663
9714,27.7974,-57.7069,94.4663
9715,27.4974,-57.4069,94.1663
9716,27.1974,-57.1069,94.1663
9717,26.8974,-56.8069,94.1663
9718,26.5974,-56.5069,94.1663
9719,26.2974,-56.2069,94.1663
9720,25.9974,-55.9069,94.1663
9721,25.6974,-55.6069,94.1663
9722,25.3974,-55.3069,94.1663
9723,25.0974,-55.0069,94.1663
9724,24.7974,-54.7069,94.1663
9725,24.4974,-54.4069,94.1663
9726,24.1974,-54.1069,94.1663
9727,23.8974,-53.8069,94.1663
9728,23.5974,-53.5069,94.1663
9729,23.5974,-53.2069,94.1663
9730,23.5974,-52.9069,94.1663
9731,23.5974,-52.6069,94.1663
9732,23.2974,-52.3069,94.1663
9733,22.9974,-52.0069,94.1663
9734,22.6974,-51.7069,94.1663
9735,22.3974,-51.7069,93.8663
9736,22.0974,-51.7069,93.8663
9737,21.7974,-51.7069,93.5663
9738,21.4974,-51.7069,93.2663
9739,21.1974,-51.7069,92.9663
9740,20.8974,-51.7069,92.6663
9741,20.5974,-51.7069,92.3663
9742,20.5974,-51.7069,92.0663
9743,20.2974,-51.7069,91.7663
9744,20.2974,-51.7069,91.4663
9745,19.9974,-51.7069,91.1663
9746,19.9974,-51.7069,90.8663
9747,19.9974,-51.7069,90.5663
9748,19.9974,-51.7069,90.2663
9749,19.9974,-51.7069,89.9663
9750,19.9974,-51.7069,89.6663
9751,19.9974,-51.7069,89.3663
9752,19.9974,-51.7069,89.0663
9753,19.9974,-51.7069,88.7663
9754,19.9974,-51.7069,88.4663
9755,19.9974,-51.7069,88.1663
9756,19.9974,-51.7069,87.8663
9757,20.2974,-52.0069,87.5663
9758,19.9974,-52.0069,87.5663
9759,19.6974,-52.0069,87.5663
9760,19.3974,-52.0069,87.5663
9761,19.0974,-52.0069,87.5663
9762,18.7974,-52.0069,87.5663
9763,18.4974,-52.0069,87.5663
9764,18.1974,-52.0069,87.5663
9765,17.8974,-52.0069,87.5663
9766,17.5974,-52.0069,87.5663
9767,17.2974,-52.0069,87.5663
9768,16.9974,-52.0069,87.5663
9769,16.6974,-52.0069,87.5663
9770,16.3974,-52.0069,87.5663
9771,16.0974,-52.0069,87.5663
9772,15.7974,-52.3069,87.2663
9773,15.4974,-52.3069,87.2663
9774,15.1974,-52.3069,87.2663
9775,14.8974,-52.3069,87.2663
9776,14.5974,-52.3069,87.2663
9777,14.2974,-52.3069,87.2663
9778,13.9974,-52.3069,87.2663
9779,13.6974,-52.3069,87.2663
9780,13.3974,-52.3069,87.2663
9781,13.0974,-52.3069,87.2663
9782,12.7974,-52.3069,87.2663
9783,12.4974,-52.3069,87.2663
9784,12.1974,-52.3069,87.2663
9785,11.8974,-52.3069,87.2663
9786,11.5974,-52.3069,87.2663
9787,11.2974,-52.3069,87.2663
9788,10.9974,-52.6069,86.9663
9789,10.6974,-52.9069,86.6663
9790,10.3974,-53.2069,86.3663
9791,10.0974,-53.5069,86.0663
9792,9.7974,-53.8069,85.7663
9793,9.4974,-54.1069,85.7663
9794,9.1974,-54.4069,85.4663
9795,8.8974,-54.7069,85.4663
9796,8.5974,-55.0069,85.1663
9797,8.2974,-55.3069,85.1663
9798,7.9974,-55.6069,85.1663
9799,7.6974,-55.9069,84.8663
9800,7.3974,-56.2069,84.8663
9801,7.0974,-56.5069,84.5663
9802,6.7974,-56.8069,84.5663
9803,6.4974,-56.8069,84.5663
9804,6.1974,-56.8069,84.5663
9805,5.8974,-56.8069,84.5663
9806,5.5974,-56.8069,84.5663
9807,5.2974,-57.1069,84.5663
9808,4.9974,-57.4069,84.5663
9809,4.6974,-57.7069,84.5663
9810,4.3974,-58.0069,84.5663
9811,4.0974,-58.3069,84.5663
9812,3.7974,-58.6069,84.5663
9813,3.4974,-58.9069,84.8663
9814,3.1974,-58.9069,84.8663
9815,2.8974,-59.2069,85.1663
9816,2.5974,-59.5069,85.4663
9817,2.2974,-59.8069,85.7663
9818,1.9974,-60.1069,86.0663
9819,1.9974,-60.1069,86.3663
9820,1.6974,-60.4069,86.6663
9821,1.6974,-60.4069,86.9663
9822,1.6974,-60.7069,87.2663
9823,1.6974,-60.7069,87.5663
9824,1.3974,-60.7069,87.5663
9825,1.0974,-60.7069,87.5663
9826,0.7974,-60.7069,87.5663
9827,0.4974,-60.7069,87.5663
9828,0.1974,-60.7069,87.5663
9829,-0.1026,-60.7069,87.5663
9830,-0.4026,-60.7069,87.5663
9831,-0.7026,-60.7069,87.5663
9832,-1.0026,-60.7069,87.5663
9833,-1.3026,-60.7069,87.5663
9834,-1.6026,-60.7069,87.5663
9835,-1.9026,-60.7069,87.5663
9836,-2.2026,-60.7069,87.5663
9837,-2.5026,-60.7069,87.5663
9838,-2.8026,-60.7069,87.5663
9839,-3.1026,-60.7069,87.5663
9840,-3.4026,-60.7069,87.5663
9841,-3.7026,-60.7069,87.5663
9842,-4.0026,-60.7069,87.5663
9843,-4.3026,-60.7069,87.5663
9844,-4.6026,-60.7069,87.5663
9845,-4.9026,-60.7069,87.5663
9846,-5.2026,-60.7069,87.5663
9847,-5.5026,-60.7069,87.5663
9848,-5.8026,-60.7069,87.5663
9849,-6.1026,-60.7069,87.5663
9850,-6.4026,-60.7069,87.5663
9851,-6.7026,-60.7069,87.5663
9852,-7.0026,-60.7069,87.5663
9853,-7.3026,-60.7069,87.5663
9854,-7.6026,-60.7069,87.5663
9855,-7.9026,-60.7069,87.5663
9856,-8.2026,-60.7069,87.5663
9857,-8.5026,-60.7069,87.5663
9858,-8.8026,-60.7069,87.5663
9859,-9.1026,-60.7069,87.5663
9860,-9.4026,-60.7069,87.5663
9861,-9.7026,-60.7069,87.5663
9862,-10.0026,-60.7069,87.5663
9863,-10.3026,-60.7069,87.5663
9864,-10.6026,-60.7069,87.5663
9865,-10.9026,-60.7069,87.5663
9866,-11.2026,-60.7069,87.5663
9867,-11.5026,-60.7069,87.5663
9868,-11.8026,-60.7069,87.5663
9869,-12.1026,-60.7069,87.5663
9870,-12.4026,-60.7069,87.5663
9871,-12.7026,-60.7069,87.5663
9872,-13.0026,-60.7069,87.5663
9873,-13.3026,-60.7069,87.5663
9874,-13.6026,-60.7069,87.5663
9875,-13.9026,-60.7069,87.5663
9876,-14.2026,-60.7069,87.5663
9877,-14.5026,-60.7069,87.5663
9878,-14.8026,-60.7069,87.5663
9879,-15.1026,-60.7069,87.5663
9880,-15.4026,-60.7069,87.5663
9881,-15.7026,-60.7069,87.5663
9882,-16.0026,-60.7069,87.5663
9883,-16.3026,-60.7069,87.5663
9884,-16.6026,-60.7069,87.5663
9885,-16.9026,-60.7069,87.5663
9886,-17.2026,-60.4069,87.5663
9887,-17.5026,-60.4069,87.5663
9888,-17.8026,-60.4069,87.5663
9889,-18.1026,-60.1069,87.5663
9890,-18.4026,-60.1069,87.5663
9891,-18.7026,-59.8069,87.5663
9892,-19.0026,-59.8069,87.5663
9893,-19.3026,-59.5069,87.5663
9894,-19.6026,-59.5069,87.5663
9895,-19.9026,-59.2069,87.5663
9896,-20.2026,-59.2069,87.5663
9897,-20.5026,-58.9069,87.5663
9898,-20.8026,-58.9069,87.5663
9899,-21.1026,-58.9069,87.5663
9900,-21.4026,-58.6069,87.5663
9901,-21.7026,-58.6069,87.5663
9902,-22.0026,-58.3069,87.5663
9903,-22.3026,-58.3069,87.5663
9904,-22.6026,-58.0069,87.5663
9905,-22.9026,-58.0069,87.5663
9906,-23.2026,-57.7069,87.5663
9907,-23.5026,-57.7069,87.5663
9908,-23.8026,-57.4069,87.5663
9909,-24.1026,-57.4069,87.5663
9910,-24.4026,-57.4069,87.5663
9911,-24.7026,-57.1069,87.5663
9912,-25.0026,-57.1069,87.5663
9913,-25.3026,-56.8069,87.5663
9914,-25.6026,-56.8069,87.5663
9915,-25.9026,-56.5069,87.5663
9916,-26.2026,-56.5069,87.5663
9917,-26.5026,-56.2069,87.5663
9918,-26.8026,-56.2069,87.5663
9919,-27.1026,-55.9069,87.5663
9920,-27.4026,-55.9069,87.5663
9921,-27.7026,-55.9069,87.5663
9922,-28.0026,-55.6069,87.5663
9923,-28.3026,-55.6069,87.5663
9924,-28.6026,-55.6069,87.5663
9925,-28.9026,-55.6069,87.5663
9926,-29.2026,-55.3069,87.5663
9927,-29.5026,-55.3069,87.5663
9928,-29.8026,-55.0069,87.5663
9929,-30.1026,-55.0069,87.5663
9930,-30.4026,-54.7069,87.5663
9931,-30.7026,-54.4069,87.5663
9932,-30.7026,-54.4069,87.8663
9933,-31.0026,-54.4069,88.1663
9934,-31.0026,-54.4069,88.4663
9935,-31.0026,-54.4069,88.7663
9936,-31.0026,-54.4069,89.0663
9937,-31.0026,-54.4069,89.3663
9938,-31.0026,-54.4069,89.6663
9939,-31.0026,-54.4069,89.9663
9940,-31.0026,-54.4069,90.2663
9941,-30.7026,-54.4069,90.5663
9942,-30.4026,-54.7069,90.5663
9943,-30.1026,-55.0069,90.5663
9944,-29.8026,-55.0069,90.5663
9945,-29.5026,-55.3069,90.5663
9946,-29.2026,-55.3069,90.5663
9947,-28.9026,-55.6069,90.5663
9948,-28.6026,-55.6069,90.5663
9949,-28.3026,-55.6069,90.5663
9950,-28.0026,-55.6069,90.5663
9951,-27.7026,-55.6069,90.5663
9952,-27.4026,-55.6069,90.5663
9953,-27.1026,-55.9069,90.5663
9954,-26.8026,-55.9069,90.5663
9955,-26.5026,-55.9069,90.5663
9956,-26.2026,-55.9069,90.5663
9957,-25.9026,-56.2069,90.5663
9958,-25.6026,-56.2069,90.5663
9959,-25.3026,-56.5069,90.5663
9960,-25.0026,-56.8069,90.5663
9961,-24.7026,-56.8069,90.5663
9962,-24.4026,-56.8069,90.5663
9963,-24.1026,-56.8069,90.5663
9964,-23.8026,-56.8069,90.5663
9965,-23.5026,-56.8069,90.5663
9966,-23.2026,-56.8069,90.5663
9967,-22.9026,-56.8069,90.5663
9968,-22.6026,-56.8069,90.5663
9969,-22.3026,-56.8069,90.5663
9970,-22.0026,-57.1069,90.5663
9971,-21.7026,-57.1069,90.5663
9972,-21.4026,-57.1069,90.5663
9973,-21.1026,-57.1069,90.5663
9974,-20.8026,-57.1069,90.5663
9975,-20.5026,-57.4069,90.5663
9976,-20.2026,-57.4069,90.5663
9977,-19.9026,-57.4069,90.5663
9978,-19.6026,-57.4069,90.5663
9979,-19.3026,-57.4069,90.5663
9980,-19.0026,-57.4069,90.5663
9981,-18.7026,-57.4069,90.5663
9982,-18.4026,-57.7069,90.5663
9983,-18.1026,-57.7069,90.5663
9984,-17.8026,-57.7069,90.5663
9985,-17.5026,-57.7069,90.5663
9986,-17.2026,-57.7069,90.5663
9987,-16.9026,-58.0069,90.5663
9988,-16.6026,-58.0069,90.5663
9989,-16.3026,-58.0069,90.5663
9990,-16.0026,-58.0069,90.5663
9991,-15.7026,-58.0069,90.5663
9992,-15.4026,-58.0069,90.5663
9993,-15.1026,-58.3069,90.5663
9994,-14.8026,-58.3069,90.5663
9995,-14.5026,-58.3069,90.5663
9996,-14.2026,-58.3069,90.5663
9997,-13.9026,-58.3069,90.5663
9998,-13.6026,-58.3069,90.5663
9999,-13.3026,-58.6069,90.5663
10000,-13.0026,-58.6069,90.5663
10001,-12.7026,-58.6069,90.5663
10002,-12.4026,-58.6069,90.5663
10003,-12.1026,-58.6069,90.5663
10004,-11.8026,-58.9069,90.5663
10005,-11.5026,-58.9069,90.5663
10006,-11.2026,-58.9069,90.5663
10007,-10.9026,-58.9069,90.5663
10008,-10.6026,-58.9069,90.5663
10009,-7.4900,-59.5042,90.7000
10010,-7.3026,-59.5069,90.5663
10011,-7.0026,-59.5069,90.5663
10012,-6.7026,-59.5069,90.5663
10013,-6.4026,-59.5069,90.5663
10014,-6.1026,-59.8069,90.8663
10015,-5.8026,-60.1069,90.8663
10016,-5.5026,-60.1069,90.8663
10017,-5.2026,-60.1069,90.8663
10018,-4.9026,-60.1069,90.8663
10019,-4.6026,-60.1069,90.8663
10020,-4.3026,-60.1069,90.8663
10021,-4.0026,-60.1069,90.8663
10022,-3.7026,-60.1069,90.8663
10023,-3.4026,-60.4069,91.1663
10024,-3.1026,-60.7069,91.1663
10025,-2.8026,-60.7069,91.1663
10026,-2.5026,-60.7069,91.1663
10027,-2.2026,-60.7069,91.1663
10028,-1.9026,-60.7069,91.1663
10029,-1.6026,-60.7069,91.1663
10030,-1.3026,-60.7069,91.1663
10031,-1.0026,-60.7069,91.1663
10032,-0.7026,-60.7069,91.1663
10033,-0.4026,-60.7069,91.1663
10034,-0.1026,-60.7069,91.1663
10035,0.1974,-60.7069,91.1663
10036,0.4974,-60.7069,91.1663
10037,0.7974,-60.7069,91.1663
10038,1.0974,-60.7069,91.1663
10039,1.3974,-60.7069,91.1663
10040,1.6974,-60.7069,91.1663
10041,1.9974,-60.7069,91.1663
10042,2.2974,-61.0069,91.1663
10043,2.5974,-61.0069,91.1663
10044,2.8974,-61.0069,91.1663
10045,3.1974,-61.3069,91.4663
10046,3.4974,-61.6069,91.7663
10047,3.7974,-61.9069,92.0663
10048,4.0974,-62.2069,92.0663
10049,4.3974,-62.5069,92.3663
10050,4.6974,-62.8069,92.3663
10051,4.9974,-63.1069,92.3663
10052,5.2974,-63.4069,92.3663
10053,5.5974,-63.7069,92.3663
10054,5.8974,-63.7069,92.3663
10055,6.1974,-63.7069,92.3663
10056,6.4974,-63.7069,92.3663
10057,6.7974,-63.7069,92.3663
10058,7.0974,-63.7069,92.3663
10059,7.3974,-63.7069,92.3663
10060,7.6974,-63.7069,92.3663
10061,7.9974,-63.7069,92.3663
10062,8.2974,-63.7069,92.3663
10063,8.5974,-63.7069,92.3663
10064,8.8974,-64.0069,92.3663
10065,9.1974,-64.0069,92.3663
10066,9.4974,-64.0069,92.3663
10067,9.7974,-64.0069,92.3663
10068,10.0974,-64.0069,92.3663
10069,10.3974,-64.0069,92.3663
10070,10.6974,-64.0069,92.3663
10071,10.9974,-64.0069,92.3663
10072,11.2974,-64.0069,92.3663
10073,11.5974,-64.0069,92.3663
10074,11.8974,-64.0069,92.3663
10075,12.1974,-64.0069,92.3663
10076,12.4974,-64.0069,92.3663
10077,12.7974,-64.0069,92.3663
10078,13.0974,-64.3069,92.3663
10079,13.3974,-64.6069,92.3663
10080,13.6974,-64.9069,92.3663
10081,13.9974,-64.9069,92.3663
10082,14.2974,-64.9069,92.3663
10083,14.5974,-64.9069,92.3663
10084,14.8974,-64.9069,92.3663
10085,15.1974,-64.9069,92.3663
10086,15.4974,-64.9069,92.3663
10087,15.7974,-64.9069,92.3663
10088,16.0974,-64.9069,92.3663
10089,16.3974,-64.9069,92.3663
10090,16.6974,-64.9069,92.3663
10091,16.9974,-64.9069,92.3663
10092,17.2974,-64.9069,92.3663
10093,17.5974,-64.9069,92.3663
10094,17.8974,-64.9069,92.3663
10095,18.1974,-64.9069,92.3663
10096,18.4974,-64.9069,92.3663
10097,18.7974,-64.9069,92.3663
10098,19.0974,-64.9069,92.3663
10099,19.3974,-64.9069,92.3663
10100,19.6974,-64.9069,92.3663
10101,19.9974,-64.9069,92.3663
10102,20.2974,-64.9069,92.3663
10103,20.5974,-64.9069,92.3663
10104,20.8974,-64.9069,92.3663
10105,21.1974,-64.9069,92.3663
10106,21.4974,-64.9069,92.3663
10107,21.7974,-65.2069,92.3663
10108,22.0974,-65.5069,92.3663
10109,22.3974,-65.8069,92.3663
10110,22.6974,-66.1069,92.3663
10111,22.9974,-66.4069,92.3663
10112,23.2974,-66.7069,92.3663
10113,23.5974,-67.0069,92.3663
10114,23.8974,-67.0069,92.3663
10115,24.1974,-67.3069,92.3663
10116,24.4974,-67.6069,92.3663
10117,24.7974,-67.9069,92.3663
10118,25.0974,-68.2069,92.3663
10119,25.3974,-68.5069,92.3663
10120,25.6974,-68.8069,92.3663
10121,25.9974,-69.1069,92.3663
10122,26.2974,-69.1069,92.3663
10123,26.5974,-69.1069,92.3663
10124,26.8974,-69.1069,92.3663
10125,27.1974,-69.1069,92.3663
10126,27.4974,-69.1069,92.3663
10127,27.7974,-69.1069,92.3663
10128,28.0974,-69.1069,92.3663
10129,28.3974,-69.1069,92.3663
10130,28.6974,-69.1069,92.3663
10131,28.9974,-69.1069,92.3663
10132,29.2974,-69.1069,92.3663
10133,29.5974,-69.1069,92.3663
10134,29.8974,-69.1069,92.3663
10135,30.1974,-69.1069,92.3663
10136,30.4974,-69.1069,92.3663
10137,30.7974,-69.1069,92.3663
10138,31.0974,-69.1069,92.3663
10139,31.3974,-69.1069,92.3663
10140,31.6974,-69.1069,92.3663
10141,31.9974,-69.1069,92.3663
10142,32.2974,-69.1069,92.3663
10143,32.5974,-69.1069,92.3663
10144,32.8974,-69.1069,92.3663
10145,33.1974,-69.1069,92.3663
10146,33.4974,-69.1069,92.3663
10147,33.7974,-69.1069,92.3663
10148,34.0974,-69.1069,92.3663
10149,34.3974,-69.1069,92.3663
10150,34.6974,-69.1069,92.3663
10151,34.9974,-69.1069,92.3663
10152,35.2974,-69.1069,92.3663
10153,35.5974,-69.1069,92.3663
10154,35.8974,-69.1069,92.3663
10155,36.1974,-69.1069,92.3663
10156,36.4974,-69.1069,92.3663
10157,36.7974,-69.1069,92.3663
10158,37.0974,-69.1069,92.3663
10159,37.3974,-69.1069,92.3663
10160,37.6974,-69.1069,92.3663
10161,37.9974,-69.1069,92.3663
10162,38.2974,-69.1069,92.3663
10163,38.5974,-69.1069,92.3663
10164,38.8974,-69.1069,92.3663
10165,39.1974,-69.1069,92.3663
10166,39.4974,-69.1069,92.3663
10167,39.7974,-69.1069,92.3663
10168,40.0974,-69.1069,92.3663
10169,40.3974,-69.1069,92.3663
10170,40.6974,-69.1069,92.3663
10171,40.9974,-69.1069,92.3663
10172,41.2974,-69.1069,92.3663
10173,41.5974,-69.1069,92.3663
10174,41.8974,-69.1069,92.3663
10175,42.1974,-69.1069,92.3663
10176,42.4974,-69.1069,92.3663
10177,42.7974,-69.1069,92.3663
10178,43.0974,-69.1069,92.3663
10179,43.3974,-69.1069,92.3663
10180,43.6974,-69.1069,92.3663
10181,43.9974,-69.1069,92.3663
10182,44.2974,-69.1069,92.3663
10183,44.5974,-69.1069,92.3663
10184,44.8974,-69.1069,92.3663
10185,45.1974,-69.1069,92.3663
10186,45.4974,-69.1069,92.3663
10187,45.7974,-69.1069,92.3663
10188,46.0974,-69.1069,92.3663
10189,46.3974,-69.1069,92.3663
10190,46.6974,-69.1069,92.3663
10191,46.9974,-69.1069,92.3663
10192,47.2974,-69.1069,92.3663
10193,47.5974,-69.1069,92.3663
10194,47.8974,-69.1069,92.3663
10195,48.1974,-69.1069,92.3663
10196,48.4974,-69.1069,92.3663
10197,48.7974,-69.1069,92.3663
10198,49.0974,-69.1069,92.3663
10199,49.3974,-69.1069,92.3663
10200,49.6974,-69.1069,92.3663
10201,49.9974,-69.1069,92.3663
10202,50.2974,-69.1069,92.3663
10203,50.5974,-69.1069,92.3663
10204,50.8974,-69.1069,92.3663
10205,51.1974,-69.1069,92.3663
10206,51.4974,-69.1069,92.3663
10207,51.7974,-69.1069,92.3663
10208,52.0974,-69.1069,92.3663
10209,52.3974,-69.1069,92.3663
10210,52.6974,-69.1069,92.3663
10211,52.9974,-69.1069,92.3663
10212,53.2974,-69.1069,92.3663
10213,53.5974,-69.1069,92.3663
10214,53.8974,-69.1069,92.3663
10215,54.1974,-69.1069,92.3663
10216,54.4974,-69.1069,92.3663
10217,54.7974,-69.1069,92.3663
10218,55.0974,-69.1069,92.3663
10219,55.3974,-69.1069,92.3663
10220,55.6974,-69.1069,92.3663
10221,55.9974,-69.1069,92.3663
10222,56.2974,-69.4069,92.3663
10223,56.5974,-69.4069,92.3663
10224,56.8974,-69.4069,92.3663
10225,57.1974,-69.4069,92.3663
10226,57.4974,-69.4069,92.3663
10227,57.7974,-69.4069,92.3663
10228,58.0974,-69.7069,92.3663
10229,58.3974,-69.7069,92.3663
10230,58.6974,-69.7069,92.3663
10231,58.9974,-69.7069,92.3663
10232,59.2974,-69.7069,92.3663
10233,59.5974,-70.0069,92.0663
10234,59.8974,-70.3069,91.7663
10235,60.1974,-70.3069,91.7663
10236,60.4974,-70.3069,91.7663
10237,60.7974,-70.6069,91.4663
10238,61.0974,-70.6069,91.4663
10239,61.3974,-70.6069,91.4663
10240,61.6974,-70.6069,91.4663
10241,61.9974,-70.9069,91.1663
10242,62.2974,-70.9069,91.1663
10243,62.5974,-71.2069,90.8663
10244,62.8974,-71.2069,90.8663
10245,63.1974,-71.5069,90.5663
10246,63.4974,-71.5069,90.5663
10247,63.7974,-71.5069,90.5663
10248,64.0974,-71.5069,90.5663
10249,64.3974,-71.5069,90.5663
10250,64.6974,-71.5069,90.8663
10251,64.9974,-71.5069,91.1663
10252,65.2974,-71.5069,91.4663
10253,65.5974,-71.5069,91.4663
10254,65.8974,-71.5069,91.4663
10255,66.1974,-71.5069,91.4663
10256,66.4974,-71.5069,91.7663
10257,66.7974,-71.5069,91.7663
10258,67.0974,-71.5069,91.7663
10259,67.3974,-71.5069,91.7663
10260,67.6974,-71.5069,91.7663
10261,67.9974,-71.5069,91.7663
10262,68.2974,-71.5069,91.7663
10263,68.5974,-71.5069,91.7663
10264,68.8974,-71.2069,91.7663
10265,69.1974,-71.2069,91.7663
10266,69.4974,-70.9069,91.7663
10267,69.7974,-70.6069,91.7663
10268,70.0974,-70.3069,91.7663
10269,70.3974,-70.0069,91.7663
10270,70.6974,-69.7069,91.7663
10271,70.6974,-69.4069,91.7663
10272,70.9974,-69.1069,91.4663
10273,71.2974,-68.8069,91.1663
10274,71.2974,-68.5069,91.1663
10275,71.2974,-68.2069,91.1663
10276,71.5974,-67.9069,90.8663
10277,71.5974,-67.6069,90.8663
10278,71.5974,-67.3069,90.8663
10279,71.5974,-67.0069,90.8663
10280,71.5974,-66.7069,90.8663
10281,71.5974,-66.4069,90.8663
10282,71.5974,-66.1069,90.8663
10283,71.5974,-65.8069,90.8663
10284,71.5974,-65.5069,90.8663
10285,71.5974,-65.2069,90.8663
10286,71.5974,-64.9069,90.8663
10287,71.5974,-64.6069,90.8663
10288,71.5974,-64.3069,90.8663
10289,71.5974,-64.0069,90.8663
10290,71.5974,-63.7069,90.8663
10291,71.5974,-63.4069,90.8663
10292,71.5974,-63.1069,90.8663
10293,71.5974,-62.8069,90.8663
10294,71.5974,-62.5069,90.8663
10295,71.5974,-62.2069,90.8663
10296,71.5974,-61.9069,90.8663
10297,71.5974,-61.6069,90.8663
10298,71.5974,-61.3069,90.8663
10299,71.5974,-61.0069,90.8663
10300,71.5974,-60.7069,90.8663
10301,71.5974,-60.4069,90.8663
10302,71.2974,-60.1069,90.5663
10303,71.2974,-59.8069,90.5663
10304,70.9974,-59.5069,90.5663
10305,70.6974,-59.2069,90.5663
10306,70.6974,-58.9069,90.5663
10307,70.9974,-58.6069,90.5663
10308,70.9974,-58.3069,90.5663
10309,70.9974,-58.0069,90.5663
10310,70.9974,-57.7069,90.5663
10311,70.9974,-57.4069,90.5663
10312,70.9974,-57.1069,90.5663
10313,70.9974,-56.8069,90.5663
10314,70.9974,-56.5069,90.5663
10315,70.6974,-56.2069,90.5663
10316,70.6974,-55.9069,90.5663
10317,70.3974,-55.6069,90.5663
10318,70.3974,-55.3069,90.5663
10319,70.0974,-55.0069,90.5663
10320,70.0974,-54.7069,90.5663
10321,69.7974,-54.7069,90.5663
10322,69.4974,-54.4069,90.5663
10323,69.1974,-54.1069,90.5663
10324,68.8974,-54.1069,90.5663
10325,68.5974,-53.8069,90.5663
10326,68.2974,-53.8069,90.5663
10327,67.9974,-53.5069,90.5663
10328,67.6974,-53.5069,90.5663
10329,67.3974,-53.5069,90.5663
10330,67.0974,-53.5069,90.5663
10331,66.7974,-53.5069,90.5663
10332,66.4974,-53.5069,90.5663
10333,66.1974,-53.5069,90.5663
10334,65.8974,-53.5069,90.5663
10335,65.5974,-53.5069,90.5663
10336,65.2974,-53.2069,90.5663
10337,64.9974,-53.2069,90.5663
10338,64.6974,-53.2069,90.5663
10339,64.3974,-52.9069,90.5663
10340,64.0974,-52.9069,90.5663
10341,63.7974,-52.9069,90.5663
10342,63.4974,-52.9069,90.5663
10343,63.1974,-52.9069,90.5663
10344,62.8974,-52.9069,90.5663
10345,62.5974,-52.9069,90.5663
10346,62.2974,-52.9069,90.5663
10347,61.9974,-52.6069,90.5663
10348,61.6974,-52.6069,90.5663
10349,61.3974,-52.6069,90.5663
10350,61.0974,-52.6069,90.5663
10351,60.7974,-52.6069,90.5663
10352,60.4974,-52.6069,90.5663
10353,60.1974,-52.6069,90.5663
10354,59.8974,-52.6069,90.5663
10355,59.5974,-52.6069,90.5663
10356,59.2974,-52.6069,90.5663
10357,58.9974,-52.6069,90.5663
10358,58.6974,-52.9069,90.5663
10359,58.3974,-52.9069,90.5663
10360,58.0974,-53.2069,90.5663
10361,57.7974,-53.2069,90.5663
10362,57.4974,-52.9069,90.5663
10363,57.1974,-52.6069,90.5663
10364,56.8974,-52.3069,90.5663
10365,56.5974,-52.0069,90.5663
10366,56.2974,-52.0069,90.5663
10367,55.9974,-51.7069,90.5663
10368,55.6974,-51.7069,90.5663
10369,55.3974,-51.4069,90.8663
10370,55.0974,-51.4069,90.8663
10371,54.7974,-51.4069,90.8663
10372,54.4974,-51.4069,90.8663
10373,54.1974,-51.4069,90.8663
10374,53.8974,-51.4069,90.8663
10375,53.5974,-51.4069,90.8663
10376,53.2974,-51.1069,90.8663
10377,52.9974,-51.1069,90.8663
10378,52.6974,-50.8069,90.8663
10379,52.3974,-50.8069,90.8663
10380,52.0974,-50.8069,90.8663
10381,51.7974,-50.8069,90.8663
10382,51.4974,-50.8069,90.8663
10383,51.1974,-50.8069,90.8663
10384,50.8974,-50.8069,90.8663
10385,50.5974,-50.8069,90.8663
10386,50.2974,-50.8069,90.8663
10387,49.9974,-50.8069,90.8663
10388,49.6974,-50.5069,90.8663
10389,49.3974,-50.5069,90.8663
10390,49.0974,-50.2069,90.8663
10391,48.7974,-50.2069,90.8663
10392,48.4974,-50.2069,90.8663
10393,48.1974,-50.2069,90.8663
10394,47.8974,-50.2069,90.8663
10395,47.5974,-50.2069,90.8663
10396,47.2974,-50.2069,90.8663
10397,46.9974,-50.2069,90.8663
10398,46.6974,-50.2069,90.8663
10399,46.3974,-50.2069,90.8663
10400,46.0974,-50.2069,90.8663
10401,45.7974,-50.2069,90.8663
10402,45.4974,-50.2069,90.8663
10403,45.1974,-50.2069,90.8663
10404,44.8974,-49.9069,90.8663
10405,44.5974,-49.9069,90.8663
10406,44.2974,-49.6069,90.8663
10407,43.9974,-49.6069,90.8663
10408,43.6974,-49.3069,90.8663
10409,43.3974,-49.3069,90.8663
10410,43.0974,-49.3069,90.8663
10411,42.7974,-49.3069,90.8663
10412,42.4974,-49.3069,90.8663
10413,42.1974,-49.3069,90.8663
10414,41.8974,-49.3069,90.8663
10415,41.5974,-49.3069,90.8663
10416,41.2974,-49.3069,90.8663
10417,40.9974,-49.0069,90.8663
10418,40.6974,-49.0069,90.8663
10419,40.3974,-48.7069,90.8663
10420,40.0974,-48.7069,90.8663
10421,39.7974,-48.7069,90.8663
10422,39.4974,-48.7069,90.8663
10423,26.0307,-46.6045,90.7000
10424,25.6974,-46.6069,90.5663
10425,25.3974,-46.3069,90.5663
10426,25.0974,-46.3069,90.5663
10427,24.7974,-46.3069,90.5663
10428,24.4974,-46.3069,90.5663
10429,24.1974,-46.3069,90.5663
10430,23.8974,-46.3069,90.5663
10431,23.5974,-46.3069,90.5663
10432,23.2974,-46.6069,90.5663
10433,22.9974,-46.6069,90.5663
10434,22.6974,-46.9069,90.5663
10435,22.3974,-46.9069,90.5663
10436,22.0974,-47.2069,90.5663
10437,21.7974,-47.5069,90.5663
10438,21.4974,-47.8069,90.5663
10439,21.1974,-48.1069,90.5663
10440,21.1974,-48.4069,90.5663
10441,20.8974,-48.7069,90.5663
10442,20.8974,-49.0069,90.5663
10443,20.5974,-49.3069,90.5663
10444,20.5974,-49.6069,90.5663
10445,20.2974,-49.9069,90.5663
10446,20.2974,-50.2069,90.5663
10447,20.2974,-50.5069,90.5663
10448,19.9974,-50.8069,90.5663
10449,19.9974,-51.1069,90.5663
10450,19.9974,-51.4069,90.5663
10451,19.9974,-51.7069,90.5663
10452,19.9974,-52.0069,90.5663
10453,19.6974,-52.3069,90.5663
10454,19.6974,-52.6069,90.5663
10455,19.6974,-52.9069,90.5663
10456,19.6974,-53.2069,90.5663
10457,16.3369,-53.2654,90.7000
10458,16.0974,-53.2069,90.5663
10459,15.7974,-53.2069,90.5663
10460,15.4974,-53.2069,90.5663
10461,15.1974,-52.9069,90.5663
10462,14.8974,-52.9069,90.5663
10463,14.5974,-52.9069,90.5663
10464,14.2974,-52.9069,90.5663
10465,13.9974,-52.6069,90.5663
10466,13.6974,-52.6069,90.5663
10467,13.3974,-52.6069,90.5663
10468,13.0974,-52.6069,90.5663
10469,12.7974,-52.6069,90.5663
10470,12.4974,-52.6069,90.5663
10471,12.1974,-52.6069,90.5663
10472,11.8974,-52.6069,90.5663
10473,11.5974,-52.3069,90.5663
10474,11.2974,-52.3069,90.5663
10475,10.9974,-52.3069,90.5663
10476,10.6974,-52.3069,90.5663
10477,10.3974,-52.3069,90.5663
10478,10.0974,-52.3069,90.5663
10479,9.7974,-52.0069,90.5663
10480,9.4974,-52.0069,90.5663
10481,9.1974,-52.0069,90.5663
10482,8.8974,-52.0069,90.5663
10483,8.5974,-52.0069,90.5663
10484,8.2974,-52.0069,90.5663
10485,7.9974,-51.7069,90.5663
10486,7.6974,-51.7069,90.5663
10487,7.3974,-51.7069,90.5663
10488,7.0974,-51.7069,90.5663
10489,6.7974,-51.7069,90.5663
10490,6.4974,-51.7069,90.5663
10491,6.1974,-51.4069,90.5663
10492,5.8974,-51.4069,90.5663
10493,5.5974,-51.4069,90.5663
10494,5.2974,-51.4069,90.5663
10495,4.9974,-51.1069,90.5663
10496,4.6974,-51.1069,90.5663
10497,4.3974,-51.1069,90.5663
10498,4.0974,-51.1069,90.5663
10499,3.7974,-51.1069,90.5663
10500,3.4974,-51.1069,90.5663
10501,3.1974,-51.1069,90.5663
10502,2.8974,-50.8069,90.5663
10503,2.5974,-50.8069,90.5663
10504,2.2974,-50.8069,90.5663
10505,1.9974,-50.8069,90.5663
10506,1.6974,-50.8069,90.5663
10507,1.3974,-50.8069,90.5663
10508,1.0974,-50.8069,90.5663
10509,0.7974,-50.8069,90.5663
10510,0.4974,-50.8069,90.5663
10511,0.1974,-50.8069,90.5663
10512,-0.1026,-50.5069,90.5663
10513,-0.4026,-50.5069,90.5663
10514,-0.7026,-50.5069,90.5663
10515,-1.0026,-50.5069,90.5663
10516,-1.3026,-50.5069,90.5663
10517,-1.6026,-50.5069,90.5663
10518,-1.9026,-50.2069,90.5663
10519,-2.2026,-50.2069,90.5663
10520,-2.5026,-50.2069,90.5663
10521,-2.8026,-50.2069,90.5663
10522,-3.1026,-50.2069,90.5663
10523,-3.4026,-50.2069,90.5663
10524,-3.7026,-50.2069,90.5663
10525,-4.0026,-49.9069,90.5663
10526,-4.3026,-49.9069,90.5663
10527,-4.6026,-49.9069,90.5663
10528,-4.9026,-49.6069,90.5663
10529,-5.2026,-49.6069,90.5663
10530,-5.5026,-49.3069,90.5663
10531,-5.8026,-49.3069,90.5663
10532,-6.1026,-49.3069,90.5663
10533,-6.4026,-49.3069,90.5663
10534,-6.7026,-49.3069,90.5663
10535,-7.0026,-49.3069,90.5663
10536,-7.3026,-49.3069,90.5663
10537,-7.6026,-49.3069,90.5663
10538,-10.1000,-53.8000,90.5000
10539,-11.9000,-48.5000,90.7000
10540,-12.1026,-48.4069,90.5663
10541,-12.4026,-48.4069,90.5663
10542,-12.7026,-48.4069,90.5663
10543,-13.0026,-48.1069,90.5663
10544,-13.3026,-48.1069,90.5663
10545,-13.6026,-48.1069,90.5663
10546,-13.9026,-48.1069,90.5663
10547,-14.2026,-48.1069,90.5663
10548,-14.5026,-47.8069,90.5663
10549,-14.8026,-47.8069,90.5663
10550,-15.1026,-47.8069,90.5663
10551,-15.4026,-47.8069,90.5663
10552,-15.7026,-47.5069,90.5663
10553,-16.0026,-47.2069,90.5663
10554,-16.3026,-47.2069,90.5663
10555,-16.6026,-47.2069,90.5663
10556,-16.9026,-47.2069,90.5663
10557,-17.2026,-47.2069,90.5663
10558,-17.5026,-47.2069,90.5663
10559,-17.8026,-47.2069,90.5663
10560,-18.1026,-47.2069,90.5663
10561,-18.4026,-47.2069,90.5663
10562,-18.7026,-47.2069,90.5663
10563,-19.0026,-47.2069,90.5663
10564,-19.3026,-47.2069,90.5663
10565,-19.6026,-47.2069,90.5663
10566,-19.9026,-46.9069,90.5663
10567,-20.2026,-46.9069,90.5663
10568,-22.1397,-46.8502,90.7000
10569,-22.0026,-46.9069,90.8663
10570,-22.0026,-46.9069,91.1663
10571,-22.0026,-47.2069,91.4663
10572,-22.0026,-47.2069,91.7663
10573,-22.0026,-47.5069,92.0663
10574,-22.0026,-47.5069,92.3663
10575,-22.0026,-47.8069,92.6663
10576,-22.0026,-47.8069,92.9663
10577,-22.0026,-48.1069,93.2663
10578,-22.0026,-48.4069,93.5663
10579,-22.3026,-48.4069,93.5663
10580,-22.6026,-48.1069,93.5663
10581,-22.9026,-48.1069,93.5663
10582,-23.2026,-48.1069,93.5663
10583,-23.5026,-47.8069,93.5663
10584,-23.8026,-47.5069,93.5663
10585,-24.1026,-47.5069,93.5663
10586,-24.4026,-47.2069,93.5663
10587,-24.7026,-46.9069,93.5663
10588,-25.0026,-46.9069,93.5663
10589,-25.3026,-46.6069,93.5663
10590,-25.6026,-46.6069,93.5663
10591,-25.9026,-46.3069,93.5663
10592,-26.2026,-46.3069,93.5663
10593,-26.5026,-46.3069,93.5663
10594,-26.8026,-46.3069,93.5663
10595,-27.1026,-46.3069,93.5663
10596,-27.4026,-46.3069,93.5663
10597,-27.7026,-46.3069,93.5663
10598,-28.0026,-46.3069,93.5663
10599,-28.3026,-46.3069,93.5663
10600,-28.6026,-46.6069,93.5663
10601,-28.9026,-46.6069,93.5663
10602,-29.2026,-46.9069,93.5663
10603,-29.5026,-46.9069,93.5663
10604,-29.8026,-47.2069,93.5663
10605,-30.1026,-47.5069,93.5663
10606,-30.4026,-47.8069,93.5663
10607,-30.7026,-48.1069,93.5663
10608,-30.7026,-48.4069,93.5663
10609,-31.0026,-48.7069,93.5663
10610,-31.0026,-49.0069,93.5663
10611,-31.3026,-49.3069,93.5663
10612,-31.3026,-49.6069,93.5663
10613,-31.3026,-49.9069,93.5663
10614,-31.3026,-50.2069,93.5663
10615,-31.3026,-50.5069,93.5663
10616,-31.3026,-50.8069,93.5663
10617,-31.3026,-51.1069,93.5663
10618,-31.3026,-51.4069,93.5663
10619,-31.3026,-51.7069,93.5663
10620,-31.3026,-52.0069,93.5663
10621,-31.3026,-52.3069,93.5663
10622,-31.0026,-52.6069,93.5663
10623,-31.0026,-52.9069,93.5663
10624,-30.7026,-53.2069,93.5663
10625,-30.4026,-53.5069,93.5663
10626,-30.1026,-53.8069,93.5663
10627,-29.8026,-54.1069,93.5663
10628,-29.5026,-54.4069,93.5663
10629,-29.2026,-54.4069,93.5663
10630,-28.9026,-54.7069,93.5663
10631,-28.6026,-54.7069,93.5663
10632,-28.3026,-55.0069,93.5663
10633,-28.0026,-55.0069,93.5663
10634,-27.7026,-55.0069,93.5663
10635,-27.4026,-55.0069,93.5663
10636,-27.1026,-55.0069,93.5663
10637,-26.8026,-55.0069,93.5663
10638,-26.5026,-55.0069,93.5663
10639,-26.2026,-55.0069,93.5663
10640,-25.9026,-55.0069,93.5663
10641,-25.6026,-55.0069,93.5663
10642,-25.3026,-55.0069,93.5663
10643,-25.0026,-55.0069,93.5663
10644,-24.7026,-55.0069,93.5663
10645,-24.4026,-55.0069,93.5663
10646,-24.1026,-55.0069,93.5663
10647,-23.8026,-55.0069,93.5663
10648,-23.5026,-55.0069,93.5663
10649,-23.2026,-55.0069,93.5663
10650,-22.9026,-55.0069,93.5663
10651,-22.6026,-55.0069,93.5663
10652,-22.3026,-55.3069,93.8663
10653,-22.0026,-55.3069,93.8663
10654,-21.7026,-55.3069,93.8663
10655,-21.4026,-55.3069,93.8663
10656,-21.1026,-55.3069,93.8663
10657,-20.8026,-55.3069,93.8663
10658,-20.5026,-55.3069,93.8663
10659,-20.2026,-55.3069,93.8663
10660,-19.9026,-55.3069,93.8663
10661,-19.6026,-55.3069,93.8663
10662,-19.3026,-55.3069,93.8663
10663,-19.0026,-55.3069,93.8663
10664,-18.7026,-55.3069,93.8663
10665,-18.4026,-55.3069,93.8663
10666,-18.1026,-55.3069,93.8663
10667,-17.8026,-55.3069,93.8663
10668,-17.5026,-55.3069,93.8663
10669,-17.2026,-55.3069,93.8663
10670,-16.9026,-55.6069,93.8663
10671,-16.6026,-55.6069,93.8663
10672,-16.3026,-55.6069,93.8663
10673,-16.0026,-55.6069,93.8663
10674,-15.7026,-55.6069,93.8663
10675,-15.4026,-55.9069,93.8663
10676,-15.1026,-55.9069,93.8663
10677,-14.8026,-55.9069,93.8663
10678,-14.5026,-55.9069,93.8663
10679,-14.2026,-56.2069,93.8663
10680,-13.9026,-56.2069,93.8663
10681,-13.6026,-56.2069,93.8663
10682,-13.3026,-56.2069,93.8663
10683,-13.0026,-56.2069,93.8663
10684,-12.7026,-56.2069,93.8663
10685,-12.4026,-56.2069,93.8663
10686,-12.1026,-56.2069,93.8663
10687,-11.8026,-56.2069,93.8663
10688,-11.5026,-56.5069,93.8663
10689,-11.2026,-56.5069,93.8663
10690,-10.9026,-56.5069,93.8663
10691,-10.6026,-56.5069,93.8663
10692,-10.3026,-56.5069,93.8663
10693,-10.0026,-56.5069,93.8663
10694,-9.7026,-56.8069,93.8663
10695,-9.4026,-56.8069,93.8663
10696,-9.1026,-56.8069,93.8663
10697,-8.8026,-56.8069,93.8663
10698,-8.5026,-56.8069,93.8663
10699,-8.5026,-56.5069,94.1663
10700,-8.5026,-56.2069,94.4663
10701,-8.5026,-55.9069,94.4663
10702,-8.2026,-55.6069,94.7663
10703,-8.2026,-55.3069,94.7663
10704,-8.2026,-55.0069,95.0663
10705,-8.2026,-54.7069,95.0663
10706,-8.2026,-54.4069,95.0663
10707,-8.2026,-54.1069,95.0663
10708,-7.9026,-53.8069,95.0663
10709,-7.9026,-53.5069,95.0663
10710,-7.9026,-53.2069,95.0663
10711,-7.6026,-52.9069,95.0663
10712,-7.6026,-52.6069,95.0663
10713,-7.3026,-52.3069,94.7663
10714,-7.0026,-52.0069,94.7663
10715,-6.7026,-51.7069,94.4663
10716,-6.4026,-51.4069,94.4663
10717,-6.1026,-51.1069,94.1663
10718,-5.8026,-51.1069,94.1663
10719,-5.5026,-50.8069,93.8663
10720,-5.2026,-50.8069,93.8663
10721,-4.9026,-50.5069,93.5663
10722,-4.6026,-50.5069,93.5663
10723,-4.3026,-50.5069,93.5663
10724,-4.0026,-50.5069,93.5663
10725,0.1370,-55.6997,93.7000
10726,15.9645,-54.7645,93.7000
10727,19.2512,-62.3620,93.7000
10728,62.0806,-69.0134,93.7000
10729,62.2974,-69.4069,93.5663
10730,62.5974,-69.4069,93.5663
10731,62.8974,-69.4069,93.5663
10732,63.1974,-69.4069,93.5663
10733,63.4974,-69.7069,93.5663
10734,63.7974,-70.0069,93.5663
10735,64.0974,-70.0069,93.5663
10736,64.3974,-70.0069,93.5663
10737,64.6974,-70.3069,93.5663
10738,64.9974,-70.6069,93.5663
10739,65.2974,-70.6069,93.5663
10740,65.5974,-70.9069,93.5663
10741,65.8974,-70.9069,93.5663
10742,66.1974,-71.2069,93.5663
10743,66.4974,-71.2069,93.5663
10744,66.7974,-71.2069,93.5663
10745,67.0974,-71.2069,93.5663
10746,67.3974,-71.2069,93.5663
10747,67.6974,-71.2069,93.5663
10748,67.9974,-71.2069,93.5663
10749,68.2974,-71.2069,93.5663
10750,68.5974,-71.2069,93.5663
10751,68.8974,-70.9069,93.5663
10752,69.1974,-70.6069,93.5663
10753,69.4974,-70.6069,93.5663
10754,69.7974,-70.3069,93.5663
10755,70.0974,-70.0069,93.5663
10756,70.3974,-69.7069,93.5663
10757,70.6974,-69.4069,93.5663
10758,70.9974,-69.1069,93.5663
10759,70.9974,-68.8069,93.5663
10760,71.2974,-68.5069,93.5663
10761,71.2974,-68.2069,93.5663
10762,71.5974,-67.9069,93.5663
10763,71.5974,-67.6069,93.5663
10764,71.5974,-67.3069,93.5663
10765,71.5974,-67.0069,93.5663
10766,71.5974,-66.7069,93.5663
10767,71.5974,-66.4069,93.5663
10768,71.5974,-66.1069,93.5663
10769,71.5974,-65.8069,93.5663
10770,71.2974,-65.5069,93.5663
10771,71.2974,-65.2069,93.5663
10772,70.9974,-64.9069,93.5663
10773,70.9974,-64.6069,93.5663
10774,70.6974,-64.3069,93.5663
10775,70.3974,-64.0069,93.5663
10776,70.3974,-63.7069,93.5663
10777,70.6974,-64.0069,93.8663
10778,70.6974,-64.0069,94.1663
10779,70.9974,-64.3069,94.4663
10780,71.2974,-64.6069,94.7663
10781,71.2974,-64.6069,95.0663
10782,71.5974,-64.9069,95.3663
10783,71.5974,-64.9069,95.6663
10784,71.5974,-64.9069,95.9663
10785,71.5974,-65.2069,96.2663
10786,71.5974,-65.2069,96.5663
10787,71.5974,-65.5069,96.5663
10788,71.5974,-65.8069,96.5663
10789,71.5974,-66.1069,96.5663
10790,71.5974,-66.4069,96.5663
10791,71.5974,-66.7069,96.5663
10792,71.5974,-67.0069,96.5663
10793,71.5974,-67.3069,96.5663
10794,71.5974,-67.6069,96.5663
10795,71.5974,-67.9069,96.5663
10796,71.2974,-68.2069,96.5663
10797,71.2974,-68.5069,96.5663
10798,67.2076,-68.6690,96.7000
10799,65.4335,-70.8889,96.5000
10800,64.9974,-70.6069,96.5663
10801,64.6974,-70.6069,96.5663
10802,64.3974,-70.3069,96.5663
10803,64.0974,-70.0069,96.5663
10804,63.7974,-69.7069,96.5663
10805,63.4974,-69.4069,96.5663
10806,63.1974,-69.1069,96.5663
10807,63.1974,-68.8069,96.5663
10808,63.1974,-68.5069,96.5663
10809,63.1974,-68.2069,96.5663
10810,62.8974,-67.9069,96.5663
10811,62.8974,-67.6069,96.5663
10812,62.8974,-67.3069,96.5663
10813,62.8974,-67.0069,96.5663
10814,62.8974,-66.7069,96.5663
10815,62.8974,-66.4069,96.5663
10816,62.8974,-66.1069,96.5663
10817,63.1974,-65.8069,96.8663
10818,48.1803,-63.3073,96.5000
10819,48.1974,-63.7069,96.5663
10820,47.8974,-64.0069,96.5663
10821,47.8974,-64.3069,96.5663
10822,47.5974,-64.6069,96.5663
10823,47.5974,-64.9069,96.5663
10824,47.2974,-65.2069,96.5663
10825,46.9974,-65.5069,96.5663
10826,46.6974,-65.8069,96.5663
10827,46.3974,-66.1069,96.5663
10828,46.0974,-66.4069,96.5663
10829,45.7974,-66.4069,96.5663
10830,45.4974,-66.7069,96.5663
10831,45.1974,-66.7069,96.5663
10832,44.8974,-67.0069,96.5663
10833,44.5974,-67.0069,96.5663
10834,44.2974,-67.0069,96.5663
10835,43.9974,-67.0069,96.5663
10836,43.6974,-67.0069,96.5663
10837,43.3974,-67.0069,96.5663
10838,43.0974,-67.0069,96.5663
10839,42.7974,-67.0069,96.5663
10840,42.4974,-67.0069,96.5663
10841,42.1974,-66.7069,96.5663
10842,41.8974,-66.7069,96.5663
10843,41.5974,-66.7069,96.5663
10844,41.2974,-66.4069,96.5663
10845,40.9974,-66.4069,96.5663
10846,40.6974,-66.1069,96.5663
10847,40.3974,-65.8069,96.5663
10848,40.0974,-65.5069,96.5663
10849,39.7974,-65.5069,96.5663
10850,39.4974,-65.5069,96.5663
10851,39.1974,-65.5069,96.5663
10852,38.8974,-65.5069,96.5663
10853,38.5974,-65.5069,96.5663
10854,38.2974,-65.5069,96.5663
10855,37.9974,-65.5069,96.5663
10856,37.6974,-65.5069,96.5663
10857,37.3974,-65.5069,96.5663
10858,37.0974,-65.5069,96.5663
10859,36.7974,-65.5069,96.5663
10860,36.4974,-65.5069,96.5663
10861,36.1974,-65.5069,96.5663
10862,35.8974,-65.5069,96.5663
10863,35.5974,-65.5069,96.5663
10864,35.2974,-65.5069,96.5663
10865,34.9974,-65.5069,96.5663
10866,34.6974,-65.2069,96.5663
10867,34.3974,-64.9069,96.5663
10868,34.0974,-64.6069,96.5663
10869,33.7974,-64.3069,96.5663
10870,33.4974,-64.0069,96.5663
10871,33.1974,-63.7069,96.5663
10872,32.8974,-63.4069,96.5663
10873,32.5974,-63.1069,96.5663
10874,32.2974,-62.8069,96.5663
10875,31.9974,-62.5069,96.5663
10876,31.6974,-62.2069,96.5663
10877,31.3974,-61.9069,96.5663
10878,31.0974,-61.6069,96.5663
10879,30.7974,-61.3069,96.5663
10880,30.4974,-61.0069,96.5663
10881,30.1974,-60.7069,96.5663
10882,29.8974,-60.4069,96.5663
10883,29.5974,-60.1069,96.5663
10884,29.2974,-59.8069,96.5663
10885,28.9974,-59.5069,96.5663
10886,28.6974,-59.2069,96.5663
10887,28.3974,-58.9069,96.5663
10888,28.0974,-58.6069,96.5663
10889,27.7974,-58.3069,96.5663
10890,27.4974,-58.0069,96.5663
10891,27.1974,-57.7069,96.5663
10892,26.8974,-57.4069,96.5663
10893,26.5974,-57.1069,96.5663
10894,26.2974,-56.8069,96.5663
10895,25.9974,-56.5069,96.5663
10896,25.6974,-56.5069,96.5663
10897,25.3974,-56.5069,96.5663
10898,25.0974,-56.2069,96.5663
10899,25.7194,-53.3866,96.7000
10900,25.3974,-53.2069,96.2663
10901,25.3974,-53.2069,95.9663
10902,25.0974,-52.9069,95.6663
10903,24.7974,-52.6069,95.3663
10904,24.4974,-52.3069,95.0663
10905,24.1974,-52.0069,94.7663
10906,23.8974,-51.7069,94.4663
10907,23.5974,-51.7069,94.4663
10908,23.2974,-51.7069,94.4663
10909,22.9974,-51.7069,94.1663
10910,22.6974,-51.7069,94.1663
10911,22.3974,-51.7069,94.1663
10912,22.0974,-51.7069,94.1663
10913,21.7974,-51.7069,94.1663
10914,21.4974,-51.7069,94.1663
10915,21.1974,-51.7069,94.1663
10916,20.8974,-51.7069,94.1663
10917,20.5974,-51.7069,94.1663
10918,20.2974,-51.7069,94.1663
10919,19.9974,-51.7069,94.1663
10920,19.6974,-52.0069,94.4663
10921,19.3974,-52.0069,94.4663
10922,19.0974,-52.3069,94.7663
10923,18.7974,-52.3069,95.0663
10924,18.4974,-52.3069,95.3663
10925,18.1974,-52.6069,95.6663
10926,17.8974,-52.9069,95.9663
10927,17.5974,-53.2069,96.2663
10928,17.5974,-53.2069,96.5663
10929,17.2974,-53.5069,96.5663
10930,17.2974,-53.8069,96.5663
10931,17.2974,-54.1069,96.5663
10932,16.9974,-54.4069,96.5663
10933,16.9974,-54.7069,96.5663
10934,16.9974,-55.0069,96.5663
10935,16.6974,-55.3069,96.5663
10936,16.6974,-55.6069,96.5663
10937,16.6974,-55.9069,96.5663
10938,16.3974,-56.2069,96.5663
10939,16.0974,-56.5069,96.5663
10940,16.0974,-56.8069,96.5663
10941,16.0974,-57.1069,96.5663
10942,15.7974,-57.4069,96.5663
10943,15.7974,-57.7069,96.5663
10944,15.7974,-58.0069,96.5663
10945,15.4974,-58.3069,96.5663
10946,15.4974,-58.6069,96.5663
10947,15.4974,-58.9069,96.5663
10948,15.4974,-59.2069,96.5663
10949,15.4974,-59.5069,96.5663
10950,15.7974,-59.8069,96.5663
10951,15.7974,-60.1069,96.5663
10952,15.7974,-60.4069,96.5663
10953,16.0974,-60.7069,96.5663
10954,16.0974,-61.0069,96.5663
10955,16.3974,-61.3069,96.5663
10956,16.6974,-61.6069,96.5663
10957,16.9974,-61.9069,96.5663
10958,16.6974,-61.9069,96.5663
10959,16.3974,-61.9069,96.5663
10960,16.0974,-61.9069,96.5663
10961,15.7974,-61.9069,96.5663
10962,15.4974,-61.9069,96.5663
10963,15.1974,-61.9069,96.5663
10964,14.8974,-61.6069,96.5663
10965,14.5974,-61.3069,96.5663
10966,14.2974,-61.3069,96.5663
10967,13.9974,-61.3069,96.5663
10968,13.6974,-61.3069,96.5663
10969,13.3974,-61.3069,96.5663
10970,13.0974,-61.3069,96.5663
10971,12.7974,-61.3069,96.5663
10972,12.4974,-61.3069,96.5663
10973,12.1974,-61.0069,96.5663
10974,11.8974,-61.0069,96.5663
10975,11.5974,-61.0069,96.5663
10976,11.2974,-61.0069,96.5663
10977,10.9974,-61.0069,96.5663
10978,10.6974,-61.0069,96.5663
10979,10.3974,-61.0069,96.5663
10980,10.0974,-61.0069,96.5663
10981,9.7974,-61.0069,96.5663
10982,9.4974,-61.0069,96.5663
10983,9.1974,-61.0069,96.5663
10984,8.8974,-61.0069,96.5663
10985,8.5974,-60.7069,96.5663
10986,8.2974,-60.4069,96.5663
10987,7.9974,-60.1069,96.5663
10988,7.6974,-59.8069,96.5663
10989,7.3974,-59.5069,96.5663
10990,7.0974,-59.2069,96.5663
10991,6.7974,-58.9069,96.5663
10992,6.4974,-58.6069,96.5663
10993,6.1974,-58.3069,96.5663
10994,5.8974,-58.0069,96.5663
10995,5.5974,-57.7069,96.5663
10996,5.2974,-57.4069,96.5663
10997,4.9974,-57.1069,96.5663
10998,4.6974,-56.8069,96.5663
10999,4.3974,-56.5069,96.5663
11000,4.0974,-56.2069,96.5663
11001,3.7974,-55.9069,96.5663
11002,3.4974,-55.6069,96.5663
11003,3.1974,-55.3069,96.5663
11004,2.8974,-55.0069,96.5663
11005,2.5974,-54.7069,96.5663
11006,2.2974,-54.4069,96.5663
11007,1.9974,-54.1069,96.5663
11008,1.6974,-53.8069,96.5663
11009,1.3974,-53.5069,96.5663
11010,1.0974,-53.2069,96.5663
11011,0.7974,-52.9069,96.5663
11012,0.4974,-52.6069,96.5663
11013,0.1974,-52.3069,96.5663
11014,-0.1026,-52.0069,96.5663
11015,-0.4026,-51.7069,96.5663
11016,-0.7026,-51.4069,96.5663
11017,-1.0026,-51.1069,96.5663
11018,-1.3026,-51.1069,96.5663
11019,-1.6026,-50.8069,96.5663
11020,-1.9026,-50.8069,96.5663
11021,-2.2026,-50.8069,96.5663
11022,-2.5026,-50.5069,96.5663
11023,-2.8026,-50.5069,96.5663
11024,-3.1026,-50.5069,96.5663
11025,-3.4026,-50.5069,96.5663
11026,-3.7026,-50.5069,96.5663
11027,-4.0026,-50.5069,96.5663
11028,-4.3026,-50.5069,96.5663
11029,-4.6026,-50.5069,96.5663
11030,-4.9026,-50.5069,96.5663
11031,-5.2026,-50.5069,96.5663
11032,-5.5026,-50.5069,96.5663
11033,-5.8026,-50.5069,96.5663
11034,-6.1026,-50.5069,96.5663
11035,-6.4026,-50.5069,96.5663
11036,-6.7026,-50.5069,96.5663
11037,-7.0026,-50.5069,96.5663
11038,-7.3026,-50.5069,96.5663
11039,-7.6026,-50.5069,96.5663
11040,-7.9026,-50.5069,96.5663
11041,-8.2026,-50.5069,96.5663
11042,-8.5026,-50.5069,96.5663
11043,-8.8026,-50.5069,96.5663
11044,-9.1026,-50.5069,96.5663
11045,-9.4026,-50.5069,96.5663
11046,-9.7026,-50.5069,96.5663
11047,-10.0026,-50.5069,96.5663
11048,-10.3026,-50.5069,96.5663
11049,-10.6026,-50.5069,96.5663
11050,-10.9026,-50.5069,96.5663
11051,-11.2026,-50.5069,96.5663
11052,-11.5026,-50.5069,96.5663
11053,-11.8026,-50.5069,96.5663
11054,-12.1026,-50.5069,96.5663
11055,-12.4026,-50.5069,96.5663
11056,-12.7026,-50.2069,96.5663
11057,-13.0026,-49.9069,96.5663
11058,-13.3026,-49.6069,96.5663
11059,-13.6026,-49.3069,96.5663
11060,-13.9026,-49.0069,96.5663
11061,-14.2026,-48.7069,96.5663
11062,-14.5026,-48.4069,96.5663
11063,-14.8026,-48.1069,96.5663
11064,-15.1026,-47.8069,96.5663
11065,-15.4026,-47.5069,96.5663
11066,-15.7026,-47.5069,96.5663
11067,-16.0026,-47.5069,96.5663
11068,-16.3026,-47.5069,96.5663
11069,-16.6026,-47.5069,96.5663
11070,-16.9026,-47.5069,96.5663
11071,-17.2026,-47.5069,96.5663
11072,-17.5026,-47.5069,96.5663
11073,-17.8026,-47.5069,96.5663
11074,-18.1026,-47.5069,96.5663
11075,-18.4026,-47.5069,96.5663
11076,-18.7026,-47.5069,96.5663
11077,-19.0026,-47.5069,96.5663
11078,-19.3026,-47.5069,96.5663
11079,-19.6026,-47.5069,96.5663
11080,-19.9026,-47.5069,96.5663
11081,-20.2026,-47.5069,96.5663
11082,-20.5026,-47.5069,96.5663
11083,-20.8026,-47.5069,96.5663
11084,-21.1026,-47.5069,96.5663
11085,-21.4026,-47.5069,96.5663
11086,-21.7026,-47.5069,96.5663
11087,-22.0026,-47.5069,96.5663
11088,-22.3026,-47.5069,96.5663
11089,-22.6026,-47.5069,96.5663
11090,-22.9026,-47.5069,96.5663
11091,-23.2026,-47.5069,96.5663
11092,-23.5026,-47.5069,96.5663
11093,-23.8026,-47.5069,96.5663
11094,-23.8026,-47.8069,96.5663
11095,-23.5026,-48.1069,96.5663
11096,-23.5026,-48.4069,96.5663
11097,-23.2026,-48.7069,96.5663
11098,-22.9026,-49.0069,96.8663
11099,-22.9026,-49.3069,96.8663
11100,-22.9026,-49.6069,96.8663
11101,-22.9026,-49.9069,96.8663
11102,-22.9026,-50.2069,96.8663
11103,-22.9026,-50.5069,96.8663
11104,-22.9026,-50.8069,96.8663
11105,-22.9026,-51.1069,96.8663
11106,-22.9026,-51.4069,96.8663
11107,-22.9026,-51.7069,96.8663
11108,-22.9026,-52.0069,96.8663
11109,-23.2026,-52.3069,96.8663
11110,-23.2026,-52.6069,96.8663
11111,-23.5026,-52.9069,96.8663
11112,-23.8026,-53.2069,96.8663
11113,-23.8026,-53.5069,96.8663
11114,-24.1026,-53.8069,96.8663
11115,-24.4026,-54.1069,96.8663
11116,-24.7026,-54.1069,96.8663
11117,-25.0026,-54.4069,96.8663
11118,-25.3026,-54.7069,96.8663
11119,-25.6026,-54.7069,96.8663
11120,-25.9026,-54.7069,96.8663
11121,-26.2026,-55.0069,96.8663
11122,-26.5026,-55.0069,96.8663
11123,-26.8026,-55.0069,96.8663
11124,-27.1026,-55.0069,96.8663
11125,-27.4026,-55.0069,96.8663
11126,-27.7026,-55.0069,96.8663
11127,-28.0026,-55.0069,96.8663
11128,-28.3026,-55.0069,96.8663
11129,-28.6026,-54.7069,96.8663
11130,-28.9026,-54.7069,96.8663
11131,-29.2026,-54.4069,96.8663
11132,-29.5026,-54.4069,96.8663
11133,-29.8026,-54.1069,96.5663
11134,-30.1026,-54.1069,96.5663
11135,-30.4026,-53.8069,96.5663
11136,-30.4026,-53.5069,96.5663
11137,-30.7026,-53.2069,96.5663
11138,-30.7026,-52.9069,96.5663
11139,-31.0026,-52.6069,96.5663
11140,-31.0026,-52.3069,96.5663
11141,-31.3026,-52.0069,96.5663
11142,-31.3026,-51.7069,96.5663
11143,-31.6026,-51.4069,96.5663
11144,-31.6026,-51.1069,96.5663
11145,-31.6026,-50.8069,96.5663
11146,-31.6026,-50.5069,96.5663
11147,-31.6026,-50.2069,96.5663
11148,-31.6026,-49.9069,96.5663
11149,-31.6026,-49.6069,96.5663
11150,-31.3026,-49.3069,96.5663
11151,-31.3026,-49.0069,96.5663
11152,-31.0026,-48.7069,96.5663
11153,-31.0026,-48.4069,96.5663
11154,-30.7026,-48.1069,96.5663
11155,-30.7026,-47.8069,96.5663
11156,-30.4026,-47.5069,96.5663
11157,-30.7026,-47.8069,96.8663
11158,-30.7026,-48.1069,96.8663
11159,-30.7026,-48.4069,97.1663
11160,-31.0026,-48.7069,97.4663
11161,-31.0026,-49.0069,97.7663
11162,-31.0026,-49.3069,98.0663
11163,-31.3026,-49.6069,98.3663
11164,-31.3026,-49.9069,98.3663
11165,-31.3026,-50.2069,98.3663
11166,-31.3026,-50.5069,98.3663
11167,-31.3026,-50.8069,98.3663
11168,-31.3026,-51.1069,98.3663
11169,-31.3026,-51.4069,98.3663
11170,-31.3026,-51.7069,98.3663
11171,-31.0026,-52.0069,98.6663
11172,-31.0026,-52.3069,98.9663
11173,-31.0026,-52.6069,98.9663
11174,-30.7026,-52.9069,99.2663
11175,-30.7026,-53.2069,99.2663
11176,-30.7026,-53.5069,99.2663
11177,-30.4026,-53.8069,99.5663
11178,-30.1026,-53.8069,99.5663
11179,-29.8026,-53.8069,99.5663
11180,-29.5026,-54.1069,99.5663
11181,-29.2026,-54.4069,99.5663
11182,-28.9026,-54.4069,99.5663
11183,-28.6026,-54.7069,99.5663
11184,-28.3026,-54.7069,99.5663
11185,-28.0026,-55.0069,99.5663
11186,-27.7026,-55.0069,99.5663
11187,-27.4026,-55.0069,99.5663
11188,-27.1026,-55.0069,99.5663
11189,-26.8026,-55.0069,99.5663
11190,-26.5026,-55.0069,99.5663
11191,-26.2026,-55.0069,99.5663
11192,-25.9026,-55.0069,99.5663
11193,-25.6026,-55.0069,99.5663
11194,-25.3026,-55.0069,99.5663
11195,-25.0026,-55.0069,99.5663
11196,-24.7026,-55.0069,99.5663
11197,-24.4026,-55.0069,99.5663
11198,-24.1026,-55.0069,99.5663
11199,-23.8026,-55.0069,99.5663
11200,-23.5026,-55.0069,99.5663
11201,-23.2026,-55.0069,99.5663
11202,-22.9026,-55.0069,99.5663
11203,-22.6026,-55.0069,99.5663
11204,-22.3026,-55.0069,99.5663
11205,-22.0026,-55.0069,99.5663
11206,-21.7026,-55.0069,99.5663
11207,-21.4026,-55.0069,99.5663
11208,-21.1026,-55.0069,99.5663
11209,-20.8026,-55.0069,99.5663
11210,-20.5026,-55.0069,99.5663
11211,-20.2026,-55.0069,99.5663
11212,-19.9026,-55.0069,99.5663
11213,-19.6026,-55.0069,99.5663
11214,-19.3026,-55.0069,99.5663
11215,-19.0026,-55.0069,99.5663
11216,-18.7026,-55.0069,99.5663
11217,-18.4026,-55.0069,99.5663
11218,-18.1026,-55.0069,99.5663
11219,-17.8026,-55.0069,99.5663
11220,-17.5026,-55.0069,99.5663
11221,-17.2026,-55.0069,99.5663
11222,-16.9026,-55.0069,99.5663
11223,-16.6026,-55.0069,99.5663
11224,-16.3026,-55.0069,99.5663
11225,-16.0026,-55.0069,99.5663
11226,-15.7026,-55.0069,99.5663
11227,-15.4026,-55.0069,99.5663
11228,-15.1026,-55.0069,99.5663
11229,-14.8026,-55.0069,99.5663
11230,-14.5026,-55.0069,99.5663
11231,-14.2026,-55.0069,99.5663
11232,-13.9026,-55.0069,99.5663
11233,-13.6026,-55.0069,99.5663
11234,-13.3026,-55.0069,99.5663
11235,-13.0026,-55.0069,99.5663
11236,-12.7026,-55.0069,99.5663
11237,-12.4026,-55.0069,99.5663
11238,-12.1026,-55.0069,99.5663
11239,-11.8026,-55.0069,99.5663
11240,-11.5026,-55.0069,99.5663
11241,-11.2026,-55.0069,99.5663
11242,-10.9026,-55.0069,99.5663
11243,-10.6026,-55.0069,99.5663
11244,-10.3026,-55.0069,99.5663
11245,-10.0026,-55.0069,99.5663
11246,-9.7026,-55.0069,99.5663
11247,-9.4026,-55.0069,99.5663
11248,-9.1026,-55.0069,99.5663
11249,-8.8026,-55.0069,99.5663
11250,-8.5026,-55.0069,99.5663
11251,-8.2026,-55.0069,99.5663
11252,-7.9026,-55.0069,99.5663
11253,-7.6026,-55.0069,99.5663
11254,-7.3026,-55.0069,99.5663
11255,-7.0026,-55.0069,99.5663
11256,-6.7026,-55.3069,99.5663
11257,-6.4026,-55.6069,99.5663
11258,-6.1026,-55.9069,99.5663
11259,-5.8026,-56.2069,99.5663
11260,-5.5026,-56.5069,99.5663
11261,-5.2026,-56.8069,99.5663
11262,-4.9026,-56.8069,99.5663
11263,-4.6026,-57.1069,99.5663
11264,-4.3026,-57.1069,99.5663
11265,-4.0026,-57.1069,99.5663
11266,-3.7026,-57.1069,99.5663
11267,-3.4026,-57.1069,99.5663
11268,-3.1026,-57.1069,99.5663
11269,-2.8026,-57.1069,99.5663
11270,-2.5026,-57.1069,99.5663
11271,-2.2026,-57.1069,99.5663
11272,-1.9026,-57.1069,99.5663
11273,-1.6026,-57.1069,99.5663
11274,-1.3026,-57.1069,99.5663
11275,-1.0026,-57.1069,99.5663
11276,-0.7026,-57.1069,99.5663
11277,-0.4026,-57.1069,99.5663
11278,-0.1026,-57.1069,99.5663
11279,0.1974,-57.1069,99.5663
11280,0.4974,-57.1069,99.5663
11281,0.7974,-57.1069,99.5663
11282,1.0974,-57.1069,99.5663
11283,1.3974,-57.1069,99.5663
11284,1.6974,-57.1069,99.5663
11285,1.9974,-57.1069,99.5663
11286,2.2974,-57.1069,99.5663
11287,2.5974,-57.1069,99.5663
11288,2.8974,-57.1069,99.5663
11289,3.1974,-57.1069,99.5663
11290,3.4974,-57.1069,99.5663
11291,3.7974,-57.1069,99.5663
11292,4.0974,-57.1069,99.5663
11293,4.3974,-57.1069,99.5663
11294,4.6974,-57.1069,99.5663
11295,4.9974,-57.1069,99.5663
11296,5.2974,-57.1069,99.5663
11297,5.5974,-57.1069,99.5663
11298,5.8974,-57.1069,99.5663
11299,6.1974,-57.1069,99.5663
11300,6.4974,-57.1069,99.5663
11301,6.7974,-57.1069,99.5663
11302,7.0974,-57.1069,99.5663
11303,7.3974,-57.1069,99.5663
11304,7.6974,-57.1069,99.5663
11305,7.9974,-57.1069,99.5663
11306,8.2974,-57.1069,99.5663
11307,8.5974,-57.1069,99.5663
11308,8.8974,-57.1069,99.5663
11309,9.1974,-57.1069,99.5663
11310,9.4974,-57.1069,99.5663
11311,9.7974,-57.1069,99.5663
11312,10.0974,-57.1069,99.5663
11313,10.3974,-57.1069,99.5663
11314,10.6974,-57.1069,99.5663
11315,10.9974,-57.1069,99.5663
11316,11.2974,-57.1069,99.5663
11317,11.5974,-57.1069,99.5663
11318,11.8974,-57.1069,99.5663
11319,12.1974,-57.1069,99.5663
11320,12.4974,-57.1069,99.5663
11321,12.7974,-57.1069,99.5663
11322,13.0974,-57.1069,99.5663
11323,13.3974,-57.1069,99.5663
11324,13.6974,-57.1069,99.5663
11325,13.9974,-57.1069,99.5663
11326,14.2974,-57.1069,99.5663
11327,14.5974,-57.1069,99.5663
11328,14.8974,-57.1069,99.5663
11329,15.1974,-57.1069,99.5663
11330,15.4974,-57.1069,99.5663
11331,15.7974,-57.1069,99.5663
11332,16.0974,-57.1069,99.5663
11333,15.7974,-57.4069,99.5663
11334,15.7974,-57.7069,99.5663
11335,15.7974,-58.0069,99.5663
11336,15.7974,-58.3069,99.5663
11337,15.7974,-58.6069,99.5663
11338,15.7974,-58.9069,99.5663
11339,15.7974,-59.2069,99.5663
11340,15.7974,-59.5069,99.5663
11341,15.7974,-59.8069,99.5663
11342,15.7974,-60.1069,99.5663
11343,15.7974,-60.4069,99.5663
11344,16.0974,-60.7069,99.5663
11345,16.3974,-61.0069,99.5663
11346,16.6974,-61.3069,99.5663
11347,16.9974,-61.6069,99.5663
11348,17.2974,-61.9069,99.5663
11349,17.5974,-62.2069,99.5663
11350,17.8974,-62.5069,99.5663
11351,18.1974,-62.5069,99.5663
11352,18.4974,-62.8069,99.5663
11353,18.7974,-62.8069,99.5663
11354,19.0974,-63.1069,99.5663
11355,19.3974,-63.1069,99.5663
11356,19.6974,-63.1069,99.5663
11357,19.9974,-63.1069,99.5663
11358,20.2974,-63.1069,99.5663
11359,20.5974,-63.1069,99.5663
11360,20.8974,-63.1069,99.5663
11361,21.1974,-63.1069,99.5663
11362,21.4974,-62.8069,99.5663
11363,21.7974,-62.8069,99.5663
11364,22.0974,-62.5069,99.5663
11365,22.3974,-62.5069,99.5663
11366,22.6974,-62.2069,99.5663
11367,22.9974,-61.9069,99.5663
11368,23.2974,-61.6069,99.8663
11369,23.5974,-61.3069,100.1663
11370,23.8974,-61.0069,100.4663
11371,23.8974,-60.7069,100.4663
11372,24.1974,-60.4069,100.7663
11373,24.1974,-60.1069,100.7663
11374,24.1974,-59.8069,100.7663
11375,24.1974,-59.5069,100.7663
11376,24.1974,-59.2069,101.0663
11377,24.1974,-58.9069,101.0663
11378,24.1974,-58.6069,101.0663
11379,24.1974,-58.3069,101.0663
11380,24.1974,-58.0069,101.0663
11381,24.1974,-57.7069,101.0663
11382,23.8974,-57.4069,101.0663
11383,23.8974,-57.1069,101.0663
11384,23.5974,-56.8069,101.0663
11385,23.5974,-56.5069,101.0663
11386,23.2974,-56.2069,101.0663
11387,22.9974,-55.9069,101.0663
11388,22.6974,-55.6069,101.0663
11389,22.3974,-55.3069,101.3663
11390,22.0974,-55.3069,101.3663
11391,21.7974,-55.0069,101.6663
11392,21.4974,-54.7069,101.6663
11393,21.1974,-54.7069,101.6663
11394,20.8974,-54.7069,101.6663
11395,20.5974,-54.7069,101.6663
11396,20.2974,-54.7069,101.6663
11397,19.9974,-54.4069,101.3663
11398,19.6974,-54.4069,101.3663
11399,19.3974,-54.1069,101.0663
11400,19.0974,-54.1069,101.0663
11401,18.7974,-54.1069,100.7663
11402,18.4974,-53.8069,100.4663
11403,18.1974,-53.8069,100.1663
11404,17.8974,-53.5069,99.8663
11405,17.8974,-53.5069,99.5663
11406,17.8974,-53.2069,99.5663
11407,17.8974,-52.9069,99.5663
11408,17.8974,-52.6069,99.5663
11409,17.8974,-52.3069,99.5663
11410,17.8974,-52.0069,99.5663
11411,17.8974,-51.7069,99.5663
11412,17.8974,-51.4069,99.5663
11413,17.8974,-51.1069,99.5663
11414,17.8974,-50.8069,99.5663
11415,17.8974,-50.5069,99.5663
11416,17.8974,-50.2069,99.5663
11417,18.1974,-49.9069,99.5663
11418,18.1974,-49.6069,99.5663
11419,18.4974,-49.3069,99.5663
11420,18.4974,-49.0069,99.5663
11421,18.4974,-48.7069,99.5663
11422,18.7974,-48.4069,99.5663
11423,18.7974,-48.1069,99.5663
11424,18.7974,-47.8069,99.5663
11425,19.0974,-47.5069,99.5663
11426,19.0974,-47.2069,99.5663
11427,19.3974,-46.9069,99.5663
11428,19.3974,-46.6069,99.5663
11429,19.6974,-46.3069,99.5663
11430,19.6974,-46.0069,99.5663
11431,19.9974,-45.7069,99.5663
11432,20.2974,-45.7069,99.5663
11433,20.5974,-45.4069,99.5663
11434,20.8974,-45.1069,99.5663
11435,21.1974,-45.1069,99.5663
11436,21.4974,-44.8069,99.5663
11437,21.7974,-44.8069,99.5663
11438,22.0974,-44.5069,99.5663
11439,22.3974,-44.5069,99.5663
11440,22.6974,-44.5069,99.5663
11441,22.9974,-44.5069,99.5663
11442,23.2974,-44.5069,99.5663
11443,23.5974,-44.5069,99.5663
11444,23.8974,-44.5069,99.5663
11445,24.1974,-44.5069,99.5663
11446,24.4974,-44.5069,99.5663
11447,24.7974,-44.5069,99.5663
11448,25.0974,-44.5069,99.5663
11449,25.3974,-44.5069,99.5663
11450,25.6974,-44.5069,99.5663
11451,25.9974,-44.5069,99.5663
11452,26.2974,-44.5069,99.5663
11453,26.5974,-44.5069,99.5663
11454,26.8974,-44.5069,99.5663
11455,27.1974,-44.5069,99.5663
11456,27.4974,-44.5069,99.5663
11457,27.7974,-44.5069,99.5663
11458,28.0974,-44.5069,99.5663
11459,28.3974,-44.5069,99.5663
11460,28.6974,-44.5069,99.5663
11461,28.9974,-44.8069,99.5663
11462,29.2974,-44.8069,99.5663
11463,29.5974,-45.1069,99.5663
11464,29.8974,-45.1069,99.5663
11465,30.1974,-45.4069,99.5663
11466,30.4974,-45.4069,99.5663
11467,30.7974,-45.7069,99.5663
11468,31.0974,-45.7069,99.5663
11469,31.3974,-46.0069,99.5663
11470,31.6974,-46.0069,99.5663
11471,31.9974,-46.0069,99.5663
11472,32.2974,-46.3069,99.5663
11473,32.5974,-46.3069,99.5663
11474,32.8974,-46.6069,99.5663
11475,33.1974,-46.6069,99.5663
11476,33.4974,-46.9069,99.5663
11477,33.7974,-46.9069,99.5663
11478,34.0974,-47.2069,99.5663
11479,34.3974,-47.2069,99.5663
11480,34.6974,-47.5069,99.5663
11481,34.9974,-47.5069,99.5663
11482,35.2974,-47.5069,99.5663
11483,35.5974,-47.8069,99.5663
11484,35.8974,-47.8069,99.5663
11485,36.1974,-48.1069,99.5663
11486,36.4974,-48.1069,99.5663
11487,36.7974,-48.4069,99.5663
11488,37.0974,-48.4069,99.5663
11489,37.3974,-48.7069,99.5663
11490,37.6974,-48.7069,99.5663
11491,37.9974,-49.0069,99.5663
11492,38.2974,-49.0069,99.5663
11493,38.5974,-49.0069,99.5663
11494,38.8974,-49.3069,99.5663
11495,39.1974,-49.3069,99.5663
11496,39.4974,-49.6069,99.5663
11497,39.7974,-49.6069,99.5663
11498,40.0974,-49.9069,99.5663
11499,40.3974,-49.9069,99.5663
11500,40.6974,-50.2069,99.5663
11501,40.9974,-50.2069,99.5663
11502,41.2974,-50.5069,99.5663
11503,41.5974,-50.5069,99.5663
11504,41.5974,-50.2069,99.5663
11505,41.8974,-49.9069,99.5663
11506,42.1974,-49.6069,99.5663
11507,42.4974,-49.3069,99.5663
11508,42.7974,-49.0069,99.5663
11509,43.0974,-49.0069,99.5663
11510,43.3974,-48.7069,99.5663
11511,43.6974,-48.7069,99.5663
11512,43.9974,-48.7069,99.5663
11513,44.2974,-48.4069,99.5663
11514,44.5974,-48.4069,99.5663
11515,44.8974,-48.4069,99.5663
11516,45.1974,-48.4069,99.5663
11517,45.4974,-48.4069,99.5663
11518,45.7974,-48.4069,99.5663
11519,46.0974,-48.4069,99.5663
11520,46.3974,-48.4069,99.5663
11521,46.6974,-48.4069,99.5663
11522,46.9974,-48.4069,99.5663
11523,47.2974,-48.4069,99.5663
11524,47.5974,-48.4069,99.5663
11525,47.8974,-48.4069,99.5663
11526,48.1974,-48.7069,99.5663
11527,48.4974,-48.7069,99.5663
11528,48.7974,-49.0069,99.5663
11529,49.0974,-49.0069,99.5663
11530,49.3974,-49.3069,99.5663
11531,49.6974,-49.6069,99.5663
11532,49.9974,-49.9069,99.5663
11533,50.2974,-50.2069,99.5663
11534,50.5974,-50.5069,99.5663
11535,50.5974,-50.8069,99.5663
11536,50.8974,-51.1069,99.5663
11537,50.8974,-51.4069,99.5663
11538,51.1974,-51.7069,99.5663
11539,51.1974,-52.0069,99.5663
11540,51.1974,-52.3069,99.5663
11541,51.1974,-52.6069,99.5663
11542,51.1974,-52.9069,99.5663
11543,51.1974,-53.2069,99.5663
11544,51.1974,-53.5069,99.5663
11545,50.8974,-53.8069,99.5663
11546,50.8974,-54.1069,99.5663
11547,64.8349,-58.1838,99.7000
11548,64.6974,-58.3069,99.8663
11549,64.6974,-58.3069,100.1663
11550,64.9974,-58.6069,100.4663
11551,64.9974,-58.6069,100.7663
11552,65.2974,-58.9069,101.0663
11553,65.5974,-58.9069,101.3663
11554,65.8974,-59.2069,101.6663
11555,66.1974,-59.2069,101.9663
11556,66.4974,-59.2069,102.2663
11557,66.7974,-59.2069,102.5663
11558,67.0974,-59.2069,102.5663
11559,67.3974,-59.2069,102.8663
11560,67.6974,-59.2069,102.8663
11561,67.9974,-59.2069,102.8663
11562,68.2974,-59.2069,102.8663
11563,68.5974,-59.2069,102.8663
11564,68.8974,-59.2069,102.8663
11565,69.1974,-59.2069,102.8663
11566,69.4974,-59.2069,102.8663
11567,69.7974,-59.2069,102.8663
11568,70.0974,-59.2069,102.5663
11569,70.3974,-59.2069,102.5663
11570,70.6974,-59.2069,102.2663
11571,70.9974,-59.2069,102.2663
11572,71.2974,-58.9069,101.9663
11573,71.5974,-58.9069,101.6663
11574,71.8974,-58.9069,101.3663
11575,72.1974,-58.6069,101.0663
11576,72.4974,-58.3069,100.7663
11577,72.4974,-58.3069,100.4663
11578,72.4974,-58.3069,100.1663
11579,72.7974,-58.0069,99.8663
11580,72.7974,-58.0069,99.5663
11581,71.7000,-66.9000,99.9000
11582,71.5974,-67.3069,99.8663
11583,71.5974,-67.6069,99.8663
11584,71.5974,-67.9069,99.8663
11585,71.2974,-68.2069,99.8663
11586,71.2974,-68.5069,99.8663
11587,70.9974,-68.8069,99.8663
11588,70.9974,-69.1069,99.8663
11589,70.6974,-69.4069,99.8663
11590,70.3974,-69.7069,99.5663
11591,70.3974,-70.0069,99.5663
11592,70.0974,-70.0069,99.5663
11593,69.7974,-70.3069,99.5663
11594,69.4974,-70.6069,99.5663
11595,69.1974,-70.6069,99.5663
11596,68.8974,-70.9069,99.5663
11597,68.5974,-70.9069,99.5663
11598,68.2974,-71.2069,99.5663
11599,67.9974,-71.2069,99.5663
11600,67.6974,-71.2069,99.5663
11601,67.3974,-71.2069,99.5663
11602,67.0974,-71.2069,99.5663
11603,66.7974,-71.2069,99.5663
11604,66.4974,-71.2069,99.5663
11605,66.1974,-71.2069,99.5663
11606,65.8974,-70.9069,99.5663
11607,65.5974,-70.9069,99.5663
11608,65.2974,-70.6069,99.5663
11609,64.9974,-70.6069,99.5663
11610,64.6974,-70.3069,99.5663
11611,64.3974,-70.0069,99.5663
11612,64.0974,-69.7069,99.5663
11613,63.7974,-69.4069,99.5663
11614,63.4974,-69.1069,99.5663
11615,63.1974,-68.8069,99.5663
11616,63.1974,-68.5069,99.5663
11617,63.2045,-68.6307,102.7000
11618,63.4974,-68.8069,102.5663
11619,63.4974,-69.1069,102.5663
11620,63.7974,-69.4069,102.5663
11621,64.0974,-69.7069,102.5663
11622,64.3974,-70.0069,102.5663
11623,64.6974,-70.3069,102.5663
11624,64.9974,-70.6069,102.5663
11625,65.2974,-70.6069,102.5663
11626,65.5974,-70.9069,102.5663
11627,65.8974,-70.9069,102.5663
11628,66.1974,-71.2069,102.5663
11629,66.4974,-71.2069,102.5663
11630,66.7974,-71.2069,102.5663
11631,67.0974,-71.2069,102.5663
11632,67.3974,-71.2069,102.5663
11633,67.6974,-71.2069,102.5663
11634,67.9974,-71.2069,102.5663
11635,68.2974,-71.2069,102.5663
11636,68.5974,-71.2069,102.5663
11637,68.8974,-70.9069,102.5663
11638,69.1974,-70.9069,102.5663
11639,69.4974,-70.6069,102.5663
11640,69.7974,-70.6069,102.5663
11641,70.0974,-70.3069,102.5663
11642,70.3974,-70.0069,102.5663
11643,70.6974,-69.7069,102.5663
11644,70.9974,-69.4069,102.5663
11645,70.9974,-69.1069,102.5663
11646,71.2974,-68.8069,102.5663
11647,71.2974,-68.5069,102.5663
11648,71.5974,-68.2069,102.5663
11649,71.5974,-67.9069,102.5663
11650,71.5974,-67.6069,102.5663
11651,71.5974,-67.3069,102.5663
11652,71.5974,-67.0069,102.5663
11653,71.5974,-66.7069,102.5663
11654,71.5974,-66.4069,102.5663
11655,71.5974,-66.1069,102.5663
11656,71.5974,-65.8069,102.5663
11657,71.2974,-65.5069,102.5663
11658,71.2974,-65.2069,102.5663
11659,70.9974,-64.9069,102.5663
11660,70.9974,-64.6069,102.5663
11661,70.6974,-64.3069,102.5663
11662,70.3974,-64.0069,102.5663
11663,70.0974,-63.7069,102.5663
11664,69.7974,-63.4069,102.5663
11665,69.4974,-63.4069,102.5663
11666,69.1974,-63.1069,102.5663
11667,68.8974,-63.1069,102.5663
11668,68.5974,-62.8069,102.5663
11669,68.2974,-62.8069,102.5663
11670,67.9974,-62.8069,102.5663
11671,67.6974,-62.8069,102.5663
11672,67.3974,-62.8069,102.5663
11673,67.0974,-62.8069,102.5663
11674,21.6307,-62.7955,102.7000
11675,21.1974,-62.8069,102.5663
11676,20.8974,-63.1069,102.5663
11677,20.5974,-63.1069,102.5663
11678,20.2974,-63.1069,102.5663
11679,19.9974,-63.1069,102.5663
11680,19.6974,-63.1069,102.5663
11681,19.3974,-63.1069,102.5663
11682,19.0974,-63.1069,102.5663
11683,18.7974,-62.8069,102.5663
11684,18.4974,-62.8069,102.5663
11685,18.1974,-62.5069,102.5663
11686,17.8974,-62.5069,102.5663
11687,17.5974,-62.2069,102.5663
11688,17.2974,-61.9069,102.5663
11689,16.9974,-61.6069,102.5663
11690,16.6974,-61.3069,102.5663
11691,16.3974,-61.0069,102.5663
11692,16.0974,-60.7069,102.5663
11693,16.0974,-60.4069,102.5663
11694,-24.0716,-47.4716,102.7000
11695,-24.4026,-47.2069,102.5663
11696,-24.7026,-46.9069,102.5663
11697,-25.0026,-46.9069,102.5663
11698,-25.3026,-46.6069,102.5663
11699,-25.6026,-46.6069,102.5663
11700,-25.9026,-46.3069,102.5663
11701,-26.2026,-46.3069,102.5663
11702,-26.5026,-46.3069,102.5663
11703,-26.8026,-46.3069,102.5663
11704,-27.1026,-46.3069,102.5663
11705,-27.4026,-46.3069,102.5663
11706,-27.7026,-46.3069,102.5663
11707,-28.0026,-46.3069,102.5663
11708,-28.3026,-46.3069,102.5663
11709,-28.6026,-46.3069,102.5663
11710,-28.9026,-46.3069,102.5663
11711,-29.2026,-46.6069,102.5663
11712,-29.5026,-46.9069,102.5663
11713,-29.8026,-47.2069,102.5663
11714,-30.1026,-47.5069,102.5663
11715,-30.4026,-47.8069,102.5663
11716,-30.7026,-48.1069,102.5663
11717,-30.7026,-48.4069,102.5663
11718,-31.0026,-48.7069,102.5663
11719,-31.0026,-49.0069,102.5663
11720,-31.3026,-49.3069,102.5663
11721,-31.3026,-49.6069,102.5663
11722,-31.3026,-49.9069,102.5663
11723,-31.3026,-50.2069,102.5663
11724,-31.3026,-50.5069,102.5663
11725,-31.3026,-50.8069,102.5663
11726,-31.3026,-51.1069,102.5663
11727,-31.3026,-51.4069,102.5663
11728,-31.3026,-51.7069,102.5663
11729,-31.3026,-52.0069,102.5663
11730,-31.3026,-52.3069,102.5663
11731,-28.3824,-53.4131,102.7000
11732,-30.1284,-53.5284,105.1000
11733,-30.1026,-53.2069,104.9663
11734,-30.4026,-52.9069,104.9663
11735,-30.7026,-52.6069,104.9663
11736,-30.7026,-52.3069,104.9663
11737,-31.0026,-52.0069,104.9663
11738,-31.0026,-51.7069,104.9663
11739,-31.3026,-51.4069,104.9663
11740,-31.3026,-51.1069,104.9663
11741,-31.3026,-50.8069,104.9663
11742,-31.3026,-50.5069,104.9663
11743,-26.5142,-52.0142,105.1000
11744,-24.1302,-47.3302,104.9000
11745,15.7000,-58.7000,104.9000
11746,15.7974,-58.9069,104.9663
11747,15.7974,-59.2069,104.9663
11748,15.7974,-59.5069,104.9663
11749,16.0974,-59.8069,104.9663
11750,16.0974,-60.1069,104.9663
11751,16.3974,-60.4069,104.9663
11752,16.3974,-60.7069,104.9663
11753,16.6974,-61.0069,104.9663
11754,16.9974,-61.3069,104.9663
11755,17.2974,-61.6069,104.9663
11756,17.5974,-61.9069,104.9663
11757,17.8974,-62.2069,104.9663
11758,18.1974,-62.5069,104.9663
11759,18.4974,-62.5069,104.9663
11760,18.7974,-62.5069,104.9663
11761,19.0974,-62.8069,104.9663
11762,19.3974,-62.8069,104.9663
11763,19.6974,-62.8069,104.9663
11764,19.9974,-62.8069,104.9663
11765,20.2974,-62.8069,104.9663
11766,20.5974,-62.8069,104.9663
11767,20.8974,-62.8069,104.9663
11768,21.1974,-62.8069,104.9663
11769,21.4974,-62.5069,104.9663
11770,21.7974,-62.5069,104.9663
11771,22.0974,-62.2069,104.9663
11772,22.3974,-62.2069,104.9663
11773,22.6974,-61.9069,104.9663
11774,22.9974,-61.6069,104.9663
11775,23.2974,-61.3069,104.9663
11776,23.5974,-61.0069,104.9663
11777,23.5974,-60.7069,104.9663
11778,23.8974,-60.4069,104.9663
11779,23.8974,-60.1069,104.9663
11780,24.1974,-59.8069,104.9663
11781,24.1974,-59.5069,104.9663
11782,24.1974,-59.2069,104.9663
11783,24.1974,-58.9069,104.9663
11784,24.1974,-58.6069,104.9663
11785,24.1974,-58.3069,104.9663
11786,24.1974,-58.0069,104.9663
11787,24.1974,-57.7069,104.9663
11788,24.1974,-57.4069,104.9663
11789,23.8974,-57.1069,104.9663
11790,64.2716,-69.9284,105.1000
11791,64.6974,-70.3069,104.9663
11792,64.9974,-70.6069,104.9663
11793,65.2974,-70.6069,104.9663
11794,65.5974,-70.9069,104.9663
11795,65.8974,-70.9069,104.9663
11796,66.1974,-71.2069,104.9663
11797,66.4974,-71.2069,104.9663
11798,66.7974,-71.2069,104.9663
11799,67.0974,-71.2069,104.9663
11800,67.3974,-71.2069,104.9663
11801,67.6974,-71.2069,104.9663
11802,67.9974,-71.2069,104.9663
11803,68.2974,-71.2069,104.9663
11804,68.5974,-70.9069,104.9663
11805,68.8974,-70.9069,104.9663
11806,69.1974,-70.6069,104.9663
11807,69.4974,-70.6069,104.9663
11808,69.7974,-70.3069,104.9663
11809,70.0974,-70.0069,104.9663
11810,70.3974,-69.7069,104.9663
11811,70.6974,-69.4069,104.9663
11812,70.6974,-69.1069,104.9663
11813,70.9974,-68.8069,104.9663
11814,70.9974,-68.5069,104.9663
11815,71.2974,-68.2069,104.9663
11816,71.2974,-67.9069,104.9663
11817,71.2974,-67.6069,104.9663
11818,71.2974,-67.3069,104.9663
11819,71.2974,-67.0069,104.9663
11820,71.2974,-66.7069,104.9663
11821,71.2974,-66.4069,104.9663
11822,71.2974,-66.1069,104.9663
11823,71.2974,-65.8069,104.9663
11824,70.9974,-65.5069,104.9663
11825,70.9974,-65.2069,104.9663
11826,70.6974,-64.9069,104.9663
11827,70.6974,-64.6069,104.9663
11828,70.3974,-64.3069,104.9663
11829,70.0974,-64.0069,104.9663
