path_id,x,y,z
0,72.1669,-63.4331,77.9000
1,71.8974,-63.1069,77.9663
2,71.5974,-62.8069,77.9663
3,71.2974,-62.5069,77.9663
4,70.9974,-62.2069,77.9663
5,70.6974,-61.9069,77.9663
6,70.3974,-61.6069,77.9663
7,70.0974,-61.6069,77.9663
8,69.7974,-61.3069,77.9663
9,69.4974,-61.3069,77.9663
10,69.1974,-61.0069,77.9663
11,68.8974,-61.0069,77.9663
12,68.5974,-61.0069,77.9663
13,68.2974,-61.0069,77.9663
14,67.9974,-61.0069,77.9663
15,67.6974,-61.0069,77.9663
16,67.3974,-61.0069,77.9663
17,67.0974,-60.7069,77.9663
18,66.7974,-60.7069,77.9663
19,66.4974,-60.4069,77.9663
20,66.1974,-60.4069,77.9663
21,65.8974,-60.4069,77.9663
22,65.5974,-60.4069,77.9663
23,65.2974,-60.4069,77.9663
24,64.9974,-60.4069,77.9663
25,64.6974,-60.4069,77.9663
26,64.3974,-60.4069,77.9663
27,64.0974,-60.4069,77.9663
28,63.7974,-60.4069,77.9663
29,63.4974,-60.1069,77.9663
30,63.1974,-60.1069,77.9663
31,62.8974,-59.8069,77.9663
32,62.5974,-59.8069,77.9663
33,62.2974,-59.8069,77.9663
34,61.9974,-59.8069,77.9663
35,61.6974,-59.8069,77.9663
36,61.3974,-59.8069,77.9663
37,61.0974,-59.8069,77.9663
38,60.7974,-59.8069,77.9663
39,60.4974,-59.8069,77.9663
40,60.1974,-59.5069,77.9663
41,59.8974,-59.5069,77.9663
42,59.5974,-59.2069,77.9663
43,59.2974,-59.2069,77.9663
44,58.9974,-59.2069,77.9663
45,58.6974,-59.2069,77.9663
46,58.3974,-59.2069,77.9663
47,58.0974,-59.2069,77.9663
48,57.7974,-59.2069,77.9663
49,57.4974,-59.2069,77.9663
50,57.1974,-59.2069,77.9663
51,56.8974,-59.2069,77.9663
52,56.5974,-59.2069,77.9663
53,56.2974,-59.2069,77.9663
54,55.9974,-59.2069,77.9663
55,55.6974,-58.9069,77.9663
56,55.3974,-58.9069,77.9663
57,55.0974,-58.6069,77.9663
58,54.7974,-58.6069,77.9663
59,54.4974,-58.3069,77.9663
60,54.1974,-58.3069,77.9663
61,53.8974,-58.3069,77.9663
62,53.5974,-58.3069,77.9663
63,53.2974,-58.3069,77.9663
64,52.9974,-58.3069,77.9663
65,52.6974,-58.3069,77.9663
66,52.3974,-58.3069,77.9663
67,52.0974,-58.3069,77.9663
68,51.7974,-58.3069,77.9663
69,51.4974,-58.0069,77.9663
70,51.1974,-58.0069,77.9663
71,50.8974,-57.7069,77.9663
72,50.5974,-57.7069,77.9663
73,50.2974,-57.7069,77.9663
74,49.9974,-57.7069,77.9663
75,49.6974,-57.7069,77.9663
76,49.3974,-57.7069,77.9663
77,49.0974,-57.7069,77.9663
78,48.7974,-57.7069,77.9663
79,48.4974,-57.7069,77.9663
80,48.1974,-57.7069,77.9663
81,47.8974,-57.4069,77.9663
82,47.5974,-57.4069,77.9663
83,47.2974,-57.1069,77.9663
84,46.9974,-57.1069,77.9663
85,46.6974,-57.1069,77.9663
86,46.3974,-57.1069,77.9663
87,46.0974,-57.1069,77.9663
88,45.7974,-57.1069,77.9663
89,45.4974,-57.1069,77.9663
90,45.1974,-56.8069,77.9663
91,44.8974,-56.8069,77.9663
92,44.5974,-56.8069,77.9663
93,44.2974,-56.8069,77.9663
94,43.9974,-56.5069,77.9663
95,43.6974,-56.2069,77.9663
96,43.3974,-56.2069,77.9663
97,43.0974,-56.2069,77.9663
98,42.7974,-56.2069,77.9663
99,42.4974,-56.2069,77.9663
100,42.1974,-56.2069,77.9663
101,41.8974,-56.2069,77.9663
102,41.5974,-56.2069,77.9663
103,41.2974,-56.2069,77.9663
104,40.9974,-56.2069,77.9663
105,40.6974,-56.2069,77.9663
106,40.3974,-56.2069,77.9663
107,40.0974,-56.2069,77.9663
108,39.7974,-56.2069,77.9663
109,39.4974,-55.9069,77.9663
110,39.1974,-55.9069,77.9663
111,38.8974,-55.9069,77.9663
112,38.5974,-55.9069,77.9663
113,38.2974,-55.9069,77.9663
114,37.9974,-55.9069,77.9663
115,37.6974,-55.9069,77.9663
116,37.3974,-55.9069,77.9663
117,37.0974,-55.9069,77.9663
118,36.7974,-55.9069,77.9663
119,36.4974,-55.6069,77.9663
120,36.1974,-55.6069,77.9663
121,35.8974,-55.3069,77.9663
122,35.5974,-55.3069,77.9663
123,35.2974,-55.3069,77.9663
124,34.9974,-55.3069,77.9663
125,34.6974,-55.3069,77.9663
126,34.3974,-55.3069,77.9663
127,34.0974,-55.3069,77.9663
128,33.7974,-55.3069,77.9663
129,33.4974,-55.3069,77.9663
130,33.1974,-55.3069,77.9663
131,32.8974,-55.3069,77.9663
132,32.5974,-55.3069,77.9663
133,32.2974,-55.0069,77.9663
134,31.9974,-55.0069,77.9663
135,31.6974,-54.7069,77.9663
136,31.3974,-54.7069,77.9663
137,31.0974,-54.4069,77.9663
138,30.7974,-54.4069,77.9663
139,30.4974,-54.4069,77.9663
140,30.1974,-54.4069,77.9663
141,29.8974,-54.4069,77.9663
142,30.1974,-54.4069,77.9663
143,30.4974,-54.4069,77.9663
144,30.7974,-54.4069,77.9663
145,31.0974,-54.4069,77.9663
146,31.3974,-54.4069,77.9663
147,31.6974,-54.4069,77.9663
148,31.9974,-54.4069,77.9663
149,32.2974,-54.4069,77.9663
150,32.5974,-54.4069,77.9663
151,32.8974,-54.4069,77.9663
152,33.1974,-54.4069,77.9663
153,33.4974,-54.4069,77.9663
154,33.7974,-54.4069,77.9663
155,34.0974,-54.4069,77.9663
156,34.3974,-54.4069,77.9663
157,34.6974,-54.4069,77.9663
158,34.9974,-54.4069,77.9663
159,35.2974,-54.4069,77.9663
160,35.5974,-54.4069,77.9663
161,35.8974,-54.4069,77.9663
162,36.1974,-54.4069,77.9663
163,36.4974,-54.4069,77.9663
164,36.7974,-54.4069,77.9663
165,37.0974,-54.4069,77.9663
166,37.3974,-54.4069,77.9663
167,37.6974,-54.4069,77.9663
168,37.9974,-54.4069,77.9663
169,38.2974,-54.4069,77.9663
170,38.5974,-54.4069,77.9663
171,38.8974,-54.4069,77.9663
172,39.1974,-54.4069,77.9663
173,39.4974,-54.4069,77.9663
174,39.7974,-54.4069,77.9663
175,40.0974,-54.4069,77.9663
176,40.3974,-54.4069,77.9663
177,40.6974,-54.4069,77.9663
178,40.9974,-54.4069,77.9663
179,41.2974,-54.4069,77.9663
180,41.5974,-54.4069,77.9663
181,41.8974,-54.4069,77.9663
182,42.1974,-54.4069,77.9663
183,42.4974,-54.4069,77.9663
184,42.7974,-54.4069,77.9663
185,43.0974,-54.4069,77.9663
186,43.3974,-54.4069,77.9663
187,43.6974,-54.4069,77.9663
188,43.9974,-54.4069,77.9663
189,44.2974,-54.4069,77.9663
190,44.5974,-54.4069,77.9663
191,44.8974,-54.4069,77.9663
192,45.1974,-54.4069,77.9663
193,45.4974,-54.4069,77.9663
194,45.7974,-54.4069,77.9663
195,46.0974,-54.4069,77.9663
196,46.3974,-54.4069,77.9663
197,46.6974,-54.4069,77.9663
198,46.9974,-54.4069,77.9663
199,47.2974,-54.4069,77.9663
200,47.5974,-54.4069,77.9663
201,47.8974,-54.4069,77.9663
202,48.1974,-54.4069,77.9663
203,48.4974,-54.4069,77.9663
204,48.7974,-54.4069,77.9663
205,49.0974,-54.4069,77.9663
206,49.3974,-54.4069,77.9663
207,49.6974,-54.4069,77.9663
208,49.9974,-54.4069,77.9663
209,50.2974,-54.4069,77.9663
210,50.5974,-54.4069,77.9663
211,50.8974,-54.4069,77.9663
212,51.1974,-54.4069,77.9663
213,51.4974,-54.7069,77.9663
214,51.7974,-54.7069,77.9663
215,52.0974,-55.0069,77.9663
216,52.3974,-55.0069,77.9663
217,52.6974,-55.3069,77.9663
218,52.9974,-55.3069,77.9663
219,53.2974,-55.6069,77.9663
220,53.5974,-55.6069,77.9663
221,53.8974,-55.9069,77.9663
222,54.1974,-55.9069,77.9663
223,54.4974,-55.9069,77.9663
224,54.7974,-56.2069,77.9663
225,55.0974,-56.2069,77.9663
226,55.3974,-56.5069,77.9663
227,55.6974,-56.5069,77.9663
228,55.9974,-56.8069,77.9663
229,56.2974,-56.8069,77.9663
230,56.5974,-57.1069,77.9663
231,56.8974,-57.1069,77.9663
232,57.1974,-57.4069,77.9663
233,57.4974,-57.4069,77.9663
234,57.7974,-57.4069,77.9663
235,58.0974,-57.7069,77.9663
236,58.3974,-57.7069,77.9663
237,58.6974,-58.0069,77.9663
238,58.9974,-58.0069,77.9663
239,59.2974,-58.3069,77.9663
240,59.5974,-58.3069,77.9663
241,59.8974,-58.6069,77.9663
242,60.1974,-58.6069,77.9663
243,60.4974,-58.9069,77.9663
244,60.7974,-58.9069,77.9663
245,61.0974,-58.9069,77.9663
246,61.3974,-59.2069,77.9663
247,61.6974,-59.2069,77.9663
248,61.9974,-59.5069,77.9663
249,62.2974,-59.5069,77.9663
250,62.5974,-59.8069,77.9663
251,62.8974,-59.8069,77.9663
252,63.1974,-60.1069,77.9663
253,63.4974,-60.1069,77.9663
254,63.7974,-60.4069,77.9663
255,64.0974,-60.4069,77.9663
256,63.7974,-60.4069,77.9663
257,63.4974,-60.1069,77.9663
258,63.1974,-60.1069,77.9663
259,62.8974,-59.8069,77.9663
260,62.5974,-59.8069,77.9663
261,62.2974,-59.5069,77.9663
262,61.9974,-59.5069,77.9663
263,61.6974,-59.5069,77.9663
264,61.3974,-59.5069,77.9663
265,61.0974,-59.5069,77.9663
266,60.7974,-59.5069,77.9663
267,60.4974,-59.5069,77.9663
268,60.1974,-59.5069,77.9663
269,59.8974,-59.5069,77.9663
270,59.5974,-59.2069,77.9663
271,59.2974,-59.2069,77.9663
272,58.9974,-59.2069,77.9663
273,58.6974,-59.2069,77.9663
274,58.3974,-59.2069,77.9663
275,58.0974,-59.2069,77.9663
276,57.7974,-59.2069,77.9663
277,57.4974,-59.2069,77.9663
278,57.1974,-59.2069,77.9663
279,56.8974,-59.2069,77.9663
280,56.5974,-59.2069,77.9663
281,56.2974,-59.2069,77.9663
282,55.9974,-59.2069,77.9663
283,55.6974,-58.9069,77.9663
284,55.3974,-58.9069,77.9663
285,55.0974,-58.6069,77.9663
286,54.7974,-58.6069,77.9663
287,54.4974,-58.3069,77.9663
288,54.1974,-58.3069,77.9663
289,53.8974,-58.3069,77.9663
290,53.5974,-58.3069,77.9663
291,53.2974,-58.3069,77.9663
292,52.9974,-58.3069,77.9663
293,52.6974,-58.3069,77.9663
294,52.3974,-58.3069,77.9663
295,52.0974,-58.3069,77.9663
296,51.7974,-58.3069,77.9663
297,51.4974,-58.0069,77.9663
298,51.1974,-58.0069,77.9663
299,50.8974,-57.7069,77.9663
300,50.5974,-57.7069,77.9663
301,50.2974,-57.7069,77.9663
302,49.9974,-57.7069,77.9663
303,49.6974,-57.7069,77.9663
304,49.3974,-57.7069,77.9663
305,49.0974,-57.7069,77.9663
306,48.7974,-57.7069,77.9663
307,48.4974,-57.7069,77.9663
308,48.1974,-57.7069,77.9663
309,47.8974,-57.4069,77.9663
310,47.5974,-57.4069,77.9663
311,47.2974,-57.1069,77.9663
312,46.9974,-57.1069,77.9663
313,46.6974,-57.1069,77.9663
314,46.3974,-57.1069,77.9663
315,46.0974,-57.1069,77.9663
316,45.7974,-57.1069,77.9663
317,-34.6366,-51.0440,77.9000
318,-34.3026,-51.4069,77.9663
319,-34.3026,-51.7069,77.9663
320,-34.0026,-52.0069,77.9663
321,-33.7026,-52.3069,77.9663
322,-33.4026,-52.6069,77.9663
323,-33.4026,-52.9069,77.9663
324,-33.1026,-53.2069,77.9663
325,-32.8026,-53.5069,77.9663
326,-32.5026,-53.8069,77.9663
327,-32.2026,-53.8069,77.9663
328,-31.9026,-54.1069,77.9663
329,-31.6026,-54.1069,77.9663
330,-31.3026,-54.4069,78.2663
331,-31.0026,-54.7069,78.5663
332,-30.7026,-55.0069,78.8663
333,-30.4026,-55.3069,79.1663
334,-30.1026,-55.6069,79.4663
335,-29.8026,-55.6069,79.4663
336,-29.5026,-55.9069,79.7663
337,-29.2026,-55.9069,79.7663
338,-28.9026,-56.2069,80.0663
339,-28.6026,-56.5069,80.3663
340,-28.3026,-56.5069,80.3663
341,-28.0026,-56.5069,80.3663
342,-27.7026,-56.5069,80.3663
343,-27.4026,-56.5069,80.3663
344,-27.1026,-56.5069,80.3663
345,-26.8026,-56.5069,80.6663
346,-26.5026,-56.5069,80.9663
347,-26.2026,-56.8069,81.2663
348,-25.9026,-57.1069,81.5663
349,-25.6026,-57.4069,81.8663
350,-25.3026,-57.7069,82.1663
351,-25.0026,-57.7069,82.1663
352,-24.7026,-58.0069,82.4663
353,-24.4026,-58.3069,82.7663
354,-24.1026,-58.3069,82.7663
355,-23.8026,-58.3069,82.7663
356,-23.5026,-58.3069,82.7663
357,-23.2026,-58.6069,83.0663
358,-22.9026,-58.6069,83.0663
359,-22.6026,-58.6069,83.0663
360,-22.3026,-58.6069,83.0663
361,-22.0026,-58.6069,83.0663
362,-21.7026,-58.6069,83.0663
363,-21.4026,-58.6069,83.0663
364,-21.1026,-58.6069,83.0663
365,-20.8026,-58.6069,83.0663
366,-20.5026,-58.6069,83.0663
367,-20.2026,-58.6069,83.0663
368,-19.9026,-58.6069,83.0663
369,-19.6026,-58.6069,83.0663
370,-19.3026,-58.6069,83.0663
371,-19.0026,-58.6069,83.0663
372,-18.7026,-58.6069,83.0663
373,-18.4026,-58.6069,83.0663
374,-18.1026,-58.6069,83.0663
375,-17.8026,-58.6069,83.0663
376,-17.5026,-58.6069,83.0663
377,-17.2026,-58.6069,83.0663
378,-16.9026,-58.6069,83.0663
379,-16.6026,-58.6069,83.0663
380,-16.3026,-58.6069,83.0663
381,-16.0026,-58.6069,83.0663
382,-15.7026,-58.6069,83.0663
383,-15.4026,-58.6069,83.0663
384,-15.1026,-58.6069,83.0663
385,-14.8026,-58.6069,83.0663
386,-14.5026,-58.6069,83.0663
387,-14.2026,-58.6069,83.0663
388,-13.9026,-58.6069,83.0663
389,-13.6026,-58.6069,83.0663
390,-13.3026,-58.6069,83.0663
391,-13.0026,-58.6069,83.0663
392,-12.7026,-58.6069,83.0663
393,-12.4026,-58.6069,83.0663
394,-12.1026,-58.6069,83.0663
395,-11.8026,-58.6069,83.0663
396,-11.5026,-58.6069,83.0663
397,-11.2026,-58.6069,83.0663
398,-10.9026,-58.6069,83.0663
399,-10.6026,-58.6069,83.0663
400,-10.3026,-58.6069,83.0663
401,-10.0026,-58.6069,83.0663
402,-9.7026,-58.6069,83.0663
403,-9.4026,-58.6069,83.0663
404,-9.1026,-58.6069,83.0663
405,-8.8026,-58.6069,83.0663
406,-8.5026,-58.6069,83.0663
407,-8.2026,-58.6069,83.0663
408,-7.9026,-58.6069,83.0663
409,-7.6026,-58.6069,83.0663
410,-7.3026,-58.6069,83.0663
411,-7.0026,-58.6069,83.0663
412,-6.7026,-58.9069,83.0663
413,-6.4026,-59.2069,83.0663
414,-6.1026,-59.5069,83.0663
415,-5.8026,-59.5069,83.0663
416,-5.5026,-59.8069,83.0663
417,-5.2026,-59.8069,83.0663
418,-4.9026,-60.1069,83.0663
419,-4.6026,-60.1069,83.0663
420,-4.3026,-60.1069,83.0663
421,-4.0026,-60.1069,83.0663
422,-3.7026,-60.1069,83.0663
423,-3.4026,-60.1069,83.0663
424,-3.1026,-60.1069,83.0663
425,-2.8026,-60.1069,83.0663
426,-2.5026,-60.1069,83.0663
427,-2.2026,-60.1069,83.0663
428,-1.9026,-60.1069,83.0663
429,-1.6026,-60.1069,83.0663
430,-1.3026,-60.1069,83.0663
431,-1.0026,-60.1069,83.0663
432,-0.7026,-60.1069,83.0663
433,-0.4026,-60.1069,83.0663
434,-0.1026,-60.1069,83.0663
435,0.1974,-60.1069,83.0663
436,0.4974,-60.1069,83.0663
437,0.7974,-60.1069,83.0663
438,1.0974,-60.1069,83.0663
439,1.3974,-60.1069,83.0663
440,1.6974,-60.1069,83.0663
441,1.9974,-60.1069,83.0663
442,2.2974,-60.1069,83.0663
443,2.5974,-60.1069,83.0663
444,2.8974,-60.1069,83.0663
445,3.1974,-60.1069,83.0663
446,3.4974,-60.1069,83.0663
447,3.7974,-60.1069,83.0663
448,4.0974,-60.1069,83.0663
449,4.3974,-60.1069,83.0663
450,4.6974,-60.1069,82.7663
451,4.9974,-60.1069,82.7663
452,5.2974,-60.1069,82.7663
453,5.5974,-60.1069,82.4663
454,5.8974,-60.1069,82.4663
455,6.1974,-60.1069,82.1663
456,6.4974,-60.1069,82.1663
457,6.7974,-60.1069,81.8663
458,7.0974,-60.1069,81.8663
459,7.3974,-60.1069,81.8663
460,7.6974,-60.1069,81.8663
461,7.9974,-60.1069,81.8663
462,8.2974,-60.1069,81.8663
463,8.5974,-60.1069,81.8663
464,8.8974,-60.1069,81.8663
465,9.1974,-60.1069,81.8663
466,9.4974,-60.1069,81.8663
467,9.7974,-59.8069,81.5663
468,10.0974,-59.5069,81.2663
469,10.3974,-59.5069,81.2663
470,10.6974,-59.5069,81.2663
471,10.9974,-59.2069,80.9663
472,11.2974,-59.2069,80.6663
473,11.5974,-59.2069,80.6663
474,11.8974,-59.2069,80.3663
475,12.1974,-59.2069,80.0663
476,12.4974,-59.2069,79.7663
477,12.7974,-59.2069,79.7663
478,13.0974,-59.2069,79.7663
479,13.3974,-59.2069,79.7663
480,13.6974,-59.2069,79.4663
481,13.9974,-59.2069,79.1663
482,14.2974,-59.2069,78.8663
483,14.5974,-59.2069,78.5663
484,14.8974,-59.2069,78.2663
485,15.1974,-59.2069,77.9663
486,15.4974,-59.2069,77.9663
487,15.9000,-57.7000,78.1000
488,15.9000,-57.3000,78.1000
489,15.4974,-57.1069,77.9663
490,15.1974,-56.8069,77.9663
491,14.8974,-56.5069,77.9663
492,14.5974,-56.2069,77.9663
493,14.2974,-55.9069,77.9663
494,13.9974,-55.6069,77.9663
495,13.6974,-55.3069,77.9663
496,13.3974,-55.0069,77.9663
497,13.0974,-54.7069,77.9663
498,12.7974,-54.4069,77.9663
499,12.4974,-54.1069,77.9663
500,12.1974,-53.8069,77.9663
501,11.8974,-53.5069,77.9663
502,11.5974,-53.2069,77.9663
503,11.2974,-52.9069,77.9663
504,10.9974,-52.6069,77.9663
505,10.6974,-52.3069,77.9663
506,10.3974,-52.3069,77.9663
507,10.0974,-52.0069,77.9663
508,9.7974,-52.0069,77.9663
509,9.4974,-52.0069,77.9663
510,9.1974,-52.0069,77.9663
511,8.8974,-51.7069,77.9663
512,8.5974,-51.7069,77.9663
513,8.2974,-51.7069,77.9663
514,7.9974,-51.7069,77.9663
515,7.6974,-51.7069,77.9663
516,7.3974,-51.7069,77.9663
517,7.0974,-51.7069,77.9663
518,6.7974,-51.7069,77.9663
519,6.4974,-51.7069,77.9663
520,6.1974,-51.7069,77.9663
521,5.8974,-51.7069,77.9663
522,5.5974,-51.7069,77.9663
523,5.2974,-51.7069,77.9663
524,4.9974,-51.7069,77.9663
525,4.6974,-51.7069,77.9663
526,4.3974,-51.7069,77.9663
527,4.0974,-51.7069,77.9663
528,3.7974,-51.7069,77.9663
529,3.4974,-51.7069,77.9663
530,3.1974,-51.7069,77.9663
531,2.8974,-51.7069,77.9663
532,2.5974,-51.7069,77.9663
533,2.2974,-51.7069,77.9663
534,1.9974,-51.7069,77.9663
535,1.6974,-51.7069,77.9663
536,1.3974,-51.7069,77.9663
537,1.0974,-51.7069,77.9663
538,0.7974,-51.4069,77.9663
539,0.4974,-51.1069,77.9663
540,0.1974,-50.8069,77.9663
541,-0.1026,-50.5069,77.9663
542,-0.4026,-50.2069,77.9663
543,-0.7026,-50.2069,77.9663
544,-1.0026,-49.9069,77.9663
545,-1.3026,-49.6069,77.9663
546,-1.6026,-49.6069,77.9663
547,-1.9026,-49.3069,77.9663
548,-2.2026,-49.3069,77.9663
549,-2.5026,-49.3069,77.9663
550,-2.8026,-49.0069,77.9663
551,-3.1026,-49.0069,77.9663
552,-3.4026,-49.0069,77.9663
553,-3.7026,-49.0069,77.9663
554,-4.0026,-49.0069,77.9663
555,-4.3026,-49.0069,77.9663
556,-4.6026,-49.0069,77.9663
557,-4.9026,-49.0069,77.9663
558,-5.2026,-49.0069,77.9663
559,-5.5026,-49.0069,77.9663
560,-5.8026,-49.0069,77.9663
561,-6.1026,-49.0069,77.9663
562,-6.4026,-49.0069,77.9663
563,-6.7026,-49.0069,77.9663
564,-7.0026,-49.0069,77.9663
565,-7.3026,-49.0069,77.9663
566,-7.6026,-49.0069,77.9663
567,-7.9026,-49.0069,77.9663
568,-7.6026,-49.0069,77.9663
569,-7.3026,-49.0069,77.9663
570,-7.0026,-49.0069,77.9663
571,-6.7026,-49.0069,77.9663
572,-6.4026,-49.0069,77.9663
573,-6.1026,-49.0069,77.9663
574,-5.8026,-49.0069,77.9663
575,-5.5026,-49.0069,77.9663
576,-5.2026,-49.0069,77.9663
577,-4.9026,-49.0069,77.9663
578,-4.6026,-49.0069,77.9663
579,-4.3026,-49.0069,77.9663
580,-4.0026,-49.0069,77.9663
581,-3.7026,-49.0069,77.9663
582,-3.4026,-49.0069,77.9663
583,-3.1026,-49.0069,77.9663
584,-2.8026,-49.0069,77.9663
585,-2.5026,-49.0069,77.9663
586,-2.2026,-49.0069,77.9663
587,-1.9026,-49.0069,77.9663
588,-1.6026,-49.0069,77.9663
589,-1.3026,-49.0069,77.9663
590,-1.0026,-49.0069,77.9663
591,-0.7026,-49.0069,77.9663
592,-0.4026,-49.0069,77.9663
593,-0.1026,-49.0069,77.9663
594,0.1974,-49.0069,77.9663
595,0.4974,-49.0069,77.9663
596,0.7974,-49.0069,77.9663
597,1.0974,-49.0069,77.9663
598,1.3974,-49.0069,77.9663
599,1.6974,-49.0069,77.9663
600,1.9974,-49.0069,77.9663
601,2.2974,-49.0069,77.9663
602,2.5974,-49.0069,77.9663
603,2.8974,-49.0069,77.9663
604,3.1974,-49.0069,77.9663
605,3.4974,-49.0069,77.9663
606,3.7974,-49.0069,77.9663
607,4.0974,-49.0069,77.9663
608,4.3974,-49.0069,77.9663
609,4.6974,-49.0069,77.9663
610,4.9974,-49.0069,77.9663
611,5.2974,-49.0069,77.9663
612,5.5974,-49.0069,77.9663
613,5.8974,-49.0069,77.9663
614,6.1974,-49.0069,77.9663
615,6.4974,-49.0069,77.9663
616,6.7974,-49.0069,77.9663
617,7.0974,-49.0069,77.9663
618,7.3974,-49.0069,77.9663
619,7.6974,-49.0069,77.9663
620,7.9974,-49.0069,77.9663
621,8.2974,-49.0069,77.9663
622,8.5974,-49.0069,77.9663
623,8.8974,-49.0069,77.9663
624,9.1974,-49.0069,77.9663
625,9.4974,-49.0069,77.9663
626,9.7974,-49.0069,77.9663
627,10.0974,-49.0069,77.9663
628,10.3974,-49.0069,77.9663
629,10.6974,-49.0069,77.9663
630,10.9974,-49.0069,77.9663
631,11.2974,-49.0069,77.9663
632,11.5974,-49.0069,77.9663
633,11.8974,-49.0069,77.9663
634,12.1974,-49.0069,77.9663
635,12.4974,-49.0069,77.9663
636,12.7974,-49.0069,77.9663
637,13.0974,-49.0069,77.9663
638,13.3974,-49.0069,77.9663
639,13.6974,-49.0069,77.9663
640,13.9974,-49.0069,77.9663
641,14.2974,-49.0069,77.9663
642,14.5974,-49.0069,77.9663
643,14.8974,-49.0069,77.9663
644,15.1974,-49.3069,77.9663
645,15.4974,-49.3069,77.9663
646,15.7974,-49.6069,77.9663
647,16.0974,-49.6069,77.9663
648,16.3974,-49.9069,77.9663
649,16.6974,-49.9069,77.9663
650,16.9974,-50.2069,77.9663
651,17.2974,-50.2069,77.9663
652,17.5974,-50.5069,77.9663
653,17.8974,-50.5069,77.9663
654,18.1974,-50.5069,77.9663
655,18.4974,-50.8069,77.9663
656,18.7974,-50.8069,77.9663
657,19.0974,-51.1069,77.9663
658,19.3974,-51.1069,77.9663
659,19.6974,-51.4069,77.9663
660,19.9974,-51.4069,77.9663
661,20.2974,-51.7069,77.9663
662,20.5974,-51.7069,77.9663
663,20.8974,-52.0069,77.9663
664,21.1974,-52.0069,77.9663
665,21.4974,-52.0069,77.9663
666,21.7974,-52.3069,77.9663
667,22.0974,-52.3069,77.9663
668,22.3974,-52.6069,77.9663
669,22.6974,-52.6069,77.9663
670,22.9974,-52.9069,77.9663
671,23.2974,-52.9069,77.9663
672,23.5974,-53.2069,77.9663
673,23.8974,-53.2069,77.9663
674,24.1974,-53.2069,77.9663
675,24.4974,-53.5069,77.9663
676,24.7974,-53.5069,77.9663
677,25.0974,-53.5069,77.9663
678,25.3974,-53.5069,77.9663
679,25.6974,-53.5069,77.9663
680,25.9974,-53.5069,77.9663
681,26.2974,-53.5069,77.9663
682,26.5974,-53.5069,77.9663
683,26.8974,-53.5069,77.9663
684,27.1974,-53.5069,77.9663
685,27.4974,-53.5069,77.9663
686,27.7974,-53.5069,77.9663
687,28.0974,-53.5069,77.9663
688,28.3974,-53.5069,77.9663
689,28.6974,-53.5069,77.9663
690,28.9974,-53.5069,77.9663
691,29.2974,-53.5069,77.9663
692,29.5974,-53.5069,77.9663
693,29.8974,-53.5069,77.9663
694,30.1974,-53.5069,77.9663
695,30.4974,-53.5069,77.9663
696,30.7974,-53.5069,77.9663
697,31.0974,-53.5069,77.9663
698,31.3974,-53.5069,77.9663
699,31.6974,-53.5069,77.9663
700,31.9974,-53.5069,77.9663
701,32.2974,-53.5069,77.9663
702,32.5974,-53.5069,77.9663
703,32.8974,-53.5069,77.9663
704,33.1974,-53.5069,77.9663
705,33.4974,-53.5069,77.9663
706,33.7974,-53.5069,77.9663
707,34.0974,-53.5069,77.9663
708,34.3974,-53.5069,77.9663
709,34.6974,-53.5069,77.9663
710,34.9974,-53.5069,77.9663
711,35.2974,-53.5069,77.9663
712,35.5974,-53.5069,77.9663
713,35.8974,-53.5069,77.9663
714,36.1974,-53.5069,77.9663
715,36.4974,-53.5069,77.9663
716,36.7974,-53.5069,77.9663
717,37.0974,-53.5069,77.9663
718,37.3974,-53.5069,77.9663
719,37.6974,-53.5069,77.9663
720,37.9974,-53.5069,77.9663
721,38.2974,-53.5069,77.9663
722,38.5974,-53.5069,77.9663
723,38.8974,-53.5069,77.9663
724,39.1974,-53.5069,77.9663
725,39.4974,-53.5069,77.9663
726,39.7974,-53.5069,77.9663
727,40.0974,-53.5069,77.9663
728,40.3974,-53.5069,77.9663
729,40.6974,-53.5069,77.9663
730,40.9974,-53.5069,77.9663
731,41.2974,-53.5069,77.9663
732,41.5974,-53.5069,77.9663
733,41.8974,-53.5069,77.9663
734,42.1974,-53.5069,77.9663
735,42.4974,-53.5069,77.9663
736,42.7974,-53.5069,77.9663
737,43.0974,-53.5069,77.9663
738,43.3974,-53.5069,77.9663
739,43.6974,-53.5069,77.9663
740,43.9974,-53.5069,77.9663
741,44.2974,-53.5069,77.9663
742,44.5974,-53.5069,77.9663
743,44.8974,-53.5069,77.9663
744,45.1974,-53.5069,77.9663
745,45.4974,-53.5069,77.9663
746,45.7974,-53.5069,77.9663
747,46.0974,-53.5069,77.9663
748,46.3974,-53.5069,77.9663
749,46.6974,-53.5069,77.9663
750,46.9974,-53.5069,77.9663
751,47.2974,-53.5069,77.9663
752,47.5974,-53.5069,77.9663
753,47.8974,-53.5069,77.9663
754,48.1974,-53.5069,77.9663
755,48.4974,-53.5069,77.9663
756,48.7974,-53.5069,77.9663
757,49.0974,-53.5069,77.9663
758,49.3974,-53.5069,77.9663
759,49.6974,-53.5069,77.9663
760,49.9974,-53.5069,77.9663
761,50.2974,-53.5069,77.9663
762,50.5974,-53.5069,77.9663
763,50.8974,-53.5069,77.9663
764,51.1974,-53.5069,77.9663
765,51.4974,-53.8069,77.9663
766,51.7974,-53.8069,77.9663
767,52.0974,-54.1069,77.9663
768,52.3974,-54.1069,77.9663
769,52.6974,-54.4069,77.9663
770,52.9974,-54.4069,77.9663
771,53.2974,-54.7069,77.9663
772,53.5974,-54.7069,77.9663
773,53.8974,-54.7069,77.9663
774,54.1974,-55.0069,77.9663
775,54.4974,-55.0069,77.9663
776,54.7974,-55.3069,77.9663
777,55.0974,-55.3069,77.9663
778,55.3974,-55.6069,77.9663
779,55.6974,-55.6069,77.9663
780,55.9974,-55.9069,77.9663
781,56.2974,-55.9069,77.9663
782,56.5974,-56.2069,77.9663
783,56.8974,-56.2069,77.9663
784,57.1974,-56.2069,77.9663
785,57.4974,-56.5069,77.9663
786,57.7974,-56.5069,77.9663
787,58.0974,-56.8069,77.9663
788,58.3974,-57.1069,77.9663
789,58.6974,-57.4069,77.9663
790,58.9974,-57.7069,77.9663
791,59.2974,-58.0069,77.9663
792,59.5974,-58.3069,77.9663
793,59.8974,-58.6069,77.9663
794,60.1974,-58.9069,77.9663
795,60.4974,-59.2069,77.9663
796,60.7974,-59.2069,77.9663
797,61.0974,-59.2069,77.9663
798,61.3974,-59.2069,77.9663
799,61.6974,-59.2069,77.9663
800,61.9974,-59.2069,77.9663
801,62.2974,-59.2069,77.9663
802,62.5974,-59.2069,77.9663
803,62.8974,-59.2069,77.9663
804,63.1974,-59.2069,77.9663
805,63.4974,-59.2069,77.9663
806,63.7974,-59.2069,77.9663
807,64.0974,-59.5069,77.9663
808,64.3974,-59.5069,77.9663
809,64.6974,-59.8069,77.9663
810,64.9974,-59.8069,77.9663
811,65.2974,-60.1069,77.9663
812,65.5974,-60.1069,77.9663
813,65.8974,-60.4069,77.9663
814,66.1974,-60.4069,77.9663
815,66.4974,-60.4069,77.9663
816,66.7974,-60.7069,77.9663
817,66.4974,-60.4069,77.9663
818,66.1974,-60.4069,77.9663
819,65.8974,-60.4069,77.9663
820,65.5974,-60.4069,77.9663
821,65.2974,-60.1069,77.9663
822,64.9974,-59.8069,77.9663
823,64.6974,-59.8069,77.9663
824,64.3974,-59.8069,77.9663
825,64.0974,-59.8069,77.9663
826,63.7974,-59.8069,77.9663
827,63.4974,-59.8069,77.9663
828,63.1974,-59.8069,77.9663
829,62.8974,-59.8069,77.9663
830,62.5974,-59.8069,77.9663
831,62.2974,-59.8069,77.9663
832,61.9974,-59.8069,77.9663
833,61.6974,-59.8069,77.9663
834,61.3974,-59.8069,77.9663
835,61.0974,-59.8069,77.9663
836,60.7974,-59.8069,77.9663
837,60.4974,-59.8069,77.9663
838,60.1974,-59.5069,77.9663
839,59.8974,-59.5069,77.9663
840,59.5974,-59.2069,77.9663
841,59.2974,-59.2069,77.9663
842,58.9974,-59.2069,77.9663
843,58.6974,-59.2069,77.9663
844,58.3974,-59.2069,77.9663
845,58.0974,-59.2069,77.9663
846,57.7974,-59.2069,77.9663
847,57.4974,-59.2069,77.9663
848,57.1974,-59.2069,77.9663
849,56.8974,-59.2069,77.9663
850,56.5974,-59.2069,77.9663
851,56.2974,-59.2069,77.9663
852,55.9974,-59.2069,77.9663
853,55.6974,-58.9069,77.9663
854,55.3974,-58.9069,77.9663
855,55.0974,-58.6069,77.9663
856,54.7974,-58.6069,77.9663
857,54.4974,-58.3069,77.9663
858,54.1974,-58.3069,77.9663
859,53.8974,-58.3069,77.9663
860,53.5974,-58.3069,77.9663
861,53.2974,-58.3069,77.9663
862,52.9974,-58.3069,77.9663
863,52.6974,-58.3069,77.9663
864,52.3974,-58.3069,77.9663
865,52.0974,-58.3069,77.9663
866,51.7974,-58.3069,77.9663
867,51.4974,-58.0069,77.9663
868,51.1974,-58.0069,77.9663
869,50.8974,-57.7069,77.9663
870,50.5974,-57.7069,77.9663
871,50.2974,-57.7069,77.9663
872,49.9974,-57.7069,77.9663
873,49.6974,-57.7069,77.9663
874,49.3974,-57.7069,77.9663
875,49.0974,-57.7069,77.9663
876,48.7974,-57.7069,77.9663
877,48.4974,-57.7069,77.9663
878,48.1974,-57.7069,77.9663
879,47.8974,-57.4069,77.9663
880,47.5974,-57.4069,77.9663
881,47.2974,-57.1069,77.9663
882,46.9974,-57.1069,77.9663
883,46.6974,-57.1069,77.9663
884,46.3974,-57.1069,77.9663
885,46.0974,-57.1069,77.9663
886,45.7974,-57.1069,77.9663
887,45.4974,-57.1069,77.9663
888,45.1974,-56.8069,77.9663
889,44.8974,-56.8069,77.9663
890,44.5974,-56.8069,77.9663
891,44.2974,-56.8069,77.9663
892,43.9974,-56.8069,77.9663
893,43.6974,-56.8069,77.9663
894,43.3974,-56.8069,77.9663
895,43.0974,-56.5069,77.9663
896,42.7974,-56.5069,77.9663
897,42.4974,-56.2069,77.9663
898,42.1974,-56.2069,77.9663
899,41.8974,-56.2069,77.9663
900,41.5974,-56.2069,77.9663
901,41.2974,-56.2069,77.9663
902,40.9974,-56.2069,77.9663
903,40.6974,-56.2069,77.9663
904,40.3974,-56.2069,77.9663
905,40.0974,-56.2069,77.9663
906,39.7974,-56.2069,77.9663
907,39.4974,-55.9069,77.9663
908,39.1974,-55.9069,77.9663
909,38.8974,-55.9069,77.9663
910,38.5974,-55.9069,77.9663
911,38.2974,-55.9069,77.9663
912,37.9974,-55.9069,77.9663
913,37.6974,-55.9069,77.9663
914,37.9974,-55.9069,77.9663
915,38.2974,-55.9069,77.9663
916,38.5974,-55.9069,77.9663
917,38.8974,-55.9069,77.9663
918,39.1974,-55.9069,77.9663
919,39.4974,-55.9069,77.9663
920,39.7974,-55.9069,77.9663
921,40.0974,-55.9069,77.9663
922,40.3974,-55.9069,77.9663
923,40.6974,-55.9069,77.9663
924,40.9974,-55.9069,77.9663
925,41.2974,-55.9069,77.9663
926,41.5974,-55.9069,77.9663
927,41.8974,-55.9069,77.9663
928,42.1974,-55.9069,77.9663
929,42.4974,-55.9069,77.9663
930,42.7974,-55.9069,77.9663
931,43.0974,-55.9069,77.9663
932,43.3974,-55.9069,77.9663
933,43.6974,-55.9069,77.9663
934,43.9974,-55.9069,77.9663
935,44.2974,-55.9069,77.9663
936,44.5974,-55.9069,77.9663
937,44.8974,-55.9069,77.9663
938,45.1974,-55.9069,77.9663
939,45.4974,-55.9069,77.9663
940,45.7974,-55.9069,77.9663
941,46.0974,-55.9069,77.9663
942,46.3974,-55.9069,77.9663
943,46.6974,-55.9069,77.9663
944,46.9974,-55.9069,77.9663
945,47.2974,-55.9069,77.9663
946,47.5974,-55.9069,77.9663
947,47.8974,-55.9069,77.9663
948,48.1974,-55.9069,77.9663
949,48.4974,-55.9069,77.9663
950,48.7974,-56.2069,77.9663
951,49.0974,-56.2069,77.9663
952,49.3974,-56.5069,77.9663
953,49.6974,-56.5069,77.9663
954,49.9974,-56.8069,77.9663
955,50.2974,-56.8069,77.9663
956,50.5974,-56.8069,77.9663
957,50.8974,-57.1069,77.9663
958,51.1974,-57.1069,77.9663
959,51.4974,-57.4069,77.9663
960,51.7974,-57.4069,77.9663
961,52.0974,-57.7069,77.9663
962,52.3974,-57.7069,77.9663
963,52.6974,-58.0069,77.9663
964,52.9974,-58.0069,77.9663
965,53.2974,-58.3069,77.9663
966,53.5974,-58.3069,77.9663
967,53.2974,-58.3069,77.9663
968,52.9974,-58.3069,77.9663
969,52.6974,-58.3069,77.9663
970,52.3974,-58.3069,77.9663
971,52.0974,-58.3069,77.9663
972,51.7974,-58.3069,77.9663
973,51.4974,-58.0069,77.9663
974,51.1974,-58.0069,77.9663
975,50.8974,-57.7069,77.9663
976,50.5974,-57.7069,77.9663
977,50.2974,-57.7069,77.9663
978,49.9974,-57.7069,77.9663
979,49.6974,-57.7069,77.9663
980,49.3974,-57.7069,77.9663
981,49.0974,-57.7069,77.9663
982,48.7974,-57.7069,77.9663
983,48.4974,-57.7069,77.9663
984,48.1974,-57.7069,77.9663
985,48.4974,-57.7069,77.9663
986,48.7974,-57.7069,77.9663
987,49.0974,-57.7069,77.9663
988,49.3974,-57.7069,77.9663
989,49.6974,-57.7069,77.9663
990,49.9974,-57.7069,77.9663
991,50.2974,-57.7069,77.9663
992,50.5974,-57.7069,77.9663
993,50.8974,-57.7069,77.9663
994,51.1974,-57.7069,77.9663
995,51.4974,-57.7069,77.9663
996,51.7974,-57.7069,77.9663
997,52.0974,-57.7069,77.9663
998,52.3974,-57.7069,77.9663
999,52.6974,-57.7069,77.9663
1000,52.9974,-57.7069,77.9663
1001,53.2974,-57.7069,77.9663
1002,53.5974,-57.7069,77.9663
1003,53.8974,-57.7069,77.9663
1004,54.1974,-57.7069,77.9663
1005,54.4974,-57.7069,77.9663
1006,54.7974,-57.7069,77.9663
1007,55.0974,-57.7069,77.9663
1008,55.3974,-57.7069,77.9663
1009,55.6974,-57.7069,77.9663
1010,55.9974,-57.7069,77.9663
1011,56.2974,-57.7069,77.9663
1012,56.5974,-57.7069,77.9663
1013,56.8974,-57.7069,77.9663
1014,57.1974,-57.7069,77.9663
1015,57.4974,-57.7069,77.9663
1016,57.7974,-57.7069,77.9663
1017,58.0974,-57.7069,77.9663
1018,58.3974,-57.7069,77.9663
1019,58.6974,-57.7069,77.9663
1020,58.9974,-57.7069,77.9663
1021,59.2974,-57.7069,77.9663
1022,59.5974,-57.7069,77.9663
1023,59.8974,-57.7069,77.9663
1024,60.1974,-57.7069,77.9663
1025,60.4974,-57.7069,77.9663
1026,60.7974,-57.7069,77.9663
1027,61.0974,-57.7069,77.9663
1028,61.3974,-57.7069,77.9663
1029,61.6974,-57.7069,77.9663
1030,61.9974,-58.0069,77.9663
1031,62.2974,-58.0069,77.9663
1032,62.5974,-58.3069,77.9663
1033,62.8974,-58.3069,77.9663
1034,63.1974,-58.3069,77.9663
1035,63.4974,-58.6069,77.9663
1036,63.7974,-58.6069,77.9663
1037,64.0974,-58.9069,77.9663
1038,64.3974,-58.9069,77.9663
1039,64.6974,-59.2069,77.9663
1040,64.9974,-59.2069,77.9663
1041,65.2974,-59.5069,77.9663
1042,65.5974,-59.5069,77.9663
1043,65.8974,-59.8069,77.9663
1044,66.1974,-59.8069,77.9663
1045,66.4974,-59.8069,77.9663
1046,66.7974,-60.1069,77.9663
1047,67.0974,-60.1069,77.9663
1048,67.3974,-60.4069,77.9663
1049,67.6974,-60.4069,77.9663
1050,67.9974,-60.7069,77.9663
1051,68.2974,-60.7069,77.9663
1052,68.5974,-61.0069,77.9663
1053,68.8974,-61.0069,77.9663
1054,69.1974,-61.0069,77.9663
1055,69.4974,-61.3069,77.9663
1056,69.1974,-61.0069,77.9663
1057,68.8974,-61.0069,77.9663
1058,68.5974,-61.0069,77.9663
1059,68.2974,-61.0069,77.9663
1060,67.9974,-60.7069,77.9663
1061,67.6974,-60.4069,77.9663
1062,67.3974,-60.4069,77.9663
1063,67.0974,-60.4069,77.9663
1064,66.7974,-60.4069,77.9663
1065,66.4974,-60.4069,77.9663
1066,66.1974,-60.4069,77.9663
1067,65.8974,-60.4069,77.9663
1068,65.5974,-60.4069,77.9663
1069,65.2974,-60.4069,77.9663
1070,64.9974,-60.4069,77.9663
1071,64.6974,-60.4069,77.9663
1072,64.3974,-60.4069,77.9663
1073,64.0974,-60.4069,77.9663
1074,63.7974,-60.4069,77.9663
1075,63.4974,-60.1069,77.9663
1076,63.1974,-60.1069,77.9663
1077,62.8974,-59.8069,77.9663
1078,62.5974,-59.8069,77.9663
1079,62.2974,-59.8069,77.9663
1080,61.9974,-59.8069,77.9663
1081,61.6974,-59.8069,77.9663
1082,61.3974,-59.8069,77.9663
1083,61.0974,-59.8069,77.9663
1084,60.7974,-59.8069,77.9663
1085,60.4974,-59.8069,77.9663
1086,60.1974,-59.5069,77.9663
1087,59.8974,-59.5069,77.9663
1088,59.5974,-59.2069,77.9663
1089,59.2974,-59.2069,77.9663
1090,58.9974,-59.2069,77.9663
1091,58.6974,-59.2069,77.9663
1092,58.3974,-59.2069,77.9663
1093,58.0974,-59.2069,77.9663
1094,57.7974,-59.2069,77.9663
1095,57.4974,-59.2069,77.9663
1096,57.1974,-59.2069,77.9663
1097,56.8974,-59.2069,77.9663
1098,56.5974,-59.2069,77.9663
1099,56.2974,-59.2069,77.9663
1100,55.9974,-59.2069,77.9663
1101,55.6974,-58.9069,77.9663
1102,55.3974,-58.9069,77.9663
1103,55.0974,-58.6069,77.9663
1104,54.7974,-58.6069,77.9663
1105,54.4974,-58.3069,77.9663
1106,54.1974,-58.3069,77.9663
1107,53.8974,-58.3069,77.9663
1108,53.5974,-58.3069,77.9663
1109,53.2974,-58.3069,77.9663
1110,52.9974,-58.3069,77.9663
1111,52.6974,-58.3069,77.9663
1112,52.3974,-58.3069,77.9663
1113,52.0974,-58.3069,77.9663
1114,51.7974,-58.3069,77.9663
1115,51.4974,-58.0069,77.9663
1116,51.1974,-58.0069,77.9663
1117,50.8974,-57.7069,77.9663
1118,50.5974,-57.7069,77.9663
1119,50.2974,-57.7069,77.9663
1120,49.9974,-57.7069,77.9663
1121,49.6974,-57.7069,77.9663
1122,49.3974,-57.7069,77.9663
1123,49.0974,-57.7069,77.9663
1124,48.7974,-57.7069,77.9663
1125,48.4974,-57.7069,77.9663
1126,48.1974,-57.7069,77.9663
1127,47.8974,-57.4069,77.9663
1128,47.5974,-57.4069,77.9663
1129,47.2974,-57.1069,77.9663
1130,46.9974,-57.1069,77.9663
1131,46.6974,-57.1069,77.9663
1132,46.3974,-57.1069,77.9663
1133,46.0974,-57.1069,77.9663
1134,45.7974,-57.1069,77.9663
1135,45.4974,-57.1069,77.9663
1136,45.1974,-56.8069,77.9663
1137,44.8974,-56.8069,77.9663
1138,44.5974,-56.8069,77.9663
1139,44.2974,-56.8069,77.9663
1140,43.9974,-56.8069,77.9663
1141,43.6974,-56.8069,77.9663
1142,43.3974,-56.8069,77.9663
1143,43.0974,-56.5069,77.9663
1144,42.7974,-56.5069,77.9663
1145,42.4974,-56.2069,77.9663
1146,42.1974,-56.2069,77.9663
1147,41.8974,-56.2069,77.9663
1148,41.5974,-56.2069,77.9663
1149,41.2974,-56.2069,77.9663
1150,40.9974,-56.2069,77.9663
1151,40.6974,-56.2069,77.9663
1152,40.3974,-56.2069,77.9663
1153,40.0974,-56.2069,77.9663
1154,39.7974,-56.2069,77.9663
1155,39.4974,-55.9069,77.9663
1156,39.1974,-55.9069,77.9663
1157,38.8974,-55.9069,77.9663
1158,38.5974,-55.9069,77.9663
1159,38.2974,-55.9069,77.9663
1160,37.9974,-55.9069,77.9663
1161,37.6974,-55.9069,77.9663
1162,37.3974,-55.9069,77.9663
1163,37.0974,-55.9069,77.9663
1164,36.7974,-55.9069,77.9663
1165,36.4974,-55.6069,77.9663
1166,36.1974,-55.6069,77.9663
1167,35.8974,-55.3069,77.9663
1168,35.5974,-55.3069,77.9663
1169,35.2974,-55.3069,77.9663
1170,34.9974,-55.0069,77.9663
1171,34.6974,-54.7069,77.9663
1172,34.3974,-54.4069,77.9663
1173,34.0974,-54.1069,77.9663
1174,33.7974,-54.1069,77.9663
1175,33.4974,-54.1069,77.9663
1176,33.1974,-54.1069,77.9663
1177,32.8974,-54.1069,77.9663
1178,32.5974,-54.1069,77.9663
1179,32.2974,-54.1069,77.9663
1180,31.9974,-54.1069,77.9663
1181,31.6974,-54.1069,77.9663
1182,31.3974,-54.1069,77.9663
1183,31.0974,-54.1069,77.9663
1184,30.7974,-54.1069,77.9663
1185,30.4974,-54.1069,77.9663
1186,30.1974,-54.1069,77.9663
1187,29.8974,-54.1069,77.9663
1188,29.5974,-54.1069,77.9663
1189,29.2974,-54.1069,77.9663
1190,28.9974,-54.1069,77.9663
1191,28.6974,-54.1069,77.9663
1192,28.3974,-54.1069,77.9663
1193,28.0974,-54.1069,77.9663
1194,27.7974,-54.1069,77.9663
1195,27.4974,-53.8069,77.9663
1196,27.1974,-53.8069,77.9663
1197,26.8974,-53.8069,77.9663
1198,26.5974,-53.8069,77.9663
1199,26.2974,-53.8069,77.9663
1200,25.9974,-53.8069,77.9663
1201,26.2974,-53.8069,77.9663
1202,26.5974,-53.8069,77.9663
1203,26.8974,-53.8069,77.9663
1204,27.1974,-53.8069,77.9663
1205,27.4974,-53.8069,77.9663
1206,27.7974,-53.8069,77.9663
1207,28.0974,-53.8069,77.9663
1208,28.3974,-53.8069,77.9663
1209,28.6974,-53.8069,77.9663
1210,28.9974,-53.8069,77.9663
1211,29.2974,-53.8069,77.9663
1212,29.5974,-53.8069,77.9663
1213,29.8974,-53.8069,77.9663
1214,30.1974,-53.8069,77.9663
1215,30.4974,-53.8069,77.9663
1216,30.7974,-53.8069,77.9663
1217,31.0974,-53.8069,77.9663
1218,31.3974,-53.8069,77.9663
1219,31.6974,-53.8069,77.9663
1220,31.9974,-53.8069,77.9663
1221,32.2974,-53.8069,77.9663
1222,32.5974,-53.8069,77.9663
1223,32.8974,-53.8069,77.9663
1224,33.1974,-53.8069,77.9663
1225,33.4974,-53.8069,77.9663
1226,33.7974,-53.8069,77.9663
1227,34.0974,-53.8069,77.9663
1228,34.3974,-53.8069,77.9663
1229,34.6974,-53.8069,77.9663
1230,34.9974,-53.8069,77.9663
1231,35.2974,-53.8069,77.9663
1232,35.5974,-53.8069,77.9663
1233,35.8974,-53.8069,77.9663
1234,36.1974,-53.8069,77.9663
1235,36.4974,-53.8069,77.9663
1236,36.7974,-53.8069,77.9663
1237,37.0974,-53.8069,77.9663
1238,37.3974,-53.8069,77.9663
1239,37.6974,-53.8069,77.9663
1240,37.9974,-53.8069,77.9663
1241,38.2974,-53.8069,77.9663
1242,38.5974,-53.8069,77.9663
1243,38.8974,-53.8069,77.9663
1244,39.1974,-53.8069,77.9663
1245,39.4974,-53.8069,77.9663
1246,39.7974,-53.8069,77.9663
1247,40.0974,-53.8069,77.9663
1248,40.3974,-53.8069,77.9663
1249,40.6974,-53.8069,77.9663
1250,40.9974,-53.8069,77.9663
1251,41.2974,-53.8069,77.9663
1252,41.5974,-53.8069,77.9663
1253,41.8974,-53.8069,77.9663
1254,42.1974,-53.8069,77.9663
1255,42.4974,-53.8069,77.9663
1256,42.7974,-53.8069,77.9663
1257,43.0974,-54.1069,77.9663
1258,43.3974,-54.1069,77.9663
1259,43.6974,-54.4069,77.9663
1260,43.9974,-54.4069,77.9663
1261,44.2974,-54.7069,77.9663
1262,44.5974,-54.7069,77.9663
1263,44.8974,-55.0069,77.9663
1264,45.1974,-55.0069,77.9663
1265,45.4974,-55.3069,77.9663
1266,45.7974,-55.3069,77.9663
1267,46.0974,-55.3069,77.9663
1268,46.3974,-55.6069,77.9663
1269,46.6974,-55.6069,77.9663
1270,46.9974,-55.9069,77.9663
1271,47.2974,-55.9069,77.9663
1272,47.5974,-56.2069,77.9663
1273,47.8974,-56.2069,77.9663
1274,48.1974,-56.5069,77.9663
1275,48.4974,-56.5069,77.9663
1276,48.7974,-56.8069,77.9663
1277,49.0974,-56.8069,77.9663
1278,49.3974,-56.8069,77.9663
1279,49.6974,-57.1069,77.9663
1280,49.9974,-57.1069,77.9663
1281,50.2974,-57.4069,77.9663
1282,50.5974,-57.4069,77.9663
1283,50.8974,-57.7069,77.9663
1284,51.1974,-57.7069,77.9663
1285,51.4974,-58.0069,77.9663
1286,51.7974,-58.0069,77.9663
1287,52.0974,-58.3069,77.9663
1288,52.3974,-58.3069,77.9663
1289,52.0974,-58.3069,77.9663
1290,51.7974,-58.3069,77.9663
1291,51.4974,-58.0069,77.9663
1292,51.1974,-58.0069,77.9663
1293,50.8974,-57.7069,77.9663
1294,50.5974,-57.7069,77.9663
1295,50.2974,-57.7069,77.9663
1296,49.9974,-57.7069,77.9663
1297,49.6974,-57.7069,77.9663
1298,49.3974,-57.7069,77.9663
1299,49.0974,-57.7069,77.9663
1300,48.7974,-57.7069,77.9663
1301,48.4974,-57.7069,77.9663
1302,48.1974,-57.7069,77.9663
1303,47.8974,-57.4069,77.9663
1304,47.5974,-57.4069,77.9663
1305,47.2974,-57.1069,77.9663
1306,46.9974,-57.1069,77.9663
1307,46.6974,-57.1069,77.9663
1308,46.3974,-57.1069,77.9663
1309,46.0974,-57.1069,77.9663
1310,45.7974,-57.1069,77.9663
1311,45.4974,-57.1069,77.9663
1312,45.1974,-56.8069,77.9663
1313,44.8974,-56.8069,77.9663
1314,44.5974,-56.8069,77.9663
1315,44.2974,-56.8069,77.9663
1316,43.9974,-56.8069,77.9663
1317,43.6974,-56.8069,77.9663
1318,43.3974,-56.8069,77.9663
1319,43.0974,-56.5069,77.9663
1320,42.7974,-56.5069,77.9663
1321,42.4974,-56.2069,77.9663
1322,42.1974,-56.2069,77.9663
1323,41.8974,-56.2069,77.9663
1324,41.5974,-56.2069,77.9663
1325,41.2974,-56.2069,77.9663
1326,40.9974,-56.2069,77.9663
1327,40.6974,-56.2069,77.9663
1328,40.3974,-56.2069,77.9663
1329,40.0974,-56.2069,77.9663
1330,39.7974,-56.2069,77.9663
1331,39.4974,-55.9069,77.9663
1332,39.1974,-55.9069,77.9663
1333,38.8974,-55.9069,77.9663
1334,38.5974,-55.9069,77.9663
1335,38.2974,-55.9069,77.9663
1336,37.9974,-55.9069,77.9663
1337,37.6974,-55.9069,77.9663
1338,37.3974,-55.9069,77.9663
1339,37.0974,-55.9069,77.9663
1340,36.7974,-55.9069,77.9663
1341,36.4974,-55.6069,77.9663
1342,36.1974,-55.6069,77.9663
1343,35.8974,-55.3069,77.9663
1344,35.5974,-55.3069,77.9663
1345,35.2974,-55.3069,77.9663
1346,34.9974,-55.3069,77.9663
1347,34.6974,-55.3069,77.9663
1348,34.3974,-55.3069,77.9663
1349,34.0974,-55.3069,77.9663
1350,33.7974,-55.3069,77.9663
1351,33.4974,-55.3069,77.9663
1352,33.1974,-55.3069,77.9663
1353,32.8974,-55.3069,77.9663
1354,32.5974,-55.3069,77.9663
1355,32.2974,-55.0069,77.9663
1356,31.9974,-55.0069,77.9663
1357,31.6974,-54.7069,77.9663
1358,31.3974,-54.7069,77.9663
1359,31.0974,-54.4069,77.9663
1360,30.7974,-54.4069,77.9663
1361,30.4974,-54.4069,77.9663
1362,30.1974,-54.4069,77.9663
1363,29.8974,-54.4069,77.9663
1364,29.5974,-54.4069,77.9663
1365,29.2974,-54.4069,77.9663
1366,28.9974,-54.4069,77.9663
1367,28.6974,-54.4069,77.9663
1368,28.3974,-54.4069,77.9663
1369,28.0974,-54.1069,77.9663
1370,27.7974,-54.1069,77.9663
1371,27.4974,-53.8069,77.9663
1372,27.1974,-53.8069,77.9663
1373,26.8974,-53.8069,77.9663
1374,26.5974,-53.8069,77.9663
1375,26.2974,-53.8069,77.9663
1376,25.9974,-53.8069,77.9663
1377,25.6974,-53.8069,77.9663
1378,25.3974,-53.8069,77.9663
1379,25.0974,-53.5069,77.9663
1380,24.7974,-53.5069,77.9663
1381,24.4974,-53.5069,77.9663
1382,24.1974,-53.2069,77.9663
1383,24.4974,-53.2069,77.9663
1384,24.7974,-53.2069,77.9663
1385,25.0974,-53.2069,77.9663
1386,25.3974,-53.2069,77.9663
1387,25.6974,-53.2069,77.9663
1388,25.9974,-53.2069,77.9663
1389,26.2974,-53.2069,77.9663
1390,26.5974,-53.2069,77.9663
1391,26.8974,-53.2069,77.9663
1392,27.1974,-53.2069,77.9663
1393,27.4974,-53.2069,77.9663
1394,27.7974,-53.2069,77.9663
1395,28.0974,-53.2069,77.9663
1396,28.3974,-53.2069,77.9663
1397,28.6974,-53.2069,77.9663
1398,28.9974,-53.2069,77.9663
1399,29.2974,-53.2069,77.9663
1400,29.5974,-53.2069,77.9663
1401,29.8974,-53.2069,77.9663
1402,30.1974,-53.2069,77.9663
1403,30.4974,-53.2069,77.9663
1404,30.7974,-53.2069,77.9663
1405,31.0974,-53.2069,77.9663
1406,31.3974,-53.2069,77.9663
1407,31.6974,-53.2069,77.9663
1408,31.9974,-53.2069,77.9663
1409,32.2974,-53.2069,77.9663
1410,32.5974,-53.2069,77.9663
1411,32.8974,-53.2069,77.9663
1412,33.1974,-53.2069,77.9663
1413,33.4974,-53.2069,77.9663
1414,33.7974,-53.2069,77.9663
1415,34.0974,-53.2069,77.9663
1416,34.3974,-53.2069,77.9663
1417,34.6974,-53.2069,77.9663
1418,34.9974,-53.2069,77.9663
1419,35.2974,-53.2069,77.9663
1420,35.5974,-53.2069,77.9663
1421,35.8974,-53.2069,77.9663
1422,36.1974,-53.2069,77.9663
1423,36.4974,-53.2069,77.9663
1424,36.7974,-53.2069,77.9663
1425,37.0974,-53.2069,77.9663
1426,37.3974,-53.2069,77.9663
1427,37.6974,-53.2069,77.9663
1428,37.9974,-53.2069,77.9663
1429,38.2974,-53.2069,77.9663
1430,38.5974,-53.2069,77.9663
1431,38.8974,-53.2069,77.9663
1432,39.1974,-53.2069,77.9663
1433,39.4974,-53.2069,77.9663
1434,39.7974,-53.2069,77.9663
1435,40.0974,-53.2069,77.9663
1436,40.3974,-53.2069,77.9663
1437,40.6974,-53.2069,77.9663
1438,40.9974,-53.2069,77.9663
1439,41.2974,-53.2069,77.9663
1440,41.5974,-53.2069,77.9663
1441,41.8974,-53.2069,77.9663
1442,42.1974,-53.2069,77.9663
1443,42.4974,-53.2069,77.9663
1444,42.7974,-53.2069,77.9663
1445,43.0974,-53.2069,77.9663
1446,43.3974,-53.2069,77.9663
1447,43.6974,-53.2069,77.9663
1448,43.9974,-53.2069,77.9663
1449,44.2974,-53.2069,77.9663
1450,44.5974,-53.2069,77.9663
1451,44.8974,-53.2069,77.9663
1452,45.1974,-53.2069,77.9663
1453,45.4974,-53.2069,77.9663
1454,45.7974,-53.2069,77.9663
1455,46.0974,-53.2069,77.9663
1456,46.3974,-53.2069,77.9663
1457,46.6974,-53.2069,77.9663
1458,46.9974,-53.2069,77.9663
1459,47.2974,-53.2069,77.9663
1460,47.5974,-53.2069,77.9663
1461,47.8974,-53.2069,77.9663
1462,48.1974,-53.2069,77.9663
1463,48.4974,-53.2069,77.9663
1464,48.7974,-53.2069,77.9663
1465,49.0974,-53.2069,77.9663
1466,49.3974,-53.5069,77.9663
1467,49.6974,-53.5069,77.9663
1468,49.9974,-53.8069,77.9663
1469,50.2974,-53.8069,77.9663
1470,50.5974,-53.8069,77.9663
1471,50.8974,-54.1069,77.9663
1472,51.1974,-54.1069,77.9663
1473,51.4974,-54.4069,77.9663
1474,51.7974,-54.4069,77.9663
1475,52.0974,-54.7069,77.9663
1476,52.3974,-54.7069,77.9663
1477,52.6974,-55.0069,77.9663
1478,52.9974,-55.0069,77.9663
1479,53.2974,-55.3069,77.9663
1480,53.5974,-55.3069,77.9663
1481,53.8974,-55.3069,77.9663
1482,54.1974,-55.6069,77.9663
1483,54.4974,-55.6069,77.9663
1484,54.7974,-55.9069,77.9663
1485,55.0974,-55.9069,77.9663
1486,55.3974,-56.2069,77.9663
1487,55.6974,-56.2069,77.9663
1488,55.9974,-56.5069,77.9663
1489,56.2974,-56.5069,77.9663
1490,56.5974,-56.8069,77.9663
1491,56.8974,-56.8069,77.9663
1492,57.1974,-56.8069,77.9663
1493,57.4974,-57.1069,77.9663
1494,57.7974,-57.1069,77.9663
1495,58.0974,-57.4069,77.9663
1496,58.3974,-57.4069,77.9663
1497,58.6974,-57.7069,77.9663
1498,58.9974,-57.7069,77.9663
1499,59.2974,-58.0069,77.9663
1500,59.5974,-58.3069,77.9663
1501,59.8974,-58.6069,77.9663
1502,60.1974,-58.9069,77.9663
1503,60.4974,-58.9069,77.9663
1504,60.7974,-58.9069,77.9663
1505,61.0974,-58.9069,77.9663
1506,61.3974,-58.9069,77.9663
1507,61.6974,-58.9069,77.9663
1508,61.9974,-59.2069,77.9663
1509,62.2974,-59.2069,77.9663
1510,62.5974,-59.5069,77.9663
1511,62.8974,-59.5069,77.9663
1512,63.1974,-59.8069,77.9663
1513,63.4974,-59.8069,77.9663
1514,63.7974,-59.8069,77.9663
1515,64.0974,-60.1069,77.9663
1516,64.3974,-60.1069,77.9663
1517,64.6974,-60.4069,77.9663
1518,64.9974,-60.4069,77.9663
1519,65.2974,-60.4069,77.9663
1520,65.5974,-60.4069,77.9663
1521,65.8974,-60.4069,77.9663
1522,66.1974,-60.4069,77.9663
1523,66.4974,-60.4069,77.9663
1524,66.7974,-60.7069,77.9663
1525,67.0974,-60.7069,77.9663
1526,67.3974,-61.0069,77.9663
1527,67.6974,-61.0069,77.9663
1528,67.9974,-61.0069,77.9663
1529,68.2974,-61.0069,77.9663
1530,68.5974,-61.0069,77.9663
1531,68.8974,-61.0069,77.9663
1532,69.1974,-61.0069,77.9663
1533,69.4974,-61.3069,77.9663
1534,69.7974,-61.3069,77.9663
1535,70.0974,-61.6069,77.9663
1536,70.3974,-61.6069,77.9663
1537,70.6974,-61.9069,77.9663
1538,70.9974,-62.2069,77.9663
1539,71.2974,-62.5069,77.9663
1540,71.5974,-62.8069,77.9663
1541,71.8974,-63.1069,77.9663
1542,72.1974,-63.4069,77.9663
1543,72.4974,-63.7069,77.9663
1544,72.7974,-63.7069,77.9663
1545,73.0974,-64.0069,77.9663
1546,73.3974,-64.3069,77.9663
1547,73.0974,-64.0069,77.9663
1548,72.7974,-63.7069,77.9663
1549,72.4974,-63.7069,77.9663
1550,72.1974,-63.4069,77.9663
1551,71.8974,-63.1069,77.9663
1552,71.5974,-62.8069,77.9663
1553,71.2974,-62.5069,77.9663
1554,70.9974,-62.2069,77.9663
1555,70.6974,-61.9069,77.9663
1556,70.3974,-61.6069,77.9663
1557,70.0974,-61.6069,77.9663
1558,69.7974,-61.3069,77.9663
1559,69.4974,-61.3069,77.9663
1560,69.1974,-61.0069,77.9663
1561,68.8974,-61.0069,77.9663
1562,68.5974,-61.0069,77.9663
1563,68.2974,-61.0069,77.9663
1564,67.9974,-61.0069,77.9663
1565,67.6974,-61.0069,77.9663
1566,67.3974,-61.0069,77.9663
1567,67.0974,-60.7069,77.9663
1568,66.7974,-60.7069,77.9663
1569,66.4974,-60.4069,77.9663
1570,66.1974,-60.4069,77.9663
1571,65.8974,-60.4069,77.9663
1572,65.5974,-60.4069,77.9663
1573,65.2974,-60.4069,77.9663
1574,64.9974,-60.4069,77.9663
1575,64.6974,-60.4069,77.9663
1576,64.3974,-60.4069,77.9663
1577,64.0974,-60.4069,77.9663
1578,63.7974,-60.4069,77.9663
1579,63.4974,-60.1069,77.9663
1580,63.1974,-60.1069,77.9663
1581,62.8974,-59.8069,77.9663
1582,62.5974,-59.8069,77.9663
1583,62.2974,-59.8069,77.9663
1584,61.9974,-59.8069,77.9663
1585,61.6974,-59.8069,77.9663
1586,61.3974,-59.8069,77.9663
1587,61.0974,-59.8069,77.9663
1588,60.7974,-59.8069,77.9663
1589,60.4974,-59.8069,77.9663
1590,60.1974,-59.5069,77.9663
1591,59.8974,-59.5069,77.9663
1592,59.5974,-59.2069,77.9663
1593,59.2974,-59.2069,77.9663
1594,58.9974,-59.2069,77.9663
1595,58.6974,-59.2069,77.9663
1596,58.3974,-59.2069,77.9663
1597,58.0974,-59.2069,77.9663
1598,57.7974,-59.2069,77.9663
1599,57.4974,-59.2069,77.9663
1600,57.1974,-59.2069,77.9663
1601,56.8974,-59.2069,77.9663
1602,56.5974,-59.2069,77.9663
1603,56.2974,-59.2069,77.9663
1604,55.9974,-59.2069,77.9663
1605,55.6974,-58.9069,77.9663
1606,55.3974,-58.9069,77.9663
1607,55.0974,-58.6069,77.9663
1608,54.7974,-58.6069,77.9663
1609,54.4974,-58.3069,77.9663
1610,54.1974,-58.3069,77.9663
1611,53.8974,-58.3069,77.9663
1612,53.5974,-58.3069,77.9663
1613,53.2974,-58.3069,77.9663
1614,52.9974,-58.3069,77.9663
1615,52.6974,-58.3069,77.9663
1616,52.3974,-58.3069,77.9663
1617,52.0974,-58.3069,77.9663
1618,51.7974,-58.3069,77.9663
1619,51.4974,-58.0069,77.9663
1620,51.1974,-58.0069,77.9663
1621,50.8974,-57.7069,77.9663
1622,50.5974,-57.7069,77.9663
1623,50.2974,-57.7069,77.9663
1624,49.9974,-57.7069,77.9663
1625,49.6974,-57.7069,77.9663
1626,49.3974,-57.7069,77.9663
1627,49.0974,-57.7069,77.9663
1628,48.7974,-57.7069,77.9663
1629,48.4974,-57.7069,77.9663
1630,48.1974,-57.7069,77.9663
1631,47.8974,-57.4069,77.9663
1632,47.5974,-57.4069,77.9663
1633,47.2974,-57.1069,77.9663
1634,46.9974,-57.1069,77.9663
1635,46.6974,-57.1069,77.9663
1636,46.3974,-56.8069,77.9663
1637,46.0974,-56.5069,77.9663
1638,45.7974,-56.2069,77.9663
1639,45.4974,-55.9069,77.9663
1640,45.1974,-55.6069,77.9663
1641,44.8974,-55.3069,77.9663
1642,44.5974,-55.0069,77.9663
1643,44.2974,-54.7069,77.9663
1644,43.9974,-54.4069,77.9663
1645,43.6974,-54.1069,77.9663
1646,43.3974,-53.8069,77.9663
1647,43.0974,-53.5069,77.9663
1648,42.7974,-53.2069,77.9663
1649,42.4974,-52.9069,77.9663
1650,42.1974,-52.6069,77.9663
1651,41.8974,-52.3069,77.9663
1652,41.5974,-52.0069,77.9663
1653,41.2974,-51.7069,77.9663
1654,40.9974,-51.4069,77.9663
1655,40.6974,-51.1069,77.9663
1656,40.3974,-50.8069,77.9663
1657,40.0974,-50.8069,77.9663
1658,39.7974,-50.8069,77.9663
1659,39.4974,-50.8069,77.9663
1660,39.1974,-50.8069,77.9663
1661,38.8974,-50.8069,77.9663
1662,38.5974,-50.8069,77.9663
1663,38.2974,-50.8069,77.9663
1664,37.9974,-50.8069,77.9663
1665,37.6974,-50.8069,77.9663
1666,37.3974,-50.8069,77.9663
1667,37.0974,-50.8069,77.9663
1668,36.7974,-50.8069,77.9663
1669,36.4974,-50.8069,77.9663
1670,36.1974,-50.8069,77.9663
1671,35.8974,-50.8069,77.9663
1672,35.5974,-50.8069,77.9663
1673,35.2974,-50.8069,77.9663
1674,34.9974,-50.8069,77.9663
1675,34.6974,-50.8069,77.9663
1676,34.3974,-50.8069,77.9663
1677,34.0974,-50.8069,77.9663
1678,33.7974,-50.8069,77.9663
1679,33.4974,-50.8069,77.9663
1680,33.1974,-50.8069,77.9663
1681,32.8974,-50.8069,77.9663
1682,32.5974,-50.8069,77.9663
1683,32.2974,-50.8069,77.9663
1684,31.9974,-50.8069,77.9663
1685,31.6974,-50.8069,77.9663
1686,31.3974,-50.8069,77.9663
1687,31.0974,-50.8069,77.9663
1688,30.7974,-50.8069,77.9663
1689,30.4974,-50.8069,77.9663
1690,30.1974,-50.8069,77.9663
1691,29.8974,-50.8069,77.9663
1692,29.5974,-50.8069,77.9663
1693,29.2974,-50.8069,77.9663
1694,28.9974,-50.8069,77.9663
1695,28.6974,-50.8069,77.9663
1696,28.3974,-50.8069,77.9663
1697,28.0974,-50.8069,77.9663
1698,27.7974,-50.8069,77.9663
1699,27.4974,-50.8069,77.9663
1700,27.1974,-50.8069,77.9663
1701,26.8974,-50.8069,77.9663
1702,26.5974,-50.8069,77.9663
1703,26.2974,-50.8069,77.9663
1704,25.9974,-50.8069,77.9663
1705,25.6974,-50.8069,77.9663
1706,25.3974,-50.8069,77.9663
1707,25.0974,-50.8069,77.9663
1708,24.7974,-50.8069,77.9663
1709,24.4974,-50.8069,77.9663
1710,24.1974,-50.8069,77.9663
1711,23.8974,-50.8069,77.9663
1712,23.5974,-50.8069,77.9663
1713,23.2974,-50.8069,77.9663
1714,22.9974,-50.8069,77.9663
1715,22.6974,-50.8069,77.9663
1716,22.3974,-50.8069,77.9663
1717,22.0974,-50.8069,77.9663
1718,21.7974,-50.8069,77.9663
1719,21.4974,-50.8069,77.9663
1720,21.1974,-50.8069,77.9663
1721,20.8974,-50.8069,77.9663
1722,20.5974,-50.8069,77.9663
1723,20.2974,-50.8069,77.9663
1724,19.9974,-50.8069,77.9663
1725,19.6974,-50.8069,77.9663
1726,19.3974,-50.8069,77.9663
1727,19.0974,-50.8069,77.9663
1728,18.7974,-50.8069,77.9663
1729,18.4974,-50.8069,77.9663
1730,18.1974,-50.8069,77.9663
1731,17.8974,-50.8069,77.9663
1732,17.5974,-50.8069,77.9663
1733,17.2974,-50.8069,77.9663
1734,16.9974,-50.8069,77.9663
1735,16.6974,-50.8069,77.9663
1736,16.3974,-50.8069,77.9663
1737,16.0974,-50.8069,77.9663
1738,15.7974,-50.8069,77.9663
1739,15.4974,-50.8069,77.9663
1740,15.1974,-50.8069,77.9663
1741,14.8974,-50.8069,77.9663
1742,14.5974,-50.8069,77.9663
1743,14.2974,-50.8069,77.9663
1744,13.9974,-50.8069,77.9663
1745,13.6974,-50.8069,77.9663
1746,13.3974,-50.8069,77.9663
1747,13.0974,-50.8069,77.9663
1748,12.7974,-50.8069,77.9663
1749,12.4974,-50.8069,77.9663
1750,12.1974,-50.8069,77.9663
1751,11.8974,-50.8069,77.9663
1752,11.5974,-50.8069,77.9663
1753,11.2974,-50.8069,77.9663
1754,10.9974,-50.8069,77.9663
1755,10.6974,-50.8069,77.9663
1756,10.3974,-50.8069,77.9663
1757,10.0974,-50.8069,77.9663
1758,9.7974,-50.8069,77.9663
1759,9.4974,-50.8069,77.9663
1760,9.1974,-50.8069,77.9663
1761,8.8974,-50.8069,77.9663
1762,8.5974,-50.8069,77.9663
1763,8.2974,-50.8069,77.9663
1764,7.9974,-50.8069,77.9663
1765,7.6974,-50.8069,77.9663
1766,7.3974,-50.8069,77.9663
1767,7.0974,-50.8069,77.9663
1768,6.7974,-50.8069,77.9663
1769,6.4974,-50.8069,77.9663
1770,6.1974,-50.8069,77.9663
1771,5.8974,-50.8069,77.9663
1772,5.5974,-50.8069,77.9663
1773,5.2974,-50.8069,77.9663
1774,4.9974,-50.8069,77.9663
1775,4.6974,-50.8069,77.9663
1776,4.3974,-50.8069,77.9663
1777,4.0974,-50.8069,77.9663
1778,3.7974,-50.8069,77.9663
1779,3.4974,-50.8069,77.9663
1780,3.1974,-50.8069,77.9663
1781,2.8974,-50.8069,77.9663
1782,2.5974,-50.8069,77.9663
1783,2.2974,-50.8069,77.9663
1784,1.9974,-50.5069,77.9663
1785,1.6974,-50.5069,77.9663
1786,1.3974,-50.5069,77.9663
1787,1.0974,-50.5069,77.9663
1788,0.7974,-50.5069,77.9663
1789,0.4974,-50.5069,77.9663
1790,0.1974,-50.5069,77.9663
1791,-0.1026,-50.5069,77.9663
1792,-0.4026,-50.5069,77.9663
1793,-0.7026,-50.2069,77.9663
1794,-1.0026,-49.9069,77.9663
1795,-1.3026,-49.6069,77.9663
1796,-1.6026,-49.6069,77.9663
1797,-1.9026,-49.3069,77.9663
1798,-2.2026,-49.3069,77.9663
1799,-2.5026,-49.3069,77.9663
1800,-2.8026,-49.0069,77.9663
1801,-3.1026,-49.0069,77.9663
1802,-3.4026,-49.0069,77.9663
1803,-3.7026,-49.0069,77.9663
1804,-4.0026,-49.0069,77.9663
1805,-4.3026,-49.0069,77.9663
1806,-4.6026,-49.0069,77.9663
1807,-4.9026,-49.0069,77.9663
1808,-5.2026,-49.0069,77.9663
1809,-5.5026,-49.0069,77.9663
1810,-5.8026,-49.0069,77.9663
1811,-6.1026,-49.0069,77.9663
1812,-6.4026,-49.0069,77.9663
1813,-6.7026,-49.0069,77.9663
1814,-7.0026,-49.0069,77.9663
1815,-7.3026,-49.0069,77.9663
1816,-7.6026,-49.0069,77.9663
1817,-7.9026,-49.0069,77.9663
1818,-8.2026,-49.0069,77.9663
1819,-8.5026,-49.0069,77.9663
1820,-8.8026,-49.0069,77.9663
1821,-9.1026,-49.0069,77.9663
1822,-9.4026,-49.0069,77.9663
1823,-9.7026,-49.0069,77.9663
1824,-10.0026,-49.0069,77.9663
1825,-10.3026,-49.0069,77.9663
1826,-10.6026,-49.0069,77.9663
1827,-10.9026,-49.0069,77.9663
1828,-11.2026,-49.0069,77.9663
1829,-11.5026,-49.0069,77.9663
1830,-11.8026,-49.0069,77.9663
1831,-12.1026,-49.0069,77.9663
1832,-12.4026,-49.0069,77.9663
1833,-12.7026,-49.0069,77.9663
1834,-13.0026,-49.0069,77.9663
1835,-13.3026,-49.0069,77.9663
1836,-13.6026,-49.0069,77.9663
1837,-13.9026,-49.0069,77.9663
1838,-14.2026,-49.0069,77.9663
1839,-14.5026,-49.0069,77.9663
1840,-14.8026,-49.0069,77.9663
1841,-15.1026,-49.0069,77.9663
1842,-15.4026,-49.0069,77.9663
1843,-15.7026,-49.0069,77.9663
1844,-16.0026,-49.0069,77.9663
1845,-16.3026,-49.0069,77.9663
1846,-16.6026,-49.0069,77.9663
1847,-16.9026,-49.0069,77.9663
1848,-17.2026,-49.0069,77.9663
1849,-17.5026,-49.0069,77.9663
1850,-17.8026,-49.0069,77.9663
1851,-18.1026,-49.0069,77.9663
1852,-18.4026,-48.7069,77.9663
1853,-18.7026,-48.7069,77.9663
1854,-19.0026,-48.4069,77.9663
1855,-19.3026,-48.4069,77.9663
1856,-19.6026,-48.1069,77.9663
1857,-19.9026,-48.1069,77.9663
1858,-20.2026,-47.8069,77.9663
1859,-20.5026,-47.8069,77.9663
1860,-20.8026,-47.8069,77.9663
1861,-21.1026,-47.5069,77.9663
1862,-21.4026,-47.5069,77.9663
1863,-21.7026,-47.2069,77.9663
1864,-22.0026,-47.2069,77.9663
1865,-22.3026,-46.9069,77.9663
1866,-22.6026,-46.6069,77.9663
1867,-22.9026,-46.6069,77.9663
1868,-23.2026,-46.6069,77.9663
1869,-23.5026,-46.6069,77.9663
1870,-23.8026,-46.3069,77.9663
1871,-24.1026,-46.3069,77.9663
1872,-24.4026,-46.0069,77.9663
1873,-24.7026,-45.7069,77.9663
1874,-25.0026,-45.7069,77.9663
1875,-25.3026,-45.4069,77.9663
1876,-25.6026,-45.4069,77.9663
1877,-25.9026,-45.4069,77.9663
1878,-26.2026,-45.1069,77.9663
1879,-26.5026,-45.1069,77.9663
1880,-26.8026,-45.1069,77.9663
1881,-27.1026,-45.1069,77.9663
1882,-27.4026,-45.1069,77.9663
1883,-27.7026,-45.1069,77.9663
1884,-28.0026,-45.1069,77.9663
1885,-28.3026,-45.1069,77.9663
1886,-28.6026,-45.1069,77.9663
1887,-28.9026,-45.1069,77.9663
1888,-29.2026,-45.1069,77.9663
1889,-29.5026,-45.1069,77.9663
1890,-29.8026,-44.8069,77.9663
1891,65.9184,-60.4816,78.1000
1892,65.5974,-60.4069,77.9663
1893,65.2974,-60.4069,77.9663
1894,64.9974,-60.4069,77.9663
1895,64.6974,-60.4069,77.9663
1896,64.3974,-60.4069,77.9663
1897,64.0974,-60.4069,77.9663
1898,63.7974,-60.1069,77.9663
1899,63.4974,-59.8069,77.9663
1900,63.1974,-59.8069,77.9663
1901,62.8974,-59.8069,77.9663
1902,62.5974,-59.8069,77.9663
1903,62.2974,-59.8069,77.9663
1904,61.9974,-59.8069,77.9663
1905,61.6974,-59.8069,77.9663
1906,61.3974,-59.8069,77.9663
1907,61.0974,-59.5069,77.9663
1908,60.7974,-59.5069,77.9663
1909,60.4974,-59.5069,77.9663
1910,60.1974,-59.5069,77.9663
1911,59.8974,-59.5069,77.9663
1912,59.5974,-59.2069,77.9663
1913,59.2974,-59.2069,77.9663
1914,58.9974,-59.2069,77.9663
1915,58.6974,-59.2069,77.9663
1916,58.3974,-59.2069,77.9663
1917,58.0974,-59.2069,77.9663
1918,57.7974,-59.2069,77.9663
1919,57.4974,-59.2069,77.9663
1920,57.1974,-59.2069,77.9663
1921,56.8974,-59.2069,77.9663
1922,56.5974,-59.2069,77.9663
1923,56.2974,-59.2069,77.9663
1924,55.9974,-59.2069,77.9663
1925,55.6974,-58.9069,77.9663
1926,55.3974,-58.9069,77.9663
1927,55.0974,-58.6069,77.9663
1928,54.7974,-58.6069,77.9663
1929,54.4974,-58.3069,77.9663
1930,54.1974,-58.3069,77.9663
1931,53.8974,-58.3069,77.9663
1932,53.5974,-58.3069,77.9663
1933,53.2974,-58.3069,77.9663
1934,52.9974,-58.3069,77.9663
1935,52.6974,-58.3069,77.9663
1936,52.3974,-58.3069,77.9663
1937,52.0974,-58.3069,77.9663
1938,51.7974,-58.3069,77.9663
1939,51.4974,-58.0069,77.9663
1940,51.1974,-58.0069,77.9663
1941,50.8974,-57.7069,77.9663
1942,50.5974,-57.7069,77.9663
1943,50.2974,-57.7069,77.9663
1944,49.9974,-57.7069,77.9663
1945,49.6974,-57.7069,77.9663
1946,49.3974,-57.7069,77.9663
1947,49.0974,-57.7069,77.9663
1948,48.7974,-57.7069,77.9663
1949,48.4974,-57.7069,77.9663
1950,48.1974,-57.7069,77.9663
1951,47.8974,-57.4069,77.9663
1952,47.5974,-57.4069,77.9663
1953,47.2974,-57.1069,77.9663
1954,46.9974,-57.1069,77.9663
1955,46.6974,-57.1069,77.9663
1956,46.3974,-57.1069,77.9663
1957,46.0974,-57.1069,77.9663
1958,45.7974,-57.1069,77.9663
1959,45.4974,-57.1069,77.9663
1960,45.1974,-56.8069,77.9663
1961,44.8974,-56.8069,77.9663
1962,44.5974,-56.8069,77.9663
1963,44.2974,-56.8069,77.9663
1964,43.9974,-56.8069,77.9663
1965,43.6974,-56.8069,77.9663
1966,43.3974,-56.8069,77.9663
1967,43.0974,-56.5069,77.9663
1968,42.7974,-56.5069,77.9663
1969,42.4974,-56.2069,77.9663
1970,42.1974,-56.2069,77.9663
1971,41.8974,-56.2069,77.9663
1972,41.5974,-56.2069,77.9663
1973,41.2974,-56.2069,77.9663
1974,40.9974,-56.2069,77.9663
1975,40.6974,-56.2069,77.9663
1976,40.3974,-56.2069,77.9663
1977,40.0974,-56.2069,77.9663
1978,39.7974,-56.2069,77.9663
1979,39.4974,-55.9069,77.9663
1980,39.1974,-55.9069,77.9663
1981,38.8974,-55.9069,77.9663
1982,38.5974,-55.9069,77.9663
1983,38.2974,-55.9069,77.9663
1984,37.9974,-55.9069,77.9663
1985,37.6974,-55.9069,77.9663
1986,37.3974,-55.9069,77.9663
1987,37.0974,-55.9069,77.9663
1988,36.7974,-55.9069,77.9663
1989,36.4974,-55.6069,77.9663
1990,36.1974,-55.6069,77.9663
1991,35.8974,-55.3069,77.9663
1992,35.5974,-55.3069,77.9663
1993,35.2974,-55.3069,77.9663
1994,34.9974,-55.3069,77.9663
1995,34.6974,-55.3069,77.9663
1996,34.3974,-55.3069,77.9663
1997,34.0974,-55.3069,77.9663
1998,33.7974,-55.3069,77.9663
1999,33.4974,-55.3069,77.9663
2000,33.1974,-55.3069,77.9663
2001,32.8974,-55.3069,77.9663
2002,32.5974,-55.3069,77.9663
2003,32.2974,-55.0069,77.9663
2004,31.9974,-54.7069,77.9663
2005,31.6974,-54.4069,77.9663
2006,31.3974,-54.1069,77.9663
2007,31.0974,-53.8069,77.9663
2008,30.7974,-53.5069,77.9663
2009,30.4974,-53.2069,77.9663
2010,30.1974,-53.2069,77.9663
2011,29.8974,-53.2069,77.9663
2012,29.5974,-53.2069,77.9663
2013,29.2974,-53.2069,77.9663
2014,28.9974,-53.2069,77.9663
2015,28.6974,-53.2069,77.9663
2016,28.3974,-53.2069,77.9663
2017,28.0974,-53.2069,77.9663
2018,27.7974,-53.2069,77.9663
2019,27.4974,-53.2069,77.9663
2020,27.1974,-53.2069,77.9663
2021,26.8974,-53.2069,77.9663
2022,26.5974,-53.2069,77.9663
2023,26.2974,-53.2069,77.9663
2024,25.9974,-53.2069,77.9663
2025,25.6974,-53.2069,77.9663
2026,25.3974,-53.2069,77.9663
2027,25.0974,-53.2069,77.9663
2028,24.7974,-53.2069,77.9663
2029,24.4974,-53.2069,77.9663
2030,24.1974,-53.2069,77.9663
2031,23.8974,-53.2069,77.9663
2032,23.5974,-53.2069,77.9663
2033,23.2974,-53.2069,77.9663
2034,22.9974,-53.2069,77.9663
2035,22.6974,-53.2069,77.9663
2036,22.3974,-53.2069,77.9663
2037,22.0974,-53.2069,77.9663
2038,21.7974,-53.2069,77.9663
2039,21.4974,-52.9069,77.9663
2040,21.1974,-52.9069,77.9663
2041,20.8974,-52.9069,77.9663
2042,20.5974,-52.9069,77.9663
2043,20.2974,-52.9069,77.9663
2044,19.9974,-52.9069,77.9663
2045,19.6974,-52.9069,77.9663
2046,19.3974,-52.9069,77.9663
2047,19.0974,-52.9069,77.9663
2048,18.7974,-53.2069,77.9663
2049,18.4974,-53.2069,77.9663
2050,18.1974,-53.2069,77.9663
2051,17.8974,-53.5069,77.9663
2052,17.5974,-53.8069,77.9663
2053,17.2974,-54.1069,78.2663
2054,16.9974,-54.4069,78.2663
2055,16.6974,-54.7069,78.5663
2056,16.6974,-55.0069,78.5663
2057,16.3974,-55.3069,78.5663
2058,16.3974,-55.6069,78.5663
2059,16.0974,-55.9069,78.5663
2060,16.0974,-56.2069,78.5663
2061,16.0974,-56.5069,78.5663
2062,16.0974,-56.8069,78.5663
2063,16.0974,-57.1069,78.5663
2064,16.0974,-57.4069,78.5663
2065,16.0974,-57.7069,78.2663
2066,16.0974,-58.0069,78.2663
2067,15.7974,-58.0069,78.2663
2068,15.4974,-58.0069,78.2663
2069,15.1974,-58.0069,78.2663
2070,14.8974,-58.0069,78.2663
2071,14.5974,-58.3069,78.5663
2072,14.2974,-58.3069,78.8663
2073,13.9974,-58.3069,78.8663
2074,13.6974,-58.3069,78.8663
2075,13.3974,-58.3069,78.8663
2076,13.0974,-58.3069,78.8663
2077,12.7974,-58.3069,78.8663
2078,12.4974,-58.3069,78.8663
2079,12.1974,-58.3069,78.8663
2080,11.8974,-58.6069,79.1663
2081,11.5974,-58.6069,79.4663
2082,11.2974,-58.6069,79.4663
2083,10.9974,-58.6069,79.4663
2084,10.6974,-58.6069,79.4663
2085,10.3974,-58.6069,79.7663
2086,10.0974,-58.6069,79.7663
2087,9.7974,-58.6069,80.0663
2088,9.4974,-58.6069,80.0663
2089,9.1974,-58.6069,80.0663
2090,8.8974,-58.6069,80.0663
2091,8.5974,-58.6069,80.0663
2092,8.2974,-58.6069,80.0663
2093,7.9974,-58.6069,80.0663
2094,7.6974,-58.6069,80.0663
2095,7.3974,-58.6069,80.0663
2096,7.0974,-58.6069,80.0663
2097,6.7974,-58.6069,80.0663
2098,6.4974,-58.6069,80.0663
2099,6.1974,-58.6069,80.0663
2100,5.8974,-58.6069,80.0663
2101,5.5974,-58.6069,80.0663
2102,5.2974,-58.6069,80.3663
2103,4.9974,-58.6069,80.3663
2104,4.6974,-58.6069,80.3663
2105,4.3974,-58.6069,80.6663
2106,4.0974,-58.6069,80.9663
2107,3.7974,-58.6069,81.2663
2108,3.4974,-58.6069,81.5663
2109,3.1974,-58.9069,81.8663
2110,2.8974,-59.2069,82.1663
2111,2.5974,-59.5069,82.4663
2112,2.2974,-59.5069,82.4663
2113,1.9974,-59.8069,82.7663
2114,1.6974,-59.8069,82.7663
2115,1.3974,-59.8069,82.7663
2116,1.0974,-59.8069,82.7663
2117,0.7974,-59.8069,82.7663
2118,0.4974,-59.8069,82.7663
2119,0.1974,-59.8069,82.7663
2120,-0.1026,-59.8069,82.7663
2121,-0.4026,-59.8069,82.7663
2122,-0.7026,-60.1069,83.0663
2123,-1.0026,-60.1069,83.0663
2124,-1.3026,-60.1069,83.0663
2125,-1.6026,-60.1069,83.0663
2126,-1.9026,-60.1069,83.0663
2127,-2.2026,-60.1069,83.0663
2128,-2.5026,-60.1069,83.0663
2129,-2.8026,-60.1069,83.0663
2130,-3.1026,-60.1069,83.0663
2131,-3.4026,-60.1069,83.0663
2132,-3.7026,-60.1069,83.0663
2133,-4.0026,-60.1069,83.0663
2134,-4.3026,-60.1069,83.0663
2135,-4.6026,-60.1069,83.0663
2136,-4.9026,-60.1069,83.0663
2137,-5.2026,-60.1069,83.0663
2138,-5.5026,-60.1069,83.0663
2139,-5.8026,-60.1069,83.0663
2140,-6.1026,-60.1069,83.0663
2141,-6.4026,-60.1069,83.0663
2142,-6.7026,-60.1069,83.0663
2143,-7.0026,-60.1069,83.0663
2144,-7.3026,-60.1069,83.0663
2145,-7.6026,-60.1069,83.0663
2146,-7.9026,-60.1069,83.0663
2147,-8.2026,-60.1069,83.0663
2148,-8.5026,-60.1069,83.0663
2149,-8.8026,-59.8069,83.0663
2150,-9.1026,-59.5069,83.0663
2151,-9.4026,-59.2069,83.0663
2152,-9.7026,-58.9069,83.0663
2153,-10.0026,-58.6069,83.0663
2154,-10.3026,-58.6069,83.0663
2155,-10.6026,-58.6069,83.0663
2156,-10.9026,-58.6069,83.0663
2157,-11.2026,-58.6069,83.0663
2158,-11.5026,-58.6069,83.0663
2159,-11.8026,-58.6069,83.0663
2160,-12.1026,-58.6069,83.0663
2161,-12.4026,-58.6069,83.0663
2162,-12.7026,-58.6069,83.0663
2163,-13.0026,-58.6069,83.0663
2164,-13.3026,-58.6069,83.0663
2165,-13.6026,-58.6069,83.0663
2166,-13.9026,-58.6069,83.0663
2167,-14.2026,-58.6069,83.0663
2168,-14.5026,-58.6069,83.0663
2169,-14.8026,-58.6069,83.0663
2170,-15.1026,-58.6069,83.0663
2171,-15.4026,-58.6069,83.0663
2172,-15.7026,-58.6069,83.0663
2173,-16.0026,-58.6069,83.0663
2174,-16.3026,-58.6069,83.0663
2175,-16.6026,-58.6069,83.0663
2176,-16.9026,-58.6069,83.0663
2177,-17.2026,-58.6069,83.0663
2178,-17.5026,-58.6069,83.0663
2179,-17.8026,-58.6069,83.0663
2180,-18.1026,-58.6069,83.0663
2181,-18.4026,-58.6069,83.0663
2182,-18.7026,-58.6069,83.0663
2183,-19.0026,-58.6069,83.0663
2184,-19.3026,-58.6069,83.0663
2185,-19.6026,-58.6069,83.0663
2186,-19.9026,-58.6069,83.0663
2187,-20.2026,-58.6069,83.0663
2188,-20.5026,-58.6069,83.0663
2189,-20.8026,-58.6069,83.0663
2190,-21.1026,-58.6069,83.0663
2191,-21.4026,-58.6069,83.0663
2192,-21.7026,-58.6069,83.0663
2193,-22.0026,-58.6069,83.0663
2194,-22.3026,-58.6069,83.0663
2195,-22.6026,-58.6069,83.0663
2196,-22.9026,-58.6069,83.0663
2197,-23.2026,-58.6069,83.0663
2198,-23.5026,-58.3069,82.7663
2199,-23.8026,-58.3069,82.7663
2200,-24.1026,-58.3069,82.7663
2201,-24.4026,-58.3069,82.7663
2202,-24.7026,-58.0069,82.4663
2203,-25.0026,-57.7069,82.1663
2204,-25.3026,-57.7069,82.1663
2205,-25.6026,-57.4069,81.8663
2206,-25.9026,-57.1069,81.5663
2207,-26.2026,-57.1069,81.2663
2208,-26.5026,-56.8069,80.9663
2209,-26.8026,-56.8069,80.6663
2210,-27.1026,-56.5069,80.3663
2211,-27.4026,-56.5069,80.0663
2212,-27.7026,-56.5069,80.0663
2213,-28.0026,-56.2069,79.7663
2214,-28.3026,-56.2069,79.4663
2215,-28.6026,-56.2069,79.1663
2216,-28.9026,-56.2069,79.1663
2217,-29.2026,-56.2069,79.1663
2218,-29.5026,-55.9069,78.8663
2219,-29.8026,-55.9069,78.8663
2220,-30.1026,-55.6069,78.5663
2221,-30.4026,-55.3069,78.2663
2222,-30.1026,-55.6069,78.5663
2223,-29.8026,-55.9069,78.8663
2224,-29.5026,-55.9069,79.1663
2225,-29.2026,-56.2069,79.4663
2226,-28.9026,-56.2069,79.4663
2227,-28.6026,-56.2069,79.4663
2228,-28.3026,-56.2069,79.4663
2229,-28.0026,-56.2069,79.7663
2230,-27.7026,-56.2069,80.0663
2231,-27.4026,-56.2069,80.0663
2232,-27.1026,-56.2069,80.0663
2233,-26.8026,-56.2069,80.3663
2234,-26.5026,-56.2069,80.6663
2235,-26.2026,-56.2069,80.9663
2236,-25.9026,-55.9069,81.2663
2237,-25.6026,-55.9069,81.5663
2238,-25.3026,-55.6069,81.8663
2239,-25.0026,-55.6069,81.8663
2240,-24.7026,-55.3069,81.8663
2241,-24.4026,-55.0069,81.8663
2242,-24.1026,-54.7069,81.8663
2243,-23.8026,-54.4069,81.8663
2244,-23.5026,-54.1069,81.8663
2245,-23.5026,-53.8069,81.8663
2246,-23.2026,-53.5069,81.5663
2247,-23.2026,-53.2069,81.5663
2248,-23.2026,-52.9069,81.5663
2249,-22.9026,-52.6069,81.2663
2250,-22.9026,-52.3069,81.2663
2251,-22.9026,-52.0069,81.2663
2252,-22.9026,-51.7069,81.2663
2253,-22.9026,-51.4069,81.2663
2254,-22.9026,-51.1069,81.2663
2255,-22.6026,-50.8069,80.9663
2256,-22.6026,-50.5069,80.9663
2257,-22.6026,-50.2069,80.9663
2258,-22.6026,-49.9069,80.9663
2259,-22.6026,-49.6069,80.9663
2260,-22.6026,-49.3069,80.9663
2261,-22.6026,-49.0069,80.9663
2262,-22.6026,-48.7069,80.9663
2263,-22.9026,-48.4069,80.6663
2264,-22.9026,-48.1069,80.6663
2265,-23.2026,-47.8069,80.3663
2266,-23.2026,-47.5069,80.3663
2267,-23.5026,-47.2069,80.0663
2268,-23.8026,-46.9069,79.7663
2269,-24.1026,-46.6069,79.4663
2270,-24.4026,-46.3069,79.1663
2271,-24.7026,-46.0069,78.8663
2272,-25.0026,-45.7069,78.5663
2273,-25.0026,-45.7069,78.2663
2274,-25.3026,-45.4069,78.5663
2275,-25.6026,-45.4069,78.5663
2276,-25.9026,-45.4069,78.5663
2277,-26.2026,-45.4069,78.5663
2278,-26.5026,-45.1069,78.8663
2279,-26.8026,-45.1069,78.8663
2280,-27.1026,-45.1069,78.8663
2281,-27.4026,-45.1069,78.8663
2282,-27.7026,-45.1069,78.8663
2283,-28.0026,-45.1069,78.8663
2284,-28.3026,-45.1069,78.8663
2285,-28.6026,-45.1069,78.8663
2286,-28.9026,-44.8069,79.1663
2287,-29.2026,-44.5069,79.4663
2288,-29.5026,-44.5069,79.4663
2289,-29.8026,-44.5069,79.4663
2290,-30.1026,-44.5069,79.4663
2291,-30.4026,-44.5069,79.4663
2292,-30.7026,-44.5069,79.4663
2293,-31.0026,-44.5069,79.4663
2294,-31.3026,-44.5069,79.7663
2295,-31.6026,-44.5069,79.7663
2296,-31.9026,-44.5069,80.0663
2297,-32.2026,-44.5069,80.0663
2298,-32.5026,-44.8069,80.3663
2299,-32.8026,-45.1069,80.6663
2300,-33.1026,-45.4069,80.9663
2301,-33.4026,-45.7069,80.9663
2302,-33.7026,-46.0069,81.2663
2303,-33.7026,-46.3069,81.2663
2304,-34.0026,-46.6069,81.2663
2305,-34.0026,-46.9069,81.2663
2306,-34.3026,-47.2069,81.2663
2307,-34.3026,-47.5069,81.2663
2308,-34.3026,-47.8069,81.2663
2309,-34.3026,-48.1069,81.2663
2310,-34.3026,-48.4069,81.2663
2311,-34.3026,-48.7069,80.9663
2312,-34.3026,-49.0069,80.9663
2313,-34.3026,-49.3069,80.6663
2314,-34.3026,-49.6069,80.6663
2315,-34.3026,-49.9069,80.3663
2316,-34.3026,-50.2069,80.0663
2317,-34.3026,-50.5069,79.7663
2318,-34.3026,-50.8069,79.4663
2319,-34.3026,-51.1069,79.1663
2320,-34.0026,-51.4069,78.8663
2321,-34.0026,-51.7069,78.5663
2322,-34.0026,-52.0069,78.5663
2323,-33.7026,-52.3069,78.2663
2324,-33.7026,-52.0069,78.5663
2325,-34.0026,-51.7069,78.8663
2326,-34.0026,-51.4069,79.1663
2327,-34.0026,-51.1069,79.4663
2328,-34.0026,-50.8069,79.7663
2329,-34.0026,-50.5069,80.0663
2330,-34.0026,-50.2069,80.0663
2331,-34.0026,-49.9069,80.3663
2332,-34.3026,-49.6069,80.6663
2333,-34.3026,-49.3069,80.6663
2334,-34.3026,-49.0069,80.9663
2335,-34.3026,-48.7069,80.9663
2336,-34.3026,-48.4069,81.2663
2337,-34.3026,-48.1069,81.2663
2338,-34.3026,-47.8069,81.2663
2339,-34.3026,-47.5069,81.2663
2340,-34.3026,-47.2069,81.2663
2341,-34.0026,-46.9069,81.2663
2342,-34.0026,-46.6069,81.2663
2343,-33.7026,-46.3069,81.2663
2344,-33.7026,-46.0069,81.2663
2345,-33.4026,-45.7069,81.2663
2346,-33.1026,-45.4069,81.2663
2347,-32.8026,-45.1069,81.2663
2348,-32.5026,-44.8069,81.2663
2349,-32.2026,-44.8069,81.2663
2350,-31.9026,-44.5069,81.2663
2351,-31.6026,-44.5069,81.2663
2352,-31.3026,-44.2069,81.2663
2353,-31.0026,-44.2069,81.2663
2354,-30.7026,-44.2069,81.2663
2355,-30.4026,-44.2069,81.2663
2356,-30.1026,-44.2069,81.2663
2357,-29.8026,-44.2069,81.2663
2358,-29.5026,-44.2069,81.2663
2359,-29.2026,-44.2069,81.2663
2360,-28.9026,-44.5069,81.2663
2361,-28.6026,-44.5069,81.2663
2362,-28.3026,-44.8069,81.2663
2363,-28.0026,-44.8069,81.2663
2364,-27.7026,-45.1069,81.2663
2365,-27.4026,-45.1069,81.2663
2366,-27.1026,-45.1069,81.2663
2367,-26.8026,-45.1069,81.2663
2368,-26.5026,-45.1069,81.2663
2369,-26.2026,-45.1069,81.2663
2370,-25.9026,-45.4069,81.2663
2371,-25.6026,-45.4069,81.2663
2372,-25.3026,-45.7069,81.2663
2373,-25.0026,-45.7069,81.2663
2374,-24.7026,-46.0069,81.2663
2375,-24.4026,-46.3069,81.2663
2376,-24.1026,-46.6069,80.9663
2377,-23.8026,-46.9069,80.9663
2378,-23.5026,-47.2069,80.9663
2379,-23.2026,-47.5069,80.9663
2380,-23.2026,-47.8069,80.9663
2381,-22.9026,-47.8069,80.9663
2382,-22.6026,-47.8069,80.9663
2383,-22.3026,-47.8069,80.9663
2384,-22.0026,-47.8069,80.9663
2385,-21.7026,-47.8069,80.9663
2386,-21.4026,-47.8069,80.9663
2387,-21.1026,-47.8069,80.9663
2388,-20.8026,-47.8069,80.9663
2389,-20.5026,-47.8069,80.9663
2390,-20.2026,-47.8069,80.9663
2391,-19.9026,-47.8069,80.9663
2392,-19.6026,-47.8069,80.9663
2393,-19.3026,-47.8069,80.9663
2394,-19.0026,-47.8069,80.9663
2395,-18.7026,-47.8069,80.9663
2396,-18.4026,-47.8069,80.9663
2397,-18.1026,-47.8069,80.9663
2398,-17.8026,-47.8069,80.9663
2399,-17.5026,-47.8069,80.9663
2400,-17.2026,-47.8069,80.9663
2401,-16.9026,-47.8069,80.9663
2402,-16.6026,-47.8069,80.9663
2403,-16.3026,-47.8069,80.9663
2404,-16.0026,-47.8069,80.9663
2405,-15.7026,-47.8069,80.9663
2406,-15.4026,-47.8069,80.9663
2407,-15.1026,-47.8069,80.9663
2408,-14.8026,-47.8069,80.9663
2409,-14.5026,-47.8069,80.9663
2410,-14.2026,-47.8069,80.9663
2411,-13.9026,-47.8069,80.9663
2412,-13.6026,-47.8069,80.9663
2413,-13.3026,-47.8069,80.9663
2414,-13.0026,-47.8069,80.9663
2415,-12.7026,-47.8069,80.9663
2416,-12.4026,-47.8069,80.9663
2417,-12.1026,-47.8069,80.9663
2418,-11.8026,-47.8069,80.9663
2419,-11.5026,-47.8069,80.9663
2420,-11.2026,-47.8069,80.9663
2421,-10.9026,-47.8069,80.9663
2422,-10.6026,-47.8069,80.9663
2423,-10.3026,-47.8069,80.9663
2424,-10.0026,-47.8069,80.9663
2425,-9.7026,-47.8069,80.9663
2426,-9.4026,-47.8069,80.9663
2427,-9.1026,-47.8069,80.9663
2428,-8.8026,-47.8069,80.9663
2429,-8.5026,-47.8069,80.9663
2430,-8.2026,-47.8069,80.9663
2431,-7.9026,-47.8069,80.9663
2432,-7.6026,-47.8069,80.9663
2433,-7.3026,-47.8069,80.9663
2434,-7.0026,-47.8069,80.9663
2435,-6.7026,-47.8069,80.9663
2436,-6.4026,-47.8069,80.9663
2437,-6.1026,-47.8069,80.9663
2438,-5.8026,-47.8069,80.9663
2439,-5.5026,-47.8069,80.9663
2440,-5.2026,-47.8069,80.9663
2441,-4.9026,-47.8069,80.9663
2442,-4.6026,-47.8069,80.9663
2443,-4.3026,-47.8069,80.9663
2444,-4.0026,-47.8069,80.9663
2445,-3.7026,-47.8069,80.9663
2446,-3.4026,-47.8069,80.9663
2447,-3.1026,-47.8069,80.9663
2448,-2.8026,-47.8069,80.9663
2449,-2.5026,-47.8069,80.9663
2450,-2.2026,-47.8069,80.9663
2451,-1.9026,-47.8069,80.9663
2452,-1.6026,-47.8069,80.9663
2453,-1.3026,-47.8069,80.9663
2454,-1.0026,-47.8069,80.9663
2455,-0.7026,-47.8069,80.9663
2456,-0.4026,-47.8069,80.9663
2457,-0.1026,-47.8069,80.9663
2458,0.1974,-47.8069,80.9663
2459,0.4974,-47.8069,80.9663
2460,0.7974,-47.8069,80.9663
2461,1.0974,-47.8069,80.9663
2462,1.3974,-47.8069,80.9663
2463,1.6974,-47.8069,80.9663
2464,1.9974,-47.8069,80.9663
2465,2.2974,-47.8069,80.9663
2466,2.5974,-47.8069,80.9663
2467,2.8974,-47.8069,80.9663
2468,3.1974,-47.8069,80.9663
2469,3.4974,-47.8069,80.9663
2470,3.7974,-47.8069,80.9663
2471,4.0974,-47.8069,80.9663
2472,4.3974,-47.8069,80.9663
2473,4.6974,-47.8069,80.9663
2474,4.9974,-47.8069,80.9663
2475,5.2974,-47.8069,80.9663
2476,5.5974,-47.8069,80.9663
2477,5.8974,-47.8069,80.9663
2478,6.1974,-47.8069,80.9663
2479,6.4974,-47.8069,80.9663
2480,6.7974,-47.8069,80.9663
2481,7.0974,-47.8069,80.9663
2482,7.3974,-47.8069,80.9663
2483,7.6974,-47.8069,80.9663
2484,7.9974,-47.8069,80.9663
2485,8.2974,-47.8069,80.9663
2486,8.5974,-47.8069,80.9663
2487,8.8974,-48.1069,80.9663
2488,9.1974,-48.4069,80.9663
2489,9.4974,-48.7069,80.9663
2490,9.7974,-49.0069,80.9663
2491,10.0974,-49.3069,80.9663
2492,10.3974,-49.6069,80.9663
2493,10.6974,-49.9069,80.9663
2494,10.9974,-50.2069,80.9663
2495,11.2974,-50.5069,80.9663
2496,11.5974,-50.8069,80.9663
2497,11.8974,-51.1069,80.9663
2498,12.1974,-51.4069,80.9663
2499,12.4974,-51.7069,80.9663
2500,12.7974,-52.0069,80.9663
2501,13.0974,-52.3069,80.9663
2502,13.3974,-52.3069,80.9663
2503,13.6974,-52.3069,80.9663
2504,13.9974,-52.3069,80.9663
2505,14.2974,-52.3069,80.9663
2506,14.5974,-52.3069,80.9663
2507,14.8974,-52.3069,80.9663
2508,15.1974,-52.3069,80.9663
2509,15.4974,-52.3069,80.9663
2510,15.7974,-52.3069,80.9663
2511,16.0974,-52.3069,80.9663
2512,16.3974,-52.3069,80.9663
2513,16.6974,-52.3069,80.9663
2514,16.9974,-52.3069,80.9663
2515,17.2974,-52.3069,80.9663
2516,17.5974,-52.3069,80.9663
2517,17.8974,-52.3069,80.9663
2518,18.1974,-52.3069,80.9663
2519,18.4974,-52.3069,80.9663
2520,18.7974,-52.3069,80.9663
2521,19.0974,-52.3069,80.9663
2522,19.3974,-52.3069,80.9663
2523,19.6974,-52.3069,80.9663
2524,19.9974,-52.3069,80.9663
2525,20.2974,-52.3069,80.9663
2526,20.5974,-52.3069,80.9663
2527,20.8974,-52.3069,80.9663
2528,21.1974,-52.3069,80.9663
2529,21.4974,-52.3069,80.9663
2530,21.7974,-52.3069,80.9663
2531,22.0974,-52.3069,80.9663
2532,22.3974,-52.3069,80.9663
2533,22.6974,-52.3069,80.9663
2534,22.9974,-52.3069,80.9663
2535,23.2974,-52.3069,80.9663
2536,23.5974,-52.3069,80.9663
2537,23.8974,-52.3069,80.9663
2538,24.1974,-52.3069,80.9663
2539,24.4974,-52.3069,80.9663
2540,24.7974,-52.3069,80.9663
2541,25.0974,-52.3069,80.9663
2542,25.3974,-52.3069,80.9663
2543,25.6974,-52.3069,80.9663
2544,25.9974,-52.3069,80.9663
2545,26.2974,-52.3069,80.9663
2546,26.5974,-52.3069,80.9663
2547,26.8974,-52.3069,80.9663
2548,27.1974,-52.3069,80.9663
2549,27.4974,-52.3069,80.9663
2550,27.7974,-52.3069,80.9663
2551,28.0974,-52.3069,80.9663
2552,28.3974,-52.3069,80.9663
2553,28.6974,-52.3069,80.9663
2554,28.9974,-52.3069,80.9663
2555,29.2974,-52.3069,80.9663
2556,29.5974,-52.3069,80.9663
2557,29.8974,-52.3069,80.9663
2558,30.1974,-52.3069,80.9663
2559,30.4974,-52.3069,80.9663
2560,30.7974,-52.3069,80.9663
2561,31.0974,-52.3069,80.9663
2562,31.3974,-52.3069,80.9663
2563,31.6974,-52.3069,80.9663
2564,31.9974,-52.3069,80.9663
2565,32.2974,-52.3069,80.9663
2566,32.5974,-52.3069,80.9663
2567,32.8974,-52.3069,80.9663
2568,33.1974,-52.3069,80.9663
2569,33.4974,-52.3069,80.9663
2570,33.7974,-52.3069,80.9663
2571,34.0974,-52.6069,80.9663
2572,34.3974,-52.6069,80.9663
2573,34.6974,-52.9069,80.9663
2574,34.9974,-52.9069,80.9663
2575,35.2974,-53.2069,80.9663
2576,35.5974,-53.2069,80.9663
2577,35.8974,-53.2069,80.9663
2578,36.1974,-53.5069,80.9663
2579,36.4974,-53.5069,80.9663
2580,36.7974,-53.8069,80.9663
2581,37.0974,-53.8069,80.9663
2582,37.3974,-54.1069,80.9663
2583,37.6974,-54.1069,80.9663
2584,37.9974,-54.4069,80.9663
2585,38.2974,-54.4069,80.9663
2586,38.5974,-54.7069,80.9663
2587,38.8974,-54.7069,80.9663
2588,39.1974,-54.7069,80.9663
2589,39.4974,-55.0069,80.9663
2590,39.7974,-55.0069,80.9663
2591,40.0974,-55.3069,80.9663
2592,40.3974,-55.3069,80.9663
2593,40.6974,-55.6069,80.9663
2594,40.9974,-55.6069,80.9663
2595,41.2974,-55.9069,80.9663
2596,41.5974,-55.9069,80.9663
2597,41.8974,-56.2069,80.9663
2598,42.1974,-56.2069,80.9663
2599,41.8974,-56.2069,80.9663
2600,41.5974,-56.2069,80.9663
2601,41.2974,-56.2069,80.9663
2602,40.9974,-56.2069,80.9663
2603,40.6974,-56.2069,80.9663
2604,40.3974,-56.2069,80.9663
2605,40.0974,-55.9069,80.9663
2606,39.7974,-55.6069,80.9663
2607,39.4974,-55.6069,80.9663
2608,39.1974,-55.6069,80.9663
2609,38.8974,-55.6069,80.9663
2610,38.5974,-55.6069,80.9663
2611,38.2974,-55.6069,80.9663
2612,37.9974,-55.6069,80.9663
2613,37.6974,-55.6069,80.9663
2614,37.3974,-55.3069,80.9663
2615,37.0974,-55.3069,80.9663
2616,36.7974,-55.3069,80.9663
2617,36.4974,-55.3069,80.9663
2618,36.1974,-55.3069,80.9663
2619,35.8974,-55.3069,80.9663
2620,35.5974,-55.3069,80.9663
2621,35.2974,-55.0069,80.9663
2622,34.9974,-55.0069,80.9663
2623,34.6974,-55.0069,80.9663
2624,34.3974,-55.0069,80.9663
2625,34.0974,-55.0069,80.9663
2626,33.7974,-55.0069,80.9663
2627,33.4974,-55.0069,80.9663
2628,33.1974,-55.0069,80.9663
2629,32.8974,-55.0069,80.9663
2630,32.5974,-55.0069,80.9663
2631,32.2974,-55.0069,80.9663
2632,31.9974,-55.0069,80.9663
2633,31.6974,-54.7069,80.9663
2634,31.3974,-54.7069,80.9663
2635,31.0974,-54.4069,80.9663
2636,30.7974,-54.4069,80.9663
2637,30.4974,-54.4069,80.9663
2638,30.1974,-54.4069,80.9663
2639,29.8974,-54.4069,80.9663
2640,29.5974,-54.4069,80.9663
2641,29.2974,-54.4069,80.9663
2642,28.9974,-54.4069,80.9663
2643,28.6974,-54.4069,80.9663
2644,28.3974,-54.4069,80.9663
2645,28.0974,-54.1069,80.9663
2646,27.7974,-54.1069,80.9663
2647,27.4974,-53.8069,80.9663
2648,27.1974,-53.8069,80.9663
2649,26.8974,-53.8069,80.9663
2650,26.5974,-53.8069,80.9663
2651,26.2974,-53.8069,80.9663
2652,25.9974,-53.8069,80.9663
2653,25.6974,-53.5069,80.9663
2654,25.3974,-53.2069,80.9663
2655,25.0974,-53.2069,80.9663
2656,24.7974,-52.9069,80.9663
2657,24.4974,-52.9069,80.9663
2658,24.1974,-52.6069,80.9663
2659,23.8974,-52.6069,80.9663
2660,23.5974,-52.6069,80.9663
2661,23.2974,-52.6069,80.9663
2662,22.9974,-52.6069,80.9663
2663,22.6974,-52.6069,80.9663
2664,22.3974,-52.6069,80.9663
2665,22.0974,-52.6069,80.9663
2666,21.7974,-52.6069,80.9663
2667,21.4974,-52.6069,80.9663
2668,21.1974,-52.6069,80.9663
2669,20.8974,-52.6069,80.9663
2670,20.5974,-52.6069,80.9663
2671,20.2974,-52.6069,80.9663
2672,19.9974,-52.6069,80.9663
2673,19.6974,-52.6069,80.9663
2674,19.3974,-52.6069,80.9663
2675,19.0974,-52.6069,80.9663
2676,18.7974,-52.6069,80.9663
2677,18.4974,-52.6069,80.9663
2678,18.1974,-52.6069,80.9663
2679,17.8974,-52.6069,80.9663
2680,17.5974,-52.6069,80.9663
2681,17.2974,-52.6069,80.9663
2682,16.9974,-52.6069,80.9663
2683,16.6974,-52.6069,80.9663
2684,16.3974,-52.6069,80.9663
2685,16.0974,-52.6069,80.9663
2686,15.7974,-52.6069,80.9663
2687,15.4974,-52.6069,80.9663
2688,15.1974,-52.6069,80.9663
2689,14.8974,-52.6069,80.9663
2690,14.5974,-52.6069,80.9663
2691,14.2974,-52.6069,80.9663
2692,13.9974,-52.6069,80.9663
2693,13.6974,-52.6069,80.9663
2694,13.3974,-52.6069,80.9663
2695,13.0974,-52.6069,80.9663
2696,12.7974,-52.6069,80.9663
2697,12.4974,-52.6069,80.9663
2698,12.1974,-52.6069,80.9663
2699,11.8974,-52.6069,80.9663
2700,11.5974,-52.6069,80.9663
2701,11.2974,-52.6069,80.9663
2702,10.9974,-52.6069,80.9663
2703,10.6974,-52.6069,80.9663
2704,10.3974,-52.6069,80.9663
2705,10.0974,-52.6069,80.9663
2706,9.7974,-52.6069,80.9663
2707,9.4974,-52.6069,80.9663
2708,9.1974,-52.6069,80.9663
2709,8.8974,-52.6069,80.9663
2710,8.5974,-52.3069,80.9663
2711,8.2974,-52.0069,80.9663
2712,7.9974,-51.7069,80.9663
2713,7.6974,-51.4069,80.9663
2714,7.3974,-51.1069,80.9663
2715,7.0974,-50.8069,80.9663
2716,6.7974,-50.5069,80.9663
2717,6.4974,-50.2069,80.9663
2718,6.1974,-50.2069,80.9663
2719,5.8974,-50.2069,80.9663
2720,5.5974,-50.2069,80.9663
2721,5.2974,-50.2069,80.9663
2722,4.9974,-50.2069,80.9663
2723,4.6974,-50.2069,80.9663
2724,4.3974,-50.2069,80.9663
2725,4.0974,-50.2069,80.9663
2726,3.7974,-50.2069,80.9663
2727,3.4974,-50.2069,80.9663
2728,3.1974,-50.2069,80.9663
2729,2.8974,-50.2069,80.9663
2730,2.5974,-50.2069,80.9663
2731,2.2974,-50.2069,80.9663
2732,1.9974,-50.2069,80.9663
2733,1.6974,-50.2069,80.9663
2734,1.3974,-50.2069,80.9663
2735,1.0974,-50.2069,80.9663
2736,0.7974,-50.2069,80.9663
2737,0.4974,-50.2069,80.9663
2738,0.1974,-50.2069,80.9663
2739,-0.1026,-50.2069,80.9663
2740,-0.4026,-50.2069,80.9663
2741,-0.7026,-50.2069,80.9663
2742,-1.0026,-49.9069,80.9663
2743,-1.3026,-49.9069,80.9663
2744,-1.6026,-49.6069,80.9663
2745,-1.9026,-49.6069,80.9663
2746,-2.2026,-49.3069,80.9663
2747,-2.5026,-49.3069,80.9663
2748,-2.8026,-49.3069,80.9663
2749,-3.1026,-49.3069,80.9663
2750,-3.4026,-49.3069,80.9663
2751,-3.7026,-49.3069,80.9663
2752,-4.0026,-49.3069,80.9663
2753,-4.3026,-49.3069,80.9663
2754,-4.6026,-49.3069,80.9663
2755,-4.9026,-49.3069,80.9663
2756,-5.2026,-49.3069,80.9663
2757,-5.5026,-49.3069,80.9663
2758,-5.8026,-49.3069,80.9663
2759,-6.1026,-49.3069,80.9663
2760,-6.4026,-49.3069,80.9663
2761,-6.7026,-49.3069,80.9663
2762,-7.0026,-49.3069,80.9663
2763,-7.3026,-49.3069,80.9663
2764,-7.6026,-49.3069,80.9663
2765,-7.9026,-49.3069,80.9663
2766,-8.2026,-49.3069,80.9663
2767,-8.5026,-49.3069,80.9663
2768,-8.8026,-49.3069,80.9663
2769,-9.1026,-49.3069,80.9663
2770,-9.4026,-49.3069,80.9663
2771,-9.7026,-49.3069,80.9663
2772,-10.0026,-49.3069,80.9663
2773,-10.3026,-49.3069,80.9663
2774,-10.6026,-49.3069,80.9663
2775,-10.9026,-49.3069,80.9663
2776,-11.2026,-49.3069,80.9663
2777,-11.5026,-49.3069,80.9663
2778,-11.8026,-49.3069,80.9663
2779,-12.1026,-49.3069,80.9663
2780,-12.4026,-49.3069,80.9663
2781,-12.7026,-49.3069,80.9663
2782,-13.0026,-49.3069,80.9663
2783,-13.3026,-49.3069,80.9663
2784,-13.6026,-49.3069,80.9663
2785,-13.9026,-49.3069,80.9663
2786,-14.2026,-49.3069,80.9663
2787,-14.5026,-49.3069,80.9663
2788,-14.8026,-49.3069,80.9663
2789,-15.1026,-49.3069,80.9663
2790,-15.4026,-49.3069,80.9663
2791,-15.7026,-49.3069,80.9663
2792,-16.0026,-49.3069,80.9663
2793,-16.3026,-49.3069,80.9663
2794,-16.6026,-49.3069,80.9663
2795,-16.9026,-49.3069,80.9663
2796,-17.2026,-49.3069,80.9663
2797,-17.5026,-49.3069,80.9663
2798,-17.8026,-49.3069,80.9663
2799,-18.1026,-49.3069,80.9663
2800,-18.4026,-49.0069,80.9663
2801,-18.7026,-48.7069,80.9663
2802,-19.0026,-48.4069,80.9663
2803,-19.3026,-48.1069,80.9663
2804,-19.6026,-48.1069,80.9663
2805,-19.9026,-48.1069,80.9663
2806,-20.2026,-48.1069,80.9663
2807,-20.5026,-48.1069,80.9663
2808,-20.8026,-48.1069,80.9663
2809,-21.1026,-47.8069,80.9663
2810,-21.4026,-47.8069,80.9663
2811,-21.7026,-47.5069,80.9663
2812,-22.0026,-47.5069,80.9663
2813,-22.3026,-47.2069,80.9663
2814,-22.6026,-47.2069,80.9663
2815,-22.9026,-46.9069,80.9663
2816,-23.2026,-46.9069,80.9663
2817,-23.5026,-46.9069,80.9663
2818,-23.8026,-46.6069,80.9663
2819,-23.8026,-46.9069,80.9663
2820,-23.5026,-47.2069,80.9663
2821,-23.2026,-47.5069,80.9663
2822,-23.2026,-47.8069,80.9663
2823,-22.9026,-48.1069,81.2663
2824,-22.9026,-48.4069,81.2663
2825,-22.6026,-48.7069,81.5663
2826,-22.6026,-49.0069,81.5663
2827,-22.6026,-49.3069,81.5663
2828,-22.6026,-49.6069,81.5663
2829,-22.6026,-49.9069,81.5663
2830,-22.6026,-50.2069,81.5663
2831,-22.6026,-50.5069,81.5663
2832,-22.9026,-50.8069,81.5663
2833,-22.9026,-51.1069,81.5663
2834,-22.9026,-51.4069,81.5663
2835,-22.9026,-51.7069,81.5663
2836,-22.9026,-52.0069,81.5663
2837,-22.9026,-52.3069,81.5663
2838,-22.9026,-52.6069,81.5663
2839,-23.2026,-52.9069,81.5663
2840,-23.2026,-53.2069,81.5663
2841,-23.2026,-53.5069,81.5663
2842,-23.5026,-53.8069,81.5663
2843,-23.5026,-54.1069,81.5663
2844,-23.8026,-54.4069,81.8663
2845,-24.1026,-54.7069,81.8663
2846,-24.4026,-55.0069,81.8663
2847,-24.7026,-55.3069,81.8663
2848,-25.0026,-55.6069,81.8663
2849,-25.3026,-55.6069,81.8663
2850,-25.6026,-55.9069,81.5663
2851,-25.9026,-55.9069,81.5663
2852,-26.2026,-56.2069,81.2663
2853,-26.5026,-56.2069,81.2663
2854,-26.8026,-56.2069,80.9663
2855,-27.1026,-56.2069,80.9663
2856,-27.4026,-56.2069,80.9663
2857,-27.7026,-56.2069,80.9663
2858,-28.0026,-56.2069,80.9663
2859,-28.3026,-56.2069,80.9663
2860,-28.6026,-56.2069,80.9663
2861,-28.9026,-55.9069,80.9663
2862,-29.2026,-55.9069,80.9663
2863,-29.5026,-55.6069,80.9663
2864,-29.8026,-55.6069,80.9663
2865,-30.1026,-55.3069,80.9663
2866,-30.4026,-55.0069,80.9663
2867,-30.7026,-54.7069,80.9663
2868,-31.0026,-54.4069,80.9663
2869,-31.3026,-54.1069,80.9663
2870,-31.6026,-54.1069,80.9663
2871,-31.9026,-53.8069,80.9663
2872,-32.2026,-53.5069,80.9663
2873,-32.5026,-53.2069,80.9663
2874,-32.8026,-52.9069,80.9663
2875,-32.8026,-52.6069,80.9663
2876,-33.1026,-52.3069,80.9663
2877,-33.1026,-52.0069,80.9663
2878,-33.4026,-51.7069,80.9663
2879,-33.4026,-51.4069,80.9663
2880,-33.7026,-51.1069,80.9663
2881,-33.7026,-50.8069,80.9663
2882,-34.0026,-50.5069,80.9663
2883,-34.0026,-50.2069,80.9663
2884,-34.3026,-49.9069,80.9663
2885,-34.3026,-49.6069,80.9663
2886,-34.3026,-49.9069,80.9663
2887,-34.0026,-50.2069,80.9663
2888,-34.0026,-50.5069,80.9663
2889,-33.7026,-50.8069,80.9663
2890,-33.7026,-51.1069,80.9663
2891,-33.4026,-51.4069,80.9663
2892,-33.4026,-51.7069,80.9663
2893,-33.1026,-52.0069,81.2663
2894,-33.1026,-52.3069,81.2663
2895,-32.8026,-52.6069,81.5663
2896,-32.8026,-52.9069,81.5663
2897,-32.5026,-53.2069,81.8663
2898,-32.2026,-53.5069,81.8663
2899,-31.9026,-53.8069,81.8663
2900,-31.6026,-54.1069,81.8663
2901,-31.3026,-54.1069,81.8663
2902,-31.0026,-54.4069,81.8663
2903,-30.7026,-54.7069,81.8663
2904,-30.4026,-55.0069,81.8663
2905,-30.1026,-55.3069,81.8663
2906,-29.8026,-55.3069,81.8663
2907,-29.5026,-55.6069,81.8663
2908,-29.2026,-55.9069,81.8663
2909,-28.9026,-55.9069,81.8663
2910,-28.6026,-55.9069,81.8663
2911,-28.3026,-55.9069,81.8663
2912,-28.0026,-56.2069,81.8663
2913,-27.7026,-56.2069,81.8663
2914,-27.4026,-56.2069,81.8663
2915,-27.1026,-56.2069,81.8663
2916,-26.8026,-56.2069,81.8663
2917,-26.5026,-56.2069,81.8663
2918,-26.2026,-56.2069,81.8663
2919,-25.9026,-56.2069,81.8663
2920,-25.6026,-56.2069,81.8663
2921,-25.3026,-55.9069,81.8663
2922,-25.0026,-55.6069,81.8663
2923,-24.7026,-55.3069,81.8663
2924,-24.4026,-55.0069,81.8663
2925,-24.1026,-54.7069,81.8663
2926,-23.8026,-54.4069,81.8663
2927,-23.5026,-54.4069,81.8663
2928,-23.2026,-54.1069,81.5663
2929,-22.9026,-53.8069,81.2663
2930,-22.6026,-53.8069,81.2663
2931,-22.3026,-53.8069,81.2663
2932,-22.0026,-53.8069,81.2663
2933,-21.7026,-53.8069,81.2663
2934,-21.4026,-53.8069,81.2663
2935,-21.1026,-53.8069,81.2663
2936,-20.8026,-53.8069,81.2663
2937,-20.5026,-53.8069,81.2663
2938,-20.2026,-53.8069,81.2663
2939,-19.9026,-53.8069,81.2663
2940,-19.6026,-53.8069,81.2663
2941,-19.3026,-53.8069,81.2663
2942,-19.0026,-53.8069,81.2663
2943,-18.7026,-53.8069,81.2663
2944,-18.4026,-53.8069,81.2663
2945,-18.1026,-53.8069,81.2663
2946,-17.8026,-53.8069,81.2663
2947,-17.5026,-53.8069,81.2663
2948,-17.2026,-53.8069,81.2663
2949,-16.9026,-53.8069,81.2663
2950,-16.6026,-53.8069,81.2663
2951,-16.3026,-53.8069,81.2663
2952,-16.0026,-53.8069,81.2663
2953,-15.7026,-53.8069,81.2663
2954,-15.4026,-53.8069,81.2663
2955,-15.1026,-53.8069,81.2663
2956,-14.8026,-53.8069,81.2663
2957,-14.5026,-53.8069,81.2663
2958,-14.2026,-53.8069,81.2663
2959,-13.9026,-53.8069,81.2663
2960,-13.6026,-53.8069,81.2663
2961,-13.3026,-53.8069,81.2663
2962,-13.0026,-53.8069,81.2663
2963,-12.7026,-53.8069,81.2663
2964,-12.4026,-53.8069,81.2663
2965,-12.1026,-53.8069,81.2663
2966,-11.8026,-53.8069,81.2663
2967,-11.5026,-53.8069,81.2663
2968,-11.2026,-53.8069,81.2663
2969,-10.9026,-53.8069,81.2663
2970,-10.6026,-53.8069,81.2663
2971,-10.3026,-53.8069,81.2663
2972,-10.0026,-53.8069,81.2663
2973,-9.7026,-53.8069,81.2663
2974,-9.4026,-53.8069,81.2663
2975,-9.1026,-53.8069,81.2663
2976,-8.8026,-53.8069,81.2663
2977,-8.5026,-53.8069,81.2663
2978,-8.2026,-53.8069,80.9663
2979,-7.9026,-53.8069,80.9663
2980,-7.6026,-53.5069,80.9663
2981,-7.6026,-53.2069,80.9663
2982,-7.6026,-52.9069,80.9663
2983,-7.6026,-52.6069,80.9663
2984,-7.6026,-52.3069,80.9663
2985,-7.3026,-52.0069,80.9663
2986,-7.3026,-51.7069,80.9663
2987,-7.0026,-51.4069,80.9663
2988,-7.0026,-51.1069,80.9663
2989,-6.7026,-50.8069,80.9663
2990,-6.4026,-50.5069,80.9663
2991,-6.1026,-50.2069,80.9663
2992,-5.8026,-49.9069,80.9663
2993,-5.5026,-49.9069,80.9663
2994,-5.2026,-49.6069,80.9663
2995,-4.9026,-49.6069,80.9663
2996,-4.6026,-49.3069,80.9663
2997,-4.3026,-49.3069,80.9663
2998,-4.0026,-49.3069,80.9663
2999,-3.7026,-49.3069,80.9663
3000,-3.4026,-49.3069,80.9663
3001,-3.1026,-49.3069,80.9663
3002,-2.8026,-49.3069,80.9663
3003,-2.5026,-49.3069,80.9663
3004,-2.2026,-49.3069,80.9663
3005,-1.9026,-49.6069,80.9663
3006,-1.6026,-49.6069,80.9663
3007,-1.3026,-49.6069,80.9663
3008,-1.0026,-49.9069,80.9663
3009,-0.7026,-50.2069,80.9663
3010,-0.4026,-50.2069,80.9663
3011,-0.1026,-50.5069,80.9663
3012,0.1974,-50.5069,80.9663
3013,0.4974,-50.8069,80.9663
3014,0.7974,-50.8069,80.9663
3015,1.0974,-51.1069,80.9663
3016,1.3974,-51.1069,80.9663
3017,1.6974,-51.4069,80.9663
3018,1.9974,-51.4069,80.9663
3019,2.2974,-51.7069,80.9663
3020,2.5974,-51.7069,80.9663
3021,2.8974,-51.7069,80.9663
3022,3.1974,-52.0069,80.9663
3023,3.4974,-52.0069,80.9663
3024,3.7974,-52.3069,80.9663
3025,4.0974,-52.3069,80.9663
3026,4.3974,-52.6069,80.9663
3027,4.6974,-52.6069,80.9663
3028,4.9974,-52.9069,80.9663
3029,5.2974,-52.9069,80.9663
3030,5.5974,-53.2069,80.9663
3031,5.8974,-53.2069,80.9663
3032,6.1974,-53.2069,80.9663
3033,6.4974,-53.5069,80.9663
3034,6.7974,-53.5069,80.9663
3035,7.0974,-53.8069,80.9663
3036,7.3974,-53.8069,80.9663
3037,7.6974,-54.1069,80.9663
3038,7.9974,-54.1069,80.9663
3039,8.2974,-54.4069,80.9663
3040,8.5974,-54.4069,80.9663
3041,8.8974,-54.7069,80.9663
3042,9.1974,-54.7069,80.9663
3043,9.4974,-54.7069,80.9663
3044,9.7974,-55.0069,80.9663
3045,10.0974,-55.0069,80.9663
3046,10.3974,-55.3069,80.9663
3047,10.6974,-55.3069,80.9663
3048,10.9974,-55.6069,80.9663
3049,11.2974,-55.6069,80.9663
3050,11.5974,-55.9069,80.9663
3051,11.8974,-55.9069,80.9663
3052,12.1974,-56.2069,80.9663
3053,12.4974,-56.2069,80.9663
3054,12.7974,-56.2069,80.9663
3055,13.0974,-56.5069,80.9663
3056,13.3974,-56.5069,80.9663
3057,13.6974,-56.8069,80.9663
3058,13.9974,-56.8069,80.9663
3059,14.2974,-57.1069,80.9663
3060,14.5974,-57.1069,80.9663
3061,14.8974,-57.4069,80.9663
3062,15.1974,-57.4069,80.9663
3063,15.4974,-57.7069,80.9663
3064,15.7974,-57.7069,80.9663
3065,15.8328,-58.0212,80.9000
3066,-1.7693,-49.6045,80.9000
3067,22.4134,-52.6806,80.9000
3068,22.6974,-52.6069,80.9663
3069,22.9974,-52.6069,80.9663
3070,23.2974,-52.6069,80.9663
3071,23.5974,-52.6069,80.9663
3072,23.8974,-52.6069,80.9663
3073,24.1974,-52.6069,80.9663
3074,24.4974,-52.6069,80.9663
3075,24.7974,-52.6069,80.9663
3076,25.0974,-52.6069,80.9663
3077,25.3974,-52.6069,80.9663
3078,25.6974,-52.6069,80.9663
3079,25.9974,-52.6069,80.9663
3080,26.2974,-52.6069,80.9663
3081,26.5974,-52.6069,80.9663
3082,26.8974,-52.6069,80.9663
3083,27.1974,-52.6069,80.9663
3084,27.4974,-52.6069,80.9663
3085,27.7974,-52.6069,80.9663
3086,28.0974,-52.6069,80.9663
3087,28.3974,-52.6069,80.9663
3088,28.6974,-52.6069,80.9663
3089,28.9974,-52.6069,80.9663
3090,29.2974,-52.6069,80.9663
3091,29.5974,-52.6069,80.9663
3092,29.8974,-52.6069,80.9663
3093,30.1974,-52.6069,80.9663
3094,30.4974,-52.6069,80.9663
3095,30.7974,-52.6069,80.9663
3096,31.0974,-52.6069,80.9663
3097,31.3974,-52.6069,80.9663
3098,31.6974,-52.6069,80.9663
3099,31.9974,-52.6069,80.9663
3100,32.2974,-52.6069,80.9663
3101,32.5974,-52.6069,80.9663
3102,32.8974,-52.6069,80.9663
3103,33.1974,-52.6069,80.9663
3104,33.4974,-52.6069,80.9663
3105,33.7974,-52.6069,80.9663
3106,34.0974,-52.6069,80.9663
3107,34.3974,-52.6069,80.9663
3108,34.6974,-52.6069,80.9663
3109,34.9974,-52.6069,80.9663
3110,35.2974,-52.6069,80.9663
3111,35.5974,-52.6069,80.9663
3112,35.8974,-52.6069,80.9663
3113,36.1974,-52.6069,80.9663
3114,36.4974,-52.6069,80.9663
3115,36.7974,-52.6069,80.9663
3116,37.0974,-52.6069,80.9663
3117,37.3974,-52.6069,80.9663
3118,37.6974,-52.6069,80.9663
3119,37.9974,-52.6069,80.9663
3120,38.2974,-52.6069,80.9663
3121,38.5974,-52.6069,80.9663
3122,38.8974,-52.6069,80.9663
3123,39.1974,-52.6069,80.9663
3124,39.4974,-52.6069,80.9663
3125,39.7974,-52.6069,80.9663
3126,40.0974,-52.9069,80.9663
3127,40.3974,-52.9069,80.9663
3128,40.6974,-53.2069,80.9663
3129,40.9974,-53.2069,80.9663
3130,41.2974,-53.5069,80.9663
3131,41.5974,-53.5069,80.9663
3132,41.8974,-53.5069,80.9663
3133,42.1974,-53.8069,80.9663
3134,42.4974,-53.8069,80.9663
3135,42.7974,-54.1069,80.9663
3136,43.0974,-54.1069,80.9663
3137,43.3974,-54.4069,80.9663
3138,43.6974,-54.4069,80.9663
3139,43.9974,-54.7069,80.9663
3140,44.2974,-54.7069,80.9663
3141,44.5974,-55.0069,80.9663
3142,44.8974,-55.0069,80.9663
3143,45.1974,-55.0069,80.9663
3144,45.4974,-55.3069,80.9663
3145,45.7974,-55.3069,80.9663
3146,46.0974,-55.6069,80.9663
3147,46.3974,-55.6069,80.9663
3148,46.6974,-55.9069,80.9663
3149,46.9974,-55.9069,80.9663
3150,47.2974,-56.2069,80.9663
3151,47.5974,-56.2069,80.9663
3152,47.8974,-56.5069,80.9663
3153,48.1974,-56.5069,80.9663
3154,48.4974,-56.5069,80.9663
3155,48.7974,-56.8069,80.9663
3156,49.0974,-56.8069,80.9663
3157,49.3974,-57.1069,80.9663
3158,49.6974,-57.1069,80.9663
3159,49.9974,-57.4069,80.9663
3160,50.2974,-57.4069,80.9663
3161,50.5974,-57.7069,80.9663
3162,50.8974,-57.7069,80.9663
3163,51.1974,-57.7069,80.9663
3164,51.4974,-58.0069,80.9663
3165,51.7974,-58.0069,80.9663
3166,52.0974,-58.0069,80.9663
3167,52.3974,-58.0069,80.9663
3168,52.6974,-58.0069,80.9663
3169,52.9974,-58.0069,80.9663
3170,53.2974,-58.0069,80.9663
3171,53.5974,-58.0069,80.9663
3172,53.8974,-58.0069,80.9663
3173,54.1974,-58.0069,80.9663
3174,54.4974,-58.0069,80.9663
3175,54.7974,-58.0069,80.9663
3176,55.0974,-58.0069,80.9663
3177,55.3974,-58.0069,80.9663
3178,55.6974,-58.0069,80.9663
3179,55.9974,-58.0069,80.9663
3180,56.2974,-58.0069,80.9663
3181,56.5974,-58.0069,80.9663
3182,56.8974,-58.0069,80.9663
3183,57.1974,-58.0069,80.9663
3184,57.4974,-58.3069,80.9663
3185,57.7974,-58.3069,80.9663
3186,58.0974,-58.3069,80.9663
3187,58.3974,-58.6069,80.9663
3188,58.6974,-58.6069,80.9663
3189,58.9974,-58.9069,80.9663
3190,59.2974,-58.9069,80.9663
3191,59.5974,-59.2069,80.9663
3192,59.8974,-59.2069,80.9663
3193,60.1974,-59.5069,80.9663
3194,60.4974,-59.5069,80.9663
3195,60.7974,-59.8069,80.9663
3196,61.0974,-59.8069,80.9663
3197,60.7974,-59.8069,80.9663
3198,60.4974,-59.5069,80.9663
3199,60.1974,-59.5069,80.9663
3200,59.8974,-59.2069,80.9663
3201,59.5974,-59.2069,80.9663
3202,59.2974,-58.9069,80.9663
3203,58.9974,-58.9069,80.9663
3204,58.6974,-58.9069,80.9663
3205,58.3974,-58.9069,80.9663
3206,58.0974,-58.9069,80.9663
3207,57.7974,-58.9069,80.9663
3208,57.4974,-58.9069,80.9663
3209,57.1974,-58.9069,80.9663
3210,56.8974,-58.9069,80.9663
3211,56.5974,-58.9069,80.9663
3212,56.2974,-58.9069,80.9663
3213,55.9974,-58.9069,80.9663
3214,55.6974,-58.9069,80.9663
3215,55.3974,-58.6069,80.9663
3216,55.0974,-58.6069,80.9663
3217,54.7974,-58.3069,80.9663
3218,54.4974,-58.3069,80.9663
3219,54.1974,-58.3069,80.9663
3220,53.8974,-58.3069,80.9663
3221,53.5974,-58.3069,80.9663
3222,53.2974,-58.3069,80.9663
3223,52.9974,-58.3069,80.9663
3224,52.6974,-58.3069,80.9663
3225,52.3974,-58.3069,80.9663
3226,52.0974,-58.3069,80.9663
3227,51.7974,-58.0069,80.9663
3228,51.4974,-58.0069,80.9663
3229,51.1974,-57.7069,80.9663
3230,50.8974,-57.7069,80.9663
3231,50.5974,-57.7069,80.9663
3232,50.2974,-57.7069,80.9663
3233,49.9974,-57.7069,80.9663
3234,49.6974,-57.7069,80.9663
3235,49.3974,-57.7069,80.9663
3236,49.0974,-57.7069,80.9663
3237,48.7974,-57.7069,80.9663
3238,48.4974,-57.4069,80.9663
3239,48.1974,-57.4069,80.9663
3240,47.8974,-57.1069,80.9663
3241,47.5974,-57.1069,80.9663
3242,47.2974,-57.1069,80.9663
3243,46.9974,-57.1069,80.9663
3244,46.6974,-57.1069,80.9663
3245,46.3974,-57.1069,80.9663
3246,46.0974,-57.1069,80.9663
3247,45.7974,-57.1069,80.9663
3248,45.4974,-57.1069,80.9663
3249,45.1974,-57.1069,80.9663
3250,44.8974,-57.1069,80.9663
3251,44.5974,-57.1069,80.9663
3252,44.2974,-57.1069,80.9663
3253,43.9974,-56.8069,80.9663
3254,43.6974,-56.8069,80.9663
3255,43.3974,-56.5069,80.9663
3256,43.0974,-56.5069,80.9663
3257,42.7974,-56.2069,80.9663
3258,42.4974,-56.2069,80.9663
3259,42.1974,-56.2069,80.9663
3260,41.8974,-56.2069,80.9663
3261,41.5974,-56.2069,80.9663
3262,41.2974,-56.2069,80.9663
3263,40.9974,-56.2069,80.9663
3264,40.6974,-56.2069,80.9663
3265,40.3974,-56.2069,80.9663
3266,40.0974,-56.2069,80.9663
3267,39.7974,-55.9069,80.9663
3268,39.4974,-55.9069,80.9663
3269,39.1974,-55.6069,80.9663
3270,38.8974,-55.6069,80.9663
3271,38.5974,-55.6069,80.9663
3272,38.2974,-55.6069,80.9663
3273,37.9974,-55.6069,80.9663
3274,37.6974,-55.6069,80.9663
3275,37.3974,-55.6069,80.9663
3276,37.0974,-55.6069,80.9663
3277,36.7974,-55.6069,80.9663
3278,36.4974,-55.6069,80.9663
3279,36.1974,-55.3069,80.9663
3280,35.8974,-55.3069,80.9663
3281,35.5974,-55.3069,80.9663
3282,35.2974,-55.0069,80.9663
3283,34.9974,-55.0069,80.9663
3284,34.6974,-55.0069,80.9663
3285,34.3974,-55.0069,80.9663
3286,34.0974,-55.0069,80.9663
3287,33.7974,-55.0069,80.9663
3288,33.4974,-55.0069,80.9663
3289,33.1974,-55.0069,80.9663
3290,32.8974,-55.0069,80.9663
3291,32.5974,-55.0069,80.9663
3292,32.2974,-55.0069,80.9663
3293,31.9974,-55.0069,80.9663
3294,31.6974,-54.7069,80.9663
3295,31.9974,-54.7069,80.9663
3296,32.2974,-54.7069,80.9663
3297,32.5974,-54.7069,80.9663
3298,32.8974,-54.7069,80.9663
3299,33.1974,-54.7069,80.9663
3300,33.4974,-54.7069,80.9663
3301,33.7974,-54.7069,80.9663
3302,34.0974,-54.7069,80.9663
3303,34.3974,-54.7069,80.9663
3304,34.6974,-54.7069,80.9663
3305,34.9974,-54.7069,80.9663
3306,35.2974,-54.7069,80.9663
3307,35.5974,-55.0069,80.9663
3308,35.8974,-55.0069,80.9663
3309,36.1974,-55.3069,80.9663
3310,36.4974,-55.3069,80.9663
3311,36.7974,-55.3069,80.9663
3312,37.0974,-55.3069,80.9663
3313,37.3974,-55.3069,80.9663
3314,37.6974,-55.3069,80.9663
3315,37.9974,-55.3069,80.9663
3316,38.2974,-55.3069,80.9663
3317,38.5974,-55.3069,80.9663
3318,38.8974,-55.3069,80.9663
3319,39.1974,-55.3069,80.9663
3320,39.4974,-55.3069,80.9663
3321,39.7974,-55.3069,80.9663
3322,40.0974,-55.3069,80.9663
3323,40.3974,-55.3069,80.9663
3324,40.6974,-55.3069,80.9663
3325,40.9974,-55.3069,80.9663
3326,41.2974,-55.3069,80.9663
3327,41.5974,-55.3069,80.9663
3328,41.8974,-55.3069,80.9663
3329,42.1974,-55.3069,80.9663
3330,42.4974,-55.3069,80.9663
3331,42.7974,-55.3069,80.9663
3332,43.0974,-55.3069,80.9663
3333,43.3974,-55.3069,80.9663
3334,43.6974,-55.3069,80.9663
3335,43.9974,-55.3069,80.9663
3336,44.2974,-55.3069,80.9663
3337,44.5974,-55.3069,80.9663
3338,44.8974,-55.3069,80.9663
3339,45.1974,-55.3069,80.9663
3340,45.4974,-55.6069,80.9663
3341,45.7974,-55.6069,80.9663
3342,46.0974,-55.6069,80.9663
3343,46.3974,-55.9069,80.9663
3344,46.6974,-56.2069,80.9663
3345,46.9974,-56.2069,80.9663
3346,47.2974,-56.2069,80.9663
3347,47.5974,-56.5069,80.9663
3348,47.8974,-56.5069,80.9663
3349,48.1974,-56.8069,80.9663
3350,48.4974,-56.8069,80.9663
3351,48.7974,-57.1069,80.9663
3352,49.0974,-57.1069,80.9663
3353,49.3974,-57.4069,80.9663
3354,49.6974,-57.4069,80.9663
3355,49.9974,-57.7069,80.9663
3356,50.2974,-57.7069,80.9663
3357,49.9974,-57.7069,80.9663
3358,49.6974,-57.7069,80.9663
3359,49.3974,-57.7069,80.9663
3360,49.0974,-57.7069,80.9663
3361,48.7974,-57.7069,80.9663
3362,48.4974,-57.4069,80.9663
3363,48.1974,-57.4069,80.9663
3364,47.8974,-57.1069,80.9663
3365,47.5974,-57.1069,80.9663
3366,47.2974,-57.1069,80.9663
3367,46.9974,-57.1069,80.9663
3368,46.6974,-57.1069,80.9663
3369,46.3974,-57.1069,80.9663
3370,46.0974,-57.1069,80.9663
3371,45.7974,-57.1069,80.9663
3372,45.4974,-56.8069,80.9663
3373,45.1974,-56.8069,80.9663
3374,44.8974,-56.8069,80.9663
3375,44.5974,-56.8069,80.9663
3376,44.2974,-56.8069,80.9663
3377,43.9974,-56.8069,80.9663
3378,43.6974,-56.8069,80.9663
3379,43.3974,-56.5069,80.9663
3380,43.6974,-56.5069,80.9663
3381,43.9974,-56.5069,80.9663
3382,44.2974,-56.5069,80.9663
3383,44.5974,-56.5069,80.9663
3384,44.8974,-56.5069,80.9663
3385,45.1974,-56.5069,80.9663
3386,45.4974,-56.5069,80.9663
3387,45.7974,-56.5069,80.9663
3388,46.0974,-56.5069,80.9663
3389,46.3974,-56.5069,80.9663
3390,46.6974,-56.5069,80.9663
3391,46.9974,-56.5069,80.9663
3392,47.2974,-56.5069,80.9663
3393,47.5974,-56.5069,80.9663
3394,47.8974,-56.5069,80.9663
3395,48.1974,-56.5069,80.9663
3396,48.4974,-56.5069,80.9663
3397,48.7974,-56.5069,80.9663
3398,49.0974,-56.5069,80.9663
3399,49.3974,-56.5069,80.9663
3400,49.6974,-56.5069,80.9663
3401,49.9974,-56.5069,80.9663
3402,50.2974,-56.5069,80.9663
3403,50.5974,-56.5069,80.9663
3404,50.8974,-56.5069,80.9663
3405,51.1974,-56.5069,80.9663
3406,51.4974,-56.5069,80.9663
3407,51.7974,-56.5069,80.9663
3408,52.0974,-56.5069,80.9663
3409,52.3974,-56.5069,80.9663
3410,52.6974,-56.5069,80.9663
3411,52.9974,-56.5069,80.9663
3412,53.2974,-56.5069,80.9663
3413,53.5974,-56.5069,80.9663
3414,53.8974,-56.5069,80.9663
3415,54.1974,-56.5069,80.9663
3416,54.4974,-56.5069,80.9663
3417,54.7974,-56.5069,80.9663
3418,55.0974,-56.5069,80.9663
3419,55.3974,-56.5069,80.9663
3420,55.6974,-56.5069,80.9663
3421,55.9974,-56.8069,80.9663
3422,56.2974,-56.8069,80.9663
3423,56.5974,-57.1069,80.9663
3424,56.8974,-57.1069,80.9663
3425,57.1974,-57.1069,80.9663
3426,57.4974,-57.4069,80.9663
3427,57.7974,-57.4069,80.9663
3428,58.0974,-57.7069,80.9663
3429,58.3974,-57.7069,80.9663
3430,58.6974,-58.0069,80.9663
3431,58.9974,-58.0069,80.9663
3432,59.2974,-58.3069,80.9663
3433,59.5974,-58.3069,80.9663
3434,59.8974,-58.6069,80.9663
3435,60.1974,-58.6069,80.9663
3436,60.4974,-58.6069,80.9663
3437,60.7974,-58.9069,80.9663
3438,61.0974,-58.9069,80.9663
3439,61.3974,-59.2069,80.9663
3440,61.6974,-59.2069,80.9663
3441,61.9974,-59.5069,80.9663
3442,62.2974,-59.5069,80.9663
3443,62.5974,-59.8069,80.9663
3444,62.8974,-59.8069,80.9663
3445,63.1974,-59.8069,80.9663
3446,63.4974,-60.1069,80.9663
3447,63.7974,-60.1069,80.9663
3448,64.0974,-60.1069,80.9663
3449,64.3974,-60.1069,80.9663
3450,64.6974,-60.1069,80.9663
3451,64.9974,-60.1069,80.9663
3452,65.2974,-60.1069,80.9663
3453,65.5974,-60.4069,80.9663
3454,65.8974,-60.4069,80.9663
3455,66.1974,-60.4069,80.9663
3456,66.4974,-60.4069,80.9663
3457,66.7974,-60.7069,80.9663
3458,67.0974,-60.7069,80.9663
3459,67.3974,-61.0069,80.9663
3460,67.6974,-61.0069,80.9663
3461,67.9974,-61.3069,80.9663
3462,68.2974,-61.3069,80.9663
3463,68.5974,-61.6069,80.9663
3464,68.8974,-61.6069,80.9663
3465,69.1974,-61.9069,80.9663
3466,69.4974,-61.9069,80.9663
3467,69.7974,-62.2069,80.9663
3468,69.7974,-62.2069,81.2663
3469,70.0974,-62.2069,81.5663
3470,70.3974,-62.5069,81.8663
3471,70.6974,-62.8069,82.1663
3472,70.9974,-63.1069,82.4663
3473,71.2974,-63.4069,82.7663
3474,71.5974,-63.7069,83.0663
3475,71.8974,-64.0069,83.3663
3476,72.1974,-64.3069,83.6663
3477,72.4974,-64.6069,83.9663
3478,72.4974,-64.9069,83.9663
3479,72.7974,-65.2069,84.2663
3480,72.7974,-65.5069,84.2663
3481,73.0974,-65.8069,84.5663
3482,73.0974,-66.1069,84.5663
3483,73.0974,-66.4069,84.5663
3484,73.0974,-66.7069,84.5663
3485,73.0974,-67.0069,84.5663
3486,73.0974,-67.3069,84.5663
3487,73.0974,-67.6069,84.5663
3488,73.0974,-67.9069,84.5663
3489,73.0974,-68.2069,84.5663
3490,72.7974,-68.5069,84.2663
3491,72.7974,-68.8069,84.2663
3492,72.7974,-69.1069,84.2663
3493,72.4974,-69.4069,83.9663
3494,72.1974,-69.7069,83.9663
3495,71.8974,-70.0069,83.9663
3496,71.5974,-70.3069,83.6663
3497,71.2974,-70.6069,83.3663
3498,70.9974,-70.9069,83.0663
3499,70.6974,-70.9069,83.0663
3500,70.3974,-71.2069,82.7663
3501,70.0974,-71.2069,82.7663
3502,69.7974,-71.5069,82.4663
3503,69.4974,-71.8069,82.1663
3504,69.1974,-71.8069,82.1663
3505,68.8974,-72.1069,81.8663
3506,68.5974,-72.1069,81.8663
3507,68.2974,-72.4069,81.5663
3508,67.9974,-72.4069,81.5663
3509,67.6974,-72.4069,81.5663
3510,67.3974,-72.4069,81.5663
3511,67.0974,-72.4069,81.5663
3512,66.7974,-72.4069,81.2663
3513,66.4974,-72.4069,81.2663
3514,66.1974,-72.4069,81.2663
3515,65.8974,-72.1069,80.9663
3516,66.1974,-72.4069,81.2663
3517,66.4974,-72.4069,81.2663
3518,66.7974,-72.4069,81.2663
3519,67.0974,-72.4069,81.2663
3520,67.3974,-72.4069,81.2663
3521,67.6974,-72.4069,81.2663
3522,67.9974,-72.4069,81.2663
3523,68.2974,-72.4069,81.2663
3524,68.5974,-72.1069,81.5663
3525,68.8974,-72.1069,81.5663
3526,69.1974,-71.8069,81.8663
3527,69.4974,-71.8069,81.8663
3528,69.7974,-71.5069,82.1663
3529,70.0974,-71.2069,82.4663
3530,70.3974,-71.2069,82.7663
3531,70.6974,-70.9069,83.0663
3532,70.9974,-70.9069,83.0663
3533,71.2974,-70.6069,83.3663
3534,71.5974,-70.3069,83.6663
3535,71.8974,-70.0069,83.9663
3536,72.1974,-69.7069,83.9663
3537,72.4974,-69.4069,84.2663
3538,72.4974,-69.1069,84.2663
3539,72.7974,-68.8069,84.5663
3540,72.7974,-68.5069,84.5663
3541,72.7974,-68.2069,84.5663
3542,73.0974,-67.9069,84.5663
3543,73.0974,-67.6069,84.5663
3544,73.0974,-67.3069,84.5663
3545,73.0974,-67.0069,84.5663
3546,73.0974,-66.7069,84.5663
3547,73.0974,-66.4069,84.5663
3548,73.0974,-66.1069,84.5663
3549,73.0974,-65.8069,84.5663
3550,72.7974,-65.5069,84.2663
3551,72.7974,-65.2069,84.2663
3552,72.4974,-64.9069,83.9663
3553,72.4974,-64.6069,83.6663
3554,72.1974,-64.3069,83.3663
3555,72.1974,-64.0069,83.0663
3556,71.8974,-63.7069,82.7663
3557,71.5974,-63.4069,82.4663
3558,71.2974,-63.4069,82.1663
3559,70.9974,-63.1069,81.8663
3560,70.9974,-63.1069,81.5663
3561,70.6974,-62.8069,81.2663
3562,70.6974,-62.8069,80.9663
3563,74.3669,-62.2331,81.1000
3564,73.9974,-62.2069,80.9663
3565,73.6974,-62.2069,80.9663
3566,73.3974,-62.2069,80.9663
3567,73.0974,-62.2069,80.9663
3568,72.7974,-62.2069,80.9663
3569,72.4974,-62.2069,80.9663
3570,72.1974,-61.9069,80.9663
3571,71.8974,-61.6069,80.9663
3572,71.5974,-61.6069,80.9663
3573,71.2974,-61.6069,80.9663
3574,70.9974,-61.6069,80.9663
3575,70.6974,-61.6069,80.9663
3576,70.3974,-61.6069,80.9663
3577,70.0974,-61.6069,80.9663
3578,69.7974,-61.6069,80.9663
3579,69.4974,-61.3069,80.9663
3580,69.1974,-61.3069,80.9663
3581,68.8974,-61.3069,80.9663
3582,68.5974,-61.3069,80.9663
3583,68.2974,-61.3069,80.9663
3584,67.9974,-61.3069,80.9663
3585,67.6974,-61.0069,80.9663
3586,67.3974,-61.0069,80.9663
3587,67.0974,-60.7069,80.9663
3588,66.7974,-60.7069,80.9663
3589,66.4974,-60.4069,80.9663
3590,66.1974,-60.4069,80.9663
3591,65.8974,-60.4069,80.9663
3592,65.5974,-60.4069,80.9663
3593,65.2974,-60.4069,80.9663
3594,64.9974,-60.4069,80.9663
3595,64.6974,-60.4069,80.9663
3596,64.3974,-60.4069,80.9663
3597,64.0974,-60.4069,80.9663
3598,63.7974,-60.1069,80.9663
3599,63.4974,-60.1069,80.9663
3600,63.1974,-59.8069,80.9663
3601,62.8974,-59.8069,80.9663
3602,62.5974,-59.8069,80.9663
3603,62.2974,-59.8069,80.9663
3604,61.9974,-59.8069,80.9663
3605,61.6974,-59.8069,80.9663
3606,61.3974,-59.8069,80.9663
3607,61.0974,-59.8069,80.9663
3608,60.7974,-59.8069,80.9663
3609,60.4974,-59.5069,80.9663
3610,60.1974,-59.5069,80.9663
3611,59.8974,-59.2069,80.9663
3612,59.5974,-59.2069,80.9663
3613,59.2974,-58.9069,80.9663
3614,58.9974,-58.9069,80.9663
3615,58.6974,-58.9069,80.9663
3616,58.3974,-58.9069,80.9663
3617,58.0974,-58.9069,80.9663
3618,57.7974,-58.9069,80.9663
3619,57.4974,-58.9069,80.9663
3620,57.1974,-58.9069,80.9663
3621,56.8974,-58.9069,80.9663
3622,56.5974,-58.9069,80.9663
3623,56.2974,-58.9069,80.9663
3624,55.9974,-58.9069,80.9663
3625,55.6974,-58.9069,80.9663
3626,55.3974,-58.6069,80.9663
3627,55.0974,-58.6069,80.9663
3628,54.7974,-58.3069,80.9663
3629,54.4974,-58.3069,80.9663
3630,54.1974,-58.3069,80.9663
3631,53.8974,-58.3069,80.9663
3632,53.5974,-58.3069,80.9663
3633,53.2974,-58.3069,80.9663
3634,52.9974,-58.3069,80.9663
3635,52.6974,-58.3069,80.9663
3636,52.3974,-58.3069,80.9663
3637,52.0974,-58.3069,80.9663
3638,51.7974,-58.0069,80.9663
3639,51.4974,-58.0069,80.9663
3640,51.1974,-57.7069,80.9663
3641,50.8974,-57.7069,80.9663
3642,50.5974,-57.7069,80.9663
3643,50.2974,-57.7069,80.9663
3644,49.9974,-57.7069,80.9663
3645,49.6974,-57.7069,80.9663
3646,49.3974,-57.7069,80.9663
3647,49.0974,-57.7069,80.9663
3648,48.7974,-57.7069,80.9663
3649,48.4974,-57.4069,80.9663
3650,48.1974,-57.4069,80.9663
3651,47.8974,-57.1069,80.9663
3652,47.5974,-57.1069,80.9663
3653,47.2974,-57.1069,80.9663
3654,46.9974,-57.1069,80.9663
3655,46.6974,-57.1069,80.9663
3656,46.3974,-57.1069,80.9663
3657,46.0974,-57.1069,80.9663
3658,45.7974,-57.1069,80.9663
3659,45.4974,-57.1069,80.9663
3660,45.1974,-57.1069,80.9663
3661,44.8974,-57.1069,80.9663
3662,44.5974,-57.1069,80.9663
3663,44.2974,-57.1069,80.9663
3664,43.9974,-56.8069,80.9663
3665,43.6974,-56.8069,80.9663
3666,43.3974,-56.5069,80.9663
3667,43.0974,-56.5069,80.9663
3668,42.7974,-56.2069,80.9663
3669,42.4974,-56.2069,80.9663
3670,42.1974,-56.2069,80.9663
3671,41.8974,-56.2069,80.9663
3672,41.5974,-56.2069,80.9663
3673,41.2974,-56.2069,80.9663
3674,40.9974,-56.2069,80.9663
3675,40.6974,-56.2069,80.9663
3676,40.3974,-56.2069,80.9663
3677,40.0974,-56.2069,80.9663
3678,39.7974,-55.9069,80.9663
3679,39.4974,-55.6069,80.9663
3680,39.1974,-55.3069,80.9663
3681,38.8974,-55.0069,80.9663
3682,38.5974,-55.0069,80.9663
3683,38.2974,-55.0069,80.9663
3684,37.9974,-55.0069,80.9663
3685,37.6974,-55.0069,80.9663
3686,37.3974,-55.0069,80.9663
3687,37.0974,-55.0069,80.9663
3688,36.7974,-55.0069,80.9663
3689,36.4974,-55.0069,80.9663
3690,36.1974,-55.0069,80.9663
3691,35.8974,-55.0069,80.9663
3692,35.5974,-55.0069,80.9663
3693,35.2974,-55.0069,80.9663
3694,34.9974,-55.0069,80.9663
3695,34.6974,-55.0069,80.9663
3696,34.3974,-55.0069,80.9663
3697,34.0974,-55.0069,80.9663
3698,33.7974,-55.0069,80.9663
3699,33.4974,-55.0069,80.9663
3700,33.1974,-55.0069,80.9663
3701,32.8974,-55.0069,80.9663
3702,32.5974,-55.0069,80.9663
3703,32.2974,-55.0069,80.9663
3704,31.9974,-55.0069,80.9663
3705,31.6974,-54.7069,80.9663
3706,31.3974,-54.7069,80.9663
3707,31.0974,-54.4069,80.9663
3708,30.7974,-54.4069,80.9663
3709,30.4974,-54.4069,80.9663
3710,30.1974,-54.4069,80.9663
3711,29.8974,-54.4069,80.9663
3712,29.5974,-54.4069,80.9663
3713,29.2974,-54.4069,80.9663
3714,28.9974,-54.4069,80.9663
3715,28.6974,-54.4069,80.9663
3716,28.3974,-54.4069,80.9663
3717,28.0974,-54.1069,80.9663
3718,27.7974,-53.8069,80.9663
3719,27.4974,-53.8069,80.9663
3720,27.1974,-53.8069,80.9663
3721,26.8974,-53.8069,80.9663
3722,26.5974,-53.8069,80.9663
3723,26.2974,-53.8069,80.9663
3724,25.9974,-53.8069,80.9663
3725,25.6974,-53.5069,80.9663
3726,25.3974,-53.2069,80.9663
3727,25.0974,-53.2069,80.9663
3728,24.7974,-52.9069,80.9663
3729,24.4974,-52.9069,80.9663
3730,24.1974,-52.6069,80.9663
3731,23.8974,-52.6069,80.9663
3732,23.5974,-52.6069,80.9663
3733,23.2974,-52.6069,80.9663
3734,22.9974,-52.6069,80.9663
3735,22.6974,-52.6069,80.9663
3736,22.3974,-52.6069,80.9663
3737,22.0974,-52.6069,80.9663
3738,21.7974,-52.6069,80.9663
3739,21.4974,-52.6069,80.9663
3740,21.1974,-52.6069,80.9663
3741,20.8974,-52.6069,80.9663
3742,20.5974,-52.6069,80.9663
3743,20.2974,-52.6069,80.9663
3744,19.9974,-52.6069,80.9663
3745,19.6974,-52.6069,80.9663
3746,19.3974,-52.6069,80.9663
3747,19.0974,-52.6069,80.9663
3748,18.7974,-52.6069,80.9663
3749,18.4974,-52.6069,80.9663
3750,18.1974,-52.6069,80.9663
3751,17.8974,-52.6069,80.9663
3752,17.5974,-52.6069,80.9663
3753,17.2974,-52.6069,80.9663
3754,16.9974,-52.6069,80.9663
3755,16.6974,-52.6069,80.9663
3756,16.3974,-52.6069,80.9663
3757,16.0974,-52.6069,80.9663
3758,15.7974,-52.6069,80.9663
3759,15.4974,-52.6069,80.9663
3760,15.1974,-52.6069,80.9663
3761,14.8974,-52.6069,80.9663
3762,14.5974,-52.6069,80.9663
3763,14.2974,-52.6069,80.9663
3764,13.9974,-52.6069,80.9663
3765,13.6974,-52.6069,80.9663
3766,13.3974,-52.6069,80.9663
3767,13.0974,-52.6069,80.9663
3768,12.7974,-52.6069,80.9663
3769,12.4974,-52.6069,80.9663
3770,12.1974,-52.6069,80.9663
3771,11.8974,-52.6069,80.9663
3772,11.5974,-52.6069,80.9663
3773,11.2974,-52.6069,80.9663
3774,10.9974,-52.6069,80.9663
3775,10.6974,-52.6069,80.9663
3776,10.3974,-52.6069,80.9663
3777,10.0974,-52.6069,80.9663
3778,9.7974,-52.6069,80.9663
3779,9.4974,-52.6069,80.9663
3780,9.1974,-52.6069,80.9663
3781,8.8974,-52.6069,80.9663
3782,8.5974,-52.6069,80.9663
3783,8.2974,-52.6069,80.9663
3784,7.9974,-52.6069,80.9663
3785,7.6974,-52.6069,80.9663
3786,7.3974,-52.6069,80.9663
3787,7.0974,-52.6069,80.9663
3788,6.7974,-52.6069,80.9663
3789,6.4974,-52.6069,80.9663
3790,6.1974,-52.6069,80.9663
3791,5.8974,-52.6069,80.9663
3792,5.5974,-52.6069,80.9663
3793,5.2974,-52.6069,80.9663
3794,4.9974,-52.6069,80.9663
3795,4.6974,-52.6069,80.9663
3796,4.3974,-52.6069,80.9663
3797,4.0974,-52.6069,80.9663
3798,3.7974,-52.6069,80.9663
3799,3.4974,-52.6069,80.9663
3800,3.1974,-52.6069,80.9663
3801,2.8974,-52.6069,80.9663
3802,2.5974,-52.6069,80.9663
3803,2.2974,-52.6069,80.9663
3804,1.9974,-52.6069,80.9663
3805,1.6974,-52.3069,80.9663
3806,1.3974,-52.0069,80.9663
3807,1.0974,-51.7069,80.9663
3808,0.7974,-51.4069,80.9663
3809,0.4974,-51.1069,80.9663
3810,0.1974,-50.8069,80.9663
3811,-0.1026,-50.5069,80.9663
3812,-0.4026,-50.2069,80.9663
3813,-0.7026,-49.9069,80.9663
3814,-1.0026,-49.6069,80.9663
3815,-1.3026,-49.3069,80.9663
3816,-1.6026,-49.0069,80.9663
3817,-1.9026,-48.7069,80.9663
3818,-2.2026,-48.4069,80.9663
3819,-2.5026,-48.1069,80.9663
3820,-2.8026,-47.8069,80.9663
3821,-3.1026,-47.5069,80.9663
3822,-3.4026,-47.2069,80.9663
3823,-3.7026,-46.9069,80.9663
3824,-4.0026,-46.6069,80.9663
3825,-4.3026,-46.3069,80.9663
3826,-4.6026,-46.0069,80.9663
3827,-4.9026,-46.0069,80.9663
3828,-5.2026,-46.0069,80.9663
3829,-5.5026,-46.0069,80.9663
3830,-5.8026,-46.0069,80.9663
3831,-6.1026,-46.0069,80.9663
3832,-6.4026,-46.0069,80.9663
3833,-6.7026,-46.0069,80.9663
3834,-7.0026,-46.0069,80.9663
3835,-7.3026,-46.0069,80.9663
3836,-7.6026,-46.0069,80.9663
3837,-7.9026,-46.0069,80.9663
3838,-8.2026,-46.0069,80.9663
3839,-8.5026,-46.0069,80.9663
3840,-8.8026,-46.0069,80.9663
3841,-9.1026,-46.0069,80.9663
3842,-9.4026,-46.0069,80.9663
3843,-9.7026,-46.0069,80.9663
3844,-10.0026,-46.0069,80.9663
3845,-10.3026,-46.0069,80.9663
3846,-10.6026,-46.0069,80.9663
3847,-10.9026,-46.0069,80.9663
3848,-11.2026,-46.0069,80.9663
3849,-11.5026,-46.0069,80.9663
3850,-11.8026,-46.0069,80.9663
3851,-12.1026,-46.0069,80.9663
3852,-12.4026,-46.0069,80.9663
3853,-12.7026,-46.0069,80.9663
3854,-13.0026,-46.0069,80.9663
3855,-13.3026,-46.0069,80.9663
3856,-13.6026,-46.0069,80.9663
3857,-13.9026,-46.0069,80.9663
3858,-14.2026,-46.0069,80.9663
3859,-14.5026,-46.0069,80.9663
3860,-14.8026,-46.0069,80.9663
3861,-15.1026,-46.0069,80.9663
3862,-15.4026,-46.0069,80.9663
3863,-15.7026,-46.0069,80.9663
3864,-16.0026,-46.0069,80.9663
3865,-16.3026,-46.0069,80.9663
3866,-16.6026,-46.0069,80.9663
3867,-16.9026,-46.0069,80.9663
3868,-17.2026,-46.0069,80.9663
3869,-17.5026,-46.0069,80.9663
3870,-17.8026,-46.0069,80.9663
3871,-18.1026,-46.0069,80.9663
3872,-18.4026,-46.0069,80.9663
3873,-18.7026,-46.0069,80.9663
3874,-19.0026,-46.0069,80.9663
3875,-19.3026,-46.0069,80.9663
3876,-19.6026,-46.0069,80.9663
3877,-19.9026,-46.0069,80.9663
3878,-20.2026,-46.0069,80.9663
3879,-20.5026,-46.0069,80.9663
3880,-20.8026,-46.0069,80.9663
3881,-21.1026,-46.0069,80.9663
3882,-21.4026,-46.0069,80.9663
3883,-21.7026,-46.0069,80.9663
3884,-22.0026,-46.0069,80.9663
3885,-22.3026,-46.0069,80.9663
3886,-22.6026,-46.0069,80.9663
3887,-22.9026,-46.0069,80.9663
3888,-23.2026,-46.0069,80.9663
3889,-23.5026,-46.0069,80.9663
3890,-23.8026,-46.0069,80.9663
3891,-24.1026,-46.0069,80.9663
3892,-24.4026,-46.0069,80.9663
3893,64.9824,-60.4978,81.1000
3894,65.2974,-60.4069,80.9663
3895,65.5974,-60.4069,80.9663
3896,65.8974,-60.4069,80.9663
3897,66.1974,-60.4069,80.9663
3898,66.4974,-60.4069,80.9663
3899,66.7974,-60.7069,80.9663
3900,67.0974,-60.7069,80.9663
3901,66.7974,-60.7069,80.9663
3902,66.4974,-60.4069,80.9663
3903,66.1974,-60.4069,80.9663
3904,65.8974,-60.4069,80.9663
3905,65.5974,-60.1069,80.9663
3906,65.2974,-59.8069,80.9663
3907,64.9974,-59.8069,80.9663
3908,64.6974,-59.8069,80.9663
3909,64.3974,-59.8069,80.9663
3910,64.0974,-59.8069,80.9663
3911,63.7974,-59.8069,80.9663
3912,63.4974,-59.8069,80.9663
3913,63.1974,-59.8069,80.9663
3914,62.8974,-59.8069,80.9663
3915,62.5974,-59.8069,80.9663
3916,62.2974,-59.8069,80.9663
3917,61.9974,-59.8069,80.9663
3918,61.6974,-59.8069,80.9663
3919,61.3974,-59.8069,80.9663
3920,61.0974,-59.8069,80.9663
3921,60.7974,-59.8069,80.9663
3922,60.4974,-59.5069,80.9663
3923,60.1974,-59.5069,80.9663
3924,59.8974,-59.2069,80.9663
3925,59.5974,-59.2069,80.9663
3926,59.2974,-58.9069,80.9663
3927,58.9974,-58.9069,80.9663
3928,58.6974,-58.9069,80.9663
3929,58.3974,-58.9069,80.9663
3930,58.0974,-58.9069,80.9663
3931,57.7974,-58.9069,80.9663
3932,57.4974,-58.9069,80.9663
3933,57.1974,-58.9069,80.9663
3934,56.8974,-58.9069,80.9663
3935,56.5974,-58.9069,80.9663
3936,56.2974,-58.9069,80.9663
3937,55.9974,-58.9069,80.9663
3938,55.6974,-58.9069,80.9663
3939,55.3974,-58.6069,80.9663
3940,55.0974,-58.6069,80.9663
3941,54.7974,-58.3069,80.9663
3942,54.4974,-58.3069,80.9663
3943,54.1974,-58.3069,80.9663
3944,53.8974,-58.3069,80.9663
3945,53.5974,-58.0069,80.9663
3946,53.2974,-57.7069,80.9663
3947,52.9974,-57.7069,80.9663
3948,52.6974,-57.7069,80.9663
3949,52.3974,-57.7069,80.9663
3950,52.0974,-57.7069,80.9663
3951,51.7974,-57.7069,80.9663
3952,51.4974,-57.7069,80.9663
3953,51.1974,-57.7069,80.9663
3954,50.8974,-57.7069,80.9663
3955,50.5974,-57.7069,80.9663
3956,50.2974,-57.7069,80.9663
3957,49.9974,-57.7069,80.9663
3958,49.6974,-57.7069,80.9663
3959,49.3974,-57.7069,80.9663
3960,49.0974,-57.7069,80.9663
3961,48.7974,-57.7069,80.9663
3962,48.4974,-57.4069,80.9663
3963,48.1974,-57.4069,80.9663
3964,47.8974,-57.1069,80.9663
3965,47.5974,-57.1069,80.9663
3966,47.2974,-57.1069,80.9663
3967,46.9974,-57.1069,80.9663
3968,46.6974,-57.1069,80.9663
3969,46.3974,-57.1069,80.9663
3970,46.0974,-57.1069,80.9663
3971,45.7974,-57.1069,80.9663
3972,45.4974,-57.1069,80.9663
3973,45.1974,-57.1069,80.9663
3974,44.8974,-57.1069,80.9663
3975,44.5974,-57.1069,80.9663
3976,44.2974,-57.1069,80.9663
3977,43.9974,-56.8069,80.9663
3978,43.6974,-56.8069,80.9663
3979,43.3974,-56.5069,80.9663
3980,43.0974,-56.5069,80.9663
3981,42.7974,-56.2069,80.9663
3982,42.4974,-56.2069,80.9663
3983,42.1974,-56.2069,80.9663
3984,41.8974,-56.2069,80.9663
3985,41.5974,-56.2069,80.9663
3986,41.2974,-56.2069,80.9663
3987,40.9974,-56.2069,80.9663
3988,40.6974,-56.2069,80.9663
3989,40.3974,-56.2069,80.9663
3990,40.0974,-56.2069,80.9663
3991,39.7974,-55.9069,80.9663
3992,39.4974,-55.9069,80.9663
3993,39.1974,-55.6069,80.9663
3994,38.8974,-55.6069,80.9663
3995,38.5974,-55.6069,80.9663
3996,38.2974,-55.6069,80.9663
3997,37.9974,-55.6069,80.9663
3998,37.6974,-55.6069,80.9663
3999,37.3974,-55.6069,80.9663
4000,37.0974,-55.6069,80.9663
4001,36.7974,-55.6069,80.9663
4002,36.4974,-55.6069,80.9663
4003,36.1974,-55.3069,80.9663
4004,35.8974,-55.3069,80.9663
4005,35.5974,-55.3069,80.9663
4006,35.2974,-55.0069,80.9663
4007,34.9974,-55.0069,80.9663
4008,34.6974,-55.0069,80.9663
4009,34.3974,-55.0069,80.9663
4010,34.0974,-55.0069,80.9663
4011,33.7974,-55.0069,80.9663
4012,33.4974,-55.0069,80.9663
4013,33.1974,-55.0069,80.9663
4014,32.8974,-55.0069,80.9663
4015,32.5974,-55.0069,80.9663
4016,32.2974,-55.0069,80.9663
4017,31.9974,-55.0069,80.9663
4018,31.6974,-54.7069,80.9663
4019,31.3974,-54.7069,80.9663
4020,31.0974,-54.4069,80.9663
4021,30.7974,-54.4069,80.9663
4022,30.4974,-54.4069,80.9663
4023,30.1974,-54.4069,80.9663
4024,29.8974,-54.4069,80.9663
4025,29.5974,-54.4069,80.9663
4026,29.2974,-54.4069,80.9663
4027,28.9974,-54.4069,80.9663
4028,28.6974,-54.4069,80.9663
4029,28.3974,-54.4069,80.9663
4030,28.0974,-54.1069,80.9663
4031,27.7974,-54.1069,80.9663
4032,27.4974,-53.8069,80.9663
4033,27.1974,-53.8069,80.9663
4034,26.8974,-53.8069,80.9663
4035,26.5974,-53.8069,80.9663
4036,26.2974,-53.5069,80.9663
4037,25.9974,-53.5069,80.9663
4038,25.6974,-53.2069,80.9663
4039,25.3974,-53.2069,80.9663
4040,25.0974,-53.2069,80.9663
4041,24.7974,-52.9069,80.9663
4042,24.4974,-52.9069,80.9663
4043,24.1974,-52.6069,80.9663
4044,23.8974,-52.6069,80.9663
4045,23.5974,-52.6069,80.9663
4046,23.2974,-52.6069,80.9663
4047,22.9974,-52.6069,80.9663
4048,22.6974,-52.6069,80.9663
4049,22.3974,-52.6069,80.9663
4050,22.0974,-52.6069,80.9663
4051,21.7974,-52.6069,80.9663
4052,21.4974,-52.6069,80.9663
4053,21.1974,-52.6069,80.9663
4054,20.8974,-52.6069,80.9663
4055,20.5974,-52.6069,80.9663
4056,20.2974,-52.6069,80.9663
4057,19.9974,-52.6069,80.9663
4058,19.6974,-52.6069,80.9663
4059,19.3974,-52.6069,80.9663
4060,19.0974,-52.6069,80.9663
4061,18.7974,-52.6069,80.9663
4062,18.4974,-52.6069,80.9663
4063,18.1974,-52.6069,80.9663
4064,17.8974,-52.6069,80.9663
4065,17.5974,-52.6069,80.9663
4066,17.2974,-52.6069,80.9663
4067,16.9974,-52.6069,80.9663
4068,16.6974,-52.6069,80.9663
4069,16.3974,-52.6069,80.9663
4070,16.0974,-52.6069,80.9663
4071,15.7974,-52.6069,80.9663
4072,15.4974,-52.6069,80.9663
4073,15.1974,-52.6069,80.9663
4074,14.8974,-52.6069,80.9663
4075,14.5974,-52.6069,80.9663
4076,14.2974,-52.6069,80.9663
4077,13.9974,-52.6069,80.9663
4078,13.6974,-52.6069,80.9663
4079,13.3974,-52.6069,80.9663
4080,13.0974,-52.6069,80.9663
4081,12.7974,-52.6069,80.9663
4082,12.4974,-52.6069,80.9663
4083,12.1974,-52.6069,80.9663
4084,11.8974,-52.6069,80.9663
4085,11.5974,-52.6069,80.9663
4086,11.2974,-52.6069,80.9663
4087,10.9974,-52.6069,80.9663
4088,10.6974,-52.6069,80.9663
4089,10.3974,-52.6069,80.9663
4090,10.0974,-52.6069,80.9663
4091,9.7974,-52.6069,80.9663
4092,9.4974,-52.6069,80.9663
4093,9.1974,-52.6069,80.9663
4094,8.8974,-52.6069,80.9663
4095,8.5974,-52.6069,80.9663
4096,8.2974,-52.6069,80.9663
4097,7.9974,-52.6069,80.9663
4098,7.6974,-52.6069,80.9663
4099,7.3974,-52.6069,80.9663
4100,7.0974,-52.6069,80.9663
4101,6.7974,-52.6069,80.9663
4102,6.4974,-52.6069,80.9663
4103,6.1974,-52.6069,80.9663
4104,5.8974,-52.6069,80.9663
4105,5.5974,-52.6069,80.9663
4106,5.2974,-52.6069,80.9663
4107,4.9974,-52.6069,80.9663
4108,4.6974,-52.6069,80.9663
4109,4.3974,-52.6069,80.9663
4110,4.0974,-52.6069,80.9663
4111,3.7974,-52.6069,80.9663
4112,3.4974,-52.6069,80.9663
4113,3.1974,-52.6069,80.9663
4114,2.8974,-52.6069,80.9663
4115,2.5974,-52.6069,80.9663
4116,2.2974,-52.6069,80.9663
4117,1.9974,-52.6069,80.9663
4118,1.6974,-52.6069,80.9663
4119,1.3974,-52.3069,80.9663
4120,1.0974,-52.0069,80.9663
4121,0.7974,-51.7069,80.9663
4122,0.4974,-51.4069,80.9663
4123,0.1974,-51.1069,80.9663
4124,-0.1026,-50.8069,80.9663
4125,-0.4026,-50.5069,80.9663
4126,-0.7026,-50.2069,80.9663
4127,-1.0026,-49.9069,80.9663
4128,-1.3026,-49.9069,80.9663
4129,-1.6026,-49.6069,80.9663
4130,-1.9026,-49.6069,80.9663
4131,-2.2026,-49.3069,80.9663
4132,-2.5026,-49.3069,80.9663
4133,-2.8026,-49.3069,80.9663
4134,-3.1026,-49.3069,80.9663
4135,-3.4026,-49.3069,80.9663
4136,-3.7026,-49.3069,80.9663
4137,-4.0026,-49.3069,80.9663
4138,-4.3026,-49.3069,80.9663
4139,-4.6026,-49.3069,80.9663
4140,-4.9026,-49.6069,80.9663
4141,-5.2026,-49.6069,80.9663
4142,-5.5026,-49.9069,80.9663
4143,-5.8026,-49.9069,80.9663
4144,-6.1026,-50.2069,80.9663
4145,-6.4026,-50.5069,80.9663
4146,-6.7026,-50.8069,80.9663
4147,-7.0026,-51.1069,80.9663
4148,-7.0026,-51.4069,80.9663
4149,-7.3026,-51.7069,80.9663
4150,-7.3026,-52.0069,80.9663
4151,-7.6026,-52.3069,80.9663
4152,-7.6026,-52.6069,80.9663
4153,-7.6026,-52.9069,80.9663
4154,-7.6026,-53.2069,80.9663
4155,-7.6026,-53.5069,80.9663
4156,-7.6026,-53.8069,80.9663
4157,-7.6026,-54.1069,80.9663
4158,-7.9026,-54.4069,80.9663
4159,-7.9026,-54.7069,80.9663
4160,-8.2026,-55.0069,80.9663
4161,-8.2026,-55.3069,80.9663
4162,-8.2026,-55.6069,80.9663
4163,-8.5026,-55.6069,80.9663
4164,-8.8026,-55.6069,80.9663
4165,-9.1026,-55.6069,80.9663
4166,-9.4026,-55.6069,80.9663
4167,-9.7026,-55.6069,80.9663
4168,-10.0026,-55.6069,80.9663
4169,-10.3026,-55.6069,80.9663
4170,-10.6026,-55.6069,80.9663
4171,-10.9026,-55.6069,80.9663
4172,-11.2026,-55.6069,80.9663
4173,-11.5026,-55.6069,80.9663
4174,-11.8026,-55.6069,80.9663
4175,-12.1026,-55.6069,80.9663
4176,-12.4026,-55.6069,80.9663
4177,-12.7026,-55.6069,80.9663
4178,-13.0026,-55.6069,80.9663
4179,-13.3026,-55.6069,80.9663
4180,-13.6026,-55.6069,80.9663
4181,-13.9026,-55.6069,80.9663
4182,-14.2026,-55.6069,80.9663
4183,-14.5026,-55.6069,80.9663
4184,-14.8026,-55.6069,80.9663
4185,-15.1026,-55.6069,80.9663
4186,-15.4026,-55.6069,80.9663
4187,-15.7026,-55.6069,80.9663
4188,-16.0026,-55.6069,80.9663
4189,-16.3026,-55.6069,80.9663
4190,-16.6026,-55.6069,80.9663
4191,-16.9026,-55.6069,80.9663
4192,-17.2026,-55.6069,80.9663
4193,-17.5026,-55.6069,80.9663
4194,-17.8026,-55.6069,80.9663
4195,-18.1026,-55.6069,80.9663
4196,-18.4026,-55.6069,80.9663
4197,-18.7026,-55.6069,80.9663
4198,-19.0026,-55.6069,81.2663
4199,-19.3026,-55.6069,81.5663
4200,-19.6026,-55.6069,81.8663
4201,-19.9026,-55.6069,82.1663
4202,-20.2026,-55.6069,82.1663
4203,-20.5026,-55.6069,82.4663
4204,-20.8026,-55.6069,82.4663
4205,-21.1026,-55.6069,82.4663
4206,-21.4026,-55.9069,82.7663
4207,-21.7026,-55.9069,82.7663
4208,-22.0026,-55.9069,82.7663
4209,-22.3026,-55.9069,82.7663
4210,-22.6026,-55.9069,82.7663
4211,-22.9026,-55.9069,82.7663
4212,-23.2026,-55.9069,82.7663
4213,-23.5026,-55.9069,82.7663
4214,-23.8026,-55.9069,82.7663
4215,-24.1026,-55.9069,82.7663
4216,-24.4026,-55.9069,82.7663
4217,-24.7026,-55.9069,82.7663
4218,-25.0026,-55.9069,82.7663
4219,-25.3026,-55.9069,82.7663
4220,-25.6026,-55.9069,82.7663
4221,-25.9026,-55.9069,82.7663
4222,-26.2026,-55.9069,83.0663
4223,-26.5026,-55.9069,83.0663
4224,-26.8026,-55.9069,83.0663
4225,-27.1026,-55.9069,83.0663
4226,-27.4026,-55.9069,83.0663
4227,-27.7026,-55.9069,83.0663
4228,-28.0026,-55.9069,83.0663
4229,-28.3026,-55.9069,83.0663
4230,-28.6026,-55.9069,83.0663
4231,-28.9026,-55.6069,83.0663
4232,-29.2026,-55.6069,83.0663
4233,-29.5026,-55.3069,83.0663
4234,-29.8026,-55.3069,83.0663
4235,-30.1026,-55.0069,83.0663
4236,-30.4026,-54.7069,83.0663
4237,-30.7026,-54.4069,83.0663
4238,-31.0026,-54.1069,83.0663
4239,-31.3026,-53.8069,83.0663
4240,-31.6026,-53.5069,83.0663
4241,-31.9026,-53.2069,83.0663
4242,-32.2026,-52.9069,83.0663
4243,-32.5026,-52.6069,82.7663
4244,-32.8026,-52.3069,82.4663
4245,-33.1026,-52.0069,82.4663
4246,-33.1026,-51.7069,82.4663
4247,-33.4026,-51.4069,82.1663
4248,-33.4026,-51.1069,82.1663
4249,-33.7026,-50.8069,81.8663
4250,-34.0026,-50.5069,81.5663
4251,-34.0026,-50.2069,81.5663
4252,-34.3026,-49.9069,81.2663
4253,-34.3026,-49.6069,81.2663
4254,-34.3026,-49.3069,81.2663
4255,-34.3026,-49.0069,81.2663
4256,-34.6026,-48.7069,80.9663
4257,-34.6026,-48.4069,80.9663
4258,-34.6026,-48.7069,80.9663
4259,-34.6026,-49.0069,80.9663
4260,-34.3026,-49.3069,80.9663
4261,-34.3026,-49.6069,80.9663
4262,-34.3026,-49.9069,80.9663
4263,-34.0026,-50.2069,80.9663
4264,-34.0026,-50.5069,80.9663
4265,-33.7026,-50.8069,81.2663
4266,-33.7026,-51.1069,81.2663
4267,-33.4026,-51.4069,81.5663
4268,-33.4026,-51.7069,81.8663
4269,-33.1026,-52.0069,82.1663
4270,-32.8026,-52.3069,82.4663
4271,-32.5026,-52.6069,82.7663
4272,-32.2026,-52.9069,83.0663
4273,-31.9026,-53.2069,83.0663
4274,-31.6026,-53.5069,83.0663
4275,-31.3026,-53.8069,83.0663
4276,-31.0026,-54.1069,83.0663
4277,-30.7026,-54.4069,83.0663
4278,-30.4026,-54.7069,83.0663
4279,-30.1026,-55.0069,83.0663
4280,-29.8026,-55.3069,83.0663
4281,-29.5026,-55.3069,83.0663
4282,-29.2026,-55.6069,83.0663
4283,-28.9026,-55.6069,83.0663
4284,-28.6026,-55.9069,83.0663
4285,-28.3026,-55.9069,83.0663
4286,-28.0026,-55.9069,83.0663
4287,-27.7026,-55.9069,83.0663
4288,-27.4026,-55.9069,83.0663
4289,-27.1026,-55.9069,83.0663
4290,-26.8026,-55.9069,83.0663
4291,-26.5026,-55.9069,83.0663
4292,-26.2026,-55.9069,83.0663
4293,-25.9026,-55.9069,83.0663
4294,-25.6026,-55.9069,83.0663
4295,-25.3026,-55.9069,83.0663
4296,-25.0026,-55.9069,83.0663
4297,-24.7026,-55.9069,83.0663
4298,-24.4026,-55.9069,83.0663
4299,-24.1026,-55.9069,83.0663
4300,-23.8026,-55.9069,83.0663
4301,-23.5026,-55.9069,83.0663
4302,-23.2026,-55.9069,83.0663
4303,-22.9026,-55.9069,83.0663
4304,-22.6026,-55.9069,83.0663
4305,-22.3026,-55.9069,83.0663
4306,-22.0026,-55.9069,83.0663
4307,-21.7026,-55.9069,83.0663
4308,-21.4026,-55.9069,83.0663
4309,-21.1026,-55.9069,83.0663
4310,-20.8026,-55.9069,83.0663
4311,-20.5026,-55.9069,83.0663
4312,-20.2026,-55.9069,83.0663
4313,-19.9026,-55.9069,83.0663
4314,-19.6026,-55.9069,83.0663
4315,-19.3026,-55.9069,83.0663
4316,-19.0026,-55.9069,83.0663
4317,-18.7026,-56.2069,83.0663
4318,-18.4026,-56.2069,83.0663
4319,-18.1026,-56.2069,83.0663
4320,-17.8026,-56.2069,83.0663
4321,-17.5026,-56.2069,83.0663
4322,-17.2026,-56.2069,83.0663
4323,-16.9026,-56.2069,83.0663
4324,-16.6026,-56.2069,83.0663
4325,-16.3026,-56.2069,83.0663
4326,-16.0026,-56.2069,83.0663
4327,-15.7026,-56.2069,83.0663
4328,-15.4026,-56.2069,83.0663
4329,-15.1026,-56.2069,83.0663
4330,-14.8026,-56.2069,83.0663
4331,-14.5026,-56.2069,83.0663
4332,-14.2026,-56.2069,83.0663
4333,-13.9026,-56.2069,83.0663
4334,-13.6026,-56.2069,83.0663
4335,-13.3026,-56.2069,83.0663
4336,-13.0026,-56.2069,83.0663
4337,-12.7026,-56.2069,83.0663
4338,-12.4026,-56.2069,83.0663
4339,-12.1026,-56.2069,83.0663
4340,-11.8026,-56.2069,83.0663
4341,-11.5026,-56.2069,83.0663
4342,-11.2026,-56.2069,83.0663
4343,-10.9026,-56.2069,83.0663
4344,-10.6026,-56.2069,83.0663
4345,-10.3026,-56.2069,83.0663
4346,-10.0026,-56.2069,83.0663
4347,-9.7026,-56.2069,83.0663
4348,-9.4026,-56.2069,83.0663
4349,-9.1026,-56.5069,83.0663
4350,-8.8026,-56.8069,83.0663
4351,-8.5026,-57.1069,83.0663
4352,-8.2026,-57.4069,83.0663
4353,-7.9026,-57.7069,83.0663
4354,-7.6026,-58.0069,83.0663
4355,-7.3026,-58.3069,83.0663
4356,-7.0026,-58.6069,83.0663
4357,-6.7026,-58.9069,83.0663
4358,-6.4026,-59.2069,83.0663
4359,-6.1026,-59.5069,83.0663
4360,-5.8026,-59.5069,83.0663
4361,-5.5026,-59.8069,83.0663
4362,-5.2026,-59.8069,83.0663
4363,-4.9026,-60.1069,83.0663
4364,-4.6026,-60.1069,83.0663
4365,-4.3026,-60.1069,83.0663
4366,-4.0026,-60.1069,83.0663
4367,-3.7026,-60.1069,83.0663
4368,-3.4026,-60.1069,83.0663
4369,-3.1026,-60.1069,83.0663
4370,-2.8026,-60.1069,83.0663
4371,-2.5026,-60.1069,83.0663
4372,-2.2026,-60.1069,83.0663
4373,-1.9026,-60.1069,83.0663
4374,-1.6026,-60.1069,83.0663
4375,-1.3026,-60.1069,83.0663
4376,-1.0026,-60.1069,83.0663
4377,-0.7026,-60.1069,83.0663
4378,-0.4026,-60.1069,83.0663
4379,-0.1026,-60.1069,83.0663
4380,0.1974,-60.1069,83.0663
4381,0.4974,-60.1069,83.0663
4382,0.7974,-60.1069,83.0663
4383,1.0974,-60.1069,83.0663
4384,1.3974,-60.1069,83.0663
4385,1.6974,-60.1069,83.0663
4386,1.9974,-60.1069,83.0663
4387,2.2974,-60.1069,83.0663
4388,2.5974,-60.1069,83.0663
4389,2.8974,-60.1069,83.0663
4390,3.1974,-60.1069,83.0663
4391,3.4974,-60.1069,83.0663
4392,3.7974,-60.1069,83.0663
4393,4.0974,-60.1069,83.0663
4394,4.3974,-60.1069,83.0663
4395,4.6974,-60.1069,83.0663
4396,4.9974,-60.1069,83.0663
4397,5.2974,-60.1069,83.0663
4398,5.5974,-60.1069,83.0663
4399,5.8974,-60.1069,83.0663
4400,6.1974,-60.1069,83.0663
4401,6.4974,-60.1069,83.0663
4402,6.7974,-60.1069,83.0663
4403,7.0974,-60.1069,83.0663
4404,7.3974,-60.1069,83.0663
4405,7.6974,-60.1069,83.0663
4406,7.9974,-60.1069,83.0663
4407,8.2974,-60.1069,83.0663
4408,8.5974,-60.1069,83.0663
4409,8.8974,-60.1069,83.0663
4410,9.1974,-60.1069,83.0663
4411,9.4974,-60.1069,83.0663
4412,9.7974,-60.1069,83.0663
4413,10.0974,-60.1069,83.0663
4414,10.3974,-60.1069,83.0663
4415,10.6974,-60.1069,83.0663
4416,10.9974,-60.1069,83.0663
4417,11.2974,-60.1069,82.7663
4418,11.5974,-60.1069,82.7663
4419,11.8974,-60.1069,82.4663
4420,12.1974,-60.1069,82.4663
4421,12.4974,-60.1069,82.4663
4422,12.7974,-60.1069,82.1663
4423,13.0974,-60.1069,82.1663
4424,13.3974,-60.1069,81.8663
4425,13.6974,-60.1069,81.8663
4426,13.9974,-60.1069,81.5663
4427,14.2974,-60.1069,81.5663
4428,14.5974,-60.1069,81.5663
4429,14.8974,-60.1069,81.2663
4430,15.1974,-60.1069,81.2663
4431,15.4974,-59.8069,80.9663
4432,15.1974,-59.8069,80.9663
4433,14.8974,-59.8069,80.9663
4434,14.5974,-59.8069,80.9663
4435,14.2974,-59.8069,80.9663
4436,13.9974,-59.8069,81.2663
4437,13.6974,-59.8069,81.2663
4438,13.3974,-59.8069,81.2663
4439,13.0974,-59.8069,81.5663
4440,12.7974,-59.8069,81.5663
4441,12.4974,-59.8069,81.5663
4442,12.1974,-59.8069,81.5663
4443,11.8974,-59.8069,81.5663
4444,11.5974,-59.8069,81.5663
4445,11.2974,-59.8069,81.5663
4446,10.9974,-59.8069,81.8663
4447,10.6974,-59.8069,81.8663
4448,10.3974,-59.8069,81.8663
4449,10.0974,-59.8069,81.8663
4450,9.7974,-59.8069,81.8663
4451,9.4974,-59.8069,81.8663
4452,9.1974,-59.8069,81.8663
4453,8.8974,-59.8069,81.8663
4454,8.5974,-59.8069,81.8663
4455,8.2974,-59.8069,81.8663
4456,7.9974,-59.8069,81.8663
4457,7.6974,-59.8069,81.8663
4458,7.3974,-59.8069,81.8663
4459,7.0974,-59.8069,81.8663
4460,6.7974,-59.8069,81.8663
4461,6.4974,-59.8069,81.8663
4462,6.1974,-59.8069,81.8663
4463,5.8974,-59.8069,81.8663
4464,5.5974,-59.8069,81.8663
4465,5.2974,-59.8069,81.8663
4466,4.9974,-59.8069,81.8663
4467,4.6974,-59.8069,81.8663
4468,4.3974,-59.8069,81.8663
4469,4.0974,-59.8069,81.8663
4470,3.7974,-59.8069,82.1663
4471,3.4974,-59.8069,82.1663
4472,3.1974,-59.8069,82.4663
4473,2.8974,-59.8069,82.4663
4474,2.5974,-59.8069,82.7663
4475,2.2974,-59.8069,82.7663
4476,1.9974,-59.8069,82.7663
4477,1.6974,-59.8069,82.7663
4478,1.3974,-59.8069,82.7663
4479,1.0974,-59.8069,82.7663
4480,0.7974,-59.8069,82.7663
4481,0.4974,-59.8069,82.7663
4482,0.1974,-59.8069,82.7663
4483,-0.1026,-59.8069,82.7663
4484,-0.4026,-59.8069,82.7663
4485,-0.7026,-60.1069,83.0663
4486,-1.0026,-60.1069,83.0663
4487,-1.3026,-60.1069,83.0663
4488,-1.6026,-60.1069,83.0663
4489,-1.9026,-60.1069,83.0663
4490,-2.2026,-60.1069,83.0663
4491,-2.5026,-60.1069,83.0663
4492,-2.8026,-60.1069,83.0663
4493,-3.1026,-60.1069,83.0663
4494,-3.4026,-60.1069,83.0663
4495,-3.7026,-60.1069,83.0663
4496,-4.0026,-60.1069,83.0663
4497,-4.3026,-60.1069,83.0663
4498,-4.6026,-60.1069,83.0663
4499,-4.9026,-60.1069,83.0663
4500,-5.2026,-59.8069,83.0663
4501,-5.5026,-59.8069,83.0663
4502,-5.8026,-59.5069,83.0663
4503,-6.1026,-59.5069,83.0663
4504,-6.4026,-59.2069,83.0663
4505,-6.7026,-58.9069,83.0663
4506,-7.0026,-58.6069,83.0663
4507,-7.3026,-58.3069,82.7663
4508,-7.3026,-58.0069,82.7663
4509,-7.6026,-57.7069,82.7663
4510,-7.9026,-57.4069,82.4663
4511,-8.2026,-57.1069,82.1663
4512,-8.5026,-56.8069,81.8663
4513,-8.5026,-56.5069,81.5663
4514,-8.5026,-56.2069,81.2663
4515,-8.5026,-55.9069,80.9663
4516,-8.8026,-55.9069,80.9663
4517,-9.1026,-55.9069,80.9663
4518,-9.4026,-55.9069,81.2663
4519,-9.7026,-55.9069,81.2663
4520,-10.0026,-55.9069,81.2663
4521,-10.3026,-55.9069,81.2663
4522,-10.6026,-55.9069,81.2663
4523,-10.9026,-55.9069,81.2663
4524,-11.2026,-55.9069,81.2663
4525,-11.5026,-55.9069,81.2663
4526,-11.8026,-55.9069,81.2663
4527,-12.1026,-55.9069,81.2663
4528,-12.4026,-55.9069,81.2663
4529,-12.7026,-55.9069,81.2663
4530,-13.0026,-55.9069,81.2663
4531,-13.3026,-55.9069,81.2663
4532,-13.6026,-55.9069,81.2663
4533,-13.9026,-55.9069,81.2663
4534,-14.2026,-55.9069,81.2663
4535,-14.5026,-55.9069,81.2663
4536,-14.8026,-55.9069,81.2663
4537,-15.1026,-55.9069,81.2663
4538,-15.4026,-55.9069,81.2663
4539,-15.7026,-55.9069,81.2663
4540,-16.0026,-55.9069,81.2663
4541,-16.3026,-55.9069,81.2663
4542,-16.6026,-55.9069,81.2663
4543,-16.9026,-55.9069,81.2663
4544,-17.2026,-55.9069,81.2663
4545,-17.5026,-55.9069,81.2663
4546,-17.8026,-55.9069,81.2663
4547,-18.1026,-55.9069,81.2663
4548,-18.4026,-55.9069,81.2663
4549,-18.7026,-55.9069,81.2663
4550,-19.0026,-55.9069,81.5663
4551,-19.3026,-55.9069,81.8663
4552,-19.6026,-55.9069,82.1663
4553,-19.9026,-55.9069,82.1663
4554,-20.2026,-55.9069,82.4663
4555,-20.5026,-55.9069,82.4663
4556,-20.8026,-55.9069,82.7663
4557,-21.1026,-55.9069,82.7663
4558,-21.4026,-55.9069,82.7663
4559,-21.7026,-55.9069,82.7663
4560,-22.0026,-55.9069,82.7663
4561,-22.3026,-55.9069,82.7663
4562,-22.6026,-55.9069,82.7663
4563,-22.9026,-55.9069,82.7663
4564,-23.2026,-55.9069,82.7663
4565,-23.5026,-55.9069,82.7663
4566,-23.8026,-55.9069,82.7663
4567,-24.1026,-55.9069,82.7663
4568,-24.4026,-55.9069,82.7663
4569,-24.7026,-55.9069,82.7663
4570,-25.0026,-55.9069,82.7663
4571,-25.3026,-55.9069,82.7663
4572,-25.6026,-55.9069,82.7663
4573,-25.9026,-55.9069,82.7663
4574,-26.2026,-55.9069,82.7663
4575,-26.5026,-55.9069,82.7663
4576,-26.8026,-55.9069,83.0663
4577,-27.1026,-55.9069,83.0663
4578,-27.4026,-55.9069,83.0663
4579,-27.7026,-55.9069,83.0663
4580,-28.0026,-55.9069,83.0663
4581,-28.3026,-55.9069,83.0663
4582,-28.6026,-55.9069,83.0663
4583,-28.9026,-55.6069,82.7663
4584,-29.2026,-55.6069,82.7663
4585,-29.5026,-55.3069,82.4663
4586,-29.8026,-55.3069,82.4663
4587,-30.1026,-55.0069,82.4663
4588,-30.4026,-54.7069,82.4663
4589,-30.7026,-54.4069,82.1663
4590,-31.0026,-54.4069,82.1663
4591,-31.3026,-54.1069,81.8663
4592,-31.6026,-54.1069,81.8663
4593,-31.9026,-53.8069,81.8663
4594,-32.2026,-53.5069,81.5663
4595,-32.5026,-53.2069,81.5663
4596,-32.8026,-52.9069,81.2663
4597,-33.1026,-52.6069,81.2663
4598,-33.4026,-52.3069,80.9663
4599,-33.4026,-52.0069,80.9663
4600,-34.1955,-50.2307,81.1000
4601,-34.0026,-50.5069,80.9663
4602,-34.0026,-50.8069,80.9663
4603,-33.7026,-51.1069,80.9663
4604,-33.4026,-51.4069,80.9663
4605,-33.4026,-51.7069,80.9663
4606,-33.1026,-52.0069,80.9663
4607,-33.4026,-51.7069,81.2663
4608,-33.4026,-51.4069,81.5663
4609,-33.4026,-51.4069,81.8663
4610,-33.4026,-51.1069,82.1663
4611,-33.4026,-51.1069,82.4663
4612,-33.4026,-50.8069,82.7663
4613,-33.4026,-50.5069,83.0663
4614,-33.4026,-50.2069,83.3663
4615,-33.4026,-49.9069,83.6663
4616,-33.4026,-49.6069,83.9663
4617,-33.1026,-49.3069,84.2663
4618,-32.8026,-49.0069,84.5663
4619,-32.5026,-48.7069,84.8663
4620,-32.2026,-48.4069,84.8663
4621,-32.2026,-48.1069,84.8663
4622,-31.9026,-47.8069,85.1663
4623,-31.6026,-47.5069,85.1663
4624,-31.3026,-47.2069,85.1663
4625,-31.0026,-47.2069,85.1663
4626,-30.7026,-46.9069,85.1663
4627,-30.4026,-46.6069,85.1663
4628,-30.1026,-46.6069,85.1663
4629,-29.8026,-46.6069,85.1663
4630,-29.5026,-46.3069,84.8663
4631,-29.2026,-46.3069,84.8663
4632,-28.9026,-46.3069,84.8663
4633,-28.6026,-46.0069,84.5663
4634,-28.3026,-46.0069,84.5663
4635,-28.0026,-46.0069,84.5663
4636,-27.7026,-45.7069,84.2663
4637,-27.4026,-45.7069,83.9663
4638,-27.1026,-45.7069,83.9663
4639,-26.8026,-45.7069,83.9663
4640,-26.5026,-45.7069,83.9663
4641,-26.2026,-45.7069,83.9663
4642,-25.9026,-45.7069,83.9663
4643,-25.6026,-45.7069,83.9663
4644,-25.3026,-45.7069,83.9663
4645,-25.0026,-45.7069,83.9663
4646,-24.7026,-45.7069,83.9663
4647,-24.4026,-45.7069,83.9663
4648,-24.1026,-45.7069,83.9663
4649,-23.8026,-45.7069,83.9663
4650,-23.5026,-45.7069,83.9663
4651,-23.2026,-45.7069,83.9663
4652,-22.9026,-45.7069,83.9663
4653,-22.6026,-45.7069,83.9663
4654,-22.3026,-45.7069,83.9663
4655,-22.0026,-45.7069,83.9663
4656,-21.7026,-45.7069,83.9663
4657,-21.4026,-45.7069,83.9663
4658,-21.1026,-45.7069,83.9663
4659,-20.8026,-45.7069,83.9663
4660,-20.5026,-45.7069,83.9663
4661,-20.2026,-45.7069,83.9663
4662,-19.9026,-45.7069,83.9663
4663,-19.6026,-45.7069,83.9663
4664,-19.3026,-45.7069,83.9663
4665,-19.0026,-45.7069,83.9663
4666,-18.7026,-45.7069,83.9663
4667,-18.4026,-45.7069,83.9663
4668,-18.1026,-45.7069,83.9663
4669,-17.8026,-45.7069,83.9663
4670,-17.5026,-45.7069,83.9663
4671,-17.2026,-45.7069,83.9663
4672,-16.9026,-45.7069,83.9663
4673,-16.6026,-45.7069,83.9663
4674,-16.3026,-45.7069,83.9663
4675,-16.0026,-45.7069,83.9663
4676,-15.7026,-45.7069,83.9663
4677,-15.4026,-45.7069,83.9663
4678,-15.1026,-45.7069,83.9663
4679,-14.8026,-45.7069,83.9663
4680,-14.5026,-45.7069,83.9663
4681,-14.2026,-45.7069,83.9663
4682,-13.9026,-45.7069,83.9663
4683,-13.6026,-45.7069,83.9663
4684,-13.3026,-45.7069,83.9663
4685,-13.0026,-45.7069,83.9663
4686,-12.7026,-45.7069,83.9663
4687,-12.4026,-45.7069,83.9663
4688,-12.1026,-45.7069,83.9663
4689,-11.8026,-46.0069,83.9663
4690,-11.5026,-46.0069,83.9663
4691,-11.2026,-46.3069,83.9663
4692,-10.9026,-46.3069,83.9663
4693,-10.6026,-46.6069,83.9663
4694,-10.3026,-46.6069,83.9663
4695,-10.0026,-46.6069,83.9663
4696,-9.7026,-46.9069,83.9663
4697,-9.4026,-46.9069,83.9663
4698,-9.1026,-47.2069,83.9663
4699,-8.8026,-47.2069,83.9663
4700,-8.5026,-47.5069,83.9663
4701,-8.2026,-47.5069,83.9663
4702,-7.9026,-47.8069,83.9663
4703,-7.6026,-47.8069,83.9663
4704,-7.3026,-48.1069,83.9663
4705,-7.0026,-48.1069,83.9663
4706,-6.7026,-48.1069,83.9663
4707,-6.4026,-48.4069,83.9663
4708,-6.1026,-48.4069,83.9663
4709,-5.8026,-48.7069,83.9663
4710,-5.5026,-48.7069,83.9663
4711,-5.2026,-49.0069,83.9663
4712,-4.9026,-49.0069,83.9663
4713,-4.6026,-49.3069,83.9663
4714,-4.3026,-49.3069,83.9663
4715,-4.0026,-49.6069,83.9663
4716,-3.7026,-49.6069,83.9663
4717,-3.4026,-49.6069,83.9663
4718,-3.1026,-49.9069,83.9663
4719,-2.8026,-49.9069,83.9663
4720,-2.5026,-49.9069,83.9663
4721,-2.2026,-49.9069,83.9663
4722,-1.9026,-50.2069,83.9663
4723,-1.6026,-50.2069,83.9663
4724,-1.3026,-50.5069,83.9663
4725,-1.0026,-50.5069,83.9663
4726,-0.7026,-50.8069,83.9663
4727,-0.4026,-51.1069,83.9663
4728,-0.1026,-51.1069,83.9663
4729,0.1974,-51.1069,83.9663
4730,0.4974,-51.1069,83.9663
4731,0.7974,-51.1069,83.9663
4732,1.0974,-51.1069,83.9663
4733,1.3974,-51.1069,83.9663
4734,1.6974,-51.1069,83.9663
4735,1.9974,-51.1069,83.9663
4736,2.2974,-51.1069,83.9663
4737,2.5974,-51.1069,83.9663
4738,2.8974,-51.1069,83.9663
4739,3.1974,-51.1069,83.9663
4740,3.4974,-51.1069,83.9663
4741,3.7974,-51.1069,83.9663
4742,4.0974,-51.1069,83.9663
4743,4.3974,-51.1069,83.9663
4744,4.6974,-51.1069,83.9663
4745,4.9974,-51.1069,83.9663
4746,5.2974,-51.1069,83.9663
4747,5.5974,-51.1069,83.9663
4748,5.8974,-51.1069,83.9663
4749,6.1974,-51.1069,83.9663
4750,6.4974,-51.1069,83.9663
4751,6.7974,-51.1069,83.9663
4752,7.0974,-51.1069,83.9663
4753,7.3974,-51.1069,83.9663
4754,7.6974,-51.1069,83.9663
4755,7.9974,-51.1069,83.9663
4756,8.2974,-51.1069,83.9663
4757,8.5974,-51.1069,83.9663
4758,8.8974,-51.1069,83.9663
4759,9.1974,-51.1069,83.9663
4760,9.4974,-51.1069,83.9663
4761,9.7974,-51.1069,83.9663
4762,10.0974,-51.1069,83.9663
4763,10.3974,-51.1069,83.9663
4764,10.6974,-51.1069,83.9663
4765,10.9974,-51.1069,83.9663
4766,11.2974,-51.1069,83.9663
4767,11.5974,-51.1069,83.9663
4768,11.8974,-51.1069,83.9663
4769,12.1974,-51.1069,83.9663
4770,12.4974,-51.1069,83.9663
4771,12.7974,-51.1069,83.9663
4772,13.0974,-51.1069,83.9663
4773,13.3974,-51.1069,83.9663
4774,13.6974,-51.1069,83.9663
4775,13.9974,-51.1069,83.9663
4776,14.2974,-51.1069,83.9663
4777,14.5974,-51.1069,83.9663
4778,14.8974,-51.1069,83.9663
4779,15.1974,-51.1069,83.9663
4780,15.4974,-51.1069,83.9663
4781,15.7974,-51.1069,83.9663
4782,16.0974,-51.1069,83.9663
4783,16.3974,-51.1069,83.9663
4784,16.6974,-51.1069,83.9663
4785,16.9974,-51.1069,83.9663
4786,17.2974,-51.1069,83.9663
4787,17.5974,-51.1069,83.9663
4788,17.8974,-51.1069,83.9663
4789,18.1974,-51.1069,83.9663
4790,18.4974,-51.1069,83.9663
4791,18.7974,-51.1069,83.9663
4792,19.0974,-51.1069,83.9663
4793,19.3974,-51.1069,83.9663
4794,19.6974,-51.1069,83.9663
4795,19.9974,-51.1069,83.9663
4796,20.2974,-51.1069,83.9663
4797,20.5974,-51.1069,83.9663
4798,20.8974,-51.1069,83.9663
4799,21.1974,-51.1069,83.9663
4800,21.4974,-51.1069,83.9663
4801,21.7974,-51.1069,83.9663
4802,22.0974,-51.1069,83.9663
4803,22.3974,-51.1069,83.9663
4804,22.6974,-51.1069,83.9663
4805,22.9974,-51.1069,83.9663
4806,23.2974,-51.1069,83.9663
4807,23.5974,-51.1069,83.9663
4808,23.8974,-51.1069,83.9663
4809,24.1974,-51.1069,83.9663
4810,24.4974,-51.1069,83.9663
4811,24.7974,-51.1069,83.9663
4812,25.0974,-51.1069,83.9663
4813,25.3974,-51.1069,83.9663
4814,25.6974,-51.1069,83.9663
4815,25.9974,-51.1069,83.9663
4816,26.2974,-51.1069,83.9663
4817,26.5974,-51.1069,83.9663
4818,26.8974,-51.1069,83.9663
4819,27.1974,-51.1069,83.9663
4820,27.4974,-51.1069,83.9663
4821,27.7974,-51.1069,83.9663
4822,28.0974,-51.1069,83.9663
4823,28.3974,-51.1069,83.9663
4824,28.6974,-51.1069,83.9663
4825,28.9974,-51.1069,83.9663
4826,29.2974,-51.1069,83.9663
4827,29.5974,-51.1069,83.9663
4828,29.8974,-51.1069,83.9663
4829,30.1974,-51.1069,83.9663
4830,30.4974,-51.1069,83.9663
4831,30.7974,-51.1069,83.9663
4832,31.0974,-51.1069,83.9663
4833,31.3974,-51.1069,83.9663
4834,31.6974,-51.1069,83.9663
4835,31.9974,-51.1069,83.9663
4836,32.2974,-51.1069,83.9663
4837,32.5974,-51.1069,83.9663
4838,32.8974,-51.1069,83.9663
4839,33.1974,-51.1069,83.9663
4840,33.4974,-51.4069,83.9663
4841,33.7974,-51.7069,83.9663
4842,34.0974,-52.0069,83.9663
4843,34.3974,-52.3069,83.9663
4844,34.6974,-52.6069,83.9663
4845,34.9974,-52.9069,83.9663
4846,35.2974,-53.2069,83.9663
4847,35.5974,-53.5069,83.9663
4848,35.8974,-53.8069,83.9663
4849,36.1974,-54.1069,83.9663
4850,36.4974,-54.4069,83.9663
4851,36.7974,-54.4069,83.9663
4852,37.0974,-54.4069,83.9663
4853,37.3974,-54.4069,83.9663
4854,37.6974,-54.4069,83.9663
4855,37.9974,-54.4069,83.9663
4856,38.2974,-54.4069,83.9663
4857,38.5974,-54.4069,83.9663
4858,38.8974,-54.4069,83.9663
4859,39.1974,-54.4069,83.9663
4860,39.4974,-54.4069,83.9663
4861,39.7974,-54.4069,83.9663
4862,40.0974,-54.4069,83.9663
4863,40.3974,-54.4069,83.9663
4864,40.6974,-54.4069,83.9663
4865,40.9974,-54.4069,83.9663
4866,41.2974,-54.4069,83.9663
4867,41.5974,-54.4069,83.9663
4868,41.8974,-54.4069,83.9663
4869,42.1974,-54.4069,83.9663
4870,42.4974,-54.4069,83.9663
4871,42.7974,-54.4069,83.9663
4872,43.0974,-54.4069,83.9663
4873,43.3974,-54.4069,83.9663
4874,43.6974,-54.4069,83.9663
4875,43.9974,-54.4069,83.9663
4876,44.2974,-54.4069,83.9663
4877,44.5974,-54.4069,83.9663
4878,44.8974,-54.4069,83.9663
4879,45.1974,-54.4069,83.9663
4880,45.4974,-54.4069,83.9663
4881,45.7974,-54.4069,83.9663
4882,46.0974,-54.4069,83.9663
4883,46.3974,-54.4069,83.9663
4884,46.6974,-54.4069,83.9663
4885,46.9974,-54.4069,83.9663
4886,47.2974,-54.4069,83.9663
4887,47.5974,-54.4069,83.9663
4888,47.8974,-54.4069,83.9663
4889,48.1974,-54.4069,83.9663
4890,48.4974,-54.7069,83.9663
4891,48.7974,-54.7069,83.9663
4892,49.0974,-54.7069,83.9663
4893,49.3974,-55.0069,83.9663
4894,49.6974,-55.0069,83.9663
4895,49.9974,-55.3069,83.9663
4896,50.2974,-55.3069,83.9663
4897,50.5974,-55.6069,83.9663
4898,50.8974,-55.6069,83.9663
4899,51.1974,-55.9069,83.9663
4900,51.4974,-55.9069,83.9663
4901,51.7974,-56.2069,83.9663
4902,52.0974,-56.2069,83.9663
4903,52.3974,-56.2069,83.9663
4904,52.6974,-56.5069,83.9663
4905,52.9974,-56.5069,83.9663
4906,53.2974,-56.8069,83.9663
4907,53.5974,-56.8069,83.9663
4908,53.8974,-57.1069,83.9663
4909,54.1974,-57.1069,83.9663
4910,54.4974,-57.4069,83.9663
4911,54.7974,-57.4069,83.9663
4912,55.0974,-57.7069,83.9663
4913,55.3974,-57.7069,83.9663
4914,55.0974,-57.7069,83.9663
4915,54.7974,-57.4069,83.9663
4916,54.4974,-57.4069,83.9663
4917,54.1974,-57.4069,83.9663
4918,53.8974,-57.4069,83.9663
4919,53.5974,-57.4069,83.9663
4920,53.2974,-57.4069,83.9663
4921,52.9974,-57.1069,83.9663
4922,52.6974,-57.1069,83.9663
4923,52.3974,-57.1069,83.9663
4924,52.0974,-57.1069,83.9663
4925,51.7974,-57.1069,83.9663
4926,51.4974,-57.1069,83.9663
4927,51.1974,-57.1069,83.9663
4928,50.8974,-57.1069,83.9663
4929,50.5974,-56.8069,83.9663
4930,50.2974,-56.8069,83.9663
4931,49.9974,-56.8069,83.9663
4932,49.6974,-56.8069,83.9663
4933,49.3974,-56.8069,83.9663
4934,49.0974,-56.8069,83.9663
4935,48.7974,-56.8069,83.9663
4936,48.4974,-56.8069,83.9663
4937,48.1974,-56.5069,83.9663
4938,47.8974,-56.5069,83.9663
4939,47.5974,-56.5069,83.9663
4940,47.2974,-56.5069,83.9663
4941,46.9974,-56.5069,83.9663
4942,46.6974,-56.5069,83.9663
4943,46.3974,-56.5069,83.9663
4944,46.0974,-56.5069,83.9663
4945,45.7974,-56.5069,83.9663
4946,45.4974,-56.5069,83.9663
4947,45.1974,-56.5069,83.9663
4948,44.8974,-56.5069,83.9663
4949,44.5974,-56.5069,83.9663
4950,44.2974,-56.5069,83.9663
4951,43.9974,-56.5069,83.9663
4952,43.6974,-56.5069,83.9663
4953,43.3974,-56.2069,83.9663
4954,45.8230,-67.7770,83.9000
4955,45.4974,-67.9069,83.9663
4956,45.1974,-67.9069,83.9663
4957,44.8974,-67.9069,83.9663
4958,44.5974,-67.9069,83.9663
4959,44.2974,-67.9069,83.9663
4960,43.9974,-67.9069,83.9663
4961,43.6974,-67.9069,83.9663
4962,43.3974,-67.9069,83.9663
4963,43.0974,-67.9069,83.9663
4964,42.7974,-67.9069,83.9663
4965,42.4974,-67.9069,83.9663
4966,42.1974,-67.9069,83.9663
4967,41.8974,-67.9069,83.9663
4968,41.5974,-67.9069,83.9663
4969,41.2974,-67.9069,83.9663
4970,40.9974,-67.9069,83.9663
4971,40.6974,-67.9069,83.9663
4972,40.3974,-67.9069,83.9663
4973,40.0974,-67.9069,83.9663
4974,39.7974,-67.9069,83.9663
4975,39.4974,-67.9069,83.9663
4976,39.1974,-67.9069,83.9663
4977,38.8974,-67.9069,83.9663
4978,38.5974,-67.9069,83.9663
4979,38.2974,-67.9069,83.9663
4980,37.9974,-67.9069,83.9663
4981,37.6974,-67.9069,83.9663
4982,37.3974,-67.9069,83.9663
4983,37.0974,-67.9069,83.9663
4984,36.7974,-67.9069,83.9663
4985,36.4974,-67.9069,83.9663
4986,36.1974,-67.9069,83.9663
4987,35.8974,-67.9069,83.9663
4988,35.5974,-67.9069,83.9663
4989,35.2974,-67.9069,83.9663
4990,34.9974,-67.9069,83.9663
4991,34.6974,-67.9069,83.9663
4992,34.3974,-67.9069,83.9663
4993,34.0974,-67.9069,83.9663
4994,33.7974,-67.9069,83.9663
4995,33.4974,-67.6069,83.6663
4996,33.1974,-67.6069,83.6663
4997,32.8974,-67.6069,83.6663
4998,32.5974,-67.6069,83.6663
4999,32.2974,-67.6069,83.6663
5000,31.9974,-67.6069,83.6663
5001,31.6974,-67.6069,83.6663
5002,31.3974,-67.6069,83.6663
5003,31.0974,-67.6069,83.6663
5004,30.7974,-67.6069,83.6663
5005,30.4974,-67.3069,83.6663
5006,30.1974,-67.3069,83.6663
5007,29.8974,-67.0069,83.6663
5008,29.5974,-67.0069,83.6663
5009,29.2974,-66.7069,83.6663
5010,28.9974,-66.7069,83.6663
5011,28.6974,-66.7069,83.6663
5012,28.3974,-66.4069,83.6663
5013,28.0974,-66.1069,83.6663
5014,27.7974,-65.8069,83.6663
5015,27.4974,-65.8069,83.6663
5016,27.1974,-65.8069,83.6663
5017,26.8974,-65.8069,83.6663
5018,26.5974,-65.5069,83.6663
5019,26.2974,-65.5069,83.6663
5020,25.9974,-65.2069,83.6663
5021,25.6974,-65.2069,83.6663
5022,25.3974,-65.2069,83.6663
5023,25.0974,-64.9069,83.6663
5024,24.7974,-64.9069,83.6663
5025,24.4974,-64.6069,83.6663
5026,24.1974,-64.6069,83.6663
5027,23.8974,-64.3069,83.6663
5028,23.5974,-64.3069,83.6663
5029,23.2974,-64.0069,83.6663
5030,22.9974,-64.0069,83.6663
5031,22.6974,-64.0069,83.6663
5032,22.3974,-63.7069,83.9663
5033,22.6974,-63.7069,83.9663
5034,22.9974,-63.7069,83.9663
5035,23.2974,-63.7069,83.9663
5036,23.5974,-64.0069,83.6663
5037,23.8974,-64.0069,83.6663
5038,24.1974,-64.3069,83.6663
5039,24.4974,-64.3069,83.6663
5040,24.7974,-64.6069,83.6663
5041,25.0974,-64.6069,83.6663
5042,25.3974,-64.6069,83.6663
5043,25.6974,-64.6069,83.6663
5044,25.9974,-64.6069,83.6663
5045,26.2974,-64.6069,83.6663
5046,26.5974,-64.6069,83.6663
5047,26.8974,-64.9069,83.6663
5048,27.1974,-64.9069,83.6663
5049,27.4974,-65.2069,83.6663
5050,27.7974,-65.2069,83.6663
5051,28.0974,-65.2069,83.6663
5052,28.3974,-65.2069,83.6663
5053,28.6974,-65.2069,83.6663
5054,28.9974,-65.2069,83.6663
5055,29.2974,-65.2069,83.6663
5056,29.5974,-65.2069,83.6663
5057,29.8974,-65.2069,83.6663
5058,30.1974,-65.2069,83.6663
5059,30.4974,-65.2069,83.6663
5060,30.7974,-65.2069,83.6663
5061,31.0974,-65.2069,83.6663
5062,31.3974,-65.2069,83.6663
5063,31.6974,-65.2069,83.6663
5064,31.9974,-65.2069,83.6663
5065,32.2974,-65.2069,83.6663
5066,32.5974,-65.5069,83.6663
5067,32.8974,-65.8069,83.6663
5068,33.1974,-65.8069,83.6663
5069,33.4974,-66.1069,83.6663
5070,33.7974,-66.1069,83.6663
5071,34.0974,-66.1069,83.6663
5072,34.3974,-66.1069,83.6663
5073,34.6974,-66.1069,83.6663
5074,34.9974,-66.1069,83.6663
5075,35.2974,-66.1069,83.6663
5076,35.5974,-66.1069,83.6663
5077,35.8974,-66.4069,83.9663
5078,36.1974,-66.4069,83.9663
5079,36.4974,-66.4069,83.9663
5080,36.7974,-66.4069,83.9663
5081,37.0974,-66.4069,83.9663
5082,37.3974,-66.4069,83.9663
5083,37.6974,-66.4069,83.9663
5084,37.9974,-66.4069,83.9663
5085,38.2974,-66.4069,83.9663
5086,38.5974,-66.4069,83.9663
5087,38.8974,-66.7069,83.9663
5088,39.1974,-66.7069,83.9663
5089,39.4974,-67.0069,83.9663
5090,39.7974,-67.3069,83.9663
5091,40.0974,-67.3069,83.9663
5092,40.3974,-67.3069,83.9663
5093,40.6974,-67.3069,83.9663
5094,40.9974,-67.3069,83.9663
5095,41.2974,-67.3069,83.9663
5096,41.5974,-67.3069,83.9663
5097,41.8974,-67.6069,83.9663
5098,42.1974,-67.6069,83.9663
5099,42.4974,-67.9069,83.9663
5100,42.7974,-67.9069,83.9663
5101,43.0974,-67.9069,83.9663
5102,43.3974,-67.9069,83.9663
5103,43.6974,-67.9069,83.9663
5104,43.9974,-67.9069,83.9663
5105,44.2974,-67.9069,83.9663
5106,44.5974,-67.9069,83.9663
5107,44.8974,-67.9069,83.9663
5108,45.1974,-67.9069,83.9663
5109,45.4974,-67.9069,83.9663
5110,45.7974,-67.9069,83.9663
5111,46.0974,-67.9069,83.9663
5112,46.3974,-67.9069,83.9663
5113,46.6974,-67.9069,83.9663
5114,46.9974,-67.9069,83.9663
5115,47.2974,-67.9069,83.9663
5116,47.5974,-67.9069,83.9663
5117,47.8974,-68.2069,83.9663
5118,48.1974,-68.2069,83.9663
5119,47.8974,-68.2069,83.9663
5120,47.5974,-68.2069,83.9663
5121,47.2974,-68.2069,83.9663
5122,46.9974,-68.2069,83.9663
5123,46.6974,-68.2069,83.9663
5124,46.3974,-68.2069,83.9663
5125,46.0974,-68.2069,83.9663
5126,45.7974,-68.2069,83.9663
5127,45.4974,-68.2069,83.9663
5128,45.1974,-68.2069,83.9663
5129,44.8974,-68.2069,83.9663
5130,44.5974,-68.2069,83.9663
5131,44.2974,-68.2069,83.9663
5132,43.9974,-68.2069,83.9663
5133,43.6974,-68.2069,83.9663
5134,43.3974,-68.2069,83.9663
5135,43.0974,-68.2069,83.9663
5136,42.7974,-68.2069,83.9663
5137,42.4974,-68.2069,83.9663
5138,42.1974,-68.2069,83.9663
5139,41.8974,-68.2069,83.9663
5140,41.5974,-68.2069,83.9663
5141,41.2974,-68.2069,83.9663
5142,40.9974,-68.2069,83.9663
5143,40.6974,-67.9069,83.9663
5144,40.3974,-67.9069,83.9663
5145,40.0974,-67.9069,83.9663
5146,39.7974,-67.6069,83.9663
5147,39.4974,-67.6069,83.9663
5148,39.1974,-67.6069,83.9663
5149,38.8974,-67.3069,83.9663
5150,38.5974,-67.0069,83.9663
5151,38.2974,-67.0069,83.9663
5152,37.9974,-66.7069,83.9663
5153,37.6974,-66.7069,83.9663
5154,37.3974,-66.7069,83.9663
5155,37.0974,-66.4069,83.9663
5156,37.3974,-66.4069,83.9663
5157,37.6974,-66.4069,83.9663
5158,37.9974,-66.4069,83.9663
5159,38.2974,-66.4069,83.9663
5160,38.5974,-66.7069,84.2663
5161,38.8974,-67.0069,84.2663
5162,39.1974,-67.0069,84.2663
5163,39.4974,-67.0069,84.2663
5164,39.7974,-67.0069,84.2663
5165,40.0974,-67.0069,84.2663
5166,40.3974,-67.0069,84.2663
5167,40.6974,-67.0069,84.2663
5168,40.9974,-67.0069,84.2663
5169,41.2974,-67.3069,84.5663
5170,41.5974,-67.6069,84.8663
5171,41.8974,-67.6069,84.8663
5172,42.1974,-67.6069,84.8663
5173,42.4974,-67.6069,84.8663
5174,42.7974,-67.6069,84.8663
5175,43.0974,-67.6069,84.8663
5176,43.3974,-67.6069,84.8663
5177,43.6974,-67.6069,84.8663
5178,43.9974,-67.6069,84.8663
5179,44.2974,-67.6069,84.8663
5180,44.5974,-67.6069,84.8663
5181,44.8974,-67.6069,84.8663
5182,45.1974,-67.6069,84.8663
5183,45.4974,-67.6069,84.8663
5184,45.7974,-67.6069,84.8663
5185,46.0974,-67.6069,84.8663
5186,46.3974,-67.6069,84.8663
5187,46.6974,-67.6069,84.8663
5188,46.9974,-67.6069,84.8663
5189,47.2974,-67.6069,84.8663
5190,47.5974,-67.6069,84.8663
5191,47.8974,-67.6069,84.8663
5192,48.1974,-67.6069,84.8663
5193,48.4974,-67.6069,84.8663
5194,48.7974,-67.9069,84.8663
5195,49.0974,-67.9069,84.8663
5196,49.3974,-67.9069,84.8663
5197,49.6974,-67.9069,84.8663
5198,49.9974,-67.9069,84.8663
5199,50.2974,-67.9069,84.8663
5200,50.5974,-67.9069,84.8663
5201,50.8974,-67.9069,84.8663
5202,51.1974,-68.2069,84.8663
5203,51.4974,-68.2069,84.8663
5204,51.7974,-68.2069,84.8663
5205,52.0974,-68.5069,84.8663
5206,52.3974,-68.5069,84.8663
5207,52.6974,-68.5069,84.8663
5208,52.9974,-68.5069,84.8663
5209,53.2974,-68.5069,84.8663
5210,53.5974,-68.5069,84.8663
5211,53.8974,-68.5069,84.8663
5212,54.1974,-68.5069,84.8663
5213,54.4974,-68.5069,84.8663
5214,54.7974,-68.8069,85.1663
5215,55.0974,-68.8069,85.1663
5216,55.3974,-68.8069,85.1663
5217,55.6974,-68.8069,85.1663
5218,55.9974,-68.8069,85.1663
5219,56.2974,-68.8069,85.1663
5220,56.5974,-68.8069,85.1663
5221,56.8974,-69.1069,85.1663
5222,57.1974,-69.1069,85.1663
5223,57.4974,-69.4069,85.1663
5224,57.7974,-69.4069,85.1663
5225,58.0974,-69.4069,85.1663
5226,58.3974,-69.4069,85.1663
5227,58.6974,-69.4069,85.1663
5228,58.9974,-69.4069,85.1663
5229,59.2974,-69.4069,85.1663
5230,59.5974,-69.4069,85.1663
5231,59.8974,-69.4069,85.1663
5232,60.1974,-69.7069,85.1663
5233,60.4974,-69.7069,85.1663
5234,60.7974,-69.7069,85.1663
5235,61.0974,-69.7069,85.1663
5236,61.3974,-69.7069,85.1663
5237,61.6974,-69.7069,85.1663
5238,61.9974,-69.7069,85.1663
5239,62.2974,-70.0069,85.1663
5240,62.5974,-70.0069,85.1663
5241,62.8974,-70.3069,85.1663
5242,63.1974,-70.3069,85.1663
5243,63.4974,-70.3069,85.1663
5244,63.7974,-70.3069,85.1663
5245,64.0974,-70.6069,85.1663
5246,64.3974,-70.6069,85.1663
5247,64.6974,-70.9069,85.1663
5248,64.9974,-71.2069,85.1663
5249,65.2974,-71.2069,85.1663
5250,65.5974,-71.5069,85.4663
5251,65.8974,-71.5069,85.4663
5252,66.1974,-71.8069,85.4663
5253,66.4974,-71.8069,85.4663
5254,66.7974,-71.8069,85.4663
5255,67.0974,-71.8069,85.4663
5256,67.3974,-71.8069,85.4663
5257,67.6974,-71.8069,85.4663
5258,67.9974,-71.8069,85.4663
5259,68.2974,-71.8069,85.4663
5260,68.5974,-71.8069,85.4663
5261,68.8974,-71.5069,85.4663
5262,69.1974,-71.5069,85.4663
5263,69.4974,-71.2069,85.4663
5264,69.7974,-71.2069,85.4663
5265,70.0974,-70.9069,85.4663
5266,70.3974,-70.9069,85.4663
5267,70.6974,-70.6069,85.4663
5268,70.9974,-70.6069,85.4663
5269,71.2974,-70.3069,85.4663
5270,71.5974,-70.0069,85.4663
5271,71.8974,-69.7069,85.4663
5272,72.1974,-69.4069,85.4663
5273,72.1974,-69.1069,85.4663
5274,72.4974,-68.8069,85.4663
5275,72.4974,-68.5069,85.4663
5276,72.7974,-68.2069,85.4663
5277,72.7974,-67.9069,85.4663
5278,72.7974,-67.6069,85.4663
5279,72.7974,-67.3069,85.4663
5280,72.7974,-67.0069,85.4663
5281,72.7974,-66.7069,85.4663
5282,72.7974,-66.4069,85.4663
5283,72.7974,-66.1069,85.4663
5284,72.7974,-65.8069,85.4663
5285,72.4974,-65.5069,85.4663
5286,72.4974,-65.2069,85.4663
5287,72.1974,-64.9069,85.4663
5288,72.1974,-64.6069,85.4663
5289,71.8974,-64.3069,85.1663
5290,71.5974,-64.0069,85.1663
5291,71.2974,-63.7069,84.8663
5292,70.9974,-63.4069,84.8663
5293,70.6974,-63.1069,84.5663
5294,70.3974,-62.8069,84.5663
5295,70.0974,-62.5069,84.2663
5296,69.7974,-62.5069,84.2663
5297,69.4974,-62.2069,83.9663
5298,69.1974,-62.2069,83.9663
5299,68.8974,-61.9069,83.9663
5300,69.1974,-62.2069,83.9663
5301,69.4974,-62.2069,83.9663
5302,69.7974,-62.5069,83.9663
5303,70.0974,-62.8069,84.2663
5304,70.3974,-63.1069,84.2663
5305,70.6974,-63.1069,84.2663
5306,70.9974,-63.4069,84.5663
5307,71.2974,-63.7069,84.8663
5308,71.5974,-64.0069,85.1663
5309,71.8974,-64.3069,85.1663
5310,72.1974,-64.6069,85.4663
5311,72.1974,-64.9069,85.4663
5312,72.4974,-65.2069,85.4663
5313,72.4974,-65.5069,85.4663
5314,72.7974,-65.8069,85.4663
5315,72.7974,-66.1069,85.4663
5316,72.7974,-66.4069,85.4663
5317,72.7974,-66.7069,85.4663
5318,72.7974,-67.0069,85.4663
5319,72.7974,-67.3069,85.4663
5320,72.7974,-67.6069,85.4663
5321,72.7974,-67.9069,85.4663
5322,72.7974,-68.2069,85.4663
5323,72.7974,-68.5069,85.4663
5324,72.4974,-68.8069,85.1663
5325,72.4974,-69.1069,85.1663
5326,72.1974,-69.4069,85.1663
5327,71.8974,-69.7069,85.1663
5328,71.5974,-70.0069,85.1663
5329,71.2974,-70.3069,84.8663
5330,70.9974,-70.6069,84.5663
5331,70.6974,-70.9069,84.2663
5332,70.3974,-71.2069,84.2663
5333,70.0974,-71.5069,83.9663
5334,69.7974,-71.5069,83.9663
5335,69.4974,-71.5069,83.9663
5336,69.1974,-71.8069,83.9663
5337,68.8974,-71.8069,83.9663
5338,68.5974,-72.1069,83.9663
5339,68.2974,-72.1069,83.9663
5340,67.9974,-72.1069,83.9663
5341,67.6974,-72.1069,83.9663
5342,67.3974,-72.1069,83.9663
5343,67.0974,-72.1069,83.9663
5344,66.7974,-72.1069,83.9663
5345,66.4974,-72.1069,83.9663
5346,66.1974,-72.1069,83.9663
5347,65.8974,-72.1069,83.9663
5348,65.5974,-72.1069,83.9663
5349,65.2974,-72.1069,83.9663
5350,64.9974,-72.1069,83.9663
5351,64.6974,-72.1069,83.9663
5352,64.3974,-72.1069,83.9663
5353,64.0974,-72.1069,83.9663
5354,63.7974,-72.1069,83.9663
5355,63.4974,-72.1069,83.9663
5356,63.1974,-72.1069,83.9663
5357,62.8974,-72.1069,83.9663
5358,62.5974,-72.1069,83.9663
5359,62.2974,-72.1069,83.9663
5360,61.9974,-72.1069,83.9663
5361,61.6974,-72.1069,83.9663
5362,61.3974,-72.1069,83.9663
5363,61.0974,-72.1069,83.9663
5364,60.7974,-72.1069,83.9663
5365,60.4974,-72.1069,83.9663
5366,60.1974,-72.1069,83.9663
5367,59.8974,-72.1069,83.9663
5368,59.5974,-72.1069,83.9663
5369,59.2974,-72.1069,83.9663
5370,58.9974,-72.1069,83.9663
5371,58.6974,-72.1069,83.9663
5372,58.3974,-72.1069,83.9663
5373,58.0974,-72.1069,83.9663
5374,57.7974,-72.1069,83.9663
5375,57.4974,-72.1069,83.9663
5376,57.1974,-72.1069,83.9663
5377,56.8974,-72.1069,83.9663
5378,56.5974,-72.1069,83.9663
5379,56.2974,-72.1069,83.9663
5380,55.9974,-72.1069,83.9663
5381,55.6974,-72.1069,83.9663
5382,55.3974,-72.1069,83.9663
5383,55.0974,-72.1069,83.9663
5384,54.7974,-72.1069,83.9663
5385,54.4974,-72.1069,83.9663
5386,54.1974,-72.1069,83.9663
5387,53.8974,-72.1069,83.9663
5388,53.5974,-72.1069,83.9663
5389,53.2974,-72.1069,83.9663
5390,52.9974,-72.1069,83.9663
5391,52.6974,-72.1069,83.9663
5392,52.3974,-72.1069,83.9663
5393,52.0974,-72.1069,83.9663
5394,51.7974,-72.1069,83.9663
5395,51.4974,-72.1069,83.9663
5396,51.1974,-72.1069,83.9663
5397,50.8974,-72.1069,83.9663
5398,50.5974,-72.1069,83.9663
5399,50.2974,-72.1069,83.9663
5400,49.9974,-72.1069,83.9663
5401,49.6974,-72.1069,83.9663
5402,49.3974,-72.1069,83.9663
5403,49.0974,-72.1069,83.9663
5404,48.7974,-72.1069,83.9663
5405,48.4974,-72.1069,83.9663
5406,48.1974,-72.1069,83.9663
5407,47.8974,-72.1069,83.9663
5408,47.5974,-72.1069,83.9663
5409,47.2974,-72.1069,83.9663
5410,46.9974,-72.1069,83.9663
5411,46.6974,-71.8069,83.9663
5412,46.3974,-71.8069,83.9663
5413,46.0974,-71.5069,83.9663
5414,45.7974,-71.5069,83.9663
5415,45.4974,-71.2069,83.9663
5416,45.1974,-71.2069,83.9663
5417,44.8974,-70.9069,83.9663
5418,44.5974,-70.9069,83.9663
5419,44.2974,-70.6069,83.9663
5420,43.9974,-70.6069,83.9663
5421,43.6974,-70.6069,83.9663
5422,43.3974,-70.3069,83.9663
5423,43.0974,-70.3069,83.9663
5424,42.7974,-70.0069,83.9663
5425,42.4974,-70.0069,83.9663
5426,42.1974,-69.7069,83.9663
5427,41.8974,-69.7069,83.9663
5428,41.5974,-69.4069,83.9663
5429,41.2974,-69.4069,83.9663
5430,40.9974,-69.1069,83.9663
5431,40.6974,-69.1069,83.9663
5432,40.3974,-69.1069,83.9663
5433,40.0974,-68.8069,83.9663
5434,39.7974,-68.8069,83.9663
5435,39.4974,-68.5069,83.9663
5436,39.1974,-68.5069,83.9663
5437,38.8974,-68.2069,83.9663
5438,38.5974,-68.2069,83.9663
5439,38.2974,-67.9069,83.9663
5440,37.9974,-67.9069,83.9663
5441,37.6974,-67.6069,83.9663
5442,37.3974,-67.6069,83.9663
5443,37.0974,-67.6069,83.9663
5444,36.7974,-67.3069,83.9663
5445,36.4974,-67.3069,83.9663
5446,36.1974,-67.0069,83.9663
5447,35.8974,-67.0069,83.9663
5448,35.5974,-66.7069,83.9663
5449,35.2974,-66.7069,83.9663
5450,34.9974,-66.4069,83.9663
5451,34.6974,-66.4069,83.9663
5452,34.3974,-66.4069,83.9663
5453,34.0974,-66.4069,83.9663
5454,33.7974,-66.4069,83.9663
5455,33.4974,-66.1069,83.6663
5456,33.1974,-65.8069,83.6663
5457,32.8974,-65.8069,83.6663
5458,32.5974,-65.5069,83.6663
5459,32.2974,-65.2069,83.6663
5460,31.9974,-65.2069,83.6663
5461,31.6974,-64.9069,83.6663
5462,31.3974,-64.9069,83.6663
5463,31.0974,-64.9069,83.6663
5464,30.7974,-64.6069,83.9663
5465,31.0974,-64.6069,83.9663
5466,31.3974,-64.6069,83.9663
5467,31.6974,-64.9069,83.6663
5468,31.9974,-64.9069,83.6663
5469,32.2974,-65.2069,83.6663
5470,32.5974,-65.5069,83.6663
5471,32.8974,-65.8069,83.6663
5472,33.1974,-65.8069,83.6663
5473,33.4974,-66.1069,83.6663
5474,33.7974,-66.1069,83.6663
5475,34.0974,-66.1069,83.6663
5476,34.3974,-66.4069,83.9663
5477,34.6974,-66.4069,83.9663
5478,34.9974,-66.4069,83.9663
5479,35.2974,-66.4069,83.9663
5480,35.5974,-66.4069,83.9663
5481,35.8974,-66.4069,83.9663
5482,36.1974,-66.4069,83.9663
5483,36.4974,-66.4069,83.9663
5484,36.7974,-66.4069,83.9663
5485,37.0974,-66.4069,83.9663
5486,37.3974,-66.4069,83.9663
5487,37.6974,-66.4069,83.9663
5488,37.9974,-66.4069,83.9663
5489,38.2974,-66.4069,83.9663
5490,38.5974,-66.4069,83.9663
5491,38.8974,-66.7069,83.9663
5492,39.1974,-66.7069,83.9663
5493,39.4974,-67.0069,83.9663
5494,39.7974,-67.0069,83.9663
5495,40.0974,-67.0069,83.9663
5496,40.3974,-67.0069,83.9663
5497,40.6974,-67.0069,83.9663
5498,40.9974,-67.0069,83.9663
5499,41.2974,-67.3069,84.2663
5500,41.5974,-67.3069,84.2663
5501,41.8974,-67.6069,84.5663
5502,42.1974,-67.6069,84.5663
5503,42.4974,-67.6069,84.5663
5504,42.7974,-67.6069,84.5663
5505,43.0974,-67.9069,84.5663
5506,43.3974,-67.9069,84.5663
5507,43.6974,-67.9069,84.5663
5508,43.9974,-67.9069,84.5663
5509,44.2974,-67.9069,84.5663
5510,44.5974,-67.9069,84.5663
5511,44.8974,-67.9069,84.5663
5512,45.1974,-67.9069,84.5663
5513,45.4974,-67.9069,84.5663
5514,45.7974,-67.9069,84.5663
5515,46.0974,-67.9069,84.5663
5516,46.3974,-67.9069,84.5663
5517,46.6974,-67.9069,84.5663
5518,46.9974,-67.9069,84.5663
5519,47.2974,-67.9069,84.5663
5520,47.5974,-67.9069,84.5663
5521,47.8974,-67.9069,84.5663
5522,48.1974,-67.9069,84.5663
5523,48.4974,-67.9069,84.5663
5524,48.7974,-67.9069,84.5663
5525,49.0974,-67.9069,84.5663
5526,49.3974,-67.9069,84.5663
5527,49.6974,-67.9069,84.5663
5528,49.9974,-67.9069,84.5663
5529,50.2974,-67.9069,84.5663
5530,50.5974,-67.9069,84.5663
5531,50.8974,-67.9069,84.5663
5532,51.1974,-68.2069,84.5663
5533,51.4974,-68.2069,84.5663
5534,51.7974,-68.5069,84.5663
5535,52.0974,-68.5069,84.5663
5536,52.3974,-68.5069,84.5663
5537,52.6974,-68.5069,84.5663
5538,52.9974,-68.5069,84.5663
5539,53.2974,-68.5069,84.5663
5540,53.5974,-68.5069,84.2663
5541,53.8974,-68.5069,84.2663
5542,54.1974,-68.5069,84.2663
5543,54.4974,-68.5069,83.9663
5544,54.7974,-68.5069,83.9663
5545,55.0974,-68.5069,83.9663
5546,55.3974,-68.5069,83.9663
5547,55.6974,-68.8069,84.2663
5548,55.9974,-68.8069,84.2663
5549,56.2974,-69.1069,84.2663
5550,56.5974,-69.1069,84.2663
5551,56.8974,-69.4069,84.5663
5552,57.1974,-69.4069,84.5663
5553,57.4974,-69.4069,84.5663
5554,57.7974,-69.7069,84.8663
5555,58.0974,-70.0069,85.1663
5556,58.3974,-70.0069,85.1663
5557,58.6974,-70.0069,85.1663
5558,58.9974,-70.0069,85.1663
5559,59.2974,-70.0069,85.1663
5560,59.5974,-70.0069,85.1663
5561,59.8974,-70.0069,85.1663
5562,60.1974,-70.0069,85.1663
5563,60.4974,-70.0069,85.1663
5564,60.7974,-70.0069,85.1663
5565,61.0974,-70.0069,85.1663
5566,61.3974,-70.0069,85.1663
5567,61.6974,-70.0069,85.1663
5568,61.9974,-70.0069,85.1663
5569,62.2974,-70.0069,85.1663
5570,62.5974,-70.0069,85.1663
5571,62.8974,-70.3069,85.4663
5572,63.1974,-70.3069,85.4663
5573,63.4974,-70.3069,85.4663
5574,63.7974,-70.6069,85.4663
5575,64.0974,-70.6069,85.4663
5576,64.3974,-70.6069,85.4663
5577,64.6974,-70.9069,85.4663
5578,64.9974,-71.2069,85.4663
5579,65.2974,-71.2069,85.4663
5580,65.5974,-71.5069,85.4663
5581,65.8974,-71.5069,85.4663
5582,66.1974,-71.8069,85.4663
5583,66.4974,-71.8069,85.4663
5584,66.7974,-71.8069,85.4663
5585,67.0974,-71.8069,85.4663
5586,67.3974,-71.8069,85.4663
5587,67.6974,-71.8069,85.4663
5588,67.9974,-71.8069,85.4663
5589,68.2974,-71.8069,85.4663
5590,68.5974,-71.8069,85.4663
5591,68.8974,-71.5069,85.4663
5592,69.1974,-71.5069,85.4663
5593,69.4974,-71.2069,85.4663
5594,69.7974,-71.2069,85.4663
5595,70.0974,-70.9069,85.4663
5596,70.3974,-70.9069,85.4663
5597,70.6974,-70.6069,85.4663
5598,70.9974,-70.6069,85.4663
5599,71.2974,-70.3069,85.4663
5600,71.5974,-70.0069,85.4663
5601,71.8974,-69.7069,85.4663
5602,72.1974,-69.4069,85.4663
5603,72.1974,-69.1069,85.4663
5604,72.4974,-68.8069,85.4663
5605,72.4974,-68.5069,85.4663
5606,72.7974,-68.2069,85.4663
5607,72.7974,-67.9069,85.4663
5608,72.7974,-67.6069,85.4663
5609,72.7974,-67.3069,85.4663
5610,72.7974,-67.0069,85.4663
5611,72.7974,-66.7069,85.4663
5612,72.7974,-66.4069,85.4663
5613,72.7974,-66.1069,85.4663
5614,72.7974,-65.8069,85.4663
5615,72.7974,-65.5069,85.4663
5616,72.4974,-65.2069,85.1663
5617,72.4974,-64.9069,85.1663
5618,72.1974,-64.6069,85.1663
5619,71.8974,-64.3069,85.1663
5620,71.5974,-64.0069,85.1663
5621,71.2974,-63.7069,84.8663
5622,70.9974,-63.4069,84.5663
5623,70.6974,-63.1069,84.2663
5624,70.3974,-63.1069,84.2663
5625,70.0974,-62.8069,83.9663
5626,69.7974,-62.5069,83.9663
5627,69.4974,-62.2069,83.9663
5628,69.1974,-61.9069,83.9663
5629,68.8974,-61.6069,83.9663
5630,68.5974,-61.3069,83.9663
5631,68.2974,-61.0069,83.9663
5632,67.9974,-60.7069,83.9663
5633,67.6974,-60.4069,83.9663
5634,67.3974,-60.1069,83.9663
5635,67.0974,-59.8069,83.9663
5636,66.7974,-59.8069,83.9663
5637,66.4974,-59.5069,83.9663
5638,66.1974,-59.5069,83.9663
5639,65.8974,-59.5069,83.9663
5640,65.5974,-59.5069,83.9663
5641,65.2974,-59.5069,83.9663
5642,64.9974,-59.5069,83.9663
5643,64.6974,-59.5069,83.9663
5644,64.3974,-59.5069,83.9663
5645,64.0974,-59.5069,83.9663
5646,63.7974,-59.5069,83.9663
5647,63.4974,-59.2069,83.9663
5648,63.1974,-59.2069,83.9663
5649,62.8974,-59.2069,83.9663
5650,62.5974,-59.2069,83.9663
5651,62.2974,-59.2069,83.9663
5652,61.9974,-59.2069,83.9663
5653,61.6974,-59.2069,83.9663
5654,61.3974,-59.2069,83.9663
5655,61.0974,-59.2069,83.9663
5656,60.7974,-58.9069,83.9663
5657,60.4974,-58.6069,83.9663
5658,60.1974,-58.6069,83.9663
5659,59.8974,-58.6069,83.9663
5660,59.5974,-58.3069,83.9663
5661,59.2974,-58.3069,83.9663
5662,58.9974,-58.3069,83.9663
5663,58.6974,-58.3069,83.9663
5664,58.3974,-58.3069,83.9663
5665,58.0974,-58.3069,83.9663
5666,57.7974,-58.3069,83.9663
5667,57.4974,-58.3069,83.9663
5668,57.1974,-58.3069,83.9663
5669,56.8974,-58.0069,83.6663
5670,56.5974,-58.0069,83.6663
5671,56.2974,-58.0069,83.6663
5672,55.9974,-58.0069,83.6663
5673,55.6974,-58.0069,83.6663
5674,55.3974,-58.0069,83.6663
5675,55.0974,-58.0069,83.6663
5676,54.7974,-57.7069,83.6663
5677,54.4974,-57.7069,83.6663
5678,54.1974,-57.7069,83.6663
5679,53.8974,-57.7069,83.6663
5680,53.5974,-57.7069,83.6663
5681,53.2974,-57.7069,83.6663
5682,52.9974,-57.7069,83.6663
5683,52.6974,-57.7069,83.6663
5684,52.3974,-57.7069,83.6663
5685,52.0974,-57.7069,83.6663
5686,51.7974,-57.7069,83.6663
5687,51.4974,-57.4069,83.6663
5688,51.1974,-57.4069,83.6663
5689,50.8974,-57.4069,83.6663
5690,50.5974,-57.4069,83.6663
5691,50.2974,-57.4069,83.6663
5692,49.9974,-57.4069,83.6663
5693,49.6974,-57.4069,83.6663
5694,49.3974,-57.4069,83.6663
5695,49.0974,-57.4069,83.6663
5696,48.7974,-57.1069,83.6663
5697,48.4974,-57.1069,83.6663
5698,48.1974,-56.8069,83.6663
5699,47.8974,-56.8069,83.6663
5700,47.5974,-56.8069,83.6663
5701,47.2974,-56.8069,83.6663
5702,46.9974,-56.8069,83.6663
5703,46.6974,-56.8069,83.6663
5704,46.3974,-56.8069,83.6663
5705,46.0974,-56.8069,83.6663
5706,45.7974,-56.8069,83.6663
5707,45.4974,-56.8069,83.6663
5708,45.1974,-56.8069,83.6663
5709,44.8974,-56.8069,83.6663
5710,44.5974,-56.8069,83.6663
5711,44.2974,-56.8069,83.6663
5712,43.9974,-56.8069,83.6663
5713,43.6974,-56.8069,83.6663
5714,43.3974,-56.5069,83.3663
5715,43.0974,-56.5069,83.3663
5716,42.7974,-56.5069,83.3663
5717,42.4974,-56.5069,83.3663
5718,42.1974,-56.5069,83.3663
5719,41.8974,-56.5069,83.3663
5720,41.5974,-56.5069,83.3663
5721,41.2974,-56.5069,83.3663
5722,40.9974,-56.5069,83.3663
5723,40.6974,-56.5069,83.3663
5724,40.3974,-56.5069,83.3663
5725,40.0974,-56.5069,83.3663
5726,39.7974,-56.2069,83.3663
5727,39.4974,-56.2069,83.3663
5728,39.1974,-55.9069,83.3663
5729,38.8974,-55.9069,83.3663
5730,38.5974,-55.9069,83.3663
5731,38.2974,-55.9069,83.3663
5732,37.9974,-55.9069,83.3663
5733,37.6974,-55.9069,83.3663
5734,37.3974,-55.9069,83.3663
5735,37.0974,-55.9069,83.3663
5736,36.7974,-55.6069,83.3663
5737,36.4974,-55.6069,83.3663
5738,36.1974,-55.3069,83.3663
5739,35.8974,-55.3069,83.3663
5740,35.5974,-55.3069,83.3663
5741,35.2974,-55.3069,83.3663
5742,34.9974,-55.3069,83.3663
5743,34.6974,-55.3069,83.3663
5744,34.3974,-55.3069,83.3663
5745,34.0974,-55.3069,83.3663
5746,33.7974,-55.3069,83.3663
5747,33.4974,-55.3069,83.3663
5748,33.1974,-55.3069,83.3663
5749,32.8974,-55.3069,83.3663
5750,32.5974,-55.3069,83.3663
5751,32.2974,-55.3069,83.3663
5752,31.9974,-55.0069,83.3663
5753,31.6974,-54.7069,83.3663
5754,31.3974,-54.7069,83.3663
5755,31.0974,-54.4069,83.3663
5756,30.7974,-54.4069,83.3663
5757,30.4974,-54.4069,83.3663
5758,30.1974,-54.4069,83.3663
5759,29.8974,-54.4069,83.3663
5760,29.5974,-54.4069,83.3663
5761,29.2974,-54.4069,83.3663
5762,28.9974,-54.1069,83.3663
5763,28.6974,-53.8069,83.3663
5764,28.3974,-53.8069,83.3663
5765,28.0974,-53.5069,83.3663
5766,27.7974,-53.5069,83.3663
5767,27.4974,-53.5069,83.3663
5768,27.1974,-53.5069,83.3663
5769,26.8974,-53.5069,83.3663
5770,26.5974,-53.5069,83.3663
5771,26.2974,-53.5069,83.3663
5772,25.9974,-53.5069,83.3663
5773,25.6974,-53.5069,83.3663
5774,25.3974,-53.5069,83.3663
5775,25.0974,-53.5069,83.3663
5776,24.7974,-53.5069,83.3663
5777,24.4974,-53.2069,83.3663
5778,24.1974,-53.2069,83.3663
5779,23.8974,-53.2069,83.3663
5780,23.5974,-53.2069,83.3663
5781,23.2974,-53.2069,83.3663
5782,22.9974,-53.2069,83.3663
5783,22.6974,-53.2069,83.3663
5784,22.3974,-53.2069,83.3663
5785,22.0974,-53.2069,83.3663
5786,21.7974,-53.2069,83.3663
5787,21.4974,-53.2069,83.3663
5788,21.1974,-53.2069,83.3663
5789,20.8974,-53.2069,83.3663
5790,20.5974,-53.2069,83.3663
5791,20.2974,-53.5069,83.3663
5792,19.9974,-53.5069,83.3663
5793,19.6974,-53.5069,83.3663
5794,19.3974,-53.8069,83.6663
5795,19.0974,-53.8069,83.6663
5796,18.7974,-54.1069,83.6663
5797,18.4974,-54.1069,83.6663
5798,18.1974,-54.4069,83.9663
5799,17.8974,-54.4069,83.9663
5800,17.5974,-54.4069,83.9663
5801,17.2974,-54.4069,83.9663
5802,16.9974,-54.4069,83.9663
5803,16.6974,-54.4069,83.9663
5804,16.3974,-54.4069,83.9663
5805,16.0974,-54.4069,83.9663
5806,15.7974,-54.4069,83.9663
5807,15.4974,-54.4069,83.9663
5808,15.1974,-54.4069,83.9663
5809,14.8974,-54.4069,83.9663
5810,14.5974,-54.4069,83.9663
5811,14.2974,-54.4069,83.9663
5812,13.9974,-54.4069,83.9663
5813,13.6974,-54.4069,83.9663
5814,13.3974,-54.4069,83.9663
5815,13.0974,-54.4069,83.9663
5816,12.7974,-54.4069,83.9663
5817,12.4974,-54.4069,83.9663
5818,12.1974,-54.4069,83.9663
5819,11.8974,-54.4069,83.9663
5820,11.5974,-54.4069,83.9663
5821,11.2974,-54.4069,83.9663
5822,10.9974,-54.4069,83.9663
5823,10.6974,-54.4069,83.9663
5824,10.3974,-54.4069,83.9663
5825,10.0974,-54.4069,83.9663
5826,9.7974,-54.4069,83.9663
5827,9.4974,-54.4069,83.9663
5828,9.1974,-54.4069,83.9663
5829,8.8974,-54.4069,83.9663
5830,8.5974,-54.4069,83.9663
5831,8.2974,-54.4069,83.9663
5832,7.9974,-54.4069,83.9663
5833,7.6974,-54.4069,83.9663
5834,7.3974,-54.4069,83.9663
5835,7.0974,-54.4069,83.9663
5836,6.7974,-54.4069,83.9663
5837,6.4974,-54.4069,83.9663
5838,6.1974,-54.4069,83.9663
5839,5.8974,-54.4069,83.9663
5840,5.5974,-54.4069,83.9663
5841,5.2974,-54.4069,83.9663
5842,4.9974,-54.4069,83.9663
5843,4.6974,-54.4069,83.9663
5844,4.3974,-54.4069,83.9663
5845,4.0974,-54.4069,83.9663
5846,3.7974,-54.4069,83.9663
5847,3.4974,-54.7069,83.9663
5848,3.1974,-55.0069,83.9663
5849,2.8974,-55.3069,83.9663
5850,2.5974,-55.6069,83.9663
5851,2.2974,-55.9069,83.9663
5852,1.9974,-56.2069,83.9663
5853,1.6974,-56.5069,83.9663
5854,1.3974,-56.8069,83.9663
5855,1.0974,-57.1069,83.9663
5856,0.7974,-57.4069,83.9663
5857,0.4974,-57.7069,83.9663
5858,0.1974,-58.0069,83.9663
5859,-0.1026,-58.3069,83.9663
5860,-0.4026,-58.6069,83.9663
5861,-0.7026,-58.9069,83.9663
5862,-1.0026,-59.2069,83.9663
5863,-1.3026,-59.5069,83.9663
5864,-1.6026,-59.5069,83.9663
5865,-1.9026,-59.8069,83.9663
5866,-2.2026,-59.8069,83.9663
5867,-2.5026,-60.1069,83.9663
5868,-2.8026,-60.1069,83.9663
5869,-3.1026,-60.1069,83.9663
5870,-3.4026,-60.1069,83.9663
5871,-3.7026,-60.1069,83.9663
5872,-4.0026,-60.1069,83.9663
5873,-4.3026,-60.1069,83.9663
5874,-4.6026,-59.8069,83.9663
5875,-4.9026,-59.8069,83.9663
5876,-5.2026,-59.8069,83.9663
5877,-5.5026,-59.8069,83.9663
5878,-5.8026,-59.5069,83.9663
5879,-6.1026,-59.2069,83.9663
5880,-6.4026,-59.2069,83.9663
5881,-6.7026,-58.9069,83.9663
5882,-7.0026,-58.6069,83.9663
5883,-7.0026,-58.3069,83.9663
5884,-7.3026,-58.0069,83.9663
5885,-7.6026,-57.7069,83.9663
5886,-7.6026,-57.4069,83.9663
5887,-7.6026,-57.1069,83.9663
5888,-7.9026,-56.8069,83.9663
5889,-7.9026,-56.5069,83.9663
5890,-8.2026,-56.5069,83.9663
5891,-8.5026,-56.5069,83.9663
5892,-8.8026,-56.5069,83.9663
5893,-9.1026,-56.5069,83.9663
5894,-9.4026,-56.5069,83.9663
5895,-9.7026,-56.5069,83.9663
5896,-10.0026,-56.5069,83.9663
5897,-10.3026,-56.5069,83.9663
5898,-10.6026,-56.5069,83.9663
5899,-10.9026,-56.5069,83.9663
5900,-11.2026,-56.5069,83.9663
5901,-11.5026,-56.5069,83.9663
5902,-11.8026,-56.5069,83.9663
5903,-12.1026,-56.5069,83.9663
5904,-12.4026,-56.5069,83.9663
5905,-12.7026,-56.5069,83.9663
5906,-13.0026,-56.5069,83.9663
5907,-13.3026,-56.5069,83.9663
5908,-13.6026,-56.5069,83.9663
5909,-13.9026,-56.5069,83.9663
5910,-14.2026,-56.5069,83.9663
5911,-14.5026,-56.5069,83.9663
5912,-14.8026,-56.5069,83.9663
5913,-15.1026,-56.5069,83.9663
5914,-15.4026,-56.5069,83.9663
5915,-15.7026,-56.5069,83.9663
5916,-16.0026,-56.5069,83.9663
5917,-16.3026,-56.5069,83.9663
5918,-16.6026,-56.5069,83.9663
5919,-16.9026,-56.5069,83.9663
5920,-17.2026,-56.5069,83.9663
5921,-17.5026,-56.5069,83.9663
5922,-17.8026,-56.5069,83.9663
5923,-18.1026,-56.5069,83.9663
5924,-18.4026,-56.5069,83.9663
5925,-18.7026,-56.5069,83.9663
5926,-19.0026,-56.5069,83.9663
5927,-19.3026,-56.5069,83.9663
5928,-19.6026,-56.5069,83.9663
5929,-19.9026,-56.5069,83.9663
5930,-20.2026,-56.5069,83.9663
5931,-20.5026,-56.5069,83.9663
5932,-20.8026,-56.2069,83.9663
5933,-21.1026,-56.2069,83.9663
5934,-21.4026,-55.9069,83.9663
5935,-21.7026,-55.9069,83.9663
5936,-22.0026,-55.9069,83.9663
5937,-22.3026,-55.9069,83.9663
5938,-22.6026,-55.9069,83.9663
5939,-22.9026,-55.9069,83.9663
5940,-23.2026,-55.9069,83.9663
5941,-23.5026,-55.9069,83.9663
5942,-23.8026,-55.9069,83.9663
5943,-24.1026,-55.9069,83.9663
5944,-24.4026,-55.9069,83.9663
5945,-24.7026,-55.9069,83.9663
5946,-25.0026,-55.9069,83.9663
5947,-25.3026,-55.9069,83.9663
5948,-25.6026,-55.9069,83.9663
5949,-25.9026,-55.9069,83.9663
5950,-26.2026,-55.9069,83.9663
5951,-26.5026,-55.9069,83.9663
5952,-26.8026,-55.9069,83.9663
5953,-27.1026,-55.9069,83.9663
5954,-27.4026,-55.9069,83.9663
5955,-27.7026,-55.9069,83.9663
5956,-28.0026,-55.9069,83.9663
5957,-28.3026,-55.9069,83.9663
5958,-28.6026,-55.6069,83.9663
5959,-28.9026,-55.6069,83.9663
5960,-29.2026,-55.6069,83.9663
5961,-29.5026,-55.3069,83.9663
5962,-29.8026,-55.3069,83.9663
5963,-30.1026,-55.0069,83.9663
5964,-30.4026,-54.7069,83.9663
5965,-30.7026,-54.4069,83.9663
5966,-31.0026,-54.1069,83.9663
5967,-31.3026,-53.8069,83.9663
5968,-31.6026,-53.5069,83.9663
5969,-31.9026,-53.2069,83.9663
5970,-32.2026,-52.9069,83.9663
5971,-32.2026,-52.6069,83.9663
5972,-32.5026,-52.3069,83.9663
5973,-32.5026,-52.0069,83.9663
5974,-32.8026,-51.7069,83.9663
5975,-32.8026,-51.4069,83.9663
5976,-32.8026,-51.1069,83.9663
5977,-32.8026,-50.8069,83.9663
5978,-32.8026,-51.1069,83.9663
5979,-32.8026,-51.4069,83.9663
5980,-32.8026,-51.7069,83.9663
5981,-32.8026,-52.0069,83.9663
5982,-32.5026,-52.3069,83.9663
5983,-32.2026,-52.6069,83.9663
5984,-32.2026,-52.9069,83.9663
5985,-31.9026,-53.2069,83.9663
5986,-31.6026,-53.5069,83.9663
5987,-31.3026,-53.8069,83.9663
5988,-31.0026,-54.1069,83.9663
5989,-30.7026,-54.4069,83.9663
5990,-30.4026,-54.7069,83.9663
5991,-30.1026,-55.0069,83.9663
5992,-29.8026,-55.3069,83.9663
5993,-29.5026,-55.3069,83.9663
5994,-29.2026,-55.6069,83.9663
5995,-28.9026,-55.6069,83.9663
5996,-28.6026,-55.6069,83.9663
5997,-28.3026,-55.9069,83.9663
5998,-28.0026,-55.9069,83.9663
5999,-27.7026,-55.9069,83.9663
6000,-27.4026,-55.9069,83.9663
6001,-27.1026,-55.9069,83.9663
6002,-26.8026,-55.9069,83.9663
6003,-26.5026,-55.9069,83.9663
6004,-26.2026,-55.9069,83.9663
6005,-25.9026,-55.9069,83.9663
6006,-25.6026,-55.9069,83.9663
6007,-25.3026,-55.9069,83.9663
6008,-25.0026,-55.9069,83.9663
6009,-24.7026,-55.9069,83.9663
6010,-24.4026,-55.9069,83.9663
6011,-24.1026,-55.9069,83.9663
6012,-23.8026,-55.9069,83.9663
6013,-23.5026,-55.9069,83.9663
6014,-23.2026,-55.9069,83.9663
6015,-22.9026,-55.9069,83.9663
6016,-22.6026,-55.9069,83.9663
6017,-22.3026,-55.9069,83.9663
6018,-22.0026,-55.9069,83.9663
6019,-21.7026,-55.9069,83.9663
6020,-21.4026,-55.9069,83.9663
6021,-21.1026,-55.9069,83.9663
6022,-20.8026,-55.9069,83.9663
6023,-20.5026,-55.9069,83.9663
6024,-20.2026,-55.9069,83.9663
6025,-19.9026,-55.9069,83.9663
6026,-19.6026,-55.9069,83.9663
6027,-19.3026,-55.9069,83.9663
6028,-19.0026,-55.9069,83.9663
6029,-18.7026,-55.9069,83.9663
6030,-18.4026,-55.9069,83.9663
6031,-18.1026,-55.9069,83.9663
6032,-17.8026,-55.9069,83.9663
6033,-17.5026,-55.9069,83.9663
6034,-17.2026,-55.9069,83.9663
6035,-16.9026,-55.9069,83.9663
6036,-16.6026,-55.9069,83.9663
6037,-16.3026,-55.9069,83.9663
6038,-16.0026,-55.9069,83.9663
6039,-15.7026,-55.9069,83.9663
6040,-15.4026,-55.9069,83.9663
6041,-15.1026,-56.2069,83.9663
6042,-14.8026,-56.2069,83.9663
6043,-14.5026,-56.2069,83.9663
6044,-14.2026,-56.2069,83.9663
6045,-13.9026,-56.2069,83.9663
6046,-13.6026,-56.2069,83.9663
6047,-13.3026,-56.2069,83.9663
6048,-13.0026,-56.2069,83.9663
6049,-12.7026,-56.2069,83.9663
6050,-12.4026,-56.2069,83.9663
6051,-12.1026,-56.2069,83.9663
6052,-11.8026,-56.2069,83.9663
6053,-11.5026,-56.2069,83.9663
6054,-11.2026,-56.2069,83.9663
6055,-10.9026,-56.2069,83.9663
6056,-10.6026,-56.2069,83.9663
6057,-10.3026,-56.2069,83.9663
6058,-10.0026,-56.2069,83.9663
6059,-9.7026,-56.2069,83.9663
6060,-9.4026,-56.2069,83.9663
6061,-9.1026,-56.5069,83.9663
6062,-8.8026,-56.8069,83.9663
6063,-8.5026,-57.1069,83.9663
6064,-8.2026,-57.4069,83.9663
6065,-7.9026,-57.7069,83.9663
6066,-7.6026,-58.0069,83.9663
6067,-7.3026,-58.3069,83.9663
6068,-7.0026,-58.6069,83.9663
6069,-6.7026,-58.9069,83.9663
6070,-6.4026,-59.2069,83.9663
6071,-6.1026,-59.2069,83.9663
6072,-5.8026,-59.5069,83.9663
6073,-5.5026,-59.8069,83.9663
6074,-5.2026,-59.8069,83.9663
6075,-4.9026,-59.8069,83.9663
6076,-4.6026,-59.8069,83.9663
6077,-4.3026,-60.1069,83.9663
6078,-4.0026,-60.1069,83.9663
6079,-3.7026,-60.1069,83.9663
6080,-3.4026,-60.1069,83.9663
6081,-3.1026,-60.1069,83.9663
6082,-2.8026,-60.1069,83.9663
6083,-2.5026,-60.4069,83.9663
6084,-2.2026,-60.7069,83.9663
6085,-1.9026,-61.0069,83.9663
6086,-1.6026,-61.3069,83.9663
6087,-1.3026,-61.6069,83.9663
6088,-1.0026,-61.9069,83.9663
6089,-0.7026,-62.2069,83.9663
6090,-0.4026,-62.5069,83.9663
6091,-0.1026,-62.8069,83.9663
6092,0.1974,-63.1069,83.9663
6093,0.4974,-63.4069,83.9663
6094,0.7974,-63.7069,83.9663
6095,1.0974,-63.7069,83.9663
6096,1.3974,-63.7069,83.9663
6097,1.6974,-63.7069,83.9663
6098,1.9974,-63.7069,83.9663
6099,2.2974,-63.7069,83.9663
6100,2.5974,-63.7069,83.9663
6101,2.8974,-63.7069,83.9663
6102,3.1974,-63.7069,83.9663
6103,3.4974,-63.7069,83.9663
6104,3.7974,-63.7069,83.9663
6105,4.0974,-63.7069,83.9663
6106,4.3974,-64.0069,83.6663
6107,4.6974,-64.0069,83.6663
6108,4.9974,-64.0069,83.6663
6109,5.2974,-64.0069,83.6663
6110,5.5974,-64.0069,83.6663
6111,5.8974,-64.0069,83.6663
6112,6.1974,-64.0069,83.6663
6113,6.4974,-64.0069,83.6663
6114,6.7974,-64.0069,83.6663
6115,7.0974,-64.0069,83.6663
6116,7.3974,-64.0069,83.6663
6117,7.6974,-64.0069,83.6663
6118,7.9974,-64.0069,83.6663
6119,8.2974,-64.0069,83.6663
6120,8.5974,-64.0069,83.6663
6121,8.8974,-64.0069,83.6663
6122,9.1974,-64.0069,83.6663
6123,9.4974,-64.0069,83.6663
6124,9.7974,-64.0069,83.6663
6125,10.0974,-64.0069,83.6663
6126,10.3974,-64.0069,83.6663
6127,10.6974,-64.0069,83.6663
6128,10.9974,-64.0069,83.6663
6129,11.2974,-64.0069,83.6663
6130,11.5974,-64.0069,83.6663
6131,11.8974,-64.0069,83.6663
6132,12.1974,-64.0069,83.6663
6133,12.4974,-64.0069,83.6663
6134,12.7974,-64.0069,83.6663
6135,13.0974,-64.0069,83.6663
6136,13.3974,-64.0069,83.6663
6137,13.6974,-64.0069,83.6663
6138,13.9974,-64.0069,83.6663
6139,14.2974,-64.0069,83.6663
6140,14.5974,-64.0069,83.6663
6141,14.8974,-64.0069,83.6663
6142,15.1974,-64.0069,83.6663
6143,15.4974,-64.0069,83.6663
6144,15.7974,-64.0069,83.6663
6145,16.0974,-64.0069,83.6663
6146,16.3974,-64.0069,83.6663
6147,16.6974,-64.0069,83.6663
6148,16.9974,-64.0069,83.6663
6149,17.2974,-64.0069,83.6663
6150,17.5974,-64.0069,83.6663
6151,17.8974,-64.0069,83.6663
6152,18.1974,-64.0069,83.6663
6153,18.4974,-64.0069,83.6663
6154,18.7974,-64.0069,83.6663
6155,19.0974,-64.0069,83.6663
6156,19.3974,-64.0069,83.6663
6157,19.6974,-64.0069,83.6663
6158,19.9974,-64.3069,83.6663
6159,20.2974,-64.3069,83.6663
6160,20.5974,-64.3069,83.6663
6161,20.8974,-64.3069,83.6663
6162,21.1974,-64.3069,83.6663
6163,21.4974,-64.3069,83.6663
6164,21.7974,-64.3069,83.6663
6165,22.0974,-64.3069,83.6663
6166,22.3974,-64.3069,83.6663
6167,22.6974,-64.3069,83.6663
6168,22.9974,-64.3069,83.6663
6169,23.2974,-64.3069,83.6663
6170,23.5974,-64.3069,83.6663
6171,23.8974,-64.3069,83.6663
6172,24.1974,-64.3069,83.6663
6173,24.4974,-64.3069,83.6663
6174,24.7974,-64.6069,83.6663
6175,25.0974,-64.6069,83.6663
6176,25.3974,-64.6069,83.6663
6177,25.6974,-64.6069,83.6663
6178,25.9974,-64.6069,83.6663
6179,26.2974,-64.6069,83.6663
6180,26.5974,-64.6069,83.6663
6181,26.8974,-64.9069,83.6663
6182,27.1974,-64.9069,83.6663
6183,27.4974,-65.2069,83.6663
6184,27.7974,-65.2069,83.6663
6185,28.0974,-65.2069,83.6663
6186,28.3974,-65.2069,83.6663
6187,28.6974,-65.2069,83.6663
6188,28.9974,-65.2069,83.6663
6189,29.2974,-65.2069,83.6663
6190,29.5974,-65.2069,83.6663
6191,29.8974,-65.2069,83.6663
6192,30.1974,-65.2069,83.6663
6193,30.4974,-64.9069,83.6663
6194,30.7974,-64.9069,83.6663
6195,31.0974,-64.9069,83.6663
6196,31.3974,-64.6069,83.9663
6197,31.0974,-64.6069,83.9663
6198,30.7974,-64.6069,83.9663
6199,30.4974,-64.6069,83.9663
6200,30.1974,-64.9069,83.6663
6201,29.8974,-65.2069,83.6663
6202,29.5974,-65.2069,83.6663
6203,29.2974,-65.2069,83.6663
6204,28.9974,-65.2069,83.6663
6205,28.6974,-65.2069,83.6663
6206,28.3974,-65.2069,83.6663
6207,28.0974,-65.2069,83.6663
6208,27.7974,-65.2069,83.6663
6209,27.4974,-65.2069,83.6663
6210,27.1974,-64.9069,83.6663
6211,26.8974,-64.9069,83.6663
6212,26.5974,-64.6069,83.6663
6213,26.2974,-64.6069,83.6663
6214,25.9974,-64.6069,83.6663
6215,25.6974,-64.6069,83.6663
6216,25.3974,-64.6069,83.6663
6217,25.0974,-64.6069,83.6663
6218,24.7974,-64.6069,83.6663
6219,24.4974,-64.6069,83.6663
6220,24.1974,-64.6069,83.6663
6221,23.8974,-64.6069,83.6663
6222,23.5974,-64.6069,83.6663
6223,23.2974,-64.6069,83.6663
6224,22.9974,-64.6069,83.6663
6225,22.6974,-64.6069,83.6663
6226,22.3974,-64.6069,83.6663
6227,22.0974,-64.6069,83.6663
6228,21.7974,-64.3069,83.6663
6229,21.4974,-64.3069,83.6663
6230,21.1974,-64.3069,83.6663
6231,20.8974,-64.3069,83.6663
6232,20.5974,-64.3069,83.6663
6233,20.2974,-64.3069,83.6663
6234,19.9974,-64.3069,83.6663
6235,19.6974,-64.0069,83.6663
6236,19.3974,-64.0069,83.6663
6237,19.0974,-64.0069,83.6663
6238,18.7974,-64.0069,83.6663
6239,18.4974,-63.7069,83.6663
6240,18.1974,-63.7069,83.6663
6241,17.8974,-63.4069,83.6663
6242,17.5974,-63.4069,83.6663
6243,17.2974,-63.1069,83.6663
6244,16.9974,-62.8069,83.6663
6245,16.6974,-62.5069,83.6663
6246,16.3974,-62.2069,83.6663
6247,16.0974,-61.9069,83.6663
6248,16.0974,-61.6069,83.6663
6249,15.7974,-61.3069,83.6663
6250,15.7974,-61.0069,83.6663
6251,15.7974,-60.7069,83.6663
6252,15.4974,-60.4069,83.6663
6253,15.4974,-60.1069,83.6663
6254,15.4974,-59.8069,83.6663
6255,15.4974,-59.5069,83.6663
6256,15.4974,-59.2069,83.6663
6257,15.4974,-58.9069,83.6663
6258,15.4974,-58.6069,83.6663
6259,15.4974,-58.3069,83.6663
6260,15.4974,-58.0069,83.6663
6261,15.4974,-57.7069,83.6663
6262,15.7974,-57.4069,83.9663
6263,15.7974,-57.7069,83.9663
6264,15.7974,-58.0069,83.9663
6265,15.7974,-58.3069,83.9663
6266,15.7974,-58.6069,83.9663
6267,15.7974,-58.9069,83.9663
6268,15.4974,-59.2069,83.6663
6269,15.4974,-59.5069,83.6663
6270,15.4974,-59.8069,83.6663
6271,15.4974,-60.1069,83.6663
6272,15.4974,-60.4069,83.6663
6273,15.7974,-60.7069,83.6663
6274,15.7974,-61.0069,83.6663
6275,15.7974,-61.3069,83.6663
6276,16.0974,-61.6069,83.6663
6277,16.0974,-61.9069,83.6663
6278,16.3974,-62.2069,83.6663
6279,16.6974,-62.5069,83.6663
6280,16.9974,-62.8069,83.6663
6281,17.2974,-63.1069,83.6663
6282,17.5974,-63.4069,83.6663
6283,17.8974,-63.4069,83.6663
6284,18.1974,-63.7069,83.6663
6285,18.4974,-63.7069,83.6663
6286,18.7974,-64.0069,83.6663
6287,19.0974,-64.0069,83.6663
6288,19.3974,-64.0069,83.6663
6289,19.6974,-64.0069,83.6663
6290,19.9974,-64.3069,83.6663
6291,20.2974,-64.3069,83.6663
6292,20.5974,-64.3069,83.6663
6293,20.8974,-64.3069,83.6663
6294,21.1974,-64.3069,83.6663
6295,21.4974,-64.3069,83.6663
6296,21.7974,-64.3069,83.6663
6297,22.0974,-64.3069,83.6663
6298,22.3974,-64.3069,83.6663
6299,22.6974,-64.3069,83.6663
6300,22.9974,-64.3069,83.6663
6301,23.2974,-64.3069,83.6663
6302,23.5974,-64.3069,83.6663
6303,23.8974,-64.3069,83.6663
6304,24.1974,-64.3069,83.6663
6305,24.4974,-64.3069,83.6663
6306,24.7974,-64.6069,83.6663
6307,25.0974,-64.6069,83.6663
6308,25.3974,-64.6069,83.6663
6309,25.6974,-64.6069,83.6663
6310,25.9974,-64.6069,83.6663
6311,26.2974,-64.6069,83.6663
6312,26.5974,-64.6069,83.6663
6313,26.8974,-64.9069,83.6663
6314,27.1974,-64.9069,83.6663
6315,27.4974,-65.2069,83.6663
6316,27.7974,-65.2069,83.6663
6317,28.0974,-65.2069,83.6663
6318,28.3974,-65.2069,83.6663
6319,28.6974,-65.2069,83.6663
6320,28.9974,-65.2069,83.6663
6321,29.2974,-65.2069,83.6663
6322,29.5974,-65.2069,83.6663
6323,29.8974,-65.2069,83.6663
6324,30.1974,-65.2069,83.6663
6325,30.4974,-65.2069,83.6663
6326,30.7974,-65.2069,83.6663
6327,31.0974,-65.2069,83.6663
6328,31.3974,-65.2069,83.6663
6329,31.6974,-65.2069,83.6663
6330,31.9974,-65.2069,83.6663
6331,32.2974,-65.2069,83.6663
6332,32.5974,-65.5069,83.6663
6333,32.8974,-65.8069,83.6663
6334,33.1974,-65.8069,83.6663
6335,33.4974,-66.1069,83.6663
6336,33.7974,-66.1069,83.6663
6337,34.0974,-66.1069,83.6663
6338,34.3974,-66.1069,83.6663
6339,34.6974,-66.1069,83.6663
6340,34.9974,-66.1069,83.6663
6341,35.2974,-66.1069,83.6663
6342,35.5974,-66.1069,83.6663
6343,35.8974,-66.4069,83.6663
6344,36.1974,-66.4069,83.6663
6345,36.4974,-66.7069,83.6663
6346,36.7974,-66.7069,83.6663
6347,37.0974,-66.7069,83.6663
6348,37.3974,-66.7069,83.6663
6349,37.6974,-66.7069,83.6663
6350,37.9974,-66.7069,83.6663
6351,38.2974,-66.7069,83.6663
6352,38.5974,-66.7069,83.6663
6353,38.8974,-67.0069,83.6663
6354,39.1974,-67.0069,83.6663
6355,39.4974,-67.3069,83.6663
6356,39.7974,-67.3069,83.6663
6357,40.0974,-67.3069,83.6663
6358,40.3974,-67.3069,83.6663
6359,40.6974,-67.3069,83.6663
6360,40.9974,-67.3069,83.6663
6361,41.2974,-67.3069,83.6663
6362,41.5974,-67.3069,83.6663
6363,41.8974,-67.6069,83.6663
6364,42.1974,-67.6069,83.6663
6365,42.4974,-67.9069,83.6663
6366,42.7974,-67.9069,83.6663
6367,43.0974,-67.9069,83.6663
6368,43.3974,-67.9069,83.6663
6369,43.6974,-67.9069,83.6663
6370,43.9974,-67.9069,83.6663
6371,44.2974,-67.9069,83.6663
6372,44.5974,-67.9069,83.6663
6373,44.8974,-67.9069,83.6663
6374,45.1974,-68.2069,83.6663
6375,45.4974,-68.2069,83.6663
6376,45.7974,-68.2069,83.6663
6377,46.0974,-68.2069,83.6663
6378,46.3974,-68.2069,83.6663
6379,46.6974,-68.2069,83.6663
6380,46.9974,-68.2069,83.6663
6381,47.2974,-68.2069,83.6663
6382,47.5974,-68.2069,83.6663
6383,47.8974,-68.5069,83.9663
6384,48.1974,-68.5069,83.9663
6385,48.4974,-68.5069,83.9663
6386,48.7974,-68.5069,83.9663
6387,49.0974,-68.5069,83.9663
6388,49.3974,-68.5069,83.9663
6389,49.6974,-68.5069,83.9663
6390,49.9974,-68.5069,83.9663
6391,50.2974,-68.5069,83.9663
6392,50.5974,-68.8069,84.2663
6393,50.8974,-68.8069,84.2663
6394,51.1974,-68.8069,84.2663
6395,51.4974,-68.8069,84.2663
6396,51.7974,-68.8069,84.2663
6397,52.0974,-68.8069,84.2663
6398,52.3974,-68.8069,84.2663
6399,52.6974,-68.8069,84.2663
6400,52.9974,-68.8069,84.2663
6401,53.2974,-68.8069,84.2663
6402,53.5974,-68.8069,84.2663
6403,53.8974,-68.8069,84.2663
6404,54.1974,-68.8069,84.2663
6405,54.4974,-68.8069,84.2663
6406,54.7974,-68.8069,84.2663
6407,55.0974,-68.5069,83.9663
6408,54.7974,-68.5069,83.9663
6409,54.4974,-68.5069,83.9663
6410,54.1974,-68.8069,84.2663
6411,53.8974,-68.8069,84.2663
6412,53.5974,-68.8069,84.2663
6413,53.2974,-68.8069,84.2663
6414,52.9974,-68.8069,84.2663
6415,52.6974,-68.8069,84.2663
6416,52.3974,-68.8069,84.2663
6417,52.0974,-68.8069,84.2663
6418,51.7974,-68.8069,84.2663
6419,51.4974,-68.8069,84.2663
6420,51.1974,-68.8069,84.2663
6421,50.8974,-68.8069,84.2663
6422,50.5974,-68.8069,84.2663
6423,50.2974,-68.8069,84.2663
6424,49.9974,-68.8069,84.2663
6425,49.6974,-68.8069,84.2663
6426,49.3974,-68.8069,84.2663
6427,49.0974,-68.8069,84.2663
6428,48.7974,-68.8069,84.2663
6429,48.4974,-68.8069,84.2663
6430,48.1974,-68.8069,84.2663
6431,47.8974,-68.8069,84.2663
6432,47.5974,-68.8069,84.2663
6433,47.2974,-68.8069,84.2663
6434,46.9974,-68.8069,84.2663
6435,46.6974,-68.8069,84.2663
6436,46.3974,-68.8069,84.2663
6437,46.0974,-68.8069,84.2663
6438,45.7974,-68.8069,84.2663
6439,45.4974,-68.8069,84.2663
6440,45.1974,-68.8069,84.2663
6441,44.8974,-68.8069,84.2663
6442,44.5974,-68.8069,84.2663
6443,44.2974,-68.8069,84.2663
6444,43.9974,-68.8069,84.2663
6445,43.6974,-68.8069,84.2663
6446,43.3974,-68.8069,84.2663
6447,43.0974,-68.8069,84.2663
6448,42.7974,-68.8069,84.2663
6449,42.4974,-68.8069,84.2663
6450,42.1974,-68.8069,84.2663
6451,41.8974,-68.8069,84.2663
6452,41.5974,-68.8069,84.2663
6453,41.2974,-68.8069,84.2663
6454,40.9974,-68.8069,84.2663
6455,40.6974,-68.8069,84.2663
6456,40.3974,-68.8069,84.2663
6457,40.0974,-68.8069,84.2663
6458,39.7974,-68.8069,84.2663
6459,39.4974,-68.8069,84.2663
6460,39.1974,-68.8069,84.2663
6461,38.8974,-68.8069,84.2663
6462,38.5974,-68.8069,84.2663
6463,38.2974,-68.8069,84.2663
6464,37.9974,-68.8069,84.2663
6465,37.6974,-68.8069,84.2663
6466,37.3974,-68.5069,84.2663
6467,37.0974,-68.2069,83.9663
6468,36.7974,-67.9069,83.6663
6469,36.4974,-67.9069,83.6663
6470,36.1974,-67.9069,83.6663
6471,35.8974,-67.9069,83.6663
6472,35.5974,-67.9069,83.6663
6473,35.2974,-67.9069,83.6663
6474,34.9974,-67.9069,83.6663
6475,34.6974,-67.9069,83.6663
6476,34.3974,-67.9069,83.6663
6477,34.0974,-67.9069,83.6663
6478,33.7974,-67.9069,83.6663
6479,33.4974,-67.9069,83.6663
6480,33.1974,-67.9069,83.6663
6481,32.8974,-67.9069,83.6663
6482,32.5974,-67.9069,83.6663
6483,32.2974,-67.9069,83.6663
6484,31.9974,-67.9069,83.6663
6485,31.6974,-67.9069,83.6663
6486,31.3974,-67.9069,83.6663
6487,31.0974,-67.9069,83.6663
6488,30.7974,-67.9069,83.6663
6489,30.4974,-67.9069,83.6663
6490,30.1974,-67.9069,83.6663
6491,29.8974,-67.9069,83.6663
6492,29.5974,-67.9069,83.6663
6493,29.2974,-67.9069,83.6663
6494,28.9974,-67.9069,83.6663
6495,28.6974,-67.9069,83.6663
6496,28.3974,-67.9069,83.6663
6497,28.0974,-67.9069,83.6663
6498,27.7974,-67.9069,83.6663
6499,27.4974,-67.9069,83.6663
6500,27.1974,-67.9069,83.6663
6501,26.8974,-67.9069,83.6663
6502,26.5974,-67.6069,83.6663
6503,26.2974,-67.6069,83.6663
6504,25.9974,-67.3069,83.6663
6505,25.6974,-67.3069,83.6663
6506,25.3974,-67.0069,83.6663
6507,25.0974,-67.0069,83.6663
6508,24.7974,-67.0069,83.6663
6509,24.4974,-66.7069,83.6663
6510,24.1974,-66.7069,83.6663
6511,23.8974,-66.4069,83.6663
6512,23.5974,-66.4069,83.6663
6513,23.2974,-66.1069,83.6663
6514,22.9974,-66.1069,83.6663
6515,22.6974,-65.8069,83.6663
6516,22.3974,-65.8069,83.6663
6517,22.0974,-65.5069,83.6663
6518,21.7974,-65.5069,83.6663
6519,21.4974,-65.5069,83.6663
6520,21.1974,-65.2069,83.6663
6521,20.8974,-65.2069,83.6663
6522,20.5974,-64.9069,83.6663
6523,20.2974,-64.9069,83.6663
6524,19.9974,-64.6069,83.6663
6525,19.6974,-64.6069,83.6663
6526,19.3974,-64.3069,83.6663
6527,19.0974,-64.3069,83.6663
6528,18.7974,-64.3069,83.6663
6529,18.4974,-64.0069,83.9663
6530,18.1974,-64.0069,83.9663
6531,17.8974,-64.0069,83.9663
6532,17.5974,-64.0069,83.9663
6533,17.2974,-64.0069,83.9663
6534,16.9974,-64.0069,83.9663
6535,16.6974,-64.0069,83.9663
6536,16.3974,-64.0069,83.9663
6537,16.0974,-64.0069,83.9663
6538,15.7974,-64.0069,83.9663
6539,15.4974,-63.7069,83.6663
6540,15.1974,-63.7069,83.6663
6541,14.8974,-63.7069,83.6663
6542,14.5974,-63.7069,83.6663
6543,14.2974,-63.7069,83.6663
6544,13.9974,-63.7069,83.6663
6545,13.6974,-63.7069,83.6663
6546,13.3974,-63.7069,83.6663
6547,13.0974,-63.7069,83.6663
6548,12.7974,-63.7069,83.6663
6549,12.4974,-63.7069,83.6663
6550,12.1974,-63.7069,83.6663
6551,11.8974,-63.7069,83.6663
6552,11.5974,-63.7069,83.6663
6553,11.2974,-63.7069,83.6663
6554,10.9974,-63.7069,83.6663
6555,10.6974,-63.7069,83.6663
6556,10.3974,-63.7069,83.6663
6557,10.0974,-63.7069,83.6663
6558,9.7974,-63.7069,83.6663
6559,9.4974,-63.7069,83.6663
6560,9.1974,-63.4069,83.6663
6561,8.8974,-63.1069,83.6663
6562,8.5974,-62.8069,83.6663
6563,8.2974,-62.5069,83.6663
6564,7.9974,-62.2069,83.6663
6565,7.6974,-62.2069,83.6663
6566,7.3974,-61.9069,83.6663
6567,7.0974,-61.9069,83.6663
6568,6.7974,-61.6069,83.6663
6569,6.4974,-61.6069,83.6663
6570,6.1974,-61.3069,83.6663
6571,5.8974,-61.3069,83.6663
6572,5.5974,-61.0069,83.6663
6573,5.2974,-61.0069,83.6663
6574,4.9974,-61.0069,83.6663
6575,4.6974,-60.7069,83.6663
6576,4.3974,-60.7069,83.6663
6577,4.0974,-60.4069,83.6663
6578,3.7974,-60.4069,83.6663
6579,3.4974,-60.1069,83.6663
6580,3.1974,-60.1069,83.6663
6581,2.8974,-60.1069,83.6663
6582,2.5974,-60.1069,83.6663
6583,2.2974,-60.1069,83.6663
6584,1.9974,-60.1069,83.6663
6585,1.6974,-60.1069,83.6663
6586,1.3974,-60.1069,83.6663
6587,1.0974,-60.1069,83.6663
6588,0.7974,-60.1069,83.6663
6589,0.4974,-60.1069,83.6663
6590,0.1974,-60.1069,83.6663
6591,-0.1026,-60.1069,83.6663
6592,-0.4026,-60.1069,83.6663
6593,-0.7026,-60.1069,83.6663
6594,-1.0026,-60.1069,83.6663
6595,-1.3026,-60.1069,83.6663
6596,-1.6026,-60.1069,83.6663
6597,-1.9026,-60.1069,83.6663
6598,-2.2026,-60.1069,83.6663
6599,-2.5026,-60.1069,83.6663
6600,-2.8026,-60.1069,83.6663
6601,-3.1026,-60.1069,83.6663
6602,-3.4026,-60.1069,83.6663
6603,-3.7026,-60.1069,83.6663
6604,-4.0026,-60.1069,83.6663
6605,-4.3026,-60.1069,83.6663
6606,-4.6026,-60.1069,83.6663
6607,-4.9026,-59.8069,83.6663
6608,-5.2026,-59.8069,83.6663
6609,-5.5026,-59.8069,83.6663
6610,-5.8026,-59.5069,83.6663
6611,-6.1026,-59.5069,83.6663
6612,-6.4026,-59.2069,83.6663
6613,-6.7026,-58.9069,83.6663
6614,-7.0026,-58.6069,83.6663
6615,-7.3026,-58.3069,83.6663
6616,-7.3026,-58.0069,83.6663
6617,-7.6026,-57.7069,83.6663
6618,-7.6026,-57.4069,83.6663
6619,-7.6026,-57.1069,83.6663
6620,-7.9026,-56.8069,83.9663
6621,-7.9026,-56.5069,83.9663
6622,-7.9026,-56.2069,83.9663
6623,-7.9026,-55.9069,83.9663
6624,-7.9026,-55.6069,83.9663
6625,-7.9026,-55.3069,83.9663
6626,-7.9026,-55.0069,83.9663
6627,-7.9026,-55.3069,83.9663
6628,-7.9026,-55.6069,83.9663
6629,-7.9026,-55.9069,83.9663
6630,-7.9026,-56.2069,83.9663
6631,-7.9026,-56.5069,83.9663
6632,-7.9026,-56.8069,83.9663
6633,-7.6026,-57.1069,83.9663
6634,-7.6026,-57.4069,83.9663
6635,-7.6026,-57.7069,83.9663
6636,-7.3026,-58.0069,83.9663
6637,-7.0026,-58.3069,83.9663
6638,-7.0026,-58.6069,83.9663
6639,-6.7026,-58.9069,83.6663
6640,-6.4026,-59.2069,83.6663
6641,-6.1026,-59.5069,83.6663
6642,-5.8026,-59.5069,83.6663
6643,-5.5026,-59.8069,83.6663
6644,-5.2026,-59.8069,83.6663
6645,-4.9026,-59.8069,83.6663
6646,-4.6026,-60.1069,83.6663
6647,-4.3026,-60.1069,83.6663
6648,-4.0026,-60.1069,83.6663
6649,-3.7026,-60.1069,83.6663
6650,-3.4026,-60.1069,83.6663
6651,-3.1026,-60.1069,83.6663
6652,-2.8026,-60.1069,83.6663
6653,-2.5026,-60.1069,83.6663
6654,-2.2026,-60.1069,83.6663
6655,-1.9026,-60.1069,83.6663
6656,-1.6026,-60.1069,83.6663
6657,-1.3026,-60.1069,83.6663
6658,-1.0026,-60.1069,83.6663
6659,-0.7026,-60.1069,83.6663
6660,-0.4026,-60.1069,83.6663
6661,-0.1026,-60.1069,83.6663
6662,0.1974,-60.1069,83.6663
6663,0.4974,-60.1069,83.6663
6664,0.7974,-60.1069,83.6663
6665,1.0974,-60.1069,83.6663
6666,1.3974,-60.1069,83.6663
6667,1.6974,-60.1069,83.6663
6668,1.9974,-60.1069,83.6663
6669,2.2974,-60.1069,83.6663
6670,2.5974,-60.1069,83.6663
6671,2.8974,-60.1069,83.6663
6672,3.1974,-60.1069,83.6663
6673,3.4974,-60.1069,83.6663
6674,3.7974,-60.1069,83.6663
6675,4.0974,-60.1069,83.6663
6676,4.3974,-60.1069,83.6663
6677,4.6974,-60.1069,83.6663
6678,4.9974,-60.1069,83.6663
6679,5.2974,-60.1069,83.6663
6680,5.5974,-60.1069,83.6663
6681,5.8974,-60.1069,83.6663
6682,6.1974,-60.1069,83.6663
6683,6.4974,-60.1069,83.6663
6684,6.7974,-60.1069,83.6663
6685,7.0974,-60.1069,83.6663
6686,7.3974,-60.1069,83.6663
6687,7.6974,-60.1069,83.6663
6688,7.9974,-60.1069,83.6663
6689,8.2974,-60.1069,83.6663
6690,8.5974,-60.1069,83.6663
6691,8.8974,-60.1069,83.6663
6692,9.1974,-60.1069,83.6663
6693,9.4974,-60.1069,83.6663
6694,9.7974,-60.1069,83.6663
6695,10.0974,-60.1069,83.6663
6696,10.3974,-60.1069,83.6663
6697,10.6974,-60.1069,83.6663
6698,10.9974,-60.1069,83.6663
6699,11.2974,-60.1069,83.6663
6700,11.5974,-60.1069,83.6663
6701,11.8974,-60.1069,83.6663
6702,12.1974,-60.1069,83.6663
6703,12.4974,-60.1069,83.6663
6704,12.7974,-60.1069,83.6663
6705,13.0974,-60.1069,83.6663
6706,13.3974,-60.1069,83.6663
6707,13.6974,-60.1069,83.6663
6708,13.9974,-60.1069,83.6663
6709,14.2974,-60.1069,83.6663
6710,14.5974,-60.4069,83.6663
6711,14.8974,-60.7069,83.6663
6712,15.1974,-61.0069,83.6663
6713,15.4974,-61.3069,83.6663
6714,15.7974,-61.6069,83.6663
6715,16.0974,-61.9069,83.6663
6716,16.3974,-62.2069,83.6663
6717,16.6974,-62.5069,83.6663
6718,16.9974,-62.8069,83.6663
6719,17.2974,-63.1069,83.6663
6720,17.5974,-63.4069,83.6663
6721,17.8974,-63.4069,83.6663
6722,18.1974,-63.7069,83.6663
6723,18.4974,-63.7069,83.6663
6724,18.7974,-64.0069,83.6663
6725,19.0974,-64.0069,83.6663
6726,19.3974,-64.0069,83.6663
6727,19.6974,-64.0069,83.6663
6728,19.9974,-64.3069,83.6663
6729,20.2974,-64.3069,83.6663
6730,20.5974,-64.3069,83.6663
6731,20.8974,-64.6069,83.6663
6732,21.1974,-64.9069,83.6663
6733,21.4974,-65.2069,83.6663
6734,21.7974,-65.5069,83.6663
6735,22.0974,-65.8069,83.6663
6736,22.3974,-66.1069,83.6663
6737,22.6974,-66.4069,83.6663
6738,22.9974,-66.7069,83.6663
6739,23.2974,-67.0069,83.6663
6740,23.5974,-67.3069,83.6663
6741,23.8974,-67.3069,83.6663
6742,24.1974,-67.3069,83.6663
6743,24.4974,-67.3069,83.6663
6744,24.7974,-67.3069,83.6663
6745,25.0974,-67.3069,83.6663
6746,25.3974,-67.3069,83.6663
6747,25.6974,-67.3069,83.6663
6748,25.9974,-67.3069,83.6663
6749,26.2974,-67.3069,83.6663
6750,26.5974,-67.3069,83.6663
6751,26.8974,-67.3069,83.6663
6752,27.1974,-67.3069,83.6663
6753,27.4974,-67.3069,83.6663
6754,27.7974,-67.3069,83.6663
6755,28.0974,-67.3069,83.6663
6756,28.3974,-67.3069,83.6663
6757,28.6974,-67.3069,83.6663
6758,28.9974,-67.3069,83.6663
6759,29.2974,-67.3069,83.6663
6760,29.5974,-67.3069,83.6663
6761,29.8974,-67.3069,83.6663
6762,30.1974,-67.3069,83.6663
6763,30.4974,-67.3069,83.6663
6764,30.7974,-67.3069,83.6663
6765,31.0974,-67.3069,83.6663
6766,31.3974,-67.3069,83.6663
6767,31.6974,-67.3069,83.6663
6768,31.9974,-67.3069,83.6663
6769,32.2974,-67.3069,83.6663
6770,32.5974,-67.3069,83.6663
6771,32.8974,-67.3069,83.6663
6772,33.1974,-67.3069,83.6663
6773,33.4974,-67.3069,83.6663
6774,33.7974,-67.3069,83.6663
6775,34.0974,-67.3069,83.6663
6776,34.3974,-67.3069,83.6663
6777,34.6974,-67.3069,83.6663
6778,34.9974,-67.3069,83.6663
6779,35.2974,-67.3069,83.6663
6780,35.5974,-67.3069,83.6663
6781,35.8974,-67.3069,83.6663
6782,36.1974,-67.3069,83.6663
6783,36.4974,-67.3069,83.6663
6784,36.7974,-67.3069,83.6663
6785,37.0974,-67.3069,83.6663
6786,37.3974,-67.3069,83.6663
6787,37.6974,-67.3069,83.6663
6788,37.9974,-67.3069,83.6663
6789,38.2974,-67.3069,83.6663
6790,38.5974,-67.3069,83.6663
6791,38.8974,-67.3069,83.6663
6792,39.1974,-67.3069,83.6663
6793,39.4974,-67.3069,83.6663
6794,39.7974,-67.3069,83.6663
6795,40.0974,-67.3069,83.6663
6796,40.3974,-67.3069,83.6663
6797,40.6974,-67.3069,83.6663
6798,40.9974,-67.3069,83.6663
6799,41.2974,-67.3069,83.6663
6800,41.5974,-67.3069,83.6663
6801,41.8974,-67.6069,83.9663
6802,42.1974,-67.6069,83.9663
6803,50.7397,-68.7498,84.1000
6804,50.8974,-68.8069,83.9663
6805,51.1974,-69.1069,83.9663
6806,51.4974,-69.1069,83.9663
6807,51.7974,-69.1069,83.9663
6808,52.0974,-69.1069,83.9663
6809,52.3974,-69.1069,83.9663
6810,52.6974,-69.1069,83.9663
6811,52.9974,-69.4069,83.9663
6812,53.2974,-69.4069,83.9663
6813,53.5974,-69.4069,83.9663
6814,53.8974,-69.4069,83.9663
6815,54.1974,-69.4069,83.9663
6816,54.4974,-69.4069,83.9663
6817,54.7974,-69.4069,83.9663
6818,55.0974,-69.4069,83.9663
6819,55.3974,-69.7069,83.9663
6820,55.6974,-69.7069,83.9663
6821,55.9974,-69.7069,83.9663
6822,56.2974,-69.7069,83.9663
6823,56.5974,-69.7069,83.9663
6824,56.8974,-69.7069,83.9663
6825,57.1974,-70.0069,83.9663
6826,57.4974,-70.0069,83.9663
6827,57.7974,-70.0069,83.9663
6828,58.0974,-70.0069,83.9663
6829,58.3974,-70.0069,83.9663
6830,58.6974,-70.0069,83.9663
6831,58.9974,-70.0069,83.9663
6832,59.2974,-70.0069,83.9663
6833,59.5974,-70.0069,83.9663
6834,59.8974,-70.3069,83.9663
6835,60.1974,-70.3069,83.9663
6836,60.4974,-70.3069,83.9663
6837,60.7974,-70.3069,83.9663
6838,61.0974,-70.3069,83.9663
6839,61.3974,-70.3069,83.9663
6840,61.6974,-70.3069,83.9663
6841,61.9974,-70.3069,83.9663
6842,62.2974,-70.3069,83.9663
6843,62.5974,-70.6069,83.9663
6844,62.8974,-70.6069,83.9663
6845,63.1974,-70.9069,83.9663
6846,63.4974,-70.9069,83.9663
6847,63.7974,-70.9069,83.9663
6848,64.0974,-70.9069,83.9663
6849,64.3974,-71.2069,83.9663
6850,64.6974,-71.5069,83.9663
6851,64.9974,-71.5069,83.9663
6852,65.2974,-71.5069,83.9663
6853,65.5974,-71.8069,83.9663
6854,65.8974,-71.8069,83.9663
6855,66.1974,-71.8069,83.9663
6856,66.4974,-72.1069,83.9663
6857,66.7974,-72.1069,83.9663
6858,67.0974,-72.1069,83.9663
6859,67.3974,-72.1069,83.9663
6860,67.6974,-72.1069,83.9663
6861,67.9974,-72.1069,83.9663
6862,68.2974,-72.1069,83.9663
6863,68.5974,-72.1069,83.9663
6864,68.8974,-71.8069,83.9663
6865,69.1974,-71.8069,83.9663
6866,69.4974,-71.5069,83.9663
6867,69.7974,-71.5069,83.9663
6868,70.0974,-71.2069,83.9663
6869,70.3974,-71.2069,83.9663
6870,70.6974,-70.9069,83.9663
6871,70.3974,-70.9069,83.9663
6872,70.0974,-71.2069,83.9663
6873,69.7974,-71.5069,83.9663
6874,69.4974,-71.5069,83.9663
6875,69.1974,-71.8069,83.9663
6876,68.8974,-71.8069,83.9663
6877,68.5974,-72.1069,83.6663
6878,68.2974,-72.1069,83.6663
6879,67.9974,-72.1069,83.6663
6880,67.6974,-72.1069,83.6663
6881,67.3974,-72.1069,83.6663
6882,67.0974,-72.1069,83.6663
6883,66.7974,-72.1069,83.6663
6884,66.4974,-72.1069,83.6663
6885,66.1974,-72.1069,83.6663
6886,65.8974,-72.1069,83.6663
6887,65.5974,-72.1069,83.6663
6888,65.2974,-72.1069,83.6663
6889,64.9974,-72.1069,83.6663
6890,64.6974,-72.1069,83.6663
6891,64.3974,-72.1069,83.6663
6892,64.0974,-72.1069,83.6663
6893,63.7974,-72.1069,83.6663
6894,63.4974,-72.1069,83.6663
6895,63.1974,-72.1069,83.6663
6896,62.8974,-72.1069,83.6663
6897,62.5974,-72.1069,83.6663
6898,62.2974,-72.1069,83.6663
6899,61.9974,-72.1069,83.6663
6900,61.6974,-72.1069,83.6663
6901,61.3974,-72.1069,83.6663
6902,61.0974,-72.1069,83.6663
6903,60.7974,-72.1069,83.6663
6904,60.4974,-72.1069,83.6663
6905,60.1974,-72.1069,83.6663
6906,59.8974,-72.1069,83.6663
6907,59.5974,-72.1069,83.6663
6908,59.2974,-72.1069,83.6663
6909,58.9974,-72.1069,83.6663
6910,58.6974,-72.1069,83.6663
6911,58.3974,-72.1069,83.6663
6912,58.0974,-72.1069,83.6663
6913,57.7974,-72.1069,83.6663
6914,57.4974,-72.1069,83.6663
6915,57.1974,-72.1069,83.6663
6916,56.8974,-72.1069,83.6663
6917,56.5974,-72.1069,83.6663
6918,56.2974,-72.1069,83.6663
6919,55.9974,-72.1069,83.6663
6920,55.6974,-72.1069,83.6663
6921,55.3974,-72.1069,83.6663
6922,55.0974,-72.1069,83.6663
6923,54.7974,-72.1069,83.6663
6924,54.4974,-72.1069,83.6663
6925,54.1974,-72.1069,83.6663
6926,53.8974,-72.1069,83.6663
6927,53.5974,-72.1069,83.6663
6928,53.2974,-72.1069,83.6663
6929,52.9974,-72.1069,83.6663
6930,52.6974,-72.1069,83.6663
6931,52.3974,-72.1069,83.6663
6932,52.0974,-72.1069,83.6663
6933,51.7974,-72.1069,83.6663
6934,51.4974,-72.1069,83.6663
6935,51.1974,-72.1069,83.6663
6936,50.8974,-72.1069,83.6663
6937,50.5974,-72.1069,83.6663
6938,50.2974,-72.1069,83.6663
6939,49.9974,-72.1069,83.6663
6940,49.6974,-72.1069,83.6663
6941,49.3974,-72.1069,83.6663
6942,49.0974,-72.1069,83.6663
6943,48.7974,-72.1069,83.6663
6944,48.4974,-72.1069,83.6663
6945,48.1974,-72.1069,83.6663
6946,47.8974,-72.1069,83.6663
6947,47.5974,-72.1069,83.6663
6948,47.2974,-72.1069,83.6663
6949,46.9974,-72.1069,83.6663
6950,46.6974,-72.1069,83.6663
6951,46.3974,-72.1069,83.6663
6952,46.0974,-72.1069,83.6663
6953,45.7974,-72.1069,83.6663
6954,45.4974,-72.1069,83.6663
6955,45.1974,-72.1069,83.6663
6956,44.8974,-72.1069,83.6663
6957,44.5974,-72.1069,83.6663
6958,44.2974,-72.1069,83.6663
6959,43.9974,-72.1069,83.6663
6960,43.6974,-72.1069,83.6663
6961,43.3974,-72.1069,83.6663
6962,43.0974,-72.1069,83.6663
6963,42.7974,-72.1069,83.6663
6964,42.4974,-72.1069,83.6663
6965,42.1974,-72.1069,83.6663
6966,41.8974,-72.1069,83.6663
6967,41.5974,-72.1069,83.6663
6968,41.2974,-72.1069,83.6663
6969,40.9974,-71.8069,83.6663
6970,40.6974,-71.8069,83.6663
6971,40.3974,-71.5069,83.6663
6972,40.0974,-71.2069,83.6663
6973,39.7974,-70.9069,83.6663
6974,39.4974,-70.6069,83.6663
6975,39.1974,-70.3069,83.6663
6976,38.8974,-70.0069,83.6663
6977,38.5974,-69.7069,83.6663
6978,38.2974,-69.4069,83.6663
6979,37.9974,-69.1069,83.6663
6980,37.6974,-68.8069,83.6663
6981,37.3974,-68.5069,83.6663
6982,37.0974,-68.2069,83.6663
6983,36.7974,-67.9069,83.6663
6984,36.4974,-67.6069,83.6663
6985,36.1974,-67.3069,83.6663
6986,35.8974,-67.0069,83.6663
6987,35.5974,-66.7069,83.6663
6988,35.2974,-66.4069,83.6663
6989,34.9974,-66.4069,83.6663
6990,34.6974,-66.4069,83.6663
6991,34.3974,-66.4069,83.6663
6992,34.0974,-66.4069,83.6663
6993,33.7974,-66.4069,83.6663
6994,33.4974,-66.4069,83.6663
6995,33.1974,-66.4069,83.6663
6996,32.8974,-66.4069,83.6663
6997,32.5974,-66.4069,83.6663
6998,32.2974,-66.4069,83.6663
6999,31.9974,-66.4069,83.6663
7000,31.6974,-66.4069,83.6663
7001,31.3974,-66.4069,83.6663
7002,31.0974,-66.4069,83.6663
7003,30.7974,-66.4069,83.6663
7004,30.4974,-66.4069,83.6663
7005,30.1974,-66.4069,83.6663
7006,29.8974,-66.4069,83.6663
7007,29.5974,-66.4069,83.6663
7008,29.2974,-66.4069,83.6663
7009,28.9974,-66.4069,83.6663
7010,28.6974,-66.4069,83.6663
7011,28.3974,-66.1069,83.6663
7012,28.0974,-66.1069,83.6663
7013,27.7974,-65.8069,83.6663
7014,27.4974,-65.8069,83.6663
7015,27.1974,-65.5069,83.6663
7016,26.8974,-65.5069,83.6663
7017,26.5974,-65.2069,83.6663
7018,26.2974,-65.2069,83.6663
7019,25.9974,-65.2069,83.6663
7020,25.6974,-64.9069,83.6663
7021,25.3974,-64.9069,83.6663
7022,25.0974,-64.6069,83.6663
7023,24.7974,-64.6069,83.6663
7024,24.4974,-64.3069,83.6663
7025,24.1974,-64.3069,83.6663
7026,23.8974,-64.0069,83.6663
7027,23.5974,-64.0069,83.6663
7028,23.2974,-64.0069,83.6663
7029,22.9974,-63.7069,83.9663
7030,23.2974,-63.7069,83.9663
7031,23.5974,-64.0069,83.6663
7032,23.8974,-64.0069,83.6663
7033,24.1974,-64.3069,83.6663
7034,24.4974,-64.3069,83.6663
7035,24.7974,-64.6069,83.6663
7036,25.0974,-64.6069,83.6663
7037,25.3974,-64.6069,83.6663
7038,25.6974,-64.6069,83.6663
7039,25.9974,-64.6069,83.6663
7040,26.2974,-64.6069,83.6663
7041,26.5974,-64.6069,83.6663
7042,26.8974,-64.9069,83.6663
7043,27.1974,-64.9069,83.6663
7044,27.4974,-65.2069,83.6663
7045,27.7974,-65.2069,83.6663
7046,28.0974,-65.2069,83.6663
7047,28.3974,-65.2069,83.6663
7048,28.6974,-65.2069,83.6663
7049,28.9974,-65.2069,83.6663
7050,29.2974,-65.2069,83.6663
7051,29.5974,-65.2069,83.6663
7052,29.8974,-65.2069,83.6663
7053,30.1974,-65.2069,83.6663
7054,30.4974,-65.2069,83.6663
7055,30.7974,-65.2069,83.6663
7056,31.0974,-65.2069,83.6663
7057,31.3974,-65.2069,83.6663
7058,31.6974,-65.2069,83.6663
7059,31.9974,-65.2069,83.6663
7060,32.2974,-65.2069,83.6663
7061,32.5974,-65.5069,83.6663
7062,32.8974,-65.8069,83.6663
7063,33.1974,-65.8069,83.6663
7064,33.4974,-66.1069,83.6663
7065,33.7974,-66.1069,83.6663
7066,34.0974,-66.1069,83.6663
7067,34.3974,-66.1069,83.6663
7068,34.6974,-66.1069,83.6663
7069,34.9974,-66.1069,83.6663
7070,35.2974,-66.1069,83.6663
7071,35.5974,-66.1069,83.6663
7072,35.8974,-66.4069,83.6663
7073,36.1974,-66.4069,83.6663
7074,36.4974,-66.7069,83.6663
7075,36.7974,-66.7069,83.6663
7076,37.0974,-66.7069,83.6663
7077,37.3974,-66.7069,83.6663
7078,37.6974,-66.7069,83.6663
7079,37.9974,-66.7069,83.6663
7080,38.2974,-66.7069,83.6663
7081,38.5974,-66.7069,83.6663
7082,38.8974,-67.0069,83.6663
7083,39.1974,-67.0069,83.6663
7084,39.4974,-67.3069,83.6663
7085,39.7974,-67.3069,83.6663
7086,40.0974,-67.3069,83.6663
7087,40.3974,-67.3069,83.6663
7088,40.6974,-67.3069,83.6663
7089,40.9974,-67.3069,83.6663
7090,41.2974,-67.3069,83.6663
7091,41.5974,-67.3069,83.6663
7092,41.8974,-67.6069,83.6663
7093,42.1974,-67.6069,83.6663
7094,42.4974,-67.9069,83.9663
7095,42.7974,-67.9069,83.9663
7096,43.0974,-67.9069,83.9663
7097,43.3974,-67.9069,83.9663
7098,43.6974,-67.9069,83.9663
7099,43.9974,-67.9069,83.9663
7100,44.2974,-67.9069,83.9663
7101,44.5974,-67.9069,83.9663
7102,44.8974,-67.9069,83.9663
7103,45.1974,-67.9069,83.9663
7104,45.4974,-67.9069,83.9663
7105,45.7974,-67.9069,83.9663
7106,46.0974,-67.9069,83.9663
7107,46.3974,-67.9069,83.9663
7108,46.6974,-67.9069,83.9663
7109,46.3974,-67.9069,83.9663
7110,46.0974,-67.9069,83.9663
7111,45.7974,-67.9069,83.9663
7112,45.4974,-67.9069,83.9663
7113,45.1974,-67.9069,83.9663
7114,44.8974,-67.9069,83.9663
7115,44.5974,-67.9069,83.9663
7116,44.2974,-67.9069,83.9663
7117,43.9974,-67.9069,83.9663
7118,43.6974,-67.9069,83.9663
7119,43.3974,-67.9069,83.9663
7120,43.0974,-67.9069,83.9663
7121,42.7974,-67.9069,83.9663
7122,42.4974,-67.9069,83.9663
7123,42.1974,-67.9069,83.9663
7124,41.8974,-67.9069,83.9663
7125,41.5974,-67.9069,83.9663
7126,41.2974,-67.9069,83.9663
7127,40.9974,-67.9069,83.9663
7128,40.6974,-67.9069,83.9663
7129,40.3974,-67.9069,83.9663
7130,40.0974,-67.9069,83.9663
7131,39.7974,-67.9069,83.9663
7132,39.4974,-67.9069,83.9663
7133,39.1974,-67.9069,83.9663
7134,38.8974,-67.9069,83.9663
7135,38.5974,-67.9069,83.9663
7136,38.2974,-67.9069,83.9663
7137,37.9974,-67.9069,83.9663
7138,37.6974,-67.9069,83.9663
7139,37.3974,-67.9069,83.9663
7140,37.0974,-67.9069,83.9663
7141,36.7974,-67.9069,83.9663
7142,36.4974,-67.9069,83.9663
7143,36.1974,-67.9069,83.9663
7144,35.8974,-67.9069,83.9663
7145,35.5974,-67.9069,83.9663
7146,35.2974,-67.9069,83.9663
7147,34.9974,-67.9069,83.9663
7148,34.6974,-67.9069,83.9663
7149,34.3974,-67.9069,83.9663
7150,34.0974,-67.9069,83.9663
7151,33.7974,-67.9069,83.9663
7152,33.4974,-67.6069,83.6663
7153,33.1974,-67.6069,83.6663
7154,32.8974,-67.6069,83.6663
7155,32.5974,-67.6069,83.6663
7156,32.2974,-67.6069,83.6663
7157,31.9974,-67.6069,83.6663
7158,31.6974,-67.6069,83.6663
7159,31.3974,-67.6069,83.6663
7160,31.0974,-67.6069,83.6663
7161,30.7974,-67.6069,83.6663
7162,30.4974,-67.6069,83.6663
7163,30.1974,-67.6069,83.6663
7164,29.8974,-67.6069,83.6663
7165,29.5974,-67.6069,83.6663
7166,29.2974,-67.6069,83.6663
7167,28.9974,-67.6069,83.6663
7168,28.6974,-67.6069,83.6663
7169,28.3974,-67.6069,83.6663
7170,28.0974,-67.6069,83.6663
7171,27.7974,-67.6069,83.6663
7172,27.4974,-67.6069,83.6663
7173,27.1974,-67.6069,83.6663
7174,26.8974,-67.6069,83.6663
7175,26.5974,-67.3069,83.6663
7176,26.2974,-67.3069,83.6663
7177,25.9974,-67.0069,83.6663
7178,25.6974,-67.0069,83.6663
7179,25.3974,-66.7069,83.6663
7180,25.0974,-66.7069,83.6663
7181,24.7974,-66.4069,83.6663
7182,24.4974,-66.4069,83.6663
7183,24.1974,-66.4069,83.6663
7184,23.8974,-66.1069,83.6663
7185,23.5974,-66.1069,83.6663
7186,23.2974,-65.8069,83.6663
7187,22.9974,-65.8069,83.6663
7188,22.6974,-65.5069,83.6663
7189,22.3974,-65.5069,83.6663
7190,22.0974,-65.2069,83.6663
7191,21.7974,-65.2069,83.6663
7192,21.4974,-64.9069,83.6663
7193,21.1974,-64.9069,83.6663
7194,20.8974,-64.6069,83.6663
7195,20.5974,-64.6069,83.6663
7196,20.2974,-64.6069,83.6663
7197,19.9974,-64.3069,83.6663
7198,19.6974,-64.3069,83.6663
7199,19.3974,-64.0069,83.6663
7200,19.0974,-64.0069,83.6663
7201,18.7974,-64.0069,83.6663
7202,18.4974,-63.7069,83.6663
7203,18.1974,-63.7069,83.6663
7204,17.8974,-63.4069,83.6663
7205,17.5974,-63.4069,83.6663
7206,17.2974,-63.1069,83.6663
7207,16.9974,-62.8069,83.6663
7208,16.6974,-62.5069,83.6663
7209,16.3974,-62.2069,83.6663
7210,16.0974,-61.9069,83.6663
7211,15.7974,-61.6069,83.6663
7212,15.4974,-61.3069,83.6663
7213,15.1974,-61.0069,83.6663
7214,14.8974,-60.7069,83.6663
7215,14.5974,-60.4069,83.6663
7216,14.2974,-60.1069,83.6663
7217,13.9974,-59.8069,83.6663
7218,13.6974,-59.5069,83.6663
7219,13.3974,-59.2069,83.6663
7220,13.0974,-58.9069,83.6663
7221,12.7974,-58.6069,83.6663
7222,12.4974,-58.3069,83.6663
7223,12.1974,-58.0069,83.6663
7224,11.8974,-58.0069,83.6663
7225,11.5974,-58.0069,83.6663
7226,11.2974,-58.0069,83.6663
7227,10.9974,-58.0069,83.6663
7228,10.6974,-58.0069,83.6663
7229,10.3974,-58.0069,83.6663
7230,10.0974,-58.0069,83.6663
7231,9.7974,-58.0069,83.6663
7232,9.4974,-58.0069,83.6663
7233,9.1974,-58.0069,83.6663
7234,8.8974,-58.0069,83.6663
7235,8.5974,-58.0069,83.6663
7236,8.2974,-58.0069,83.6663
7237,7.9974,-58.0069,83.6663
7238,7.6974,-58.0069,83.6663
7239,7.3974,-58.0069,83.6663
7240,7.0974,-58.0069,83.6663
7241,6.7974,-58.0069,83.6663
7242,6.4974,-58.0069,83.6663
7243,6.1974,-58.0069,83.6663
7244,5.8974,-58.0069,83.6663
7245,5.5974,-57.7069,83.6663
7246,5.2974,-57.7069,83.6663
7247,4.9974,-57.4069,83.6663
7248,4.6974,-57.4069,83.6663
7249,4.3974,-57.1069,83.6663
7250,4.0974,-57.1069,83.6663
7251,3.7974,-57.1069,83.6663
7252,3.4974,-56.8069,83.6663
7253,3.1974,-56.8069,83.6663
7254,2.8974,-56.5069,83.6663
7255,2.5974,-56.5069,83.6663
7256,2.2974,-56.2069,83.6663
7257,1.9974,-56.2069,83.6663
7258,1.6974,-55.9069,83.6663
7259,1.3974,-55.9069,83.6663
7260,1.0974,-55.9069,83.6663
7261,0.7974,-55.6069,83.9663
7262,0.7974,-55.9069,83.9663
7263,0.7974,-56.2069,83.9663
7264,0.7974,-56.5069,83.9663
7265,0.7974,-56.8069,83.9663
7266,0.4974,-57.1069,83.9663
7267,0.4974,-57.4069,83.9663
7268,0.1974,-57.7069,83.9663
7269,0.1974,-58.0069,83.9663
7270,-0.1026,-58.3069,83.9663
7271,-0.4026,-58.6069,83.9663
7272,-0.7026,-58.9069,83.9663
7273,-1.0026,-59.2069,83.9663
7274,-1.3026,-59.5069,83.9663
7275,-1.6026,-59.5069,83.9663
7276,-1.9026,-59.8069,83.9663
7277,-2.2026,-59.8069,83.9663
7278,-2.5026,-60.1069,83.9663
7279,-2.8026,-60.1069,83.9663
7280,-3.1026,-60.1069,83.9663
7281,-3.4026,-60.1069,83.9663
7282,-3.7026,-60.1069,83.9663
7283,-4.0026,-60.1069,83.9663
7284,-4.3026,-60.1069,83.9663
7285,-4.6026,-60.1069,83.9663
7286,-4.9026,-60.1069,83.9663
7287,-5.2026,-60.1069,83.9663
7288,-5.5026,-60.1069,83.9663
7289,-5.8026,-60.1069,83.9663
7290,-6.1026,-60.1069,83.9663
7291,-6.4026,-60.1069,83.9663
7292,-6.7026,-60.1069,83.9663
7293,-7.0026,-60.1069,83.9663
7294,-7.3026,-60.1069,83.9663
7295,-7.6026,-60.1069,83.9663
7296,-7.9026,-60.1069,83.9663
7297,-8.2026,-60.1069,83.9663
7298,-8.5026,-60.1069,83.9663
7299,-8.8026,-60.1069,83.9663
7300,-9.1026,-60.1069,83.9663
7301,-9.4026,-60.1069,83.9663
7302,-9.7026,-60.1069,83.9663
7303,-10.0026,-60.1069,83.9663
7304,-10.3026,-60.1069,83.9663
7305,-10.6026,-60.1069,83.9663
7306,-10.9026,-60.1069,83.9663
7307,-11.2026,-60.1069,83.9663
7308,-11.5026,-60.1069,83.9663
7309,-11.8026,-60.1069,83.9663
7310,-12.1026,-60.1069,83.9663
7311,-12.4026,-60.1069,83.9663
7312,-12.7026,-60.1069,83.9663
7313,-13.0026,-59.8069,83.9663
7314,-13.3026,-59.8069,83.9663
7315,-13.6026,-59.5069,83.9663
7316,-13.9026,-59.5069,83.9663
7317,-14.2026,-59.2069,83.9663
7318,-14.5026,-59.2069,83.9663
7319,-14.8026,-59.2069,83.9663
7320,-15.1026,-58.9069,83.9663
7321,-15.4026,-58.9069,83.9663
7322,-15.7026,-58.6069,83.9663
7323,-16.0026,-58.6069,83.9663
7324,-16.3026,-58.3069,83.9663
7325,-16.6026,-58.3069,83.9663
7326,-16.9026,-58.0069,83.9663
7327,-17.2026,-58.0069,83.9663
7328,-17.5026,-57.7069,83.9663
7329,-17.8026,-57.7069,83.9663
7330,-18.1026,-57.7069,83.9663
7331,-18.4026,-57.4069,83.9663
7332,-18.7026,-57.4069,83.9663
7333,-19.0026,-57.1069,83.9663
7334,-19.3026,-57.1069,83.9663
7335,-19.6026,-56.8069,83.9663
7336,-19.9026,-56.8069,83.9663
7337,-20.2026,-56.5069,83.9663
7338,-20.5026,-56.5069,83.9663
7339,-20.8026,-56.2069,83.9663
7340,-21.1026,-56.2069,83.9663
7341,-21.4026,-56.2069,83.9663
7342,-21.7026,-55.9069,83.9663
7343,-22.0026,-55.9069,83.9663
7344,-22.3026,-55.6069,83.9663
7345,-22.6026,-55.6069,83.9663
7346,-22.9026,-55.3069,83.9663
7347,-23.2026,-55.3069,83.9663
7348,-23.5026,-55.0069,83.9663
7349,-23.8026,-55.0069,83.9663
7350,-24.1026,-55.0069,83.9663
7351,-24.4026,-54.7069,83.9663
7352,-24.7026,-55.0069,84.2663
7353,-25.0026,-55.3069,84.5663
7354,-25.3026,-55.3069,84.8663
7355,-25.6026,-55.6069,85.1663
7356,-25.9026,-55.6069,85.1663
7357,-26.2026,-55.6069,85.1663
7358,-26.5026,-55.6069,85.1663
7359,-26.8026,-55.6069,85.1663
7360,-27.1026,-55.6069,85.1663
7361,-27.4026,-55.6069,85.1663
7362,-27.7026,-55.6069,85.1663
7363,-28.0026,-55.6069,85.1663
7364,-28.3026,-55.6069,85.1663
7365,-28.6026,-55.6069,85.1663
7366,-28.9026,-55.3069,85.4663
7367,-29.2026,-55.3069,85.4663
7368,-29.5026,-55.0069,85.7663
7369,-29.8026,-54.7069,86.0663
7370,-30.1026,-54.4069,86.3663
7371,-30.4026,-54.1069,86.6663
7372,-30.7026,-53.8069,86.9663
7373,-31.0026,-53.5069,86.9663
7374,-31.0026,-53.2069,86.9663
7375,-31.3026,-52.9069,86.9663
7376,-31.6026,-52.6069,86.9663
7377,-31.6026,-52.3069,86.9663
7378,-31.9026,-52.0069,86.9663
7379,-31.9026,-51.7069,86.9663
7380,-32.2026,-51.4069,86.9663
7381,-32.2026,-51.1069,86.9663
7382,-32.2026,-50.8069,86.9663
7383,-32.2026,-50.5069,86.9663
7384,-32.2026,-50.2069,86.9663
7385,-32.2026,-49.9069,86.9663
7386,-32.2026,-49.6069,86.9663
7387,-31.9026,-49.3069,86.9663
7388,-31.9026,-49.0069,86.9663
7389,-31.6026,-48.7069,86.9663
7390,-31.6026,-48.4069,86.9663
7391,-31.3026,-48.1069,86.9663
7392,-31.0026,-47.8069,86.9663
7393,-30.7026,-47.5069,86.9663
7394,-30.4026,-47.2069,86.9663
7395,-30.1026,-46.9069,86.9663
7396,-29.8026,-46.9069,86.9663
7397,-29.5026,-46.6069,86.9663
7398,-29.2026,-46.6069,86.9663
7399,-28.9026,-46.3069,86.9663
7400,-28.6026,-46.3069,86.9663
7401,-28.3026,-46.0069,86.9663
7402,-28.0026,-46.0069,86.9663
7403,-27.7026,-46.0069,86.9663
7404,-27.4026,-46.0069,86.9663
7405,-27.1026,-46.0069,86.9663
7406,-26.8026,-46.0069,86.9663
7407,-26.5026,-46.0069,86.9663
7408,-26.2026,-46.0069,86.9663
7409,-25.9026,-46.0069,86.9663
7410,-25.6026,-46.0069,86.9663
7411,-25.3026,-46.0069,86.9663
7412,-25.0026,-46.0069,86.9663
7413,-24.7026,-46.0069,86.9663
7414,-24.4026,-46.0069,86.9663
7415,-24.1026,-46.0069,86.9663
7416,-23.8026,-46.0069,86.9663
7417,-23.5026,-46.0069,86.9663
7418,-23.2026,-46.0069,86.9663
7419,-22.9026,-46.0069,86.9663
7420,-22.6026,-46.0069,86.9663
7421,-22.3026,-46.0069,86.9663
7422,-22.0026,-46.0069,86.9663
7423,-21.7026,-46.0069,86.9663
7424,-21.4026,-46.0069,86.9663
7425,-21.1026,-46.0069,86.9663
7426,-20.8026,-46.0069,86.9663
7427,-20.5026,-46.0069,86.9663
7428,-20.2026,-46.0069,86.9663
7429,-19.9026,-46.0069,86.9663
7430,-19.6026,-46.0069,86.9663
7431,-19.3026,-46.0069,86.9663
7432,-19.0026,-46.0069,86.9663
7433,-18.7026,-46.0069,86.9663
7434,-18.4026,-46.0069,86.9663
7435,-18.1026,-46.0069,86.9663
7436,-17.8026,-46.0069,86.9663
7437,-17.5026,-46.0069,86.9663
7438,-17.2026,-46.0069,86.9663
7439,-16.9026,-46.0069,86.9663
7440,-16.6026,-46.0069,86.9663
7441,-16.3026,-46.0069,86.9663
7442,-16.0026,-46.0069,86.9663
7443,-15.7026,-46.0069,86.9663
7444,-15.4026,-46.0069,86.9663
7445,-15.1026,-46.0069,86.9663
7446,-14.8026,-46.0069,86.9663
7447,-14.5026,-46.0069,86.9663
7448,-14.2026,-46.0069,86.9663
7449,-13.9026,-46.0069,86.9663
7450,-13.6026,-46.0069,86.9663
7451,-13.3026,-46.0069,86.9663
7452,-13.0026,-46.0069,86.9663
7453,-12.7026,-46.0069,86.9663
7454,-12.4026,-46.0069,86.9663
7455,-12.1026,-46.0069,86.9663
7456,-11.8026,-46.0069,86.9663
7457,-11.5026,-46.0069,86.9663
7458,-11.2026,-46.0069,86.9663
7459,-10.9026,-46.3069,86.9663
7460,-10.6026,-46.3069,86.9663
7461,-10.3026,-46.6069,86.9663
7462,-10.0026,-46.6069,86.9663
7463,-9.7026,-46.6069,86.9663
7464,-9.4026,-46.9069,86.9663
7465,-9.1026,-46.9069,86.9663
7466,-8.8026,-47.2069,86.9663
7467,-8.5026,-47.2069,86.9663
7468,-8.2026,-47.5069,86.9663
7469,-7.9026,-47.5069,86.9663
7470,-7.6026,-47.8069,86.9663
7471,-7.3026,-47.8069,86.9663
7472,-7.0026,-48.1069,86.9663
7473,-6.7026,-48.1069,86.9663
7474,-6.4026,-48.1069,86.9663
7475,-6.1026,-48.4069,86.9663
7476,-5.8026,-48.4069,86.9663
7477,-5.5026,-48.7069,86.9663
7478,-5.2026,-48.7069,86.9663
7479,-4.9026,-49.0069,86.9663
7480,-4.6026,-49.0069,86.9663
7481,-4.3026,-49.3069,86.9663
7482,-4.0026,-49.3069,86.9663
7483,-3.7026,-49.6069,86.9663
7484,-3.4026,-49.6069,86.9663
7485,-3.1026,-49.6069,86.9663
7486,-2.8026,-49.9069,86.9663
7487,-2.5026,-49.9069,86.9663
7488,-2.2026,-50.2069,86.9663
7489,-1.9026,-50.2069,86.9663
7490,-1.6026,-50.5069,86.9663
7491,-1.3026,-50.5069,86.9663
7492,-1.0026,-50.8069,86.9663
7493,-0.7026,-50.8069,86.9663
7494,-0.4026,-51.1069,86.9663
7495,-0.1026,-51.1069,86.9663
7496,60.4900,-70.5042,86.9000
7497,60.1974,-70.6069,86.9663
7498,59.8974,-70.6069,86.9663
7499,59.5974,-70.6069,86.9663
7500,59.2974,-70.6069,86.9663
7501,58.9974,-70.6069,86.9663
7502,58.6974,-70.6069,86.9663
7503,58.3974,-70.6069,86.9663
7504,58.0974,-70.6069,86.9663
7505,57.7974,-70.6069,86.9663
7506,57.4974,-70.6069,86.9663
7507,57.1974,-70.6069,86.9663
7508,56.8974,-70.6069,86.9663
7509,56.5974,-70.6069,86.9663
7510,56.2974,-70.6069,86.9663
7511,55.9974,-70.6069,86.9663
7512,55.6974,-70.6069,86.9663
7513,55.3974,-70.6069,86.9663
7514,55.0974,-70.6069,86.9663
7515,54.7974,-70.6069,86.9663
7516,54.4974,-70.6069,86.9663
7517,54.1974,-70.6069,86.9663
7518,53.8974,-70.6069,86.9663
7519,53.5974,-70.6069,86.9663
7520,53.2974,-70.6069,86.9663
7521,52.9974,-70.6069,86.9663
7522,52.6974,-70.6069,86.9663
7523,52.3974,-70.6069,86.9663
7524,52.0974,-70.6069,86.9663
7525,51.7974,-70.6069,86.9663
7526,51.4974,-70.3069,86.9663
7527,51.1974,-70.3069,86.9663
7528,50.8974,-70.3069,86.9663
7529,50.5974,-70.0069,86.9663
7530,50.2974,-69.7069,86.9663
7531,49.9974,-69.7069,86.9663
7532,49.6974,-69.7069,86.9663
7533,49.3974,-69.4069,86.9663
7534,49.0974,-69.4069,86.9663
7535,48.7974,-69.1069,86.9663
7536,48.4974,-69.1069,86.9663
7537,48.1974,-68.8069,86.9663
7538,47.8974,-68.8069,86.9663
7539,47.5974,-68.5069,86.9663
7540,47.2974,-68.5069,86.9663
7541,46.9974,-68.5069,86.9663
7542,46.6974,-68.2069,86.9663
7543,46.9974,-68.2069,86.9663
7544,47.2974,-68.2069,86.9663
7545,47.5974,-68.2069,86.9663
7546,47.8974,-68.5069,86.9663
7547,48.1974,-68.5069,86.9663
7548,48.4974,-68.5069,86.9663
7549,48.7974,-68.5069,86.9663
7550,49.0974,-68.8069,86.9663
7551,49.3974,-68.8069,86.9663
7552,49.6974,-68.8069,86.9663
7553,37.9000,-66.7000,87.1000
7554,38.2974,-66.7069,86.9663
7555,38.5974,-66.7069,86.9663
7556,38.8974,-67.0069,86.9663
7557,39.1974,-67.0069,86.9663
7558,39.4974,-67.0069,86.9663
7559,39.7974,-67.0069,86.9663
7560,40.0974,-67.0069,86.9663
7561,40.3974,-67.3069,86.9663
7562,40.6974,-67.3069,86.9663
7563,40.9974,-67.3069,86.9663
7564,41.2974,-67.3069,86.9663
7565,41.5974,-67.3069,86.9663
7566,41.8974,-67.3069,86.9663
7567,42.1974,-67.3069,86.9663
7568,42.4974,-67.6069,86.9663
7569,42.7974,-67.6069,86.9663
7570,43.0974,-67.6069,86.9663
7571,43.3974,-67.6069,86.9663
7572,43.6974,-67.6069,86.9663
7573,43.9974,-67.6069,86.9663
7574,44.2974,-67.6069,86.9663
7575,44.5974,-67.6069,86.9663
7576,44.8974,-67.6069,86.9663
7577,45.1974,-67.9069,86.9663
7578,45.4974,-67.9069,86.9663
7579,45.7974,-67.9069,86.9663
7580,46.0974,-67.9069,86.9663
7581,46.3974,-68.2069,86.9663
7582,46.6974,-68.2069,86.9663
7583,46.9974,-68.2069,86.9663
7584,47.2974,-68.2069,86.9663
7585,47.5974,-68.2069,86.9663
7586,47.8974,-68.5069,86.9663
7587,48.1974,-68.5069,86.9663
7588,48.4974,-68.5069,86.9663
7589,48.7974,-68.5069,86.9663
7590,49.0974,-68.5069,86.9663
7591,49.3974,-68.5069,86.9663
7592,49.6974,-68.8069,86.9663
7593,49.9974,-68.8069,86.9663
7594,50.2974,-68.8069,86.9663
7595,50.5974,-68.8069,86.9663
7596,50.8974,-68.8069,86.9663
7597,51.1974,-68.8069,86.9663
7598,51.4974,-68.8069,86.9663
7599,51.7974,-69.1069,86.9663
7600,52.0974,-69.1069,86.9663
7601,52.3974,-69.1069,86.9663
7602,52.6974,-69.1069,86.9663
7603,52.3974,-69.1069,86.9663
7604,52.0974,-69.1069,86.9663
7605,51.7974,-69.1069,86.9663
7606,51.4974,-69.1069,86.9663
7607,51.1974,-69.1069,86.9663
7608,50.8974,-69.1069,86.9663
7609,50.5974,-69.1069,86.9663
7610,50.2974,-69.1069,86.9663
7611,49.9974,-69.1069,86.9663
7612,49.6974,-69.1069,86.9663
7613,49.3974,-69.1069,86.9663
7614,49.0974,-69.1069,86.9663
7615,48.7974,-69.1069,86.9663
7616,48.4974,-69.1069,86.9663
7617,48.1974,-69.1069,86.9663
7618,47.8974,-69.1069,86.9663
7619,47.5974,-69.1069,86.9663
7620,47.2974,-69.1069,86.9663
7621,46.9974,-69.1069,86.9663
7622,46.6974,-69.1069,86.9663
7623,46.3974,-69.1069,86.9663
7624,46.0974,-69.1069,86.9663
7625,45.7974,-69.1069,86.9663
7626,45.4974,-69.1069,86.9663
7627,45.1974,-69.1069,86.9663
7628,44.8974,-69.1069,86.9663
7629,44.5974,-69.1069,86.9663
7630,44.2974,-69.1069,86.9663
7631,43.9974,-69.1069,86.9663
7632,43.6974,-69.1069,86.9663
7633,43.3974,-69.1069,86.9663
7634,43.0974,-69.1069,86.9663
7635,42.7974,-69.1069,86.9663
7636,42.4974,-69.1069,86.9663
7637,42.1974,-69.1069,86.9663
7638,41.8974,-68.8069,86.9663
7639,41.5974,-68.8069,86.9663
7640,41.2974,-68.5069,86.9663
7641,40.9974,-68.5069,86.9663
7642,40.6974,-68.2069,86.9663
7643,40.3974,-68.2069,86.9663
7644,40.0974,-68.2069,86.9663
7645,39.7974,-67.9069,86.9663
7646,39.4974,-67.9069,86.9663
7647,39.1974,-67.6069,86.9663
7648,38.8974,-67.6069,86.9663
7649,38.5974,-67.3069,86.9663
7650,38.2974,-67.3069,86.9663
7651,37.9974,-67.0069,86.9663
7652,37.6974,-67.0069,86.9663
7653,37.3974,-67.0069,86.9663
7654,37.0974,-66.7069,86.9663
7655,45.7369,-67.9346,87.1000
7656,46.0974,-67.9069,86.9663
7657,46.3974,-68.2069,86.9663
7658,46.6974,-68.2069,86.9663
7659,46.9974,-68.2069,86.9663
7660,47.2974,-68.5069,86.9663
7661,47.5974,-68.8069,86.9663
7662,47.8974,-68.8069,86.9663
7663,48.1974,-68.8069,86.9663
7664,48.4974,-68.8069,86.9663
7665,48.7974,-68.8069,86.9663
7666,49.0974,-68.8069,86.9663
7667,49.3974,-68.8069,86.9663
7668,49.6974,-68.8069,86.9663
7669,49.9974,-68.8069,86.9663
7670,50.2974,-68.8069,86.9663
7671,50.5974,-68.8069,86.9663
7672,50.8974,-68.8069,86.9663
7673,51.1974,-68.8069,86.9663
7674,51.4974,-68.8069,86.9663
7675,51.7974,-69.1069,86.9663
7676,52.0974,-69.1069,86.9663
7677,52.3974,-69.1069,86.9663
7678,52.6974,-69.1069,86.9663
7679,52.9974,-69.1069,86.9663
7680,53.2974,-69.1069,86.9663
7681,53.5974,-69.1069,86.9663
7682,53.8974,-69.4069,86.9663
7683,54.1974,-69.4069,86.9663
7684,54.4974,-69.4069,86.9663
7685,54.7974,-69.4069,86.9663
7686,55.0974,-69.4069,86.9663
7687,55.3974,-69.7069,86.9663
7688,55.6974,-69.7069,86.9663
7689,55.9974,-69.7069,86.9663
7690,56.2974,-69.7069,86.9663
7691,56.5974,-69.7069,86.9663
7692,56.8974,-69.7069,86.9663
7693,57.1974,-70.0069,86.9663
7694,57.4974,-70.0069,86.9663
7695,57.7974,-70.0069,86.9663
7696,58.0974,-70.0069,86.9663
7697,58.3974,-70.3069,86.9663
7698,58.6974,-70.3069,86.9663
7699,58.9974,-70.3069,86.9663
7700,59.2974,-70.3069,86.9663
7701,59.5974,-70.3069,86.9663
7702,59.8974,-70.3069,86.9663
7703,60.1974,-70.3069,86.9663
7704,60.4974,-70.6069,86.9663
7705,60.7974,-70.6069,86.9663
7706,61.0974,-70.6069,86.9663
7707,61.3974,-70.6069,86.9663
7708,61.6974,-70.6069,86.9663
7709,61.9974,-70.6069,86.9663
7710,62.2974,-70.6069,86.9663
7711,62.5974,-70.6069,86.9663
7712,62.8974,-70.9069,86.9663
7713,63.1974,-70.9069,86.9663
7714,63.4974,-70.9069,86.9663
7715,63.7974,-70.9069,86.9663
7716,64.0974,-70.9069,86.9663
7717,64.3974,-70.9069,86.9663
7718,64.6974,-70.9069,86.9663
7719,64.9974,-70.9069,86.9663
7720,65.2974,-71.2069,86.9663
7721,65.5974,-71.2069,86.9663
7722,65.8974,-71.5069,86.9663
7723,66.1974,-71.5069,86.9663
7724,66.4974,-71.8069,86.9663
7725,66.7974,-71.8069,86.9663
7726,67.0974,-71.8069,86.9663
7727,67.3974,-71.8069,86.9663
7728,67.6974,-71.8069,86.9663
7729,67.9974,-71.8069,86.9663
7730,68.2974,-71.8069,86.9663
7731,68.5974,-71.8069,86.9663
7732,68.8974,-71.5069,86.9663
7733,69.1974,-71.5069,86.9663
7734,69.4974,-71.2069,86.9663
7735,69.7974,-71.2069,86.9663
7736,70.0974,-70.9069,86.9663
7737,70.3974,-70.6069,86.9663
7738,70.6974,-70.3069,86.9663
7739,70.9974,-70.3069,86.9663
7740,71.2974,-70.0069,86.9663
7741,71.5974,-69.7069,86.9663
7742,71.5974,-69.4069,86.9663
7743,71.8974,-69.1069,86.9663
7744,71.5974,-69.4069,86.9663
7745,71.5974,-69.7069,86.9663
7746,71.2974,-70.0069,86.9663
7747,70.9974,-70.3069,86.9663
7748,70.6974,-70.3069,86.9663
7749,70.3974,-70.6069,86.9663
7750,70.0974,-70.9069,86.9663
7751,69.7974,-71.2069,86.9663
7752,69.4974,-71.2069,86.9663
7753,69.1974,-71.5069,86.9663
7754,68.8974,-71.5069,86.9663
7755,68.5974,-71.8069,86.9663
7756,68.2974,-71.8069,86.9663
7757,67.9974,-71.8069,86.9663
7758,67.6974,-71.8069,86.9663
7759,67.3974,-71.8069,86.9663
7760,67.0974,-71.8069,86.9663
7761,66.7974,-71.8069,86.9663
7762,66.4974,-71.8069,86.9663
7763,66.1974,-71.8069,86.9663
7764,65.8974,-71.8069,86.9663
7765,65.5974,-71.8069,86.9663
7766,65.2974,-71.5069,86.9663
7767,64.9974,-71.5069,86.9663
7768,64.6974,-71.2069,86.9663
7769,64.3974,-71.2069,86.9663
7770,64.0974,-71.2069,86.9663
7771,63.7974,-70.9069,86.9663
7772,63.4974,-70.9069,86.9663
7773,63.1974,-70.9069,86.9663
7774,62.8974,-70.9069,86.9663
7775,62.5974,-70.9069,86.9663
7776,62.2974,-70.9069,86.9663
7777,61.9974,-70.9069,86.9663
7778,61.6974,-70.9069,86.9663
7779,61.3974,-70.9069,86.9663
7780,61.0974,-70.9069,86.9663
7781,60.7974,-70.9069,86.9663
7782,60.4974,-70.9069,86.9663
7783,60.1974,-70.9069,86.9663
7784,59.8974,-70.9069,86.9663
7785,59.5974,-70.9069,86.9663
7786,59.2974,-70.9069,86.9663
7787,58.9974,-70.9069,86.9663
7788,58.6974,-70.9069,86.9663
7789,58.3974,-70.9069,86.9663
7790,58.0974,-70.9069,86.9663
7791,57.7974,-70.9069,86.9663
7792,57.4974,-70.9069,86.9663
7793,57.1974,-70.9069,86.9663
7794,56.8974,-70.9069,86.9663
7795,56.5974,-70.9069,86.9663
7796,56.2974,-70.9069,86.9663
7797,55.9974,-70.9069,86.9663
7798,55.6974,-70.9069,86.9663
7799,55.3974,-70.9069,86.9663
7800,55.0974,-70.9069,86.9663
7801,54.7974,-70.9069,86.9663
7802,54.4974,-70.9069,86.9663
7803,54.1974,-70.9069,86.9663
7804,53.8974,-70.9069,86.9663
7805,53.5974,-70.9069,86.9663
7806,53.2974,-70.9069,86.9663
7807,52.9974,-70.9069,86.9663
7808,52.6974,-70.9069,86.9663
7809,52.3974,-70.9069,86.9663
7810,52.0974,-70.9069,86.9663
7811,51.7974,-70.9069,86.9663
7812,51.4974,-70.9069,86.9663
7813,51.1974,-70.9069,86.9663
7814,50.8974,-70.9069,86.9663
7815,50.5974,-70.9069,86.9663
7816,50.2974,-70.9069,86.9663
7817,49.9974,-70.6069,86.9663
7818,49.6974,-70.6069,86.9663
7819,49.3974,-70.6069,86.9663
7820,49.0974,-70.3069,86.9663
7821,48.7974,-70.3069,86.9663
7822,48.4974,-70.0069,86.9663
7823,48.1974,-70.0069,86.9663
7824,47.8974,-69.7069,86.9663
7825,47.5974,-69.7069,86.9663
7826,47.2974,-69.4069,86.9663
7827,46.9974,-69.4069,86.9663
7828,46.6974,-69.1069,86.9663
7829,46.3974,-69.1069,86.9663
7830,46.0974,-69.1069,86.9663
7831,45.7974,-68.8069,86.9663
7832,45.4974,-68.8069,86.9663
7833,45.1974,-68.5069,86.9663
7834,44.8974,-68.5069,86.9663
7835,44.5974,-68.2069,86.9663
7836,44.2974,-68.2069,86.9663
7837,43.9974,-67.9069,86.9663
7838,43.6974,-67.9069,86.9663
7839,43.3974,-67.9069,86.9663
7840,43.0974,-67.6069,86.9663
7841,43.3974,-67.6069,86.9663
7842,43.6974,-67.6069,86.9663
7843,43.9974,-67.6069,86.9663
7844,44.2974,-67.6069,86.9663
7845,44.5974,-67.6069,86.9663
7846,44.8974,-67.6069,86.9663
7847,45.1974,-67.9069,86.9663
7848,45.4974,-68.2069,86.9663
7849,45.7974,-68.2069,86.9663
7850,46.0974,-68.2069,86.9663
7851,46.3974,-68.2069,86.9663
7852,46.6974,-68.2069,86.9663
7853,46.9974,-68.2069,86.9663
7854,47.2974,-68.2069,86.9663
7855,47.5974,-68.2069,86.9663
7856,47.8974,-68.5069,86.9663
7857,48.1974,-68.5069,86.9663
7858,48.4974,-68.5069,86.9663
7859,48.7974,-68.5069,86.9663
7860,49.0974,-68.5069,86.9663
7861,49.3974,-68.5069,86.9663
7862,49.6974,-68.8069,86.9663
7863,49.9974,-68.8069,86.9663
7864,50.2974,-68.8069,86.9663
7865,50.5974,-68.8069,86.9663
7866,50.8974,-68.8069,86.9663
7867,51.1974,-68.8069,86.9663
7868,51.4974,-68.8069,86.9663
7869,51.7974,-69.1069,86.9663
7870,52.0974,-69.1069,86.9663
7871,52.3974,-69.1069,86.9663
7872,52.6974,-69.1069,86.9663
7873,52.9974,-69.1069,86.9663
7874,53.2974,-69.1069,86.9663
7875,53.5974,-69.1069,86.9663
7876,53.8974,-69.4069,86.9663
7877,54.1974,-69.4069,86.9663
7878,54.4974,-69.4069,86.9663
7879,54.7974,-69.4069,86.9663
7880,55.0974,-69.4069,86.9663
7881,55.3974,-69.7069,86.9663
7882,55.6974,-69.7069,86.9663
7883,55.9974,-69.7069,86.9663
7884,56.2974,-69.7069,86.9663
7885,56.5974,-69.7069,86.9663
7886,56.8974,-69.7069,86.9663
7887,57.1974,-70.0069,86.9663
7888,57.4974,-70.0069,86.9663
7889,57.7974,-70.0069,86.9663
7890,58.0974,-70.0069,86.9663
7891,58.3974,-70.3069,86.9663
7892,58.6974,-70.3069,86.9663
7893,58.9974,-70.3069,86.9663
7894,59.2974,-70.3069,86.9663
7895,59.5974,-70.3069,86.9663
7896,59.8974,-70.3069,86.9663
7897,60.1974,-70.3069,86.9663
7898,60.4974,-70.6069,86.9663
7899,60.7974,-70.6069,86.9663
7900,61.0974,-70.6069,86.9663
7901,61.3974,-70.6069,86.9663
7902,61.6974,-70.6069,86.9663
7903,61.9974,-70.6069,86.9663
7904,62.2974,-70.6069,86.9663
7905,62.5974,-70.6069,86.9663
7906,62.8974,-70.9069,86.9663
7907,63.1974,-70.9069,86.9663
7908,63.4974,-70.9069,86.9663
7909,63.7974,-70.9069,86.9663
7910,64.0974,-70.9069,86.9663
7911,64.3974,-70.9069,86.9663
7912,64.6974,-70.9069,86.9663
7913,64.9974,-70.9069,86.9663
7914,65.2974,-71.2069,86.9663
7915,65.5974,-71.2069,86.9663
7916,65.8974,-71.5069,86.9663
7917,66.1974,-71.5069,86.9663
7918,66.4974,-71.8069,86.9663
7919,66.7974,-71.8069,86.9663
7920,67.0974,-71.8069,86.9663
7921,67.3974,-71.8069,86.9663
7922,67.6974,-71.8069,86.9663
7923,67.9974,-71.8069,86.9663
7924,68.2974,-71.8069,86.9663
7925,68.5974,-71.8069,86.9663
7926,68.8974,-71.5069,86.9663
7927,69.1974,-71.5069,86.9663
7928,69.4974,-71.2069,86.9663
7929,69.7974,-71.2069,86.9663
7930,70.0974,-70.9069,86.9663
7931,70.3974,-70.6069,86.9663
7932,70.6974,-70.3069,86.9663
7933,70.9974,-70.3069,86.9663
7934,71.2974,-70.0069,86.9663
7935,71.5974,-69.7069,86.9663
7936,71.5974,-69.4069,86.9663
7937,71.8974,-69.1069,86.9663
7938,72.1974,-68.8069,86.9663
7939,72.1974,-68.5069,86.9663
7940,72.1974,-68.2069,86.9663
7941,72.4974,-67.9069,86.9663
7942,72.4974,-67.6069,86.9663
7943,72.4974,-67.3069,86.9663
7944,72.4974,-67.0069,86.9663
7945,72.4974,-66.7069,86.9663
7946,72.4974,-66.4069,86.9663
7947,72.4974,-66.1069,86.9663
7948,72.1974,-65.8069,86.9663
7949,72.1974,-65.5069,86.9663
7950,72.1974,-65.2069,86.9663
7951,71.8974,-64.9069,86.9663
7952,71.5974,-64.6069,86.9663
7953,71.5974,-64.3069,86.9663
7954,71.2974,-64.0069,86.9663
7955,70.9974,-63.7069,86.9663
7956,70.9974,-63.4069,86.9663
7957,70.6974,-63.1069,86.9663
7958,70.6974,-62.8069,86.9663
7959,70.3974,-62.5069,86.9663
7960,70.3974,-62.2069,86.9663
7961,70.0974,-61.9069,86.9663
7962,70.0974,-61.6069,86.9663
7963,70.0974,-61.3069,86.9663
7964,69.7974,-61.0069,86.9663
7965,70.0974,-61.3069,86.9663
7966,70.0974,-61.6069,86.9663
7967,70.3974,-61.9069,86.9663
7968,70.3974,-62.2069,86.9663
7969,70.6974,-62.5069,86.9663
7970,70.6974,-62.8069,86.9663
7971,70.9974,-63.1069,86.9663
7972,70.9974,-63.4069,86.9663
7973,71.2974,-63.7069,86.9663
7974,71.2974,-64.0069,86.9663
7975,71.5974,-64.3069,86.9663
7976,71.5974,-64.6069,86.9663
7977,71.5974,-64.3069,86.9663
7978,71.2974,-64.0069,86.6663
7979,70.9974,-63.7069,86.3663
7980,70.6974,-63.4069,86.0663
7981,70.3974,-63.1069,85.7663
7982,70.0974,-62.8069,85.4663
7983,69.7974,-62.5069,85.1663
7984,69.4974,-62.2069,84.8663
7985,69.1974,-61.9069,84.5663
7986,68.8974,-61.6069,84.2663
7987,68.5974,-61.3069,83.9663
7988,68.2974,-61.0069,83.9663
7989,67.9974,-60.7069,83.9663
7990,67.6974,-60.4069,83.9663
7991,67.3974,-60.1069,83.9663
7992,67.0974,-59.8069,83.9663
7993,66.7974,-59.8069,83.9663
7994,66.4974,-59.5069,83.9663
7995,66.1974,-59.5069,83.9663
7996,65.8974,-59.5069,83.9663
7997,65.5974,-59.5069,83.9663
7998,65.2974,-59.5069,83.9663
7999,64.9974,-59.5069,83.9663
8000,64.6974,-59.5069,83.9663
8001,64.3974,-59.5069,83.9663
8002,64.0974,-59.5069,83.9663
8003,63.7974,-59.5069,83.9663
8004,63.4974,-59.2069,83.9663
8005,63.1974,-59.2069,83.9663
8006,62.8974,-59.2069,83.9663
8007,62.5974,-59.2069,83.9663
8008,62.2974,-59.2069,83.9663
8009,61.9974,-59.2069,83.9663
8010,61.6974,-59.2069,83.9663
8011,61.3974,-59.2069,83.9663
8012,61.0974,-59.2069,83.9663
8013,60.7974,-58.9069,83.9663
8014,60.4974,-58.6069,83.9663
8015,60.1974,-58.6069,83.9663
8016,59.8974,-58.6069,83.9663
8017,59.5974,-58.3069,83.9663
8018,59.2974,-58.3069,83.9663
8019,58.9974,-58.3069,83.9663
8020,58.6974,-58.3069,83.9663
8021,58.3974,-58.3069,83.9663
8022,58.0974,-58.3069,83.9663
8023,57.7974,-58.3069,83.9663
8024,57.4974,-58.3069,83.9663
8025,57.1974,-58.3069,83.9663
8026,56.8974,-58.3069,83.9663
8027,56.5974,-58.3069,83.9663
8028,56.2974,-58.3069,83.9663
8029,55.9974,-58.3069,83.9663
8030,55.6974,-58.0069,83.9663
8031,55.3974,-57.7069,83.9663
8032,55.0974,-57.7069,83.9663
8033,54.7974,-57.4069,83.9663
8034,54.4974,-57.4069,83.9663
8035,54.1974,-57.4069,83.9663
8036,53.8974,-57.4069,83.9663
8037,53.5974,-57.4069,83.9663
8038,53.2974,-57.4069,83.9663
8039,52.9974,-57.4069,83.9663
8040,52.6974,-57.4069,83.9663
8041,52.3974,-57.4069,83.9663
8042,52.0974,-57.4069,83.9663
8043,51.7974,-57.4069,83.9663
8044,51.4974,-57.1069,83.9663
8045,51.1974,-57.1069,83.9663
8046,50.8974,-57.1069,83.9663
8047,50.5974,-57.1069,83.9663
8048,50.2974,-57.1069,83.9663
8049,49.9974,-57.1069,83.9663
8050,49.6974,-57.1069,83.9663
8051,49.3974,-57.1069,83.9663
8052,49.0974,-57.1069,83.9663
8053,48.7974,-56.8069,83.9663
8054,48.4974,-56.8069,83.9663
8055,48.1974,-56.5069,83.9663
8056,47.8974,-56.5069,83.9663
8057,47.5974,-56.5069,83.9663
8058,47.2974,-56.5069,83.9663
8059,46.9974,-56.5069,83.9663
8060,46.6974,-56.5069,83.9663
8061,46.3974,-56.5069,83.9663
8062,46.0974,-56.5069,83.9663
8063,45.7974,-56.5069,83.9663
8064,45.4974,-56.5069,83.9663
8065,45.1974,-56.5069,83.9663
8066,44.8974,-56.5069,83.9663
8067,44.5974,-56.5069,83.9663
8068,44.2974,-56.5069,83.9663
8069,43.9974,-56.5069,83.9663
8070,43.6974,-56.5069,83.9663
8071,43.3974,-56.2069,83.9663
8072,43.0974,-56.2069,83.9663
8073,42.7974,-55.9069,83.9663
8074,42.4974,-55.9069,83.9663
8075,42.1974,-55.9069,83.9663
8076,41.8974,-55.9069,83.9663
8077,41.5974,-55.6069,83.9663
8078,41.2974,-55.3069,83.9663
8079,40.9974,-55.0069,83.9663
8080,40.6974,-54.7069,83.9663
8081,40.3974,-54.4069,83.9663
8082,40.0974,-54.1069,83.9663
8083,39.7974,-53.8069,83.9663
8084,39.4974,-53.5069,83.9663
8085,39.1974,-53.2069,83.9663
8086,38.8974,-53.2069,83.9663
8087,38.5974,-53.2069,83.9663
8088,38.2974,-53.2069,83.9663
8089,37.9974,-53.2069,83.9663
8090,37.6974,-53.2069,83.9663
8091,37.3974,-53.2069,83.9663
8092,37.0974,-53.2069,83.9663
8093,36.7974,-53.2069,83.9663
8094,36.4974,-53.2069,83.9663
8095,36.1974,-53.2069,83.9663
8096,35.8974,-53.2069,83.9663
8097,35.5974,-53.2069,83.9663
8098,35.2974,-53.2069,83.9663
8099,34.9974,-53.2069,83.9663
8100,34.6974,-53.2069,83.9663
8101,34.3974,-53.2069,83.9663
8102,34.0974,-53.2069,83.9663
8103,33.7974,-53.2069,83.9663
8104,33.4974,-53.2069,83.9663
8105,33.1974,-53.2069,83.9663
8106,32.8974,-53.2069,83.9663
8107,32.5974,-53.2069,83.9663
8108,32.2974,-53.2069,83.9663
8109,31.9974,-53.2069,83.9663
8110,31.6974,-53.2069,83.9663
8111,31.3974,-53.2069,83.9663
8112,31.0974,-53.2069,83.9663
8113,30.7974,-53.2069,83.9663
8114,30.4974,-53.2069,83.9663
8115,30.1974,-53.2069,83.9663
8116,29.8974,-53.2069,83.9663
8117,29.5974,-53.2069,83.9663
8118,29.2974,-53.2069,83.9663
8119,28.9974,-53.2069,83.9663
8120,28.6974,-53.2069,83.9663
8121,28.3974,-53.2069,83.9663
8122,28.0974,-52.9069,83.9663
8123,27.7974,-52.9069,83.9663
8124,27.4974,-52.9069,83.9663
8125,27.1974,-52.9069,83.9663
8126,26.8974,-52.9069,83.9663
8127,26.5974,-52.9069,83.9663
8128,26.2974,-52.9069,83.9663
8129,25.9974,-52.9069,83.9663
8130,25.6974,-52.9069,83.9663
8131,25.3974,-52.9069,83.9663
8132,25.0974,-52.9069,83.9663
8133,24.7974,-52.9069,83.9663
8134,24.4974,-52.9069,83.9663
8135,24.1974,-52.6069,83.9663
8136,23.8974,-52.6069,83.9663
8137,23.5974,-52.6069,83.9663
8138,23.2974,-52.6069,83.9663
8139,22.9974,-52.6069,83.9663
8140,22.6974,-52.6069,83.9663
8141,22.3974,-52.6069,84.2663
8142,22.0974,-52.6069,84.2663
8143,21.7974,-52.6069,84.5663
8144,21.4974,-52.6069,84.5663
8145,21.1974,-52.6069,84.8663
8146,20.8974,-52.6069,85.1663
8147,20.5974,-52.6069,85.4663
8148,20.2974,-52.9069,85.7663
8149,19.9974,-53.2069,86.0663
8150,19.6974,-53.5069,86.3663
8151,19.3974,-53.8069,86.6663
8152,19.3974,-54.1069,86.9663
8153,-31.7955,-52.2307,87.1000
8154,-31.6026,-52.6069,86.9663
8155,-31.6026,-52.9069,86.9663
8156,-31.3026,-53.2069,86.9663
8157,-31.0026,-53.5069,86.9663
8158,-30.7026,-53.8069,86.9663
8159,-30.4026,-54.1069,86.6663
8160,-30.1026,-54.4069,86.3663
8161,-29.8026,-54.7069,86.0663
8162,-29.5026,-55.0069,85.7663
8163,-29.2026,-55.3069,85.4663
8164,-28.9026,-55.6069,85.4663
8165,-28.6026,-55.6069,85.4663
8166,-28.3026,-55.6069,85.4663
8167,-28.0026,-55.6069,85.4663
8168,-27.7026,-55.6069,85.4663
8169,-27.4026,-55.6069,85.4663
8170,-27.1026,-55.6069,85.4663
8171,-26.8026,-55.6069,85.4663
8172,-26.5026,-55.6069,85.4663
8173,-26.2026,-55.6069,85.4663
8174,-25.9026,-55.6069,85.4663
8175,-25.6026,-55.6069,85.4663
8176,-25.3026,-55.6069,85.4663
8177,-25.0026,-55.6069,85.4663
8178,-24.7026,-55.6069,85.4663
8179,-24.4026,-55.6069,85.4663
8180,-24.1026,-55.6069,85.4663
8181,-23.8026,-55.6069,85.4663
8182,-23.5026,-55.6069,85.4663
8183,-23.2026,-55.6069,85.4663
8184,-22.9026,-55.6069,85.4663
8185,-22.6026,-55.6069,85.4663
8186,-22.3026,-55.6069,85.4663
8187,-22.0026,-55.6069,85.4663
8188,-21.7026,-55.6069,85.4663
8189,-21.4026,-55.6069,85.4663
8190,-21.1026,-55.3069,85.4663
8191,-20.8026,-55.0069,85.1663
8192,-20.5026,-54.7069,85.1663
8193,-20.2026,-54.4069,84.8663
8194,-19.9026,-54.1069,84.8663
8195,-19.6026,-53.8069,84.8663
8196,-19.3026,-53.5069,84.8663
8197,-19.0026,-53.2069,84.8663
8198,-18.7026,-52.9069,84.8663
8199,-18.4026,-52.6069,84.8663
8200,-18.1026,-52.3069,84.8663
8201,-17.8026,-52.0069,84.8663
8202,-17.5026,-51.7069,84.8663
8203,-17.2026,-51.4069,84.8663
8204,-16.9026,-51.1069,85.1663
8205,-16.6026,-51.1069,85.1663
8206,-16.3026,-51.1069,85.1663
8207,-16.0026,-51.1069,85.1663
8208,-15.7026,-51.1069,85.1663
8209,-15.4026,-51.1069,85.1663
8210,-15.1026,-51.1069,85.1663
8211,-14.8026,-51.1069,85.1663
8212,-14.5026,-51.1069,85.1663
8213,-14.2026,-51.1069,85.1663
8214,-13.9026,-51.1069,85.1663
8215,-13.6026,-51.1069,85.1663
8216,-13.3026,-51.1069,85.1663
8217,-13.0026,-51.1069,85.1663
8218,-12.7026,-51.1069,85.1663
8219,-12.4026,-51.1069,85.1663
8220,-12.1026,-51.1069,85.1663
8221,-11.8026,-51.1069,85.1663
8222,-11.5026,-51.1069,85.1663
8223,-11.2026,-51.1069,85.1663
8224,-10.9026,-51.1069,85.1663
8225,-10.6026,-51.1069,85.1663
8226,-10.3026,-51.1069,85.1663
8227,-10.0026,-51.1069,85.1663
8228,-9.7026,-51.1069,85.1663
8229,-9.4026,-51.1069,85.1663
8230,-9.1026,-51.1069,85.1663
8231,-8.8026,-51.1069,85.1663
8232,-8.5026,-51.1069,85.1663
8233,-8.2026,-51.1069,85.1663
8234,-7.9026,-51.1069,85.1663
8235,-7.6026,-51.1069,85.1663
8236,-7.3026,-51.1069,85.1663
8237,-7.0026,-51.1069,85.1663
8238,-6.7026,-51.1069,85.1663
8239,-6.4026,-51.1069,85.1663
8240,-6.1026,-50.8069,85.1663
8241,-5.8026,-50.5069,85.4663
8242,-5.5026,-50.5069,85.4663
8243,-5.2026,-50.2069,85.7663
8244,-4.9026,-50.2069,85.7663
8245,-4.6026,-50.2069,85.7663
8246,-4.3026,-49.9069,85.7663
8247,-4.0026,-49.9069,85.7663
8248,-3.7026,-49.9069,85.7663
8249,-3.4026,-49.9069,85.7663
8250,-3.1026,-49.9069,85.7663
8251,-2.8026,-49.9069,85.7663
8252,-2.5026,-49.9069,85.7663
8253,-2.2026,-49.9069,85.7663
8254,-1.9026,-49.9069,85.7663
8255,-1.6026,-49.9069,85.7663
8256,-1.3026,-49.9069,85.7663
8257,-1.0026,-49.9069,85.7663
8258,-0.7026,-49.9069,85.7663
8259,-0.4026,-49.9069,85.7663
8260,-0.1026,-49.9069,85.7663
8261,0.1974,-49.9069,85.7663
8262,0.4974,-49.9069,85.7663
8263,0.7974,-49.9069,85.7663
8264,1.0974,-49.9069,85.7663
8265,1.3974,-49.9069,85.7663
8266,1.6974,-49.9069,85.7663
8267,1.9974,-49.9069,85.7663
8268,2.2974,-49.9069,85.7663
8269,2.5974,-49.9069,85.7663
8270,2.8974,-49.9069,85.7663
8271,3.1974,-49.9069,85.7663
8272,3.4974,-49.9069,85.7663
8273,3.7974,-49.9069,85.7663
8274,4.0974,-49.9069,85.7663
8275,4.3974,-49.9069,85.7663
8276,4.6974,-49.9069,85.7663
8277,4.9974,-49.9069,85.7663
8278,5.2974,-49.9069,85.7663
8279,5.5974,-49.9069,85.7663
8280,5.8974,-49.9069,85.7663
8281,6.1974,-49.9069,85.7663
8282,6.4974,-49.9069,85.7663
8283,6.7974,-49.9069,85.7663
8284,7.0974,-49.9069,85.7663
8285,7.3974,-49.9069,85.7663
8286,7.6974,-49.9069,85.7663
8287,7.9974,-49.9069,85.7663
8288,8.2974,-49.9069,85.7663
8289,8.5974,-49.9069,85.7663
8290,8.8974,-49.9069,85.7663
8291,9.1974,-49.9069,85.7663
8292,9.4974,-49.9069,85.7663
8293,9.7974,-49.9069,85.7663
8294,10.0974,-49.9069,85.7663
8295,10.3974,-49.9069,85.7663
8296,10.6974,-49.9069,85.7663
8297,10.9974,-49.9069,85.7663
8298,11.2974,-49.9069,85.7663
8299,11.5974,-49.9069,85.7663
8300,11.8974,-49.9069,85.7663
8301,12.1974,-49.9069,85.7663
8302,12.4974,-49.9069,85.7663
8303,12.7974,-49.9069,85.7663
8304,13.0974,-49.9069,85.7663
8305,13.3974,-49.9069,85.7663
8306,13.6974,-49.9069,85.7663
8307,13.9974,-49.9069,85.7663
8308,14.2974,-49.9069,85.7663
8309,14.5974,-49.9069,85.7663
8310,14.8974,-49.9069,85.7663
8311,15.1974,-49.9069,85.7663
8312,15.4974,-49.9069,85.7663
8313,15.7974,-49.9069,85.7663
8314,16.0974,-49.9069,85.7663
8315,16.3974,-49.9069,85.7663
8316,16.6974,-49.9069,85.7663
8317,16.9974,-49.9069,85.7663
8318,17.2974,-49.9069,85.7663
8319,17.5974,-49.9069,85.7663
8320,17.8974,-49.9069,85.7663
8321,18.1974,-49.9069,85.7663
8322,18.4974,-49.9069,85.7663
8323,18.7974,-49.9069,85.7663
8324,19.0974,-49.9069,85.7663
8325,19.3974,-49.9069,85.7663
8326,19.6974,-49.9069,85.7663
8327,19.9974,-49.9069,85.7663
8328,20.2974,-49.9069,85.7663
8329,20.5974,-49.9069,85.7663
8330,20.8974,-49.9069,85.7663
8331,21.1974,-49.9069,85.7663
8332,21.4974,-49.9069,85.7663
8333,21.7974,-49.9069,85.7663
8334,22.0974,-49.9069,85.7663
8335,22.3974,-49.9069,85.7663
8336,22.6974,-49.9069,85.7663
8337,22.9974,-49.9069,85.7663
8338,23.2974,-49.9069,85.7663
8339,23.5974,-49.9069,85.7663
8340,23.8974,-49.9069,85.7663
8341,24.1974,-49.9069,85.7663
8342,24.4974,-49.9069,85.7663
8343,24.7974,-49.9069,85.7663
8344,25.0974,-49.9069,85.7663
8345,25.3974,-49.9069,85.7663
8346,25.6974,-49.9069,85.7663
8347,25.9974,-49.9069,85.7663
8348,26.2974,-49.9069,85.7663
8349,26.5974,-49.9069,85.7663
8350,26.8974,-49.9069,85.7663
8351,27.1974,-49.9069,85.7663
8352,27.4974,-49.9069,85.7663
8353,27.7974,-49.9069,85.7663
8354,28.0974,-49.9069,85.7663
8355,28.3974,-49.9069,85.7663
8356,28.6974,-49.9069,85.7663
8357,28.9974,-49.9069,85.7663
8358,29.2974,-49.9069,85.7663
8359,29.5974,-49.9069,85.7663
8360,29.8974,-49.9069,85.7663
8361,30.1974,-49.9069,86.0663
8362,30.4974,-49.9069,86.0663
8363,30.7974,-49.9069,86.0663
8364,31.0974,-50.2069,86.3663
8365,31.3974,-50.2069,86.3663
8366,31.6974,-50.5069,86.6663
8367,31.9974,-50.5069,86.6663
8368,32.2974,-50.8069,86.9663
8369,32.5974,-50.8069,86.9663
8370,32.8974,-50.8069,87.2663
8371,33.1974,-50.8069,87.2663
8372,33.4974,-50.8069,87.2663
8373,33.7974,-50.8069,87.2663
8374,34.0974,-50.8069,87.2663
8375,34.3974,-50.8069,87.2663
8376,34.6974,-50.8069,86.9663
8377,34.9974,-50.8069,86.9663
8378,35.2974,-50.8069,86.9663
8379,35.5974,-50.8069,86.9663
8380,35.8974,-50.8069,86.9663
8381,36.1974,-50.8069,86.9663
8382,36.4974,-50.8069,86.9663
8383,36.7974,-50.8069,86.9663
8384,37.0974,-50.8069,86.9663
8385,37.3974,-50.8069,86.9663
8386,37.6974,-50.8069,86.9663
8387,37.9974,-50.8069,86.9663
8388,38.2974,-50.8069,86.9663
8389,38.5974,-50.8069,86.9663
8390,38.8974,-50.8069,86.9663
8391,39.1974,-50.8069,86.9663
8392,39.4974,-50.8069,86.9663
8393,39.7974,-50.8069,86.9663
8394,40.0974,-50.8069,86.9663
8395,40.3974,-50.8069,86.9663
8396,40.6974,-50.8069,86.9663
8397,40.9974,-50.8069,86.9663
8398,41.2974,-50.8069,86.9663
8399,41.5974,-50.8069,86.9663
8400,41.8974,-50.8069,86.9663
8401,42.1974,-50.8069,86.9663
8402,42.4974,-50.8069,86.9663
8403,42.7974,-50.8069,86.9663
8404,43.0974,-50.8069,86.9663
8405,43.3974,-50.8069,86.9663
8406,43.6974,-50.8069,86.9663
8407,43.9974,-50.8069,86.9663
8408,44.2974,-50.8069,86.9663
8409,44.5974,-50.8069,86.9663
8410,44.8974,-50.8069,86.9663
8411,45.1974,-50.8069,86.9663
8412,45.4974,-50.8069,86.9663
8413,45.7974,-50.8069,86.9663
8414,46.0974,-50.8069,86.9663
8415,46.3974,-50.8069,86.9663
8416,46.6974,-50.8069,86.9663
8417,46.9974,-50.8069,86.9663
8418,47.2974,-51.1069,86.9663
8419,47.5974,-51.1069,86.9663
8420,47.8974,-51.4069,86.9663
8421,48.1974,-51.4069,86.9663
8422,48.4974,-51.7069,86.9663
8423,48.7974,-51.7069,86.9663
8424,49.0974,-52.0069,86.9663
8425,49.3974,-52.0069,86.9663
8426,49.6974,-52.3069,87.2663
8427,49.9974,-52.3069,87.2663
8428,50.2974,-52.3069,87.2663
8429,50.5974,-52.3069,87.2663
8430,50.8974,-52.3069,87.2663
8431,51.1974,-52.3069,87.2663
8432,51.4974,-52.3069,87.2663
8433,51.7974,-52.3069,87.2663
8434,52.0974,-52.3069,87.2663
8435,52.3974,-52.3069,87.2663
8436,52.6974,-52.3069,87.2663
8437,52.9974,-52.3069,87.2663
8438,53.2974,-52.3069,87.2663
8439,53.5974,-52.3069,87.2663
8440,53.8974,-52.3069,87.2663
8441,54.1974,-52.3069,87.2663
8442,54.4974,-52.3069,87.2663
8443,54.7974,-52.3069,87.2663
8444,55.0974,-52.3069,87.2663
8445,55.3974,-52.3069,87.2663
8446,55.6974,-52.3069,87.2663
8447,55.9974,-52.3069,87.2663
8448,56.2974,-52.3069,87.2663
8449,56.5974,-52.3069,87.2663
8450,56.8974,-52.3069,87.2663
8451,57.1974,-52.3069,87.2663
8452,57.4974,-52.3069,87.2663
8453,57.7974,-52.3069,87.2663
8454,58.0974,-52.3069,87.2663
8455,58.3974,-52.3069,87.2663
8456,58.6974,-52.3069,87.2663
8457,58.9974,-52.3069,87.2663
8458,59.2974,-52.3069,87.2663
8459,59.5974,-52.3069,87.5663
8460,59.8974,-52.3069,87.5663
8461,60.1974,-52.3069,87.5663
8462,60.4974,-52.3069,87.8663
8463,60.7974,-52.3069,87.8663
8464,61.0974,-52.3069,88.1663
8465,61.3974,-52.3069,88.1663
8466,61.6974,-52.3069,88.4663
8467,61.9974,-52.3069,88.4663
8468,62.2974,-52.6069,88.7663
8469,62.5974,-52.6069,88.7663
8470,62.8974,-52.6069,88.7663
8471,63.1974,-52.9069,89.0663
8472,63.4974,-52.9069,89.0663
8473,63.7974,-53.2069,89.3663
8474,64.0974,-53.2069,89.3663
8475,64.3974,-53.2069,89.3663
8476,64.6974,-53.5069,89.6663
8477,64.9974,-53.5069,89.9663
8478,64.6974,-53.2069,90.2663
8479,64.3974,-53.2069,90.2663
8480,64.0974,-52.9069,90.5663
8481,63.7974,-52.9069,90.8663
8482,63.4974,-52.9069,91.1663
8483,63.1974,-52.9069,91.4663
8484,62.8974,-52.9069,91.4663
8485,62.5974,-52.9069,91.4663
8486,62.2974,-52.9069,91.4663
8487,61.9974,-52.9069,91.4663
8488,61.6974,-52.9069,91.4663
8489,61.3974,-52.9069,91.4663
8490,61.0974,-52.9069,91.4663
8491,60.7974,-52.9069,91.7663
8492,60.4974,-52.9069,91.7663
8493,60.1974,-52.9069,91.7663
8494,59.8974,-52.9069,91.7663
8495,59.5974,-52.9069,91.7663
8496,59.2974,-53.2069,92.0663
8497,58.9974,-53.5069,92.3663
8498,58.6974,-53.8069,92.6663
8499,58.3974,-54.1069,92.6663
8500,58.0974,-54.4069,92.6663
8501,57.7974,-54.7069,92.6663
8502,57.4974,-55.0069,92.9663
8503,57.1974,-55.3069,93.2663
8504,56.8974,-55.6069,93.5663
8505,56.5974,-55.9069,93.8663
8506,56.2974,-56.2069,93.8663
8507,55.9974,-56.5069,94.1663
8508,55.6974,-56.8069,94.1663
8509,55.3974,-57.1069,94.1663
8510,55.0974,-57.4069,94.1663
8511,54.7974,-57.7069,94.1663
8512,54.4974,-58.0069,94.1663
8513,54.1974,-58.3069,94.1663
8514,53.8974,-58.6069,94.1663
8515,53.5974,-58.9069,94.1663
8516,53.2974,-59.2069,94.1663
8517,52.9974,-59.5069,94.1663
8518,52.6974,-59.8069,94.1663
8519,52.3974,-60.1069,94.1663
8520,52.0974,-60.4069,94.1663
8521,51.7974,-60.7069,94.1663
8522,51.4974,-61.0069,94.4663
8523,51.1974,-61.3069,94.7663
8524,50.8974,-61.6069,95.0663
8525,50.5974,-61.9069,95.0663
8526,50.2974,-62.2069,95.0663
8527,49.9974,-62.5069,95.0663
8528,49.6974,-62.8069,95.0663
8529,49.3974,-63.1069,95.0663
8530,49.0974,-63.4069,95.0663
8531,48.7974,-63.7069,95.0663
8532,48.4974,-64.0069,95.0663
8533,48.1974,-64.3069,95.0663
8534,47.8974,-64.6069,95.0663
8535,47.5974,-64.9069,94.7663
8536,47.2974,-65.2069,94.7663
8537,46.9974,-65.5069,94.4663
8538,46.6974,-65.8069,94.1663
8539,46.3974,-66.1069,93.8663
8540,46.0974,-66.4069,93.5663
8541,45.7974,-66.7069,93.2663
8542,45.4974,-66.7069,92.9663
8543,45.1974,-67.0069,92.6663
8544,44.8974,-67.0069,92.3663
8545,44.5974,-67.3069,92.0663
8546,44.2974,-67.6069,91.7663
8547,43.9974,-67.6069,91.4663
8548,43.6974,-67.6069,91.1663
8549,43.3974,-67.6069,90.8663
8550,43.0974,-67.6069,90.8663
8551,42.7974,-67.6069,90.8663
8552,42.4974,-67.6069,90.5663
8553,42.1974,-67.6069,90.2663
8554,41.8974,-67.6069,89.9663
8555,41.5974,-67.6069,89.9663
8556,41.8974,-67.6069,89.9663
8557,42.1974,-67.9069,89.9663
8558,42.4974,-67.9069,89.9663
8559,42.7974,-67.9069,89.9663
8560,43.0974,-68.2069,89.9663
8561,43.3974,-68.5069,89.9663
8562,43.6974,-68.5069,89.9663
8563,43.9974,-68.5069,89.9663
8564,44.2974,-68.5069,89.9663
8565,44.5974,-68.5069,89.9663
8566,44.8974,-68.5069,89.9663
8567,45.1974,-68.5069,89.9663
8568,45.4974,-68.5069,89.9663
8569,45.7974,-68.5069,89.9663
8570,46.0974,-68.5069,89.9663
8571,46.3974,-68.8069,89.9663
8572,46.6974,-68.8069,89.9663
8573,46.9974,-68.8069,89.9663
8574,47.2974,-68.8069,89.9663
8575,47.5974,-68.8069,89.9663
8576,47.8974,-69.1069,89.9663
8577,48.1974,-69.1069,89.9663
8578,48.4974,-69.1069,89.9663
8579,48.7974,-69.1069,89.9663
8580,49.3000,-69.1000,89.9000
8581,49.0974,-69.1069,89.9663
8582,48.7974,-69.1069,89.9663
8583,48.4974,-69.1069,89.9663
8584,48.1974,-69.1069,89.9663
8585,47.8974,-69.1069,89.9663
8586,47.5974,-69.1069,89.9663
8587,47.2974,-69.1069,89.9663
8588,46.9974,-69.1069,89.9663
8589,46.6974,-69.1069,89.9663
8590,46.3974,-69.1069,89.9663
8591,46.0974,-69.1069,89.9663
8592,45.7974,-69.1069,89.9663
8593,45.4974,-69.1069,89.9663
8594,45.1974,-69.1069,89.9663
8595,44.8974,-68.8069,90.2663
8596,44.5974,-68.8069,90.2663
8597,44.2974,-68.8069,90.2663
8598,43.9974,-68.8069,90.2663
8599,43.6974,-68.8069,90.2663
8600,43.3974,-68.8069,90.2663
8601,43.0974,-68.8069,90.2663
8602,42.7974,-68.8069,90.2663
8603,42.4974,-68.8069,90.2663
8604,42.1974,-68.8069,90.2663
8605,41.8974,-68.8069,90.2663
8606,41.5974,-68.8069,90.2663
8607,41.2974,-68.8069,90.2663
8608,40.9974,-68.8069,90.2663
8609,40.6974,-68.8069,90.2663
8610,40.3974,-68.8069,90.2663
8611,40.0974,-68.5069,90.2663
8612,39.7974,-68.2069,90.2663
8613,39.4974,-67.9069,90.5663
8614,39.1974,-67.6069,90.8663
8615,38.8974,-67.3069,91.1663
8616,38.5974,-67.0069,91.4663
8617,38.2974,-66.7069,91.7663
8618,37.9974,-66.4069,92.0663
8619,37.6974,-66.1069,92.3663
8620,37.3974,-65.8069,92.6663
8621,37.0974,-65.5069,92.9663
8622,36.7974,-65.2069,93.2663
8623,36.4974,-64.9069,93.5663
8624,36.1974,-64.6069,93.8663
8625,35.8974,-64.3069,94.1663
8626,35.5974,-64.0069,94.1663
8627,35.2974,-63.7069,94.4663
8628,34.9974,-63.4069,94.4663
8629,34.6974,-63.1069,94.7663
8630,34.3974,-62.8069,94.7663
8631,34.0974,-62.5069,94.7663
8632,33.7974,-62.5069,94.7663
8633,33.4974,-62.5069,94.7663
8634,33.1974,-62.2069,95.0663
8635,32.8974,-61.9069,95.0663
8636,32.5974,-61.6069,95.0663
8637,32.2974,-61.3069,95.0663
8638,31.9974,-61.0069,95.0663
8639,31.6974,-60.7069,95.0663
8640,31.3974,-60.4069,95.0663
8641,31.0974,-60.1069,95.0663
8642,30.7974,-59.8069,95.0663
8643,30.4974,-59.5069,95.0663
8644,30.1974,-59.2069,95.0663
8645,29.8974,-58.9069,95.0663
8646,29.5974,-58.6069,95.0663
8647,29.2974,-58.3069,95.0663
8648,28.9974,-58.0069,95.0663
8649,28.6974,-57.7069,95.0663
8650,28.3974,-57.4069,95.0663
8651,28.0974,-57.1069,95.0663
8652,27.7974,-56.8069,95.0663
8653,27.4974,-56.5069,95.0663
8654,27.1974,-56.2069,95.0663
8655,26.8974,-55.9069,95.0663
8656,26.5974,-55.6069,95.0663
8657,26.2974,-55.3069,94.7663
8658,25.9974,-55.0069,94.7663
8659,25.6974,-54.7069,94.7663
8660,25.3974,-54.4069,94.4663
8661,25.0974,-54.1069,94.4663
8662,24.7974,-53.8069,94.4663
8663,24.4974,-53.5069,94.1663
8664,24.1974,-53.2069,94.1663
8665,23.8974,-52.9069,94.1663
8666,23.5974,-52.6069,94.1663
8667,23.2974,-52.3069,94.1663
8668,22.9974,-52.0069,94.1663
8669,22.6974,-51.7069,94.1663
8670,22.3974,-51.7069,94.1663
8671,22.0974,-51.7069,93.8663
8672,21.7974,-51.7069,93.5663
8673,21.4974,-51.7069,93.2663
8674,21.1974,-51.7069,92.9663
8675,20.8974,-51.7069,92.6663
8676,20.5974,-51.7069,92.6663
8677,20.2974,-51.7069,92.6663
8678,19.9974,-51.7069,92.6663
8679,19.6974,-51.7069,92.6663
8680,19.3974,-51.7069,92.6663
8681,19.0974,-51.7069,92.6663
8682,18.7974,-51.7069,92.6663
8683,18.4974,-51.7069,92.6663
8684,18.1974,-51.7069,92.6663
8685,17.8974,-51.7069,92.6663
8686,17.5974,-51.7069,92.6663
8687,17.2974,-51.7069,92.3663
8688,16.9974,-51.7069,92.3663
8689,16.6974,-51.7069,92.0663
8690,16.3974,-51.7069,92.0663
8691,16.0974,-51.7069,91.7663
8692,15.7974,-51.7069,91.7663
8693,15.4974,-51.7069,91.7663
8694,15.1974,-51.7069,91.4663
8695,14.8974,-51.7069,91.4663
8696,14.5974,-51.7069,91.1663
8697,14.2974,-51.7069,91.1663
8698,13.9974,-51.7069,90.8663
8699,13.6974,-51.7069,90.8663
8700,13.3974,-51.7069,90.5663
8701,13.0974,-51.7069,90.5663
8702,12.7974,-52.0069,90.2663
8703,12.4974,-52.0069,90.2663
8704,12.1974,-52.3069,89.9663
8705,11.8974,-52.3069,89.9663
8706,11.5974,-52.3069,89.9663
8707,11.2974,-52.3069,89.9663
8708,10.9974,-52.0069,89.9663
8709,10.6974,-52.0069,89.9663
8710,10.3974,-52.0069,89.9663
8711,10.0974,-52.0069,89.9663
8712,9.7974,-52.0069,89.9663
8713,9.4974,-51.7069,89.9663
8714,9.1974,-51.7069,89.9663
8715,8.8974,-51.7069,89.9663
8716,8.5974,-51.7069,89.9663
8717,8.2974,-51.7069,89.9663
8718,7.9974,-51.7069,89.9663
8719,7.6974,-51.7069,89.9663
8720,7.3974,-51.4069,89.9663
8721,7.0974,-51.4069,89.9663
8722,6.7974,-51.4069,89.9663
8723,6.4974,-51.4069,89.9663
8724,6.1974,-51.4069,89.9663
8725,5.8974,-51.4069,89.9663
8726,5.5974,-51.1069,89.9663
8727,5.2974,-51.1069,89.9663
8728,4.9974,-51.1069,89.9663
8729,4.6974,-51.1069,89.9663
8730,4.3974,-51.1069,89.9663
8731,4.0974,-50.8069,89.9663
8732,3.7974,-50.8069,89.9663
8733,3.4974,-50.8069,89.9663
8734,3.1974,-50.8069,89.9663
8735,2.8974,-50.8069,89.9663
8736,2.5974,-50.8069,89.9663
8737,2.2974,-50.5069,89.9663
8738,1.9974,-50.5069,89.9663
8739,1.6974,-50.5069,89.9663
8740,1.3974,-50.5069,89.9663
8741,1.0974,-50.5069,89.9663
8742,0.7974,-50.5069,89.9663
8743,0.4974,-50.5069,89.9663
8744,0.1974,-50.5069,89.9663
8745,-0.1026,-50.5069,89.9663
8746,-0.4026,-50.5069,89.9663
8747,-0.7026,-50.2069,89.9663
8748,-1.0026,-50.2069,89.9663
8749,-1.3026,-50.2069,89.9663
8750,-1.6026,-50.2069,89.9663
8751,-1.9026,-50.2069,89.9663
8752,-2.2026,-50.2069,89.9663
8753,-2.5026,-49.9069,89.9663
8754,-2.8026,-49.9069,89.9663
8755,-3.1026,-49.9069,89.9663
8756,-3.4026,-49.9069,89.9663
8757,-3.7026,-49.9069,89.9663
8758,-4.0026,-49.9069,89.9663
8759,-4.3026,-49.9069,89.9663
8760,-4.6026,-49.6069,89.9663
8761,-4.9026,-49.6069,89.9663
8762,-5.2026,-49.6069,89.9663
8763,-5.5026,-49.3069,89.9663
8764,-5.8026,-49.3069,89.9663
8765,-6.1026,-49.3069,89.9663
8766,-6.4026,-49.3069,89.9663
8767,-6.7026,-49.0069,89.9663
8768,-7.0026,-49.0069,89.9663
8769,-7.3026,-49.0069,89.9663
8770,-7.6026,-49.0069,89.9663
8771,-7.9026,-49.0069,89.9663
8772,-8.2026,-49.0069,89.9663
8773,-8.5026,-48.7069,89.9663
8774,-8.8026,-48.7069,89.9663
8775,-9.1026,-48.7069,89.9663
8776,-9.4026,-48.7069,89.9663
8777,-9.7026,-48.7069,89.9663
8778,-10.0026,-48.4069,89.9663
8779,-10.3026,-48.4069,89.9663
8780,-10.6026,-48.4069,89.9663
8781,-10.9026,-48.4069,89.9663
8782,-11.2026,-48.4069,89.9663
8783,-11.5026,-48.4069,89.9663
8784,-11.8026,-48.1069,89.9663
8785,-12.1026,-48.1069,89.9663
8786,-12.4026,-48.1069,89.9663
8787,-12.7026,-48.1069,89.9663
8788,-13.0026,-48.1069,89.9663
8789,-13.3026,-48.1069,89.9663
8790,-13.6026,-47.8069,89.9663
8791,-13.9026,-47.8069,89.9663
8792,-14.2026,-47.8069,89.9663
8793,-14.5026,-47.8069,89.9663
8794,-14.8026,-47.8069,89.9663
8795,-15.1026,-47.8069,89.9663
8796,-15.4026,-47.5069,89.9663
8797,-15.7026,-47.5069,89.9663
8798,-16.0026,-47.5069,89.9663
8799,-16.3026,-47.5069,89.9663
8800,-16.6026,-47.5069,89.9663
8801,-16.9026,-47.2069,89.9663
8802,-17.2026,-47.2069,89.9663
8803,-17.5026,-47.2069,89.9663
8804,-17.8026,-47.2069,89.9663
8805,-18.1026,-47.2069,89.9663
8806,-18.4026,-47.2069,89.9663
8807,-18.7026,-46.9069,89.9663
8808,-19.0026,-46.9069,89.9663
8809,-19.3026,-46.9069,89.9663
8810,-19.6026,-46.9069,89.9663
8811,-19.9026,-46.9069,89.9663
8812,-20.2026,-46.9069,89.9663
8813,-20.5026,-46.6069,89.9663
8814,-20.8026,-46.6069,89.9663
8815,-21.1026,-46.6069,89.9663
8816,-21.4026,-46.6069,89.9663
8817,-21.1026,-46.6069,90.2663
8818,-21.1026,-46.6069,90.5663
8819,-20.8026,-46.6069,90.8663
8820,-20.5026,-46.9069,91.1663
8821,-20.2026,-47.2069,91.4663
8822,-19.9026,-47.5069,91.7663
8823,-19.6026,-47.8069,92.0663
8824,-19.3026,-48.1069,92.3663
8825,-19.3026,-48.1069,92.6663
8826,-19.0026,-48.4069,92.9663
8827,-18.7026,-48.7069,93.2663
8828,-18.4026,-49.0069,93.5663
8829,-18.1026,-49.3069,93.8663
8830,-17.8026,-49.6069,94.1663
8831,-17.5026,-49.9069,94.4663
8832,-17.5026,-50.2069,94.4663
8833,-17.2026,-50.5069,94.7663
8834,-17.2026,-50.8069,94.7663
8835,-17.2026,-51.1069,94.7663
8836,-16.9026,-51.4069,95.0663
8837,-16.9026,-51.7069,95.0663
8838,-16.9026,-52.0069,95.0663
8839,-16.6026,-52.3069,95.0663
8840,-16.3026,-52.6069,95.0663
8841,-16.0026,-52.9069,95.0663
8842,-15.7026,-53.2069,95.0663
8843,-15.4026,-53.5069,95.0663
8844,-15.1026,-53.8069,95.0663
8845,-14.8026,-54.1069,95.0663
8846,-14.5026,-54.4069,94.7663
8847,-14.2026,-54.7069,94.7663
8848,-13.9026,-55.0069,94.7663
8849,-13.6026,-55.3069,94.4663
8850,-13.3026,-55.6069,94.4663
8851,-13.0026,-55.9069,94.1663
8852,-12.7026,-56.2069,93.8663
8853,-12.4026,-56.5069,93.5663
8854,-12.1026,-56.8069,93.2663
8855,-11.8026,-57.1069,92.9663
8856,-11.5026,-57.4069,92.6663
8857,-11.2026,-57.7069,92.3663
8858,-10.9026,-58.0069,92.0663
8859,-10.6026,-58.3069,91.7663
8860,-10.3026,-58.6069,91.4663
8861,-10.0026,-58.9069,91.1663
8862,-9.7026,-58.9069,90.8663
8863,-9.4026,-59.2069,90.5663
8864,-9.4026,-59.2069,90.2663
8865,-9.1026,-59.2069,89.9663
8866,-9.4026,-59.2069,89.9663
8867,-9.7026,-59.2069,89.9663
8868,-10.0026,-59.2069,89.9663
8869,-10.3026,-59.2069,89.9663
8870,-10.6026,-59.2069,89.9663
8871,-10.9026,-59.2069,89.9663
8872,-11.2026,-59.2069,89.9663
8873,-11.5026,-59.2069,89.9663
8874,-11.8026,-59.2069,89.9663
8875,-12.1026,-59.2069,89.9663
8876,-12.4026,-59.2069,89.9663
8877,-12.7026,-59.2069,89.9663
8878,-13.0026,-59.2069,89.9663
8879,-13.3026,-59.2069,89.9663
8880,-13.6026,-59.2069,89.9663
8881,-13.9026,-59.2069,89.9663
8882,-14.2026,-59.2069,89.9663
8883,-14.5026,-59.2069,89.9663
8884,-14.8026,-59.2069,89.9663
8885,-15.1026,-59.2069,89.9663
8886,-15.4026,-59.2069,89.9663
8887,-15.7026,-59.2069,89.9663
8888,-16.0026,-58.9069,89.9663
8889,-16.3026,-58.9069,89.9663
8890,-16.6026,-58.9069,89.9663
8891,-16.9026,-58.6069,89.9663
8892,-17.2026,-58.6069,89.9663
8893,-17.5026,-58.6069,89.9663
8894,-17.8026,-58.6069,89.9663
8895,-18.1026,-58.6069,89.9663
8896,-18.4026,-58.3069,89.9663
8897,-18.7026,-58.0069,89.9663
8898,-19.0026,-57.7069,89.9663
8899,-19.3026,-57.7069,89.9663
8900,-19.6026,-57.4069,89.9663
8901,-19.3026,-57.4069,89.9663
8902,-19.0026,-57.7069,89.9663
8903,-18.7026,-57.7069,89.9663
8904,-18.4026,-57.7069,89.9663
8905,-18.1026,-58.0069,89.9663
8906,-17.8026,-58.3069,89.9663
8907,-17.5026,-58.3069,89.9663
8908,-17.2026,-58.3069,89.9663
8909,-16.9026,-58.3069,89.9663
8910,-16.6026,-58.3069,89.9663
8911,-16.3026,-58.3069,89.9663
8912,-16.0026,-58.3069,89.9663
8913,-15.7026,-58.3069,89.9663
8914,-15.4026,-58.3069,89.9663
8915,-15.1026,-58.3069,89.9663
8916,-14.8026,-58.3069,89.9663
8917,-14.5026,-58.3069,89.9663
8918,-14.2026,-58.3069,89.9663
8919,-13.9026,-58.6069,89.9663
8920,-13.6026,-58.6069,89.9663
8921,-13.3026,-58.6069,89.9663
8922,-13.0026,-58.6069,89.9663
8923,-12.7026,-58.9069,89.9663
8924,-12.4026,-58.9069,89.9663
8925,-12.1026,-58.9069,89.9663
8926,-11.8026,-58.9069,89.9663
8927,-11.5026,-58.9069,89.9663
8928,-11.2026,-58.9069,89.9663
8929,-10.9026,-58.9069,89.9663
8930,-10.6026,-58.9069,89.9663
8931,-10.3026,-59.2069,89.9663
8932,-10.0026,-59.5069,89.9663
8933,-9.7026,-59.5069,89.9663
8934,-9.4026,-59.5069,89.9663
8935,-9.1026,-59.5069,89.9663
8936,-8.8026,-59.5069,89.9663
8937,-8.5026,-59.5069,89.9663
8938,-8.2026,-59.5069,89.9663
8939,-7.9026,-59.5069,89.9663
8940,-7.6026,-59.5069,89.9663
8941,-7.3026,-59.5069,89.9663
8942,-7.0026,-59.5069,89.9663
8943,-6.7026,-59.5069,89.9663
8944,-6.4026,-59.5069,89.9663
8945,-6.7026,-59.5069,89.9663
8946,-7.0026,-59.5069,89.9663
8947,-7.3026,-59.5069,89.9663
8948,-7.6026,-59.5069,89.9663
8949,-7.9026,-59.5069,89.9663
8950,-8.2026,-59.5069,89.9663
8951,-8.5026,-59.5069,89.9663
8952,-8.8026,-59.5069,89.9663
8953,-9.1026,-59.5069,89.9663
8954,-9.4026,-59.5069,89.9663
8955,-9.7026,-59.5069,89.9663
8956,-10.0026,-59.5069,89.9663
8957,-10.3026,-59.5069,89.9663
8958,-10.6026,-59.5069,89.9663
8959,-10.9026,-59.5069,89.9663
8960,-11.2026,-59.5069,89.9663
8961,-11.5026,-59.5069,89.9663
8962,-11.8026,-59.5069,89.9663
8963,-12.1026,-59.5069,89.9663
8964,-12.4026,-59.5069,89.9663
8965,-12.7026,-59.5069,89.9663
8966,-13.0026,-59.5069,89.9663
8967,-13.3026,-59.5069,89.9663
8968,-13.6026,-59.5069,89.9663
8969,-13.9026,-59.5069,89.9663
8970,-14.2026,-59.5069,89.9663
8971,-14.5026,-59.5069,89.9663
8972,-14.8026,-59.2069,89.9663
8973,-15.1026,-59.2069,89.9663
8974,-15.4026,-59.2069,89.9663
8975,-15.7026,-59.2069,89.9663
8976,-16.0026,-59.2069,89.9663
8977,-16.3026,-58.9069,89.9663
8978,-16.6026,-58.6069,89.9663
8979,-16.9026,-58.3069,89.9663
8980,-17.2026,-58.3069,89.9663
8981,-17.5026,-58.0069,89.9663
8982,-17.8026,-58.0069,89.9663
8983,-18.1026,-58.0069,89.9663
8984,-18.4026,-57.7069,89.9663
8985,-15.4900,-58.3042,90.1000
8986,-28.6134,-55.9194,90.1000
8987,-27.8134,-55.9194,90.1000
8988,-28.0026,-55.9069,89.9663
8989,-28.3026,-55.9069,89.9663
8990,-28.6026,-55.6069,90.2663
8991,-28.9026,-55.6069,90.2663
8992,-29.2026,-55.3069,90.5663
8993,-29.5026,-55.0069,90.8663
8994,-29.8026,-54.7069,91.1663
8995,-30.1026,-54.4069,91.1663
8996,-30.4026,-54.1069,91.1663
8997,-30.7026,-53.8069,91.1663
8998,-31.0026,-53.5069,91.1663
8999,-31.0026,-53.2069,91.1663
9000,-31.3026,-52.9069,91.1663
9001,-31.3026,-52.6069,91.1663
9002,-31.3026,-52.3069,91.1663
9003,-31.3026,-52.0069,91.1663
9004,-31.3026,-51.7069,91.1663
9005,-31.3026,-51.4069,91.1663
9006,-31.3026,-51.1069,91.1663
9007,-31.3026,-50.8069,91.1663
9008,-31.3026,-50.5069,91.1663
9009,-31.3026,-50.2069,91.1663
9010,-31.3026,-49.9069,91.1663
9011,-31.3026,-49.6069,91.1663
9012,-31.0026,-49.3069,91.1663
9013,-31.0026,-49.0069,91.1663
9014,-31.0026,-48.7069,91.1663
9015,-30.7026,-48.4069,90.8663
9016,-30.7026,-48.1069,90.8663
9017,-30.4026,-47.8069,90.8663
9018,-30.1026,-47.5069,90.8663
9019,-29.8026,-47.2069,90.8663
9020,-29.5026,-46.9069,90.5663
9021,-29.2026,-46.6069,90.2663
9022,-28.9026,-46.3069,89.9663
9023,-28.6026,-46.3069,89.9663
9024,-28.3026,-46.3069,89.9663
9025,-28.0026,-46.0069,89.9663
9026,-27.7026,-46.0069,89.9663
9027,-27.4026,-46.0069,89.9663
9028,-27.1026,-46.0069,89.9663
9029,-26.8026,-46.0069,89.9663
9030,-26.5026,-46.0069,89.9663
9031,-26.2026,-46.0069,89.9663
9032,-25.9026,-46.0069,89.9663
9033,-25.6026,-46.0069,89.9663
9034,-25.3026,-46.0069,89.9663
9035,-25.0026,-46.0069,89.9663
9036,-24.7026,-46.0069,89.9663
9037,-24.4026,-46.0069,89.9663
9038,-24.1026,-46.0069,89.9663
9039,-23.8026,-46.0069,89.9663
9040,-23.5026,-46.0069,89.9663
9041,-23.2026,-46.0069,89.9663
9042,-22.9026,-46.0069,89.9663
9043,-22.6026,-46.0069,89.9663
9044,-22.3026,-46.0069,89.9663
9045,-22.0026,-46.0069,89.9663
9046,-21.7026,-46.0069,89.9663
9047,-21.4026,-46.0069,89.9663
9048,-21.1026,-46.0069,89.9663
9049,-20.8026,-46.0069,89.9663
9050,-20.5026,-46.0069,89.9663
9051,-20.2026,-46.0069,89.9663
9052,-19.9026,-46.0069,89.9663
9053,-19.6026,-46.0069,89.9663
9054,-19.3026,-46.0069,89.9663
9055,-19.0026,-46.0069,89.9663
9056,-18.7026,-46.0069,89.9663
9057,-18.4026,-46.0069,89.9663
9058,-18.1026,-46.0069,89.9663
9059,-17.8026,-46.0069,89.9663
9060,-17.5026,-46.0069,89.9663
9061,-17.2026,-46.0069,89.9663
9062,-16.9026,-46.0069,89.9663
9063,-16.6026,-46.0069,89.9663
9064,-16.3026,-46.0069,89.9663
9065,-16.0026,-46.0069,89.9663
9066,-15.7026,-46.0069,89.9663
9067,-15.4026,-46.0069,89.9663
9068,-15.1026,-46.0069,89.9663
9069,-14.8026,-46.0069,89.9663
9070,-14.5026,-46.0069,89.9663
9071,-14.2026,-46.0069,89.9663
9072,-13.9026,-46.0069,89.9663
9073,-13.6026,-46.0069,89.9663
9074,-13.3026,-46.0069,89.9663
9075,-13.0026,-46.0069,89.9663
9076,-12.7026,-46.0069,89.9663
9077,-12.4026,-46.0069,89.9663
9078,-12.1026,-46.0069,89.9663
9079,-11.8026,-46.0069,89.9663
9080,-11.5026,-46.0069,89.9663
9081,-11.2026,-46.3069,89.9663
9082,-10.9026,-46.3069,89.9663
9083,-10.6026,-46.6069,89.9663
9084,-10.3026,-46.6069,89.9663
9085,-10.0026,-46.9069,89.9663
9086,-9.7026,-46.9069,89.9663
9087,-9.4026,-46.9069,89.9663
9088,-9.1026,-47.2069,89.9663
9089,-8.8026,-47.2069,89.9663
9090,-8.5026,-47.5069,89.9663
9091,-8.2026,-47.5069,89.9663
9092,-7.9026,-47.8069,89.9663
9093,-7.6026,-47.8069,89.9663
9094,-7.3026,-48.1069,89.9663
9095,-7.0026,-48.1069,89.9663
9096,-6.7026,-48.4069,89.9663
9097,-6.4026,-48.4069,89.9663
9098,-6.1026,-48.4069,89.9663
9099,-5.8026,-48.7069,89.9663
9100,-5.5026,-48.7069,89.9663
9101,-5.2026,-49.0069,89.9663
9102,-4.9026,-49.0069,89.9663
9103,-4.6026,-49.3069,89.9663
9104,-4.3026,-49.3069,89.9663
9105,-4.0026,-49.6069,89.9663
9106,-3.7026,-49.6069,89.9663
9107,-3.4026,-49.9069,89.9663
9108,-3.1026,-49.9069,89.9663
9109,-3.4026,-49.9069,89.9663
9110,-3.7026,-49.9069,89.9663
9111,-4.0026,-49.9069,89.9663
9112,-4.3026,-49.9069,89.9663
9113,-4.6026,-49.6069,89.9663
9114,-4.9026,-49.6069,89.9663
9115,-5.2026,-49.6069,89.9663
9116,-5.5026,-49.3069,89.9663
9117,-5.8026,-49.3069,89.9663
9118,-6.1026,-49.3069,89.9663
9119,-6.4026,-49.3069,89.9663
9120,-6.7026,-49.0069,89.9663
9121,-7.0026,-49.0069,89.9663
9122,-7.3026,-49.0069,89.9663
9123,-7.6026,-49.0069,89.9663
9124,-7.9026,-49.0069,89.9663
9125,-8.2026,-49.0069,89.9663
9126,-7.9026,-49.0069,89.9663
9127,-7.6026,-49.0069,89.9663
9128,-7.3026,-49.0069,89.9663
9129,-7.0026,-49.0069,89.9663
9130,-6.7026,-49.0069,89.9663
9131,-6.4026,-49.0069,89.9663
9132,-6.1026,-49.0069,89.9663
9133,-5.8026,-49.0069,89.9663
9134,-5.5026,-49.3069,89.9663
9135,-5.2026,-49.3069,89.9663
9136,-4.9026,-49.6069,89.9663
9137,-4.6026,-49.6069,89.9663
9138,-4.3026,-49.9069,89.9663
9139,-4.0026,-49.9069,89.9663
9140,-3.7026,-49.9069,89.9663
9141,-3.4026,-49.9069,89.9663
9142,-3.1026,-49.9069,89.9663
9143,-2.8026,-49.9069,89.9663
9144,-2.5026,-49.9069,89.9663
9145,-2.2026,-49.9069,89.9663
9146,-1.9026,-49.9069,89.9663
9147,-1.6026,-49.9069,89.9663
9148,-1.3026,-50.2069,89.9663
9149,-1.0026,-50.2069,89.9663
9150,-0.7026,-50.2069,89.9663
9151,-0.4026,-50.2069,89.9663
9152,-0.1026,-50.2069,89.9663
9153,0.1974,-50.2069,89.9663
9154,0.4974,-50.2069,89.9663
9155,0.7974,-50.2069,89.9663
9156,1.0974,-50.2069,89.9663
9157,1.3974,-50.2069,89.9663
9158,1.6974,-50.2069,89.9663
9159,1.9974,-50.2069,89.9663
9160,2.2974,-50.2069,89.9663
9161,2.5974,-50.2069,89.9663
9162,2.8974,-50.2069,89.9663
9163,3.1974,-50.2069,89.9663
9164,3.4974,-50.5069,89.9663
9165,3.7974,-50.5069,89.9663
9166,4.0974,-50.8069,89.9663
9167,4.3974,-50.8069,89.9663
9168,4.6974,-51.1069,89.9663
9169,4.9974,-51.1069,89.9663
9170,5.2974,-51.1069,89.9663
9171,5.5974,-51.1069,89.9663
9172,5.8974,-51.1069,89.9663
9173,6.1974,-51.1069,89.9663
9174,6.4974,-51.1069,89.9663
9175,6.7974,-51.1069,89.9663
9176,7.0974,-51.1069,89.9663
9177,7.3974,-51.1069,89.9663
9178,7.6974,-51.1069,89.9663
9179,7.9974,-51.1069,89.9663
9180,8.2974,-51.1069,89.9663
9181,8.5974,-51.1069,89.9663
9182,8.8974,-51.1069,89.9663
9183,9.1974,-51.1069,89.9663
9184,9.4974,-51.1069,89.9663
9185,9.7974,-51.1069,89.9663
9186,10.0974,-51.1069,89.9663
9187,10.3974,-51.1069,89.9663
9188,10.6974,-51.4069,89.9663
9189,10.9974,-51.4069,89.9663
9190,11.2974,-51.7069,89.9663
9191,11.5974,-51.7069,89.9663
9192,11.8974,-52.0069,89.9663
9193,12.1974,-52.0069,89.9663
9194,12.4974,-52.3069,89.9663
9195,12.7974,-52.3069,89.9663
9196,13.0974,-52.6069,89.9663
9197,13.3974,-52.6069,89.9663
9198,13.6974,-52.6069,89.9663
9199,13.9974,-52.6069,89.9663
9200,14.2974,-52.6069,89.9663
9201,14.5974,-52.6069,89.9663
9202,14.8974,-52.6069,89.9663
9203,15.1974,-52.6069,89.9663
9204,15.4974,-52.6069,89.9663
9205,15.7974,-52.6069,89.9663
9206,16.0974,-52.6069,89.9663
9207,16.3974,-52.6069,89.9663
9208,16.6974,-52.6069,89.9663
9209,16.9974,-52.6069,89.9663
9210,17.2974,-52.9069,89.9663
9211,17.5974,-52.9069,89.9663
9212,17.8974,-53.2069,89.9663
9213,18.1974,-53.2069,89.9663
9214,18.4974,-53.5069,89.9663
9215,18.7974,-53.5069,89.9663
9216,19.0974,-53.8069,89.9663
9217,19.3974,-53.8069,89.9663
9218,20.2045,-50.1693,90.1000
9219,20.5974,-49.9069,89.6663
9220,20.5974,-49.6069,89.3663
9221,20.8974,-49.3069,89.0663
9222,21.1974,-49.0069,88.7663
9223,21.4974,-48.7069,88.4663
9224,21.7974,-48.4069,88.1663
9225,22.0974,-48.4069,87.8663
9226,22.3974,-48.4069,87.5663
9227,22.6974,-48.4069,87.2663
9228,22.9974,-48.4069,87.2663
9229,23.2974,-48.4069,86.9663
9230,23.5974,-48.4069,86.9663
9231,23.8974,-48.4069,86.9663
9232,24.1974,-48.4069,86.9663
9233,24.4974,-48.4069,86.9663
9234,24.7974,-48.4069,86.9663
9235,25.0974,-48.4069,86.9663
9236,25.3974,-48.4069,86.9663
9237,25.6974,-48.4069,86.9663
9238,25.9974,-48.4069,86.9663
9239,26.2974,-48.4069,86.9663
9240,26.5974,-48.4069,86.9663
9241,26.8974,-48.4069,86.9663
9242,27.1974,-48.4069,86.9663
9243,27.4974,-48.4069,86.9663
9244,27.7974,-48.4069,86.9663
9245,28.0974,-48.4069,86.9663
9246,28.3974,-48.4069,86.9663
9247,28.6974,-48.4069,86.9663
9248,28.9974,-48.4069,86.9663
9249,29.2974,-48.4069,86.9663
9250,29.5974,-48.4069,86.9663
9251,29.8974,-48.4069,86.9663
9252,30.1974,-48.4069,86.9663
9253,30.4974,-48.4069,86.9663
9254,30.7974,-48.4069,86.9663
9255,31.0974,-48.4069,86.9663
9256,31.3974,-48.4069,86.9663
9257,31.6974,-48.4069,86.9663
9258,31.9974,-48.4069,86.9663
9259,32.2974,-48.4069,86.9663
9260,32.5974,-48.4069,86.9663
9261,32.8974,-48.4069,86.9663
9262,33.1974,-48.4069,86.9663
9263,33.4974,-48.4069,86.9663
9264,33.7974,-48.4069,86.9663
9265,34.0974,-48.4069,86.9663
9266,34.3974,-48.4069,86.9663
9267,34.6974,-48.4069,86.9663
9268,34.9974,-48.4069,86.9663
9269,35.2974,-48.4069,86.9663
9270,35.5974,-48.4069,86.9663
9271,35.8974,-48.4069,86.9663
9272,36.1974,-48.7069,87.2663
9273,36.4974,-49.0069,87.5663
9274,36.7974,-49.3069,87.8663
9275,37.0974,-49.3069,87.8663
9276,37.3974,-49.3069,87.8663
9277,37.6974,-49.3069,87.8663
9278,37.9974,-49.3069,87.8663
9279,38.2974,-49.3069,87.8663
9280,38.5974,-49.3069,87.8663
9281,38.8974,-49.3069,87.8663
9282,39.1974,-49.3069,87.8663
9283,39.4974,-49.3069,87.8663
9284,39.7974,-49.3069,87.8663
9285,40.0974,-49.3069,87.8663
9286,40.3974,-49.3069,87.8663
9287,40.6974,-49.3069,87.8663
9288,40.9974,-49.3069,87.8663
9289,41.2974,-49.3069,87.8663
9290,41.5974,-49.3069,87.8663
9291,41.8974,-49.3069,87.8663
9292,42.1974,-49.3069,87.8663
9293,42.4974,-49.3069,87.8663
9294,42.7974,-49.3069,87.8663
9295,43.0974,-49.3069,87.8663
9296,43.3974,-49.3069,87.8663
9297,43.6974,-49.3069,87.8663
9298,43.9974,-49.3069,87.8663
9299,44.2974,-49.3069,87.8663
9300,44.5974,-49.3069,87.8663
9301,44.8974,-49.3069,87.8663
9302,45.1974,-49.3069,87.8663
9303,45.4974,-49.3069,87.8663
9304,45.7974,-49.3069,88.1663
9305,46.0974,-49.3069,88.1663
9306,46.3974,-49.6069,88.4663
9307,46.6974,-49.6069,88.4663
9308,46.9974,-49.9069,88.7663
9309,47.2974,-49.9069,88.7663
9310,47.5974,-49.9069,88.7663
9311,47.8974,-50.2069,89.0663
9312,48.1974,-50.2069,89.0663
9313,48.4974,-50.5069,89.3663
9314,48.7974,-50.5069,89.3663
9315,49.0974,-50.5069,89.3663
9316,49.3974,-50.8069,89.6663
9317,49.6974,-50.8069,89.9663
9318,49.9974,-50.8069,89.9663
9319,50.2974,-50.8069,89.9663
9320,50.5974,-50.8069,89.9663
9321,50.8974,-50.8069,89.9663
9322,51.1974,-50.8069,89.9663
9323,51.4974,-50.8069,89.9663
9324,51.7974,-50.8069,89.9663
9325,52.0974,-50.8069,89.9663
9326,52.3974,-50.8069,89.9663
9327,52.6974,-50.8069,89.9663
9328,52.9974,-50.8069,89.9663
9329,53.2974,-50.8069,89.9663
9330,53.5974,-50.8069,89.9663
9331,53.8974,-50.8069,89.9663
9332,54.1974,-50.8069,89.9663
9333,54.4974,-50.8069,89.9663
9334,54.7974,-50.8069,89.9663
9335,55.0974,-50.8069,89.9663
9336,55.3974,-50.8069,89.9663
9337,55.6974,-50.8069,89.9663
9338,55.9974,-50.8069,89.9663
9339,56.2974,-50.8069,89.9663
9340,56.5974,-50.8069,89.9663
9341,56.8974,-50.8069,89.9663
9342,57.1974,-50.8069,89.9663
9343,57.4974,-50.8069,89.9663
9344,57.7974,-50.8069,89.9663
9345,58.0974,-50.8069,89.9663
9346,58.3974,-50.8069,89.9663
9347,58.6974,-50.8069,89.9663
9348,58.9974,-50.8069,89.9663
9349,59.2974,-50.8069,89.9663
9350,59.5974,-50.8069,89.9663
9351,59.8974,-50.8069,89.9663
9352,60.1974,-50.8069,89.9663
9353,60.4974,-50.8069,89.9663
9354,60.7974,-50.8069,89.9663
9355,61.0974,-50.8069,89.9663
9356,61.3974,-50.8069,89.9663
9357,61.6974,-51.1069,89.9663
9358,61.9974,-51.1069,89.9663
9359,62.2974,-51.4069,89.9663
9360,62.5974,-51.4069,89.9663
9361,62.8974,-51.7069,89.9663
9362,63.1974,-51.7069,89.9663
9363,63.4974,-52.0069,89.9663
9364,63.7974,-52.0069,89.9663
9365,64.0974,-52.0069,89.9663
9366,64.3974,-52.3069,89.9663
9367,64.6974,-52.3069,89.9663
9368,64.9974,-52.6069,89.9663
9369,65.2974,-52.6069,89.9663
9370,65.5974,-52.9069,89.9663
9371,65.8974,-52.9069,89.9663
9372,66.1974,-53.2069,89.9663
9373,66.4974,-53.2069,89.9663
9374,66.7974,-53.5069,89.9663
9375,67.0974,-53.5069,89.9663
9376,67.3974,-53.5069,89.9663
9377,67.6974,-53.5069,89.9663
9378,67.9974,-53.8069,89.9663
9379,68.2974,-53.8069,89.9663
9380,68.5974,-53.8069,89.9663
9381,68.8974,-54.1069,89.9663
9382,69.1974,-54.1069,89.9663
9383,69.4974,-54.4069,89.9663
9384,69.7974,-54.7069,89.9663
9385,70.0974,-55.0069,89.9663
9386,70.3974,-55.0069,89.9663
9387,70.0974,-55.0069,89.9663
9388,69.7974,-54.7069,89.9663
9389,69.4974,-54.4069,89.9663
9390,69.1974,-54.1069,89.9663
9391,68.8974,-54.1069,89.9663
9392,68.5974,-53.8069,89.9663
9393,68.2974,-53.8069,89.9663
9394,67.9974,-53.8069,89.9663
9395,67.6974,-53.5069,89.9663
9396,67.3974,-53.5069,89.9663
9397,67.0974,-53.5069,89.9663
9398,66.7974,-53.5069,89.9663
9399,66.4974,-53.5069,89.9663
9400,66.1974,-53.5069,89.9663
9401,65.8974,-53.5069,89.9663
9402,65.5974,-53.5069,89.9663
9403,65.2974,-53.5069,89.9663
9404,64.9974,-53.5069,89.9663
9405,64.6974,-53.2069,89.9663
9406,64.3974,-53.2069,89.9663
9407,64.0974,-53.2069,90.2663
9408,63.7974,-52.9069,90.5663
9409,63.4974,-52.9069,90.8663
9410,63.1974,-52.9069,91.1663
9411,62.8974,-52.9069,91.4663
9412,62.5974,-52.9069,91.7663
9413,62.2974,-52.9069,91.7663
9414,61.9974,-52.9069,91.7663
9415,61.6974,-52.9069,91.7663
9416,61.3974,-52.9069,91.7663
9417,61.0974,-52.9069,91.7663
9418,60.7974,-52.9069,91.7663
9419,60.4974,-52.9069,91.7663
9420,60.1974,-52.9069,92.0663
9421,59.8974,-53.2069,92.3663
9422,59.5974,-53.5069,92.6663
9423,59.2974,-53.8069,92.9663
9424,58.9974,-54.1069,93.2663
9425,58.6974,-54.4069,93.2663
9426,58.3974,-54.7069,93.2663
9427,58.0974,-55.0069,93.2663
9428,57.7974,-55.3069,93.2663
9429,57.4974,-55.6069,93.2663
9430,57.1974,-55.9069,93.2663
9431,56.8974,-56.2069,93.5663
9432,56.5974,-56.5069,93.5663
9433,56.2974,-56.8069,93.8663
9434,55.9974,-57.1069,93.8663
9435,55.6974,-57.4069,93.8663
9436,55.3974,-57.7069,94.1663
9437,55.0974,-58.0069,94.1663
9438,54.7974,-58.3069,94.1663
9439,54.4974,-58.6069,94.1663
9440,54.1974,-58.9069,94.1663
9441,53.8974,-59.2069,94.1663
9442,53.5974,-59.5069,94.1663
9443,53.2974,-59.8069,94.1663
9444,52.9974,-60.1069,94.1663
9445,52.6974,-60.4069,94.1663
9446,52.3974,-60.7069,94.1663
9447,52.0974,-61.0069,94.1663
9448,51.7974,-61.3069,94.1663
9449,51.4974,-61.6069,94.4663
9450,51.1974,-61.9069,94.4663
9451,50.8974,-62.2069,94.7663
9452,50.5974,-62.5069,95.0663
9453,50.2974,-62.8069,95.0663
9454,49.9974,-63.1069,95.0663
9455,49.6974,-63.4069,95.0663
9456,49.3974,-63.7069,95.0663
9457,49.0974,-64.0069,95.0663
9458,48.7974,-64.3069,95.0663
9459,48.4974,-64.6069,95.0663
9460,48.1974,-64.9069,94.7663
9461,47.8974,-65.2069,94.7663
9462,47.5974,-65.5069,94.4663
9463,47.2974,-65.8069,94.4663
9464,46.9974,-66.1069,94.1663
9465,46.6974,-66.4069,93.8663
9466,46.3974,-66.4069,93.5663
9467,46.0974,-66.7069,93.2663
9468,45.7974,-66.7069,92.9663
9469,45.4974,-67.0069,92.6663
9470,45.1974,-67.0069,92.3663
9471,44.8974,-67.3069,92.0663
9472,44.5974,-67.6069,91.7663
9473,44.2974,-67.6069,91.4663
9474,43.9974,-67.9069,91.1663
9475,43.6974,-67.9069,90.8663
9476,43.3974,-67.9069,90.5663
9477,43.0974,-67.9069,90.2663
9478,42.7974,-67.9069,89.9663
9479,43.0974,-67.9069,89.9663
9480,43.3974,-67.9069,89.9663
9481,43.6974,-68.2069,89.9663
9482,43.9974,-68.2069,89.9663
9483,44.2974,-68.5069,89.9663
9484,44.5974,-68.8069,89.9663
9485,44.8974,-68.8069,89.9663
9486,45.1974,-68.8069,89.9663
9487,45.4974,-68.8069,89.9663
9488,45.7974,-68.8069,89.9663
9489,46.0974,-68.8069,89.9663
9490,46.3974,-68.8069,89.9663
9491,46.6974,-68.8069,89.9663
9492,46.9974,-68.8069,89.9663
9493,47.2974,-68.8069,89.9663
9494,47.5974,-68.8069,89.9663
9495,47.8974,-69.1069,89.9663
9496,48.1974,-69.1069,89.9663
9497,48.4974,-69.1069,89.9663
9498,48.7974,-69.1069,89.9663
9499,49.0974,-69.1069,89.9663
9500,49.3974,-69.1069,89.9663
9501,49.6974,-69.4069,89.9663
9502,49.9974,-69.4069,89.9663
9503,50.2974,-69.4069,89.9663
9504,50.5974,-69.4069,89.9663
9505,50.8974,-69.4069,89.9663
9506,51.1974,-69.4069,89.9663
9507,51.4974,-69.7069,89.9663
9508,51.7974,-69.7069,89.9663
9509,52.0974,-69.7069,89.9663
9510,52.3974,-69.7069,89.9663
9511,52.6974,-69.7069,89.9663
9512,52.9974,-69.7069,89.9663
9513,53.2974,-70.0069,89.9663
9514,53.5974,-70.0069,89.9663
9515,53.8974,-70.0069,89.9663
9516,54.1974,-70.0069,89.9663
9517,54.4974,-70.0069,89.9663
9518,54.7974,-70.3069,89.9663
9519,55.0974,-70.3069,89.9663
9520,55.3974,-70.3069,89.9663
9521,55.1000,-70.3000,90.1000
9522,54.7974,-70.3069,89.9663
9523,54.4974,-70.3069,89.9663
9524,54.1974,-70.3069,89.9663
9525,53.8974,-70.3069,89.9663
9526,53.5974,-70.3069,89.9663
9527,53.2974,-70.3069,89.9663
9528,52.9974,-70.3069,89.9663
9529,52.6974,-70.3069,89.9663
9530,52.3974,-70.3069,89.9663
9531,52.0974,-70.3069,89.9663
9532,51.7974,-70.3069,89.9663
9533,51.4974,-70.3069,89.9663
9534,51.1974,-70.3069,89.9663
9535,50.8974,-70.3069,89.9663
9536,50.5974,-70.3069,89.9663
9537,50.2974,-70.3069,89.9663
9538,49.9974,-70.3069,89.9663
9539,49.6974,-70.3069,89.9663
9540,49.3974,-70.3069,89.9663
9541,49.0974,-70.3069,89.9663
9542,48.7974,-70.3069,89.9663
9543,48.4974,-70.3069,89.9663
9544,48.1974,-70.3069,89.9663
9545,47.8974,-70.3069,89.9663
9546,47.5974,-70.3069,89.9663
9547,47.2974,-70.3069,89.9663
9548,46.9974,-70.3069,89.9663
9549,46.6974,-70.3069,89.9663
9550,46.3974,-70.3069,89.9663
9551,46.0974,-70.3069,89.9663
9552,45.7974,-70.3069,89.9663
9553,45.4974,-70.3069,89.9663
9554,45.1974,-70.3069,89.9663
9555,44.8974,-70.3069,89.9663
9556,44.5974,-70.0069,90.2663
9557,44.2974,-69.7069,90.5663
9558,43.9974,-69.4069,90.8663
9559,43.6974,-69.1069,91.1663
9560,43.3974,-68.8069,91.4663
9561,43.0974,-68.5069,91.7663
9562,42.7974,-68.2069,92.0663
9563,42.4974,-67.9069,92.3663
9564,42.1974,-67.6069,92.6663
9565,41.8974,-67.3069,92.9663
9566,41.5974,-67.0069,93.2663
9567,41.2974,-66.7069,93.5663
9568,40.9974,-66.4069,93.8663
9569,40.6974,-66.1069,94.1663
9570,40.3974,-65.8069,94.4663
9571,40.0974,-65.5069,94.7663
9572,39.7974,-65.2069,95.0663
9573,39.4974,-65.2069,95.0663
9574,39.1974,-64.9069,95.0663
9575,38.8974,-64.6069,95.0663
9576,38.5974,-64.3069,95.0663
9577,38.2974,-64.0069,95.0663
9578,37.9974,-63.7069,95.0663
9579,37.6974,-63.4069,95.0663
9580,37.3974,-63.1069,95.0663
9581,37.0974,-62.8069,95.0663
9582,36.7974,-62.5069,95.0663
9583,36.4974,-62.2069,95.0663
9584,36.1974,-61.9069,95.0663
9585,35.8974,-61.6069,95.0663
9586,35.5974,-61.3069,95.0663
9587,35.2974,-61.0069,95.0663
9588,34.9974,-60.7069,95.0663
9589,34.6974,-60.4069,95.0663
9590,34.3974,-60.1069,95.0663
9591,34.0974,-59.8069,95.0663
9592,33.7974,-59.5069,95.0663
9593,33.4974,-59.2069,95.0663
9594,33.1974,-58.9069,95.0663
9595,32.8974,-58.6069,95.0663
9596,32.5974,-58.3069,95.0663
9597,32.2974,-58.3069,95.0663
9598,31.9974,-58.0069,95.0663
9599,31.6974,-58.0069,95.0663
9600,31.3974,-57.7069,95.0663
9601,31.0974,-57.7069,95.0663
9602,30.7974,-57.7069,95.0663
9603,30.4974,-57.4069,95.0663
9604,30.1974,-57.4069,95.0663
9605,29.8974,-57.1069,95.0663
9606,29.5974,-57.1069,95.0663
9607,29.2974,-56.8069,95.0663
9608,28.9974,-56.8069,95.0663
9609,28.6974,-56.8069,95.0663
9610,28.3974,-56.5069,95.0663
9611,28.0974,-56.5069,95.0663
9612,27.7974,-56.2069,95.0663
9613,27.4974,-55.9069,95.0663
9614,27.1974,-55.6069,95.0663
9615,26.8974,-55.3069,95.0663
9616,26.5974,-55.0069,95.0663
9617,26.2974,-54.7069,95.0663
9618,25.9974,-54.4069,95.0663
9619,25.6974,-54.1069,95.0663
9620,25.3974,-53.8069,95.0663
9621,25.0974,-53.5069,94.7663
9622,24.7974,-53.2069,94.4663
9623,24.4974,-52.9069,94.1663
9624,24.1974,-52.9069,94.1663
9625,23.8974,-52.9069,94.1663
9626,23.5974,-52.6069,94.1663
9627,23.2974,-52.3069,94.1663
9628,22.9974,-52.0069,94.1663
9629,22.6974,-51.7069,94.1663
9630,22.3974,-51.7069,93.8663
9631,22.0974,-51.7069,93.8663
9632,21.7974,-51.7069,93.5663
9633,21.4974,-51.7069,93.2663
9634,21.1974,-51.7069,92.9663
9635,20.8974,-51.7069,92.6663
9636,20.5974,-51.7069,92.3663
9637,20.5974,-51.7069,92.0663
9638,20.2974,-51.7069,91.7663
9639,20.2974,-51.7069,91.4663
9640,19.9974,-51.7069,91.1663
9641,19.9974,-51.7069,90.8663
9642,19.9974,-51.7069,90.5663
9643,19.6974,-52.0069,90.2663
9644,19.6974,-52.0069,89.9663
9645,19.9974,-52.0069,90.2663
9646,19.9974,-52.0069,90.5663
9647,19.9974,-52.0069,90.8663
9648,19.9974,-52.0069,91.1663
9649,20.2974,-52.0069,91.4663
9650,20.2974,-52.0069,91.7663
9651,20.5974,-52.0069,92.0663
9652,20.5974,-52.0069,92.3663
9653,20.8974,-52.0069,92.6663
9654,21.1974,-52.0069,92.9663
9655,21.4974,-52.0069,93.2663
9656,21.7974,-52.0069,93.5663
9657,22.0974,-52.0069,93.8663
9658,22.3974,-52.0069,93.8663
9659,22.6974,-51.7069,94.1663
9660,22.9974,-52.0069,94.1663
9661,23.2974,-52.3069,94.1663
9662,23.5974,-52.6069,94.1663
9663,23.8974,-52.9069,94.1663
9664,24.1974,-53.2069,94.1663
9665,24.4974,-53.5069,94.1663
9666,24.7974,-53.8069,94.1663
9667,25.0974,-54.1069,94.1663
9668,25.3974,-54.4069,94.4663
9669,25.6974,-54.7069,94.4663
9670,25.9974,-55.0069,94.4663
9671,26.2974,-55.3069,94.4663
9672,26.5974,-55.6069,94.4663
9673,26.8974,-55.9069,94.4663
9674,27.1974,-56.2069,94.4663
9675,27.4974,-56.5069,94.4663
9676,27.7974,-56.8069,94.4663
9677,28.0974,-57.1069,94.4663
9678,28.3974,-57.4069,94.4663
9679,28.6974,-57.7069,94.4663
9680,28.9974,-58.0069,94.4663
9681,29.2974,-58.3069,94.7663
9682,29.5974,-58.6069,94.7663
9683,29.8974,-58.9069,94.7663
9684,30.1974,-59.2069,95.0663
9685,30.4974,-59.5069,95.0663
9686,30.7974,-59.8069,95.0663
9687,31.0974,-60.1069,95.0663
9688,31.3974,-60.4069,95.0663
9689,31.6974,-60.7069,95.0663
9690,31.9974,-61.0069,95.0663
9691,32.2974,-61.3069,95.0663
9692,32.5974,-61.6069,95.0663
9693,32.8974,-61.9069,95.0663
9694,33.1974,-62.2069,95.0663
9695,33.4974,-62.5069,94.7663
9696,33.7974,-62.8069,94.7663
9697,34.0974,-63.1069,94.7663
9698,34.3974,-63.4069,94.4663
9699,34.6974,-63.7069,94.4663
9700,34.9974,-64.0069,94.1663
9701,35.2974,-64.3069,93.8663
9702,35.5974,-64.6069,93.8663
9703,35.8974,-64.9069,93.5663
9704,36.1974,-65.2069,93.2663
9705,36.4974,-65.5069,92.9663
9706,36.7974,-65.8069,92.6663
9707,37.0974,-66.1069,92.3663
9708,37.3974,-66.4069,92.0663
9709,37.6974,-66.7069,91.7663
9710,37.9974,-66.7069,91.4663
9711,38.2974,-67.0069,91.1663
9712,38.5974,-67.0069,90.8663
9713,38.8974,-67.3069,90.5663
9714,39.1974,-67.3069,90.2663
9715,39.4974,-67.3069,90.2663
9716,39.7974,-67.3069,90.5663
9717,40.0974,-67.3069,90.8663
9718,40.3974,-67.3069,90.8663
9719,40.6974,-67.3069,90.8663
9720,40.9974,-67.3069,91.1663
9721,41.2974,-67.3069,91.1663
9722,41.5974,-67.3069,91.1663
9723,41.8974,-67.3069,91.1663
9724,42.1974,-67.3069,91.1663
9725,42.4974,-67.3069,91.4663
9726,42.7974,-67.3069,91.7663
9727,43.0974,-67.0069,92.0663
9728,43.3974,-67.0069,92.0663
9729,43.6974,-67.0069,92.0663
9730,43.9974,-67.0069,92.3663
9731,44.2974,-67.0069,92.3663
9732,44.5974,-67.0069,92.3663
9733,44.8974,-67.0069,92.3663
9734,45.1974,-67.0069,92.6663
9735,45.4974,-67.0069,92.9663
9736,45.7974,-66.7069,93.2663
9737,46.0974,-66.4069,93.5663
9738,46.3974,-66.1069,93.8663
9739,46.6974,-65.8069,94.1663
9740,46.9974,-65.5069,94.4663
9741,47.2974,-65.5069,94.4663
9742,47.5974,-65.5069,94.4663
9743,47.8974,-65.5069,94.4663
9744,48.1974,-65.5069,94.4663
9745,48.4974,-65.2069,94.7663
9746,48.7974,-65.2069,94.7663
9747,49.0974,-65.2069,94.7663
9748,49.3974,-65.2069,94.7663
9749,49.6974,-65.2069,94.7663
9750,49.9974,-65.2069,94.7663
9751,50.2974,-65.2069,94.7663
9752,50.5974,-64.9069,95.0663
9753,50.8974,-64.6069,95.0663
9754,51.1974,-64.3069,95.0663
9755,51.4974,-64.0069,95.0663
9756,51.7974,-63.7069,95.0663
9757,52.0974,-63.4069,95.0663
9758,52.3974,-63.1069,95.0663
9759,52.6974,-62.8069,95.0663
9760,52.9974,-62.5069,95.0663
9761,53.2974,-62.2069,94.7663
9762,53.5974,-61.9069,94.4663
9763,53.8974,-61.6069,94.1663
9764,54.1974,-61.6069,94.1663
9765,54.4974,-61.6069,94.1663
9766,54.7974,-61.6069,94.1663
9767,55.0974,-61.6069,94.1663
9768,55.3974,-61.6069,94.1663
9769,55.6974,-61.6069,94.1663
9770,55.9974,-61.6069,94.1663
9771,56.2974,-61.6069,94.1663
9772,56.5974,-61.6069,94.1663
9773,56.8974,-61.6069,94.1663
9774,57.1974,-61.6069,94.1663
9775,57.4974,-61.6069,94.1663
9776,57.7974,-61.6069,94.1663
9777,58.0974,-61.6069,94.1663
9778,58.3974,-61.6069,94.1663
9779,58.6974,-61.6069,94.1663
9780,58.9974,-61.6069,94.1663
9781,59.2974,-61.6069,94.1663
9782,59.5974,-61.6069,94.1663
9783,59.8974,-61.6069,94.1663
9784,60.1974,-61.6069,94.1663
9785,60.4974,-61.6069,94.1663
9786,60.7974,-61.6069,94.1663
9787,61.0974,-61.6069,94.1663
9788,61.3974,-61.6069,94.1663
9789,61.6974,-61.6069,94.1663
9790,61.9974,-61.6069,94.1663
9791,62.2974,-61.6069,94.1663
9792,62.5974,-61.6069,94.1663
9793,62.8974,-61.6069,94.1663
9794,63.1974,-61.6069,94.1663
9795,63.4974,-61.6069,94.1663
9796,63.7974,-61.6069,94.1663
9797,64.0974,-61.6069,94.1663
9798,64.3974,-61.6069,94.1663
9799,64.6974,-61.6069,94.1663
9800,64.9974,-61.6069,94.1663
9801,65.2974,-61.6069,94.1663
9802,65.5974,-61.6069,94.1663
9803,65.8974,-61.6069,94.1663
9804,66.1974,-61.3069,94.1663
9805,66.4974,-61.0069,94.1663
9806,66.7974,-60.7069,94.1663
9807,67.0974,-60.4069,94.1663
9808,67.3974,-60.4069,94.1663
9809,67.6974,-60.7069,93.8663
9810,67.9974,-61.0069,93.8663
9811,68.2974,-61.3069,93.5663
9812,68.2974,-61.6069,93.5663
9813,68.5974,-61.9069,93.2663
9814,68.5974,-62.2069,93.2663
9815,68.5974,-62.5069,93.2663
9816,68.8974,-62.8069,92.9663
9817,68.5974,-62.5069,93.2663
9818,68.5974,-62.2069,93.2663
9819,68.5974,-61.9069,93.2663
9820,68.5974,-61.6069,93.2663
9821,68.2974,-61.3069,93.5663
9822,67.9974,-61.0069,93.8663
9823,67.6974,-60.7069,93.8663
9824,67.3974,-60.4069,94.1663
9825,67.0974,-60.4069,94.1663
9826,66.7974,-60.4069,94.1663
9827,66.4974,-60.4069,94.1663
9828,66.1974,-60.4069,94.1663
9829,65.8974,-60.4069,94.1663
9830,65.5974,-60.4069,94.1663
9831,65.2974,-60.4069,94.1663
9832,64.9974,-60.4069,94.1663
9833,64.6974,-60.7069,94.4663
9834,64.3974,-60.7069,94.4663
9835,64.0974,-60.7069,94.4663
9836,63.7974,-60.7069,94.4663
9837,63.4974,-60.7069,94.4663
9838,63.1974,-60.7069,94.4663
9839,62.8974,-60.7069,94.4663
9840,62.5974,-60.7069,94.4663
9841,62.2974,-60.7069,94.4663
9842,61.9974,-60.7069,94.4663
9843,61.6974,-60.7069,94.4663
9844,61.3974,-60.7069,94.4663
9845,61.0974,-60.7069,94.4663
9846,60.7974,-60.7069,94.4663
9847,60.4974,-60.7069,94.4663
9848,60.1974,-60.7069,94.4663
9849,59.8974,-60.7069,94.4663
9850,59.5974,-60.7069,94.4663
9851,59.2974,-60.7069,94.4663
9852,58.9974,-60.7069,94.4663
9853,58.6974,-60.7069,94.4663
9854,58.3974,-60.7069,94.4663
9855,58.0974,-60.7069,94.4663
9856,57.7974,-60.7069,94.4663
9857,57.4974,-60.7069,94.4663
9858,57.1974,-60.7069,94.4663
9859,56.8974,-60.7069,94.4663
9860,56.5974,-60.7069,94.4663
9861,56.2974,-60.7069,94.4663
9862,55.9974,-60.7069,94.4663
9863,55.6974,-60.7069,94.4663
9864,55.3974,-60.7069,94.4663
9865,55.0974,-60.7069,94.4663
9866,54.7974,-60.7069,94.4663
9867,54.4974,-60.7069,94.4663
9868,54.1974,-60.7069,94.4663
9869,53.8974,-60.7069,94.4663
9870,53.5974,-60.7069,94.4663
9871,53.2974,-60.7069,94.4663
9872,52.9974,-61.0069,94.4663
9873,52.6974,-61.3069,94.7663
9874,52.3974,-61.6069,95.0663
9875,52.0974,-61.6069,95.0663
9876,51.7974,-61.6069,95.0663
9877,51.4974,-61.6069,95.0663
9878,51.1974,-61.6069,95.0663
9879,50.8974,-61.6069,95.0663
9880,50.5974,-61.9069,95.0663
9881,50.2974,-62.2069,95.0663
9882,49.9974,-62.5069,95.0663
9883,49.6974,-62.8069,95.0663
9884,49.3974,-63.1069,95.0663
9885,49.0974,-63.4069,95.0663
9886,48.7974,-63.7069,95.0663
9887,48.4974,-64.0069,95.0663
9888,48.1974,-64.3069,95.0663
9889,47.8974,-64.6069,95.0663
9890,47.5974,-64.9069,95.0663
9891,47.2974,-65.2069,95.0663
9892,46.9974,-65.5069,95.0663
9893,46.6974,-65.8069,95.0663
9894,46.3974,-66.1069,95.0663
9895,46.0974,-66.4069,95.0663
9896,45.7974,-66.4069,95.0663
9897,45.4974,-66.7069,95.0663
9898,45.1974,-66.7069,95.0663
9899,44.8974,-67.0069,95.0663
9900,44.5974,-67.0069,95.0663
9901,44.2974,-67.0069,95.0663
9902,43.9974,-67.0069,95.0663
9903,43.6974,-67.0069,95.0663
9904,43.3974,-67.0069,95.0663
9905,43.0974,-67.0069,95.0663
9906,42.7974,-67.0069,95.0663
9907,42.4974,-67.0069,95.0663
9908,42.1974,-67.0069,95.0663
9909,41.8974,-67.0069,95.0663
9910,41.5974,-67.0069,95.0663
9911,41.2974,-67.0069,95.0663
9912,40.9974,-67.0069,95.0663
9913,40.6974,-67.0069,95.0663
9914,40.3974,-67.0069,95.0663
9915,40.0974,-67.0069,95.0663
9916,39.7974,-66.7069,95.0663
9917,39.4974,-66.4069,95.0663
9918,39.1974,-66.1069,95.0663
9919,38.8974,-65.8069,95.0663
9920,38.5974,-65.5069,95.0663
9921,38.2974,-65.2069,95.0663
9922,37.9974,-64.9069,95.0663
9923,37.6974,-64.6069,95.0663
9924,37.3974,-64.3069,95.0663
9925,37.0974,-64.0069,95.0663
9926,36.7974,-63.7069,95.0663
9927,36.4974,-63.4069,95.0663
9928,36.1974,-63.4069,95.0663
9929,35.8974,-63.4069,95.0663
9930,35.5974,-63.4069,95.0663
9931,35.2974,-63.4069,95.0663
9932,34.9974,-63.4069,95.0663
9933,34.6974,-63.4069,95.0663
9934,34.3974,-63.4069,95.0663
9935,34.0974,-63.4069,95.0663
9936,33.7974,-63.4069,95.0663
9937,33.4974,-63.4069,95.0663
9938,33.1974,-63.4069,95.0663
9939,32.8974,-63.4069,95.0663
9940,32.5974,-63.4069,95.0663
9941,32.2974,-63.4069,95.0663
9942,31.9974,-63.4069,95.0663
9943,31.6974,-63.4069,95.0663
9944,31.3974,-63.4069,95.0663
9945,31.0974,-63.4069,95.0663
9946,30.7974,-63.4069,95.0663
9947,30.4974,-63.4069,95.0663
9948,30.1974,-63.4069,95.0663
9949,29.8974,-63.4069,95.0663
9950,29.5974,-63.4069,95.0663
9951,29.2974,-63.4069,95.0663
9952,28.9974,-63.4069,95.0663
9953,28.6974,-63.4069,95.0663
9954,28.3974,-63.4069,95.0663
9955,28.0974,-63.4069,95.0663
9956,27.7974,-63.4069,95.0663
9957,27.4974,-63.4069,95.0663
9958,27.1974,-63.4069,95.0663
9959,26.8974,-63.4069,95.0663
9960,26.5974,-63.4069,95.0663
9961,26.2974,-63.4069,95.0663
9962,25.9974,-63.4069,95.0663
9963,25.6974,-63.4069,95.0663
9964,25.3974,-63.4069,95.0663
9965,25.0974,-63.4069,95.0663
9966,24.7974,-63.4069,95.0663
9967,24.4974,-63.4069,95.0663
9968,24.1974,-63.4069,95.0663
9969,23.8974,-63.4069,95.0663
9970,23.5974,-63.4069,95.0663
9971,23.2974,-63.4069,95.0663
9972,22.9974,-63.4069,95.0663
9973,22.6974,-63.4069,95.0663
9974,22.3974,-63.4069,95.0663
9975,22.0974,-63.4069,95.0663
9976,21.7974,-63.4069,95.0663
9977,21.4974,-63.4069,95.0663
9978,21.1974,-63.4069,95.0663
9979,20.8974,-63.4069,95.0663
9980,20.5974,-63.4069,95.0663
9981,20.2974,-63.4069,95.0663
9982,19.9974,-63.4069,95.0663
9983,19.6974,-63.4069,95.0663
9984,19.3974,-63.4069,95.0663
9985,19.0974,-63.4069,95.0663
9986,18.7974,-63.4069,95.0663
9987,18.4974,-63.4069,95.0663
9988,18.1974,-63.4069,95.0663
9989,17.8974,-63.4069,95.0663
9990,17.5974,-63.1069,94.7663
9991,17.2974,-63.1069,94.7663
9992,16.9974,-63.1069,94.7663
9993,16.6974,-62.8069,94.4663
9994,16.3974,-62.8069,94.4663
9995,16.0974,-62.5069,94.1663
9996,15.7974,-62.5069,94.1663
9997,15.4974,-62.2069,93.8663
9998,15.1974,-62.2069,93.8663
9999,14.8974,-62.2069,93.8663
10000,14.5974,-61.9069,93.5663
10001,14.2974,-61.9069,93.5663
10002,13.9974,-61.6069,93.2663
10003,13.6974,-61.6069,93.2663
10004,13.3974,-61.6069,93.2663
10005,13.0974,-61.3069,92.9663
10006,12.7974,-61.3069,92.9663
10007,12.4974,-61.3069,92.9663
10008,12.1974,-61.3069,92.9663
10009,11.8974,-61.3069,92.9663
10010,11.5974,-61.3069,92.9663
10011,11.2974,-61.3069,92.9663
10012,10.9974,-61.3069,92.9663
10013,10.6974,-61.3069,92.9663
10014,10.3974,-61.3069,92.9663
10015,10.0974,-61.3069,92.9663
10016,9.7974,-61.3069,92.9663
10017,9.4974,-61.3069,92.9663
10018,9.1974,-61.3069,92.9663
10019,8.8974,-61.3069,92.9663
10020,8.5974,-61.3069,92.9663
10021,8.2974,-61.3069,92.9663
10022,7.9974,-61.3069,92.9663
10023,7.6974,-61.3069,92.9663
10024,7.3974,-61.3069,92.9663
10025,7.0974,-61.3069,92.9663
10026,6.7974,-61.3069,92.9663
10027,6.4974,-61.3069,92.9663
10028,6.1974,-61.3069,92.9663
10029,5.8974,-61.3069,92.9663
10030,5.5974,-61.3069,92.9663
10031,5.2974,-61.3069,92.9663
10032,4.9974,-61.3069,92.9663
10033,4.6974,-61.3069,92.9663
10034,4.3974,-61.3069,92.9663
10035,4.0974,-61.3069,92.9663
10036,3.7974,-61.3069,92.9663
10037,3.4974,-61.3069,92.9663
10038,3.1974,-61.3069,92.9663
10039,2.8974,-61.3069,92.9663
10040,2.5974,-61.0069,92.9663
10041,2.2974,-61.0069,92.9663
10042,1.9974,-60.7069,92.9663
10043,1.6974,-60.7069,92.9663
10044,1.3974,-60.4069,92.9663
10045,1.0974,-60.4069,92.9663
10046,0.7974,-60.4069,92.9663
10047,0.4974,-60.1069,92.9663
10048,0.1974,-60.1069,92.9663
10049,-0.1026,-59.8069,92.9663
10050,-0.4026,-59.8069,92.9663
10051,-0.7026,-59.5069,92.9663
10052,-1.0026,-59.5069,92.9663
10053,-1.3026,-59.2069,92.9663
10054,-1.6026,-59.2069,92.9663
10055,-1.9026,-59.2069,92.9663
10056,-2.2026,-58.9069,92.9663
10057,-2.5026,-58.9069,92.9663
10058,-2.8026,-59.2069,92.9663
10059,-3.1026,-59.2069,92.9663
10060,-3.4026,-59.2069,92.9663
10061,-3.7026,-59.2069,92.9663
10062,-4.0026,-59.2069,92.9663
10063,-4.3026,-59.2069,92.9663
10064,-4.6026,-59.2069,92.9663
10065,-4.9026,-59.2069,92.9663
10066,-5.2026,-59.2069,92.9663
10067,-5.5026,-59.2069,92.9663
10068,-5.8026,-59.2069,92.9663
10069,-6.1026,-59.2069,92.9663
10070,-6.4026,-59.2069,92.9663
10071,-6.7026,-59.2069,92.9663
10072,-7.0026,-59.2069,92.9663
10073,-7.3026,-59.2069,92.9663
10074,-7.6026,-59.2069,92.9663
10075,-7.9026,-59.2069,92.9663
10076,-8.2026,-59.2069,92.9663
10077,-8.5026,-59.2069,92.9663
10078,-8.8026,-59.2069,92.9663
10079,-9.1026,-59.2069,92.9663
10080,-9.4026,-59.2069,92.9663
10081,-9.7026,-59.2069,92.9663
10082,-10.0026,-59.2069,92.9663
10083,-10.3026,-59.2069,92.9663
10084,-10.6026,-59.2069,92.9663
10085,-10.9026,-59.2069,92.9663
10086,-11.2026,-59.2069,92.9663
10087,-11.5026,-59.2069,92.9663
10088,-11.8026,-59.2069,92.9663
10089,-12.1026,-59.2069,92.9663
10090,-12.4026,-59.2069,92.9663
10091,-12.7026,-59.2069,92.9663
10092,-13.0026,-59.2069,92.9663
10093,-13.3026,-59.2069,92.9663
10094,-13.6026,-59.2069,92.9663
10095,-13.9026,-59.2069,92.9663
10096,-14.2026,-58.9069,92.9663
10097,-14.5026,-58.9069,92.9663
10098,-14.8026,-58.6069,92.9663
10099,-15.1026,-58.6069,92.9663
10100,-15.4026,-58.3069,92.9663
10101,-15.7026,-58.3069,92.9663
10102,-16.0026,-58.0069,92.9663
10103,-16.3026,-58.0069,92.9663
10104,-16.6026,-58.0069,92.9663
10105,-16.9026,-57.7069,92.9663
10106,-17.2026,-57.7069,92.9663
10107,-17.5026,-57.4069,92.9663
10108,-17.8026,-57.4069,92.9663
10109,-18.1026,-57.1069,92.9663
10110,-18.4026,-57.1069,92.9663
10111,-18.7026,-56.8069,92.9663
10112,-19.0026,-56.8069,92.9663
10113,-19.3026,-56.5069,92.9663
10114,-19.6026,-56.5069,92.9663
10115,-19.9026,-56.5069,92.9663
10116,-20.2026,-56.2069,92.9663
10117,-20.5026,-56.2069,92.9663
10118,-20.8026,-55.9069,92.9663
10119,-21.1026,-55.9069,92.9663
10120,-21.4026,-55.6069,92.9663
10121,-21.7026,-55.6069,92.9663
10122,-22.0026,-55.3069,92.9663
10123,-22.3026,-55.3069,92.9663
10124,-22.6026,-55.3069,92.9663
10125,-22.9026,-55.0069,92.9663
10126,-22.6026,-55.0069,93.2663
10127,-22.3026,-55.0069,93.2663
10128,-22.0026,-55.0069,93.2663
10129,-21.7026,-55.0069,93.5663
10130,-21.4026,-55.0069,93.5663
10131,-21.1026,-55.0069,93.5663
10132,-20.8026,-54.7069,93.8663
10133,-20.5026,-54.4069,94.1663
10134,-20.2026,-54.1069,94.4663
10135,-19.9026,-54.1069,94.4663
10136,-19.6026,-54.1069,94.4663
10137,-19.3026,-53.8069,94.7663
10138,-19.0026,-53.5069,95.0663
10139,-18.7026,-53.5069,95.0663
10140,-18.4026,-53.5069,95.0663
10141,-18.1026,-53.5069,95.0663
10142,-17.8026,-53.5069,95.0663
10143,-17.5026,-53.5069,95.0663
10144,-17.2026,-53.5069,95.0663
10145,-16.9026,-53.5069,95.0663
10146,-16.6026,-53.5069,95.0663
10147,-16.3026,-53.5069,95.0663
10148,-16.0026,-53.5069,95.0663
10149,-15.7026,-53.5069,95.0663
10150,-15.4026,-53.5069,95.0663
10151,-15.1026,-53.5069,95.0663
10152,-14.8026,-53.5069,95.0663
10153,-14.5026,-53.5069,95.0663
10154,-14.2026,-53.5069,95.0663
10155,-13.9026,-53.5069,95.0663
10156,-13.6026,-53.5069,95.0663
10157,-13.3026,-53.5069,95.0663
10158,-13.0026,-53.5069,95.0663
10159,-12.7026,-53.5069,95.0663
10160,-12.4026,-53.5069,95.0663
10161,-12.1026,-53.5069,95.0663
10162,-11.8026,-53.5069,95.0663
10163,-11.5026,-53.5069,95.0663
10164,-11.2026,-53.5069,95.0663
10165,-10.9026,-53.5069,95.0663
10166,-10.6026,-53.5069,95.0663
10167,-10.3026,-53.5069,95.0663
10168,-10.0026,-53.5069,95.0663
10169,-9.7026,-53.2069,95.0663
10170,-9.4026,-52.9069,95.0663
10171,-9.1026,-52.6069,95.0663
10172,-8.8026,-52.3069,95.0663
10173,-8.5026,-52.0069,94.7663
10174,-8.2026,-51.7069,94.4663
10175,-7.9026,-51.4069,94.1663
10176,-7.6026,-51.1069,93.8663
10177,-7.3026,-50.8069,93.5663
10178,-7.0026,-50.5069,93.2663
10179,-6.7026,-50.5069,93.2663
10180,-6.4026,-50.5069,93.2663
10181,-6.1026,-50.5069,93.2663
10182,-5.8026,-50.5069,93.2663
10183,-5.5026,-50.5069,93.2663
10184,-5.2026,-50.5069,93.2663
10185,-4.9026,-50.5069,93.2663
10186,-4.6026,-50.5069,93.2663
10187,-4.3026,-50.5069,93.2663
10188,-4.0026,-50.5069,93.2663
10189,-3.7026,-50.5069,93.2663
10190,-3.4026,-50.5069,93.2663
10191,-3.1026,-50.5069,93.2663
10192,-2.8026,-50.5069,93.2663
10193,-2.5026,-50.5069,93.2663
10194,-2.2026,-50.5069,93.2663
10195,-1.9026,-50.5069,93.2663
10196,-1.6026,-50.5069,93.2663
10197,-1.3026,-50.5069,93.2663
10198,-1.0026,-50.5069,93.2663
10199,-0.7026,-50.5069,93.2663
10200,-0.4026,-50.5069,93.2663
10201,-0.1026,-50.5069,93.2663
10202,0.1974,-50.8069,93.2663
10203,0.4974,-50.8069,93.2663
10204,0.7974,-51.1069,93.2663
10205,1.0974,-51.1069,93.2663
10206,1.3974,-51.4069,93.2663
10207,1.6974,-51.4069,93.2663
10208,1.9974,-51.7069,93.2663
10209,2.2974,-51.7069,93.2663
10210,2.5974,-52.0069,92.9663
10211,2.8974,-52.0069,92.9663
10212,2.5974,-52.0069,92.9663
10213,2.2974,-52.0069,92.9663
10214,1.9974,-52.0069,92.9663
10215,1.6974,-51.7069,92.9663
10216,1.3974,-51.4069,92.9663
10217,1.0974,-51.1069,92.9663
10218,0.7974,-51.1069,92.9663
10219,0.4974,-51.1069,92.9663
10220,0.1974,-51.1069,92.9663
10221,-0.1026,-51.1069,92.9663
10222,-0.4026,-51.1069,92.9663
10223,-0.7026,-51.1069,92.9663
10224,-1.0026,-51.1069,92.9663
10225,-1.3026,-51.1069,92.9663
10226,-1.6026,-51.1069,92.9663
10227,-1.9026,-50.8069,92.9663
10228,-2.2026,-50.8069,92.9663
10229,-2.5026,-50.5069,92.9663
10230,-2.8026,-50.5069,92.9663
10231,-3.1026,-50.5069,92.9663
10232,-3.4026,-50.5069,92.9663
10233,-3.7026,-50.5069,92.9663
10234,-4.0026,-50.5069,92.9663
10235,-4.3026,-50.5069,92.9663
10236,-4.6026,-50.5069,92.9663
10237,-4.9026,-50.5069,92.9663
10238,-5.2026,-50.5069,92.9663
10239,-5.5026,-50.5069,92.9663
10240,-5.8026,-50.5069,92.9663
10241,-6.1026,-50.5069,92.9663
10242,-6.4026,-50.5069,92.9663
10243,-6.7026,-50.5069,92.9663
10244,-7.0026,-50.5069,92.9663
10245,-7.3026,-50.5069,92.9663
10246,-7.6026,-50.5069,92.9663
10247,-7.9026,-50.2069,92.9663
10248,-8.2026,-50.2069,92.9663
10249,-8.5026,-50.2069,92.9663
10250,-8.8026,-50.2069,92.9663
10251,-9.1026,-50.2069,92.9663
10252,-9.4026,-50.2069,92.9663
10253,-9.7026,-49.9069,92.9663
10254,-10.0026,-49.9069,92.9663
10255,-10.3026,-49.9069,92.9663
10256,-10.6026,-49.9069,92.9663
10257,-10.9026,-49.9069,92.9663
10258,-11.2026,-49.6069,92.9663
10259,-11.5026,-49.6069,92.9663
10260,-11.8026,-49.6069,92.9663
10261,-12.1026,-49.6069,92.9663
10262,-12.4026,-49.3069,92.9663
10263,-12.7026,-49.3069,92.9663
10264,-13.0026,-49.3069,92.9663
10265,-13.3026,-49.3069,92.9663
10266,-13.6026,-49.3069,92.9663
10267,-13.9026,-49.3069,92.9663
10268,-14.2026,-49.3069,92.9663
10269,-14.5026,-49.3069,92.9663
10270,-14.8026,-49.0069,92.9663
10271,-15.1026,-49.0069,92.9663
10272,-15.4026,-49.0069,92.9663
10273,-15.7026,-49.0069,92.9663
10274,-16.0026,-49.0069,92.9663
10275,-16.3026,-49.0069,92.9663
10276,-16.6026,-48.7069,92.9663
10277,-16.9026,-48.7069,92.9663
10278,-17.2026,-48.7069,92.9663
10279,-17.5026,-48.7069,92.9663
10280,-17.8026,-48.7069,92.9663
10281,-18.1026,-48.4069,92.9663
10282,-18.4026,-48.4069,92.9663
10283,-18.7026,-48.4069,92.9663
10284,-19.0026,-48.4069,92.9663
10285,-19.3026,-48.4069,92.9663
10286,-19.6026,-48.4069,92.9663
10287,-19.9026,-48.1069,92.9663
10288,-20.2026,-48.1069,92.9663
10289,-20.5026,-48.1069,92.9663
10290,-20.8026,-48.1069,92.9663
10291,-21.1026,-48.1069,92.9663
10292,-21.4026,-48.1069,92.9663
10293,-21.7026,-48.1069,92.9663
10294,-22.0026,-47.8069,92.9663
10295,-22.3026,-47.8069,92.9663
10296,-22.6026,-47.8069,92.9663
10297,-22.9026,-47.8069,92.9663
10298,-23.2026,-47.8069,92.9663
10299,-23.5026,-47.5069,92.9663
10300,-23.8026,-47.5069,92.9663
10301,-24.1026,-47.5069,92.9663
10302,-24.4026,-47.2069,92.9663
10303,-24.7026,-46.9069,92.9663
10304,-25.0026,-46.9069,92.9663
10305,-25.3026,-46.6069,92.9663
10306,-25.6026,-46.6069,92.9663
10307,-25.9026,-46.6069,92.9663
10308,-26.2026,-46.3069,92.9663
10309,-26.5026,-46.3069,92.9663
10310,-26.8026,-46.3069,92.9663
10311,-27.1026,-46.3069,92.9663
10312,-27.4026,-46.3069,92.9663
10313,-27.7026,-46.3069,92.9663
10314,-28.0026,-46.3069,92.9663
10315,-28.3026,-46.6069,92.9663
10316,-28.6026,-46.6069,92.9663
10317,-28.9026,-46.6069,92.9663
10318,-29.2026,-46.9069,92.9663
10319,-29.5026,-46.9069,92.9663
10320,-29.8026,-47.2069,92.9663
10321,-30.1026,-47.5069,92.9663
10322,-30.4026,-47.8069,92.9663
10323,-30.7026,-48.1069,92.9663
10324,-30.7026,-48.4069,92.9663
10325,-31.0026,-48.7069,92.9663
10326,-31.3026,-49.0069,92.9663
10327,-31.6026,-49.3069,92.9663
10328,-31.6026,-49.6069,92.9663
10329,-31.6026,-49.9069,92.9663
10330,-31.6026,-50.2069,92.9663
10331,-31.6026,-50.5069,92.9663
10332,-31.6026,-50.8069,92.9663
10333,-31.3026,-51.1069,92.9663
10334,-31.3026,-51.4069,92.9663
10335,-31.3026,-51.7069,92.9663
10336,-31.3026,-52.0069,92.9663
10337,-31.0026,-52.3069,92.9663
10338,-31.0026,-52.6069,92.9663
10339,-30.7026,-52.9069,92.9663
10340,-30.7026,-53.2069,92.9663
10341,-30.4026,-53.5069,92.9663
10342,-30.1026,-53.8069,92.9663
10343,-29.8026,-54.1069,92.9663
10344,-29.5026,-54.4069,92.9663
10345,-29.2026,-54.4069,92.9663
10346,-28.9026,-54.7069,92.9663
10347,-28.6026,-54.7069,92.9663
10348,-28.3026,-55.0069,92.9663
10349,-28.0026,-55.0069,92.9663
10350,-27.7026,-55.0069,92.9663
10351,-27.4026,-55.0069,92.9663
10352,-27.1026,-55.0069,92.9663
10353,-26.8026,-55.0069,92.9663
10354,-26.5026,-55.0069,92.9663
10355,-26.2026,-55.0069,92.9663
10356,-25.9026,-55.0069,92.9663
10357,-25.6026,-55.0069,92.9663
10358,-25.3026,-55.0069,92.9663
10359,-25.0026,-55.0069,92.9663
10360,-24.7026,-55.0069,92.9663
10361,-24.4026,-55.0069,92.9663
10362,-24.1026,-55.0069,92.9663
10363,-23.8026,-55.0069,92.9663
10364,-23.5026,-55.0069,92.9663
10365,-23.2026,-55.0069,92.9663
10366,-22.9026,-55.0069,92.9663
10367,-22.6026,-55.3069,92.9663
10368,-22.3026,-55.3069,92.9663
10369,-22.0026,-55.3069,92.9663
10370,-21.7026,-55.3069,92.9663
10371,-21.4026,-55.6069,92.9663
10372,-21.1026,-55.6069,92.9663
10373,-20.8026,-55.6069,92.9663
10374,-20.5026,-55.9069,92.9663
10375,-20.2026,-55.9069,92.9663
10376,-19.9026,-55.9069,92.9663
10377,-19.6026,-55.9069,92.9663
10378,-19.3026,-55.9069,92.9663
10379,-19.0026,-55.9069,92.9663
10380,-18.7026,-55.9069,92.9663
10381,-18.4026,-55.9069,92.9663
10382,-18.1026,-55.9069,92.9663
10383,-17.8026,-55.9069,92.9663
10384,-17.5026,-56.2069,92.9663
10385,-17.2026,-56.2069,92.9663
10386,-16.9026,-56.2069,92.9663
10387,-16.6026,-56.2069,92.9663
10388,-16.3026,-56.2069,92.9663
10389,-16.0026,-56.2069,92.9663
10390,-15.7026,-56.5069,92.9663
10391,-15.4026,-56.5069,92.9663
10392,-15.1026,-56.5069,92.9663
10393,-14.8026,-56.5069,92.9663
10394,-14.5026,-56.8069,92.9663
10395,-14.2026,-56.8069,92.9663
10396,-13.9026,-56.8069,92.9663
10397,-13.6026,-56.8069,92.9663
10398,-13.3026,-56.8069,92.9663
10399,-13.0026,-56.8069,92.9663
10400,-12.7026,-56.8069,92.9663
10401,-12.4026,-56.8069,92.9663
10402,-12.1026,-57.1069,92.9663
10403,-11.8026,-57.1069,92.9663
10404,-11.5026,-57.1069,92.9663
10405,-11.2026,-57.1069,92.9663
10406,-10.9026,-57.1069,92.9663
10407,-10.6026,-57.1069,92.9663
10408,-10.3026,-57.4069,92.9663
10409,-10.0026,-57.4069,92.9663
10410,-9.7026,-57.4069,92.9663
10411,-9.4026,-57.4069,92.9663
10412,-9.1026,-57.4069,92.9663
10413,-8.8026,-57.7069,92.9663
10414,-8.5026,-57.7069,92.9663
10415,-8.2026,-57.7069,92.9663
10416,-7.9026,-57.7069,92.9663
10417,-7.6026,-57.7069,92.9663
10418,-7.3026,-57.7069,92.9663
10419,-7.0026,-58.0069,92.9663
10420,-6.7026,-58.0069,92.9663
10421,-6.4026,-58.3069,92.9663
10422,-6.1026,-58.6069,92.9663
10423,-5.8026,-58.6069,92.9663
10424,-5.5026,-58.9069,92.9663
10425,-5.2026,-58.9069,92.9663
10426,-4.9026,-59.2069,92.9663
10427,-4.6026,-59.2069,92.9663
10428,-4.3026,-59.2069,92.9663
10429,-4.0026,-59.2069,92.9663
10430,-3.7026,-59.2069,92.9663
10431,-3.4026,-59.5069,92.9663
10432,-3.1026,-59.8069,92.9663
10433,-2.8026,-60.1069,92.9663
10434,-2.5026,-60.4069,92.9663
10435,-2.2026,-60.7069,92.9663
10436,-1.9026,-61.0069,92.9663
10437,-1.6026,-61.3069,92.9663
10438,-1.3026,-61.6069,92.9663
10439,-1.0026,-61.9069,92.9663
10440,-0.7026,-62.2069,92.9663
10441,-0.4026,-62.5069,92.9663
10442,-0.1026,-62.8069,92.9663
10443,0.1974,-63.1069,92.9663
10444,0.4974,-63.4069,92.9663
10445,0.7974,-63.4069,92.9663
10446,1.0974,-63.4069,92.9663
10447,1.3974,-63.4069,92.9663
10448,1.6974,-63.4069,92.9663
10449,1.9974,-63.4069,92.9663
10450,2.2974,-63.4069,92.9663
10451,2.5974,-63.4069,92.9663
10452,2.8974,-63.4069,92.9663
10453,3.1974,-63.4069,92.9663
10454,3.4974,-63.4069,92.9663
10455,3.7974,-63.4069,92.9663
10456,4.0974,-63.4069,92.9663
10457,4.3974,-63.4069,92.9663
10458,4.6974,-63.4069,92.9663
10459,4.9974,-63.4069,92.9663
10460,5.2974,-63.4069,92.9663
10461,5.5974,-63.4069,92.9663
10462,5.8974,-63.4069,92.9663
10463,6.1974,-63.4069,92.9663
10464,6.4974,-63.4069,92.9663
10465,6.7974,-63.4069,92.9663
10466,7.0974,-63.4069,92.9663
10467,7.3974,-63.4069,92.9663
10468,7.6974,-63.4069,92.9663
10469,7.9974,-63.4069,92.9663
10470,8.2974,-63.4069,92.9663
10471,8.5974,-63.4069,92.9663
10472,8.8974,-63.4069,92.9663
10473,9.1974,-63.4069,92.9663
10474,9.4974,-63.4069,92.9663
10475,9.7974,-63.4069,92.9663
10476,10.0974,-63.4069,92.9663
10477,10.3974,-63.4069,92.9663
10478,10.6974,-63.4069,92.9663
10479,10.9974,-63.4069,92.9663
10480,11.2974,-63.4069,92.9663
10481,11.5974,-63.4069,92.9663
10482,11.8974,-63.4069,92.9663
10483,12.1974,-63.4069,92.9663
10484,12.4974,-63.4069,92.9663
10485,12.7974,-63.4069,92.9663
10486,13.0974,-63.4069,92.9663
10487,13.3974,-63.4069,92.9663
10488,13.6974,-63.4069,92.9663
10489,13.9974,-63.4069,92.9663
10490,14.2974,-63.4069,92.9663
10491,14.5974,-63.4069,92.9663
10492,14.8974,-63.4069,92.9663
10493,15.1974,-63.4069,92.9663
10494,15.4974,-63.4069,92.9663
10495,15.7974,-63.4069,92.9663
10496,16.0974,-63.4069,92.9663
10497,16.3974,-63.4069,92.9663
10498,16.6974,-63.4069,92.9663
10499,16.9974,-63.4069,92.9663
10500,17.2974,-63.4069,92.9663
10501,17.5974,-63.4069,92.9663
10502,17.8974,-63.4069,92.9663
10503,18.1974,-63.4069,92.9663
10504,18.4974,-63.4069,92.9663
10505,18.7974,-63.4069,92.9663
10506,19.0974,-63.4069,92.9663
10507,19.3974,-63.4069,92.9663
10508,19.6974,-63.4069,92.9663
10509,19.9974,-63.4069,92.9663
10510,20.2974,-63.4069,92.9663
10511,20.5974,-63.4069,92.9663
10512,20.8974,-63.4069,92.9663
10513,21.1974,-63.4069,92.9663
10514,21.4974,-63.4069,92.9663
10515,21.7974,-63.4069,92.9663
10516,22.0974,-63.7069,92.9663
10517,22.3974,-64.0069,92.9663
10518,22.6974,-64.0069,92.9663
10519,22.9974,-64.0069,92.9663
10520,23.2974,-64.0069,92.9663
10521,23.5974,-64.0069,92.9663
10522,23.8974,-64.0069,92.9663
10523,24.1974,-64.0069,92.9663
10524,24.4974,-64.0069,92.9663
10525,24.7974,-64.3069,92.9663
10526,25.0974,-64.3069,92.9663
10527,25.3974,-64.3069,92.9663
10528,25.6974,-64.3069,92.9663
10529,25.9974,-64.3069,92.9663
10530,26.2974,-64.3069,92.9663
10531,26.5974,-64.3069,92.9663
10532,26.8974,-64.3069,92.9663
10533,27.1974,-64.3069,92.9663
10534,27.4974,-64.3069,92.9663
10535,27.7974,-64.3069,92.9663
10536,28.0974,-64.3069,92.9663
10537,28.3974,-64.6069,92.9663
10538,28.6974,-64.6069,92.9663
10539,28.9974,-64.6069,92.9663
10540,29.2974,-64.6069,92.9663
10541,29.5974,-64.6069,92.9663
10542,29.8974,-64.6069,92.9663
10543,30.1974,-64.6069,92.9663
10544,30.4974,-64.6069,92.9663
10545,30.7974,-64.6069,92.9663
10546,31.0974,-64.6069,92.9663
10547,31.3974,-64.6069,92.9663
10548,31.6974,-64.6069,92.9663
10549,31.9974,-64.9069,92.9663
10550,32.2974,-65.2069,92.9663
10551,32.5974,-65.5069,92.9663
10552,32.8974,-65.5069,92.9663
10553,33.1974,-65.5069,92.9663
10554,33.4974,-65.5069,92.9663
10555,33.7974,-65.5069,92.9663
10556,34.0974,-65.5069,92.9663
10557,34.3974,-65.5069,92.9663
10558,34.6974,-65.5069,92.9663
10559,34.9974,-65.5069,92.9663
10560,35.2974,-65.5069,92.9663
10561,35.5974,-65.5069,92.9663
10562,35.8974,-65.5069,92.9663
10563,36.1974,-65.5069,92.9663
10564,36.4974,-65.5069,92.9663
10565,36.7974,-65.5069,92.9663
10566,37.0974,-65.5069,92.9663
10567,37.3974,-65.5069,92.9663
10568,37.6974,-65.5069,92.9663
10569,37.9974,-65.5069,92.9663
10570,38.2974,-65.5069,92.9663
10571,38.5974,-65.5069,92.9663
10572,38.8974,-65.8069,92.9663
10573,39.1974,-65.8069,92.9663
10574,39.4974,-65.8069,92.9663
10575,39.7974,-65.8069,92.9663
10576,40.0974,-65.8069,92.9663
10577,40.3974,-65.8069,92.9663
10578,40.6974,-66.1069,92.9663
10579,40.9974,-66.4069,92.9663
10580,41.2974,-66.4069,92.9663
10581,41.5974,-66.7069,92.9663
10582,41.8974,-66.7069,92.9663
10583,42.1974,-67.0069,92.9663
10584,42.4974,-67.0069,92.9663
10585,42.7974,-67.0069,92.9663
10586,43.0974,-67.0069,92.9663
10587,43.3974,-67.0069,92.9663
10588,43.6974,-67.0069,92.9663
10589,43.9974,-67.0069,92.9663
10590,44.2974,-67.0069,92.9663
10591,44.5974,-67.0069,92.9663
10592,44.8974,-67.0069,92.9663
10593,45.1974,-67.0069,92.9663
10594,45.4974,-67.0069,92.9663
10595,45.7974,-67.3069,92.9663
10596,46.0974,-67.6069,92.9663
10597,46.3974,-67.6069,92.9663
10598,46.6974,-67.6069,92.9663
10599,46.9974,-67.6069,92.9663
10600,47.2974,-67.6069,92.9663
10601,47.5974,-67.6069,92.9663
10602,47.8974,-67.6069,92.9663
10603,48.1974,-67.6069,92.9663
10604,48.4974,-67.9069,92.9663
10605,48.7974,-67.9069,92.9663
10606,49.0974,-67.9069,92.9663
10607,49.3974,-67.9069,92.9663
10608,49.6974,-67.9069,92.9663
10609,49.9974,-67.9069,92.9663
10610,50.2974,-67.9069,92.9663
10611,50.5974,-67.9069,92.9663
10612,50.8974,-67.9069,92.9663
10613,51.1974,-67.9069,92.9663
10614,51.4974,-67.9069,92.9663
10615,51.7974,-67.9069,92.9663
10616,52.0974,-67.9069,92.9663
10617,52.3974,-67.9069,92.9663
10618,52.6974,-67.9069,92.9663
10619,52.9974,-68.2069,92.9663
10620,53.2974,-68.2069,92.9663
10621,53.5974,-68.2069,92.9663
10622,53.8974,-68.2069,92.9663
10623,54.1974,-68.2069,92.9663
10624,54.4974,-68.2069,92.9663
10625,54.7974,-68.5069,92.9663
10626,55.0974,-68.5069,92.9663
10627,55.3974,-68.5069,92.9663
10628,55.6974,-68.5069,92.9663
10629,55.9974,-68.5069,92.9663
10630,56.2974,-68.5069,92.9663
10631,56.5974,-68.8069,92.9663
10632,56.8974,-68.8069,92.9663
10633,57.1974,-68.8069,92.9663
10634,57.4974,-68.8069,92.9663
10635,57.7974,-69.1069,92.9663
10636,58.0974,-69.1069,92.9663
10637,58.3974,-69.1069,92.9663
10638,58.6974,-69.1069,92.9663
10639,58.9974,-69.1069,92.9663
10640,59.2974,-69.1069,92.9663
10641,59.5974,-69.1069,92.9663
10642,59.8974,-69.4069,92.9663
10643,60.1974,-69.4069,92.9663
10644,60.4974,-69.4069,92.9663
10645,60.7974,-69.4069,92.9663
10646,61.0974,-69.7069,92.9663
10647,61.3974,-70.0069,92.9663
10648,61.6974,-70.0069,92.9663
10649,61.9974,-70.0069,92.9663
10650,62.2974,-70.0069,92.9663
10651,62.5974,-70.0069,92.9663
10652,62.8974,-70.0069,92.9663
10653,63.1974,-70.0069,92.9663
10654,63.4974,-70.0069,92.9663
10655,63.7974,-70.0069,92.9663
10656,64.0974,-70.0069,92.9663
10657,64.3974,-70.0069,92.9663
10658,64.6974,-70.3069,92.9663
10659,64.9974,-70.6069,92.9663
10660,65.2974,-70.6069,92.9663
10661,65.5974,-70.9069,92.9663
10662,65.8974,-70.9069,92.9663
10663,66.1974,-71.2069,92.9663
10664,66.4974,-71.2069,92.9663
10665,66.7974,-71.2069,92.9663
10666,67.0974,-71.2069,92.9663
10667,67.3974,-71.2069,92.9663
10668,67.6974,-71.2069,92.9663
10669,67.9974,-71.2069,92.9663
10670,68.2974,-71.2069,92.9663
10671,68.5974,-71.2069,92.9663
10672,68.8974,-70.9069,93.2663
10673,-25.3693,-46.6045,93.3000
10674,-25.6026,-46.6069,93.2663
10675,-25.9026,-46.3069,93.2663
10676,-26.2026,-46.3069,93.2663
10677,-26.5026,-46.3069,93.2663
10678,-26.8026,-46.3069,93.2663
10679,-27.1026,-46.3069,93.2663
10680,-27.4026,-46.3069,93.2663
10681,-27.7026,-46.3069,93.2663
10682,-28.0026,-46.3069,93.2663
10683,-28.3026,-46.3069,93.2663
10684,-28.6026,-46.6069,93.2663
10685,-28.9026,-46.6069,93.2663
10686,-29.2026,-46.9069,93.2663
10687,-29.5026,-46.9069,93.2663
10688,-29.8026,-47.2069,93.2663
10689,-30.1026,-47.5069,93.2663
10690,-30.4026,-47.8069,93.2663
10691,-30.7026,-48.1069,93.2663
10692,-30.7026,-48.4069,93.2663
10693,-31.0026,-48.7069,93.2663
10694,-31.0026,-49.0069,93.2663
10695,-31.3026,-49.3069,93.2663
10696,-31.3026,-49.6069,93.2663
10697,-31.3026,-49.9069,93.2663
10698,-31.3026,-50.2069,93.2663
10699,-31.3026,-50.5069,93.2663
10700,-31.3026,-50.8069,93.2663
10701,-31.3026,-51.1069,93.2663
10702,-31.3026,-51.4069,93.2663
10703,-31.3026,-51.7069,93.2663
10704,-31.3026,-52.0069,93.2663
10705,-31.3026,-52.3069,93.2663
10706,-31.0026,-52.6069,93.5663
10707,-30.7026,-52.9069,93.8663
10708,-30.7026,-53.2069,93.8663
10709,-30.4026,-53.5069,94.1663
10710,-30.1026,-53.8069,94.4663
10711,-29.8026,-54.1069,94.7663
10712,-29.5026,-54.4069,95.0663
10713,-29.2026,-54.4069,95.0663
10714,-28.9026,-54.7069,95.3663
10715,-28.6026,-55.0069,95.6663
10716,-28.3026,-55.0069,95.6663
10717,-28.0026,-55.0069,95.6663
10718,-27.7026,-55.0069,95.6663
10719,-27.4026,-55.0069,95.6663
10720,-27.1026,-55.0069,95.6663
10721,-26.8026,-55.0069,95.9663
10722,-7.7955,-53.1693,95.9000
10723,-7.9955,-53.3693,95.9000
10724,63.2045,-64.9693,95.9000
10725,63.9887,-63.1887,96.1000
10726,63.7974,-63.1069,95.9663
10727,63.4974,-63.1069,95.9663
10728,63.1974,-63.1069,95.9663
10729,62.8974,-63.1069,95.9663
10730,62.5974,-63.1069,95.9663
10731,62.2974,-63.1069,95.9663
10732,61.9974,-63.1069,95.9663
10733,61.6974,-63.1069,95.9663
10734,61.3974,-63.1069,95.9663
10735,61.0974,-63.1069,95.9663
10736,60.7974,-63.1069,95.9663
10737,60.4974,-63.1069,95.9663
10738,60.1974,-63.1069,95.9663
10739,59.8974,-63.1069,95.9663
10740,59.5974,-63.1069,95.9663
10741,59.2974,-63.1069,95.9663
10742,58.9974,-63.1069,95.9663
10743,58.6974,-63.1069,95.9663
10744,58.3974,-63.1069,95.9663
10745,58.0974,-63.1069,95.9663
10746,57.7974,-63.1069,95.9663
10747,57.4974,-63.1069,95.9663
10748,57.1974,-63.1069,95.9663
10749,56.8974,-63.1069,95.9663
10750,56.5974,-63.1069,95.9663
10751,56.2974,-63.1069,95.9663
10752,55.9974,-63.1069,95.9663
10753,55.6974,-63.1069,95.9663
10754,55.3974,-63.1069,95.9663
10755,55.0974,-63.1069,95.9663
10756,54.7974,-63.1069,95.9663
10757,54.4974,-63.1069,95.9663
10758,54.1974,-63.1069,95.9663
10759,53.8974,-63.1069,95.9663
10760,53.5974,-63.1069,95.9663
10761,53.2974,-63.1069,95.9663
10762,52.9974,-63.1069,95.9663
10763,52.6974,-63.1069,95.9663
10764,52.3974,-63.1069,95.9663
10765,52.0974,-63.1069,95.9663
10766,51.7974,-63.1069,95.9663
10767,51.4974,-63.1069,95.9663
10768,51.1974,-63.1069,95.9663
10769,50.8974,-63.1069,96.2663
10770,50.5974,-63.1069,96.5663
10771,50.2974,-63.1069,96.8663
10772,49.9974,-63.1069,97.1663
10773,49.6974,-63.1069,97.4663
10774,49.3974,-63.1069,97.7663
10775,49.0974,-63.1069,98.0663
10776,48.7974,-63.1069,98.3663
10777,48.4974,-63.1069,98.6663
10778,48.1974,-63.1069,98.9663
10779,47.8974,-63.1069,99.2663
10780,47.5974,-62.8069,99.5663
10781,47.2974,-62.5069,99.8663
10782,46.9974,-62.2069,100.1663
10783,46.6974,-62.2069,100.1663
10784,46.3974,-62.2069,100.1663
10785,46.0974,-62.2069,100.1663
10786,45.7974,-62.2069,100.1663
10787,45.4974,-62.2069,100.4663
10788,45.1974,-62.2069,100.4663
10789,44.8974,-62.2069,100.4663
10790,44.5974,-62.2069,100.4663
10791,44.2974,-62.2069,100.4663
10792,43.9974,-62.2069,100.4663
10793,43.6974,-62.2069,100.4663
10794,43.3974,-62.2069,100.4663
10795,43.0974,-62.2069,100.4663
10796,42.7974,-62.2069,100.4663
10797,42.4974,-61.9069,100.1663
10798,42.1974,-61.9069,100.1663
10799,41.8974,-61.9069,99.8663
10800,41.5974,-61.9069,99.8663
10801,41.2974,-61.6069,99.5663
10802,40.9974,-61.6069,99.2663
10803,40.6974,-61.3069,98.9663
10804,40.3974,-61.0069,98.6663
10805,40.3974,-61.0069,98.3663
10806,40.0974,-60.7069,98.0663
10807,40.0974,-60.7069,97.7663
10808,39.7974,-60.4069,97.4663
10809,39.7974,-60.4069,97.1663
10810,39.7974,-60.4069,96.8663
10811,39.7974,-60.4069,96.5663
10812,39.7974,-60.4069,96.2663
10813,39.7974,-60.4069,95.9663
10814,39.4974,-60.4069,95.9663
10815,39.1974,-60.4069,95.9663
10816,38.8974,-60.4069,95.9663
10817,38.5974,-60.1069,95.9663
10818,38.2974,-59.8069,95.9663
10819,37.9974,-59.5069,95.9663
10820,37.6974,-59.5069,95.9663
10821,37.3974,-59.5069,95.9663
10822,37.0974,-59.5069,95.9663
10823,36.7974,-59.5069,95.9663
10824,36.4974,-59.5069,95.9663
10825,36.1974,-59.5069,95.9663
10826,35.8974,-59.5069,95.9663
10827,35.5974,-59.2069,95.6663
10828,35.2974,-59.2069,95.6663
10829,34.9974,-59.2069,95.6663
10830,34.6974,-59.2069,95.6663
10831,34.3974,-59.2069,95.6663
10832,34.0974,-59.2069,95.6663
10833,33.7974,-59.2069,95.6663
10834,33.4974,-59.2069,95.6663
10835,33.1974,-59.2069,95.6663
10836,32.8974,-59.2069,95.6663
10837,32.5974,-59.2069,95.6663
10838,32.2974,-59.2069,95.6663
10839,31.9974,-59.2069,95.6663
10840,31.6974,-59.2069,95.6663
10841,31.3974,-59.2069,95.6663
10842,31.0974,-59.2069,95.6663
10843,30.7974,-59.2069,95.6663
10844,30.4974,-58.9069,95.6663
10845,30.1974,-58.6069,95.6663
10846,29.8974,-58.3069,95.6663
10847,29.5974,-58.0069,95.6663
10848,29.2974,-57.7069,95.6663
10849,28.9974,-57.4069,95.6663
10850,28.6974,-57.1069,95.6663
10851,28.3974,-56.8069,95.6663
10852,28.0974,-56.5069,95.6663
10853,27.7974,-56.2069,95.6663
10854,27.4974,-55.9069,95.6663
10855,27.1974,-55.6069,95.6663
10856,26.8974,-55.3069,95.6663
10857,26.5974,-55.0069,95.6663
10858,26.2974,-54.7069,95.6663
10859,25.9974,-54.4069,95.6663
10860,25.6974,-54.1069,95.3663
10861,25.3974,-53.8069,95.0663
10862,25.0974,-53.5069,94.7663
10863,24.7974,-53.2069,94.4663
10864,24.4974,-52.9069,94.1663
10865,24.1974,-52.9069,94.1663
10866,23.8974,-52.9069,94.1663
10867,23.5974,-52.6069,94.1663
10868,23.2974,-52.3069,94.1663
10869,22.9974,-52.0069,94.1663
10870,22.6974,-51.7069,94.1663
10871,22.3974,-51.7069,94.1663
10872,22.0974,-51.7069,94.1663
10873,21.7974,-51.7069,94.1663
10874,21.4974,-51.7069,94.1663
10875,21.1974,-51.7069,94.1663
10876,20.8974,-51.7069,94.1663
10877,20.5974,-51.7069,94.1663
10878,20.2974,-52.0069,94.1663
10879,19.9974,-52.3069,94.1663
10880,19.6974,-52.6069,94.1663
10881,19.3974,-52.9069,94.1663
10882,19.0974,-53.2069,94.1663
10883,18.7974,-53.5069,94.1663
10884,18.4974,-53.8069,94.1663
10885,18.1974,-54.1069,94.4663
10886,17.8974,-54.4069,94.7663
10887,17.5974,-54.7069,95.0663
10888,17.2974,-55.0069,95.3663
10889,16.9974,-55.3069,95.3663
10890,16.6974,-55.6069,95.6663
10891,16.6974,-55.9069,95.6663
10892,16.3974,-56.2069,95.9663
10893,16.3974,-56.5069,95.9663
10894,16.0974,-56.5069,95.9663
10895,15.7974,-56.5069,95.9663
10896,15.4974,-56.5069,95.9663
10897,15.1974,-56.5069,95.9663
10898,14.8974,-56.5069,95.9663
10899,14.5974,-56.5069,95.9663
10900,14.2974,-56.5069,95.9663
10901,13.9974,-56.5069,95.9663
10902,13.6974,-56.5069,95.9663
10903,13.3974,-56.5069,95.9663
10904,13.0974,-56.5069,95.9663
10905,12.7974,-56.5069,95.9663
10906,12.4974,-56.5069,95.9663
10907,12.1974,-56.5069,95.9663
10908,11.8974,-56.5069,95.9663
10909,11.5974,-56.5069,95.9663
10910,11.2974,-56.5069,95.9663
10911,10.9974,-56.5069,95.9663
10912,10.6974,-56.5069,95.9663
10913,10.3974,-56.5069,95.9663
10914,10.0974,-56.5069,95.9663
10915,9.7974,-56.5069,95.9663
10916,9.4974,-56.5069,95.9663
10917,9.1974,-56.5069,95.9663
10918,8.8974,-56.5069,95.9663
10919,8.5974,-56.5069,95.9663
10920,8.2974,-56.5069,95.9663
10921,7.9974,-56.5069,95.9663
10922,7.6974,-56.5069,95.9663
10923,7.3974,-56.5069,95.9663
10924,7.0974,-56.5069,95.9663
10925,6.7974,-56.5069,95.9663
10926,6.4974,-56.5069,95.9663
10927,6.1974,-56.5069,95.9663
10928,5.8974,-56.5069,95.9663
10929,5.5974,-56.5069,95.9663
10930,5.2974,-56.5069,95.9663
10931,4.9974,-56.5069,95.9663
10932,4.6974,-56.5069,95.9663
10933,4.3974,-56.5069,95.9663
10934,4.0974,-56.2069,95.9663
10935,3.7974,-55.9069,95.9663
10936,3.4974,-55.6069,95.9663
10937,3.1974,-55.3069,95.9663
10938,2.8974,-55.0069,95.9663
10939,2.5974,-54.7069,95.9663
10940,2.2974,-54.4069,95.9663
10941,1.9974,-54.1069,95.9663
10942,1.6974,-53.8069,95.9663
10943,1.3974,-53.5069,95.9663
10944,1.0974,-53.2069,95.9663
10945,0.7974,-52.9069,95.9663
10946,0.4974,-52.6069,95.9663
10947,0.1974,-52.3069,95.9663
10948,-0.1026,-52.0069,95.9663
10949,-0.4026,-51.7069,95.9663
10950,-0.7026,-51.4069,95.9663
10951,-1.0026,-51.1069,95.9663
10952,-1.3026,-51.1069,95.9663
10953,-1.6026,-50.8069,95.9663
10954,-1.9026,-50.8069,95.9663
10955,-2.2026,-50.5069,95.9663
10956,-2.5026,-50.5069,95.9663
10957,-2.8026,-50.5069,95.9663
10958,-3.1026,-50.5069,95.9663
10959,-3.4026,-50.5069,95.9663
10960,-3.7026,-50.5069,95.9663
10961,-4.0026,-50.5069,95.9663
10962,-4.3026,-50.5069,95.9663
10963,-4.6026,-50.5069,95.9663
10964,-4.9026,-50.5069,95.9663
10965,-5.2026,-50.5069,95.9663
10966,-5.5026,-50.5069,95.9663
10967,-5.8026,-50.5069,95.9663
10968,-6.1026,-50.5069,95.9663
10969,-6.4026,-50.5069,95.9663
10970,-6.7026,-50.5069,95.9663
10971,-7.0026,-50.5069,95.9663
10972,-7.3026,-50.5069,95.9663
10973,-7.6026,-50.5069,95.9663
10974,-7.9026,-50.5069,95.9663
10975,-8.2026,-50.5069,95.9663
10976,-8.5026,-50.5069,95.9663
10977,-8.8026,-50.5069,95.9663
10978,-9.1026,-50.5069,95.9663
10979,-9.4026,-50.5069,95.9663
10980,-9.7026,-50.5069,95.9663
10981,-10.0026,-50.5069,95.9663
10982,-10.3026,-50.5069,95.9663
10983,-10.6026,-50.5069,95.9663
10984,-10.9026,-50.5069,95.9663
10985,-11.2026,-50.5069,95.9663
10986,-11.5026,-50.5069,95.9663
10987,-11.8026,-50.5069,95.9663
10988,-12.1026,-50.5069,95.9663
10989,-12.4026,-50.5069,95.9663
10990,-12.7026,-50.5069,95.9663
10991,-13.0026,-50.5069,95.9663
10992,-13.3026,-50.5069,95.9663
10993,-13.6026,-50.5069,95.9663
10994,-13.9026,-50.5069,95.9663
10995,-14.2026,-50.5069,95.9663
10996,-14.5026,-50.5069,95.9663
10997,-14.8026,-50.5069,95.9663
10998,-15.1026,-50.5069,95.9663
10999,-15.4026,-50.5069,95.9663
11000,-15.7026,-50.5069,95.9663
11001,-16.0026,-50.5069,95.9663
11002,-16.3026,-50.5069,95.9663
11003,-16.6026,-50.5069,95.9663
11004,-16.9026,-50.5069,95.9663
11005,-17.2026,-50.5069,95.9663
11006,-17.5026,-50.5069,95.9663
11007,-17.8026,-50.5069,95.9663
11008,-18.1026,-50.5069,95.9663
11009,-18.4026,-50.5069,95.9663
11010,-18.7026,-50.5069,95.9663
11011,-19.0026,-50.5069,95.9663
11012,-19.3026,-50.5069,95.9663
11013,-19.6026,-50.5069,95.9663
11014,-19.9026,-50.5069,95.9663
11015,-20.2026,-50.5069,95.9663
11016,-20.5026,-50.5069,95.9663
11017,-20.8026,-50.5069,95.9663
11018,-21.1026,-50.5069,95.9663
11019,-21.4026,-50.5069,95.9663
11020,-21.7026,-50.5069,95.9663
11021,-22.0026,-50.5069,95.9663
11022,-22.3026,-50.5069,95.9663
11023,-22.6026,-50.2069,95.9663
11024,-22.3026,-50.2069,95.9663
11025,-22.0026,-50.2069,95.9663
11026,-21.7026,-50.2069,95.9663
11027,-21.4026,-50.2069,95.9663
11028,-21.1026,-50.2069,95.9663
11029,-20.8026,-50.2069,95.9663
11030,-20.5026,-50.2069,95.9663
11031,-20.2026,-50.2069,95.9663
11032,-19.9026,-50.2069,95.9663
11033,-19.6026,-50.2069,95.9663
11034,-19.3026,-50.2069,95.9663
11035,-19.0026,-50.2069,95.9663
11036,-18.7026,-50.2069,95.9663
11037,-18.4026,-50.2069,95.9663
11038,-18.1026,-50.2069,95.9663
11039,-17.8026,-50.2069,95.9663
11040,-17.5026,-50.2069,95.9663
11041,-17.2026,-50.2069,95.9663
11042,-16.9026,-50.2069,95.9663
11043,-16.6026,-50.2069,95.9663
11044,-16.3026,-50.2069,95.9663
11045,-16.0026,-50.2069,95.9663
11046,-15.7026,-50.2069,95.9663
11047,-15.4026,-50.2069,95.9663
11048,-15.1026,-50.2069,95.9663
11049,-14.8026,-50.2069,95.9663
11050,-14.5026,-50.2069,95.9663
11051,-14.2026,-50.2069,95.9663
11052,-13.9026,-50.2069,95.9663
11053,-13.6026,-50.2069,95.9663
11054,-13.3026,-50.2069,95.9663
11055,-13.0026,-50.2069,95.9663
11056,-12.7026,-50.2069,95.9663
11057,-12.4026,-50.2069,95.9663
11058,-12.1026,-50.2069,95.9663
11059,-11.8026,-50.2069,95.9663
11060,-11.5026,-50.2069,95.9663
11061,-11.2026,-50.2069,95.9663
11062,-10.9026,-50.2069,95.9663
11063,-10.6026,-50.2069,95.9663
11064,-10.3026,-50.2069,95.9663
11065,-10.0026,-50.2069,95.9663
11066,-9.7026,-50.2069,95.9663
11067,-9.4026,-50.2069,95.9663
11068,-9.1026,-50.2069,95.9663
11069,-8.8026,-50.2069,95.9663
11070,-8.5026,-50.2069,95.9663
11071,-8.2026,-50.2069,95.9663
11072,-7.9026,-50.2069,95.9663
11073,-7.6026,-50.2069,95.9663
11074,-7.3026,-50.2069,95.9663
11075,-7.0026,-50.2069,95.9663
11076,-6.7026,-50.2069,95.9663
11077,-6.4026,-50.2069,95.9663
11078,-6.1026,-50.2069,95.9663
11079,-5.8026,-50.2069,95.9663
11080,-5.5026,-50.2069,95.9663
11081,-5.2026,-50.2069,95.9663
11082,-4.9026,-50.5069,95.9663
11083,-4.6026,-50.5069,95.9663
11084,-4.3026,-50.5069,95.9663
11085,-4.0026,-50.5069,95.9663
11086,-3.7026,-50.5069,95.9663
11087,-3.4026,-50.5069,95.9663
11088,-3.1026,-50.5069,95.9663
11089,-2.8026,-50.5069,95.9663
11090,-2.5026,-50.5069,95.9663
11091,-2.2026,-50.5069,95.9663
11092,-1.9026,-50.8069,95.9663
11093,-1.6026,-50.8069,95.9663
11094,-1.3026,-51.1069,95.9663
11095,-1.0026,-51.1069,95.9663
11096,-0.7026,-51.4069,95.9663
11097,-0.4026,-51.7069,95.9663
11098,-0.1026,-52.0069,95.9663
11099,0.1974,-52.3069,95.9663
11100,0.1974,-52.6069,95.9663
11101,0.4974,-52.9069,95.9663
11102,71.3955,-68.6307,96.1000
11103,-1.9693,-58.9955,96.1000
11104,-1.6026,-58.9069,95.9663
11105,-1.3026,-58.9069,95.9663
11106,-1.0026,-58.9069,95.9663
11107,-0.7026,-58.9069,95.9663
11108,-0.4026,-58.9069,95.9663
11109,-0.1026,-58.9069,95.9663
11110,0.1974,-58.9069,95.9663
11111,0.4974,-58.9069,95.9663
11112,0.7974,-58.9069,95.9663
11113,1.0974,-58.9069,95.9663
11114,1.3974,-58.9069,95.9663
11115,1.6974,-58.9069,95.9663
11116,1.9974,-58.9069,95.9663
11117,2.2974,-58.9069,95.9663
11118,2.5974,-58.9069,95.9663
11119,2.8974,-58.9069,95.9663
11120,3.1974,-58.9069,95.9663
11121,3.4974,-58.9069,95.9663
11122,3.7974,-58.9069,95.9663
11123,4.0974,-58.9069,95.9663
11124,4.3974,-58.9069,95.9663
11125,4.6974,-58.9069,95.9663
11126,4.9974,-58.9069,95.9663
11127,5.2974,-58.9069,95.9663
11128,5.5974,-58.9069,95.9663
11129,5.8974,-58.9069,95.9663
11130,6.1974,-58.9069,95.9663
11131,6.4974,-58.9069,95.9663
11132,6.7974,-58.9069,95.9663
11133,7.0974,-58.9069,95.9663
11134,7.3974,-58.9069,95.9663
11135,7.6974,-58.9069,95.9663
11136,7.9974,-58.9069,95.9663
11137,8.2974,-58.9069,95.9663
11138,8.5974,-58.9069,95.9663
11139,8.8974,-58.9069,95.9663
11140,9.1974,-58.9069,95.9663
11141,9.4974,-58.9069,95.9663
11142,9.7974,-58.9069,95.9663
11143,10.0974,-58.9069,95.9663
11144,10.3974,-58.9069,95.9663
11145,10.6974,-58.9069,95.9663
11146,10.9974,-58.9069,95.9663
11147,11.2974,-58.9069,95.9663
11148,11.5974,-58.9069,95.9663
11149,11.8974,-58.9069,95.9663
11150,12.1974,-58.9069,95.9663
11151,12.4974,-58.9069,95.9663
11152,12.7974,-58.9069,95.9663
11153,13.0974,-58.9069,95.9663
11154,13.3974,-58.9069,95.9663
11155,13.6974,-58.9069,95.9663
11156,13.9974,-58.9069,95.9663
11157,14.2974,-59.2069,95.9663
11158,14.5974,-59.5069,95.9663
11159,14.8974,-59.8069,95.9663
11160,15.1974,-60.1069,95.9663
11161,15.4974,-60.4069,95.9663
11162,15.7974,-60.7069,95.9663
11163,16.0974,-61.0069,95.9663
11164,16.3974,-61.3069,95.9663
11165,16.6974,-61.6069,95.9663
11166,16.9974,-61.9069,95.9663
11167,17.2974,-62.2069,95.9663
11168,17.5974,-62.5069,95.9663
11169,17.8974,-62.5069,95.9663
11170,18.1974,-62.8069,95.9663
11171,18.4974,-62.8069,95.9663
11172,18.7974,-63.1069,95.9663
11173,19.0974,-63.1069,95.9663
11174,19.3974,-63.1069,95.9663
11175,19.6974,-63.1069,95.9663
11176,19.9974,-63.1069,95.9663
11177,20.2974,-63.1069,95.9663
11178,20.5974,-63.1069,95.9663
11179,20.8974,-63.1069,95.9663
11180,21.1974,-63.1069,95.9663
11181,21.4974,-63.1069,95.9663
11182,21.7974,-63.1069,95.9663
11183,22.0974,-63.1069,95.9663
11184,22.3974,-63.1069,95.9663
11185,22.6974,-63.1069,95.9663
11186,22.9974,-63.1069,95.9663
11187,23.2974,-63.1069,95.9663
11188,23.5974,-63.1069,95.9663
11189,23.8974,-63.1069,95.9663
11190,24.1974,-63.1069,95.9663
11191,24.4974,-63.1069,95.9663
11192,24.7974,-63.1069,95.9663
11193,25.0974,-63.1069,95.9663
11194,25.3974,-63.1069,95.9663
11195,25.6974,-63.1069,95.9663
11196,25.9974,-63.1069,95.9663
11197,26.2974,-63.1069,95.9663
11198,26.5974,-63.1069,95.9663
11199,26.8974,-63.1069,95.9663
11200,27.1974,-63.1069,95.9663
11201,27.4974,-63.1069,95.9663
11202,27.7974,-63.1069,95.9663
11203,28.0974,-63.1069,95.9663
11204,28.3974,-63.1069,95.9663
11205,28.6974,-63.1069,95.9663
11206,28.9974,-63.1069,95.9663
11207,29.2974,-63.4069,95.9663
11208,29.5974,-63.7069,95.9663
11209,29.8974,-64.0069,95.9663
11210,30.1974,-64.3069,95.9663
11211,30.4974,-64.6069,95.9663
11212,30.7974,-64.9069,95.9663
11213,31.0974,-65.2069,95.9663
11214,31.3974,-65.5069,95.9663
11215,31.6974,-65.8069,95.9663
11216,31.9974,-66.1069,95.9663
11217,32.2974,-66.4069,95.9663
11218,32.5974,-66.7069,95.9663
11219,32.8974,-67.0069,95.9663
11220,33.1974,-67.0069,95.9663
11221,33.4974,-67.0069,95.9663
11222,33.7974,-67.0069,95.9663
11223,34.0974,-67.0069,95.9663
11224,34.3974,-67.0069,95.9663
11225,34.6974,-67.0069,95.9663
11226,34.9974,-67.0069,95.9663
11227,35.2974,-67.0069,95.9663
11228,35.5974,-67.0069,95.9663
11229,35.8974,-67.0069,95.9663
11230,36.1974,-67.0069,95.9663
11231,36.4974,-67.0069,95.9663
11232,36.7974,-67.0069,95.9663
11233,37.0974,-67.0069,95.9663
11234,37.3974,-67.0069,95.9663
11235,37.6974,-67.0069,95.9663
11236,37.9974,-67.0069,95.9663
11237,38.2974,-67.0069,95.9663
11238,38.5974,-67.0069,95.9663
11239,38.8974,-67.0069,95.9663
11240,39.1974,-67.0069,95.9663
11241,39.4974,-67.0069,95.9663
11242,39.7974,-67.0069,95.9663
11243,40.0974,-67.0069,95.9663
11244,40.3974,-67.0069,95.9663
11245,40.6974,-67.0069,95.9663
11246,40.9974,-67.0069,95.9663
11247,41.2974,-67.0069,95.9663
11248,41.5974,-67.0069,95.9663
11249,41.8974,-67.0069,95.9663
11250,42.1974,-67.0069,95.9663
11251,42.4974,-67.0069,95.9663
11252,42.7974,-67.0069,95.9663
11253,43.0974,-67.0069,95.9663
11254,43.3974,-67.0069,95.9663
11255,43.6974,-67.0069,95.9663
11256,43.9974,-67.0069,95.9663
11257,44.2974,-67.0069,95.9663
11258,44.5974,-67.0069,95.9663
11259,44.8974,-67.0069,95.9663
11260,45.1974,-66.7069,95.9663
11261,45.4974,-66.7069,95.9663
11262,45.7974,-66.4069,95.9663
11263,46.0974,-66.4069,95.9663
11264,46.3974,-66.1069,95.9663
11265,46.6974,-66.1069,95.9663
11266,46.9974,-65.8069,95.9663
11267,46.6974,-65.8069,95.9663
11268,46.3974,-66.1069,95.9663
11269,46.0974,-66.4069,95.9663
11270,45.7974,-66.4069,95.9663
11271,45.4974,-66.7069,95.9663
11272,45.1974,-66.7069,95.9663
11273,44.8974,-67.0069,95.9663
11274,44.5974,-67.0069,95.9663
11275,44.2974,-67.0069,95.9663
11276,43.9974,-67.0069,95.9663
11277,43.6974,-67.0069,95.9663
11278,43.3974,-67.0069,95.9663
11279,43.0974,-67.0069,95.9663
11280,42.7974,-67.0069,95.9663
11281,42.4974,-67.0069,95.9663
11282,42.1974,-67.0069,95.9663
11283,41.8974,-67.0069,95.9663
11284,41.5974,-67.0069,95.9663
11285,41.2974,-67.0069,95.9663
11286,40.9974,-67.0069,95.9663
11287,40.6974,-67.0069,95.9663
11288,40.3974,-67.0069,95.9663
11289,40.0974,-67.0069,95.9663
11290,39.7974,-67.0069,95.9663
11291,39.4974,-67.0069,95.9663
11292,39.1974,-67.0069,95.9663
11293,38.8974,-67.0069,95.9663
11294,38.5974,-67.0069,95.9663
11295,38.2974,-67.0069,95.9663
11296,37.9974,-67.0069,95.9663
11297,37.6974,-67.0069,95.9663
11298,37.3974,-67.0069,95.9663
11299,37.0974,-67.0069,95.9663
11300,36.7974,-67.0069,95.9663
11301,36.4974,-67.0069,95.9663
11302,36.1974,-67.0069,95.9663
11303,35.8974,-67.0069,95.9663
11304,35.5974,-67.0069,95.9663
11305,35.2974,-67.0069,95.9663
11306,34.9974,-67.0069,95.9663
11307,34.6974,-67.0069,95.9663
11308,34.3974,-67.0069,95.9663
11309,34.0974,-67.0069,95.9663
11310,33.7974,-66.7069,95.9663
11311,33.4974,-66.7069,95.9663
11312,33.1974,-66.4069,95.9663
11313,32.8974,-66.4069,95.9663
11314,32.5974,-66.4069,95.9663
11315,32.2974,-66.1069,95.9663
11316,31.9974,-66.1069,95.9663
11317,31.6974,-65.8069,95.9663
11318,31.3974,-65.8069,95.9663
11319,31.0974,-65.5069,95.9663
11320,30.7974,-65.5069,95.9663
11321,30.4974,-65.2069,95.9663
11322,30.1974,-65.2069,95.9663
11323,29.8974,-64.9069,95.9663
11324,29.5974,-64.9069,95.9663
11325,29.2974,-64.9069,95.9663
11326,28.9974,-64.6069,95.9663
11327,28.6974,-64.6069,95.9663
11328,28.3974,-64.3069,95.9663
11329,28.0974,-64.3069,95.9663
11330,27.7974,-64.0069,95.9663
11331,27.4974,-64.0069,95.9663
11332,27.1974,-63.7069,95.9663
11333,26.8974,-63.7069,95.9663
11334,26.5974,-63.4069,95.9663
11335,26.2974,-63.4069,95.9663
11336,25.9974,-63.4069,95.9663
11337,25.6974,-63.1069,95.9663
11338,25.3974,-63.1069,95.9663
11339,25.0974,-62.8069,95.9663
11340,24.7974,-62.8069,95.9663
11341,24.4974,-62.5069,95.9663
11342,24.1974,-62.5069,95.9663
11343,23.8974,-62.2069,95.9663
11344,23.5974,-62.2069,95.9663
11345,23.2974,-62.2069,95.9663
11346,22.9974,-61.9069,95.9663
11347,39.3000,-62.1000,96.1000
11348,38.8974,-62.2069,95.9663
11349,38.5974,-62.2069,95.9663
11350,38.2974,-62.2069,95.9663
11351,37.9974,-61.9069,95.9663
11352,37.6974,-61.6069,95.9663
11353,37.3974,-61.3069,95.9663
11354,37.0974,-61.3069,95.9663
11355,36.7974,-61.3069,95.9663
11356,36.4974,-61.3069,95.9663
11357,36.1974,-61.0069,95.6663
11358,35.8974,-60.7069,95.3663
11359,35.5974,-60.4069,95.0663
11360,35.2974,-60.1069,95.0663
11361,34.9974,-60.1069,95.0663
11362,34.6974,-60.1069,95.0663
11363,34.3974,-60.1069,95.0663
11364,34.0974,-60.1069,95.0663
11365,33.7974,-60.1069,95.0663
11366,33.4974,-60.1069,95.0663
11367,33.1974,-60.1069,95.0663
11368,32.8974,-60.1069,95.0663
11369,32.5974,-60.1069,95.0663
11370,32.2974,-60.1069,95.0663
11371,31.9974,-60.1069,95.0663
11372,31.6974,-60.1069,95.0663
11373,31.3974,-60.1069,95.0663
11374,31.0974,-60.1069,95.0663
11375,30.7974,-59.8069,95.0663
11376,30.4974,-59.5069,95.0663
11377,30.1974,-59.2069,95.0663
11378,29.8974,-58.9069,95.0663
11379,29.5974,-58.6069,95.0663
11380,29.2974,-58.3069,95.0663
11381,28.9974,-58.0069,95.0663
11382,28.6974,-57.7069,95.0663
11383,28.3974,-57.4069,95.0663
11384,28.0974,-57.1069,95.0663
11385,27.7974,-56.8069,95.0663
11386,27.4974,-56.5069,95.0663
11387,27.1974,-56.2069,95.0663
11388,26.8974,-55.9069,95.0663
11389,26.5974,-55.6069,95.0663
11390,26.2974,-55.3069,95.0663
11391,25.9974,-55.0069,95.0663
11392,25.6974,-54.7069,95.0663
11393,25.3974,-54.4069,95.0663
11394,25.0974,-54.1069,95.0663
11395,24.7974,-53.8069,94.7663
11396,24.4974,-53.5069,94.4663
11397,24.1974,-53.2069,94.1663
11398,23.8974,-52.9069,94.1663
11399,23.5974,-52.6069,94.1663
11400,23.2974,-52.3069,94.1663
11401,22.9974,-52.0069,94.1663
11402,22.6974,-51.7069,94.1663
11403,22.3974,-51.7069,94.1663
11404,22.0974,-51.7069,94.1663
11405,21.7974,-51.7069,94.1663
11406,21.4974,-51.7069,94.1663
11407,21.1974,-51.7069,94.1663
11408,20.8974,-51.7069,94.1663
11409,20.5974,-51.7069,94.1663
11410,20.2974,-52.0069,94.1663
11411,19.9974,-52.3069,94.1663
11412,19.6974,-52.6069,94.1663
11413,19.3974,-52.9069,94.1663
11414,19.0974,-52.9069,94.1663
11415,18.7974,-53.2069,94.4663
11416,18.4974,-53.5069,94.4663
11417,18.1974,-53.8069,94.4663
11418,17.8974,-54.1069,94.7663
11419,17.5974,-54.4069,95.0663
11420,17.2974,-54.7069,95.3663
11421,16.9974,-55.0069,95.6663
11422,16.6974,-55.3069,95.9663
11423,-31.3955,-48.9693,96.1000
11424,-31.3026,-49.3069,95.9663
11425,-31.6026,-49.6069,95.9663
11426,-31.6026,-49.9069,95.9663
11427,-31.6026,-50.2069,95.9663
11428,-31.6026,-50.5069,95.9663
11429,-31.6026,-50.8069,95.9663
11430,-31.6026,-51.1069,95.9663
11431,-31.6026,-51.4069,95.9663
11432,-31.6026,-51.7069,95.9663
11433,-31.6026,-52.0069,95.9663
11434,-31.3026,-52.3069,96.2663
11435,24.7000,-57.1000,96.3000
11436,71.7000,-65.3000,96.3000
11437,71.5974,-65.2069,96.5663
11438,71.5974,-65.2069,96.8663
11439,71.5974,-65.2069,97.1663
11440,71.5974,-65.2069,97.4663
11441,71.5974,-65.2069,97.7663
11442,71.5974,-65.2069,98.0663
11443,71.5974,-65.2069,98.3663
11444,71.2974,-64.9069,98.6663
11445,71.2974,-64.9069,98.9663
11446,70.9974,-64.6069,99.2663
11447,70.9974,-64.6069,99.5663
11448,70.6974,-64.3069,99.8663
11449,70.6974,-64.3069,100.1663
11450,70.3974,-64.0069,100.4663
11451,70.0974,-63.7069,100.7663
11452,69.7974,-63.4069,101.0663
11453,69.4974,-63.1069,101.3663
11454,69.1974,-63.1069,101.3663
11455,68.8974,-62.8069,101.6663
11456,68.5974,-62.8069,101.6663
11457,68.2974,-62.8069,101.6663
11458,67.9974,-62.8069,101.6663
11459,67.6974,-62.8069,101.6663
11460,67.3974,-62.8069,101.6663
11461,67.0974,-62.8069,101.6663
11462,66.7974,-62.8069,101.6663
11463,66.4974,-62.8069,101.3663
11464,66.1974,-62.8069,101.3663
11465,65.8974,-63.1069,101.0663
11466,65.5974,-63.1069,101.0663
11467,65.2974,-63.4069,100.7663
11468,64.9974,-63.4069,100.7663
11469,64.6974,-63.7069,100.4663
11470,64.3974,-64.0069,100.1663
11471,64.0974,-64.3069,99.8663
11472,63.7974,-64.6069,99.5663
11473,63.4974,-64.9069,99.2663
11474,63.1974,-65.2069,98.9663
11475,63.1974,-65.5069,98.9663
11476,62.8974,-65.5069,98.9663
11477,62.5974,-65.5069,98.9663
11478,62.2974,-65.5069,98.9663
11479,61.9974,-65.5069,98.9663
11480,61.6974,-65.5069,98.9663
11481,61.3974,-65.5069,98.9663
11482,61.0974,-65.5069,98.9663
11483,60.7974,-65.5069,98.9663
11484,60.4974,-65.5069,98.9663
11485,60.1974,-65.5069,98.9663
11486,59.8974,-65.5069,98.9663
11487,59.5974,-65.5069,98.9663
11488,59.2974,-65.5069,98.9663
11489,58.9974,-65.5069,98.9663
11490,58.6974,-65.5069,98.9663
11491,58.3974,-65.5069,98.9663
11492,58.0974,-65.5069,98.9663
11493,57.7974,-65.5069,98.9663
11494,57.4974,-65.5069,98.9663
11495,57.1974,-65.5069,98.9663
11496,56.8974,-65.5069,98.9663
11497,56.5974,-65.5069,98.9663
11498,56.2974,-65.5069,98.9663
11499,55.9974,-65.5069,98.9663
11500,55.6974,-65.5069,98.9663
11501,55.3974,-65.5069,98.9663
11502,55.0974,-65.5069,98.9663
11503,54.7974,-65.5069,98.9663
11504,54.4974,-65.5069,98.9663
11505,54.1974,-65.5069,98.9663
11506,53.8974,-65.5069,98.9663
11507,53.5974,-65.5069,98.9663
11508,53.2974,-65.5069,98.9663
11509,52.9974,-65.5069,98.9663
11510,52.6974,-65.5069,98.9663
11511,52.3974,-65.5069,98.9663
11512,52.0974,-65.5069,98.9663
11513,51.7974,-65.5069,98.9663
11514,51.4974,-65.5069,98.9663
11515,51.1974,-65.5069,98.9663
11516,50.8974,-65.5069,98.9663
11517,50.5974,-65.5069,98.9663
11518,50.2974,-65.5069,98.9663
11519,49.9974,-65.5069,98.9663
11520,49.6974,-65.5069,98.9663
11521,49.3974,-65.5069,98.9663
11522,49.0974,-65.5069,98.9663
11523,48.7974,-65.5069,98.9663
11524,48.4974,-65.5069,98.9663
11525,48.1974,-65.5069,98.9663
11526,47.8974,-65.5069,98.9663
11527,47.5974,-65.5069,98.9663
11528,47.2974,-65.5069,98.9663
11529,46.9974,-65.5069,98.9663
11530,46.6974,-65.5069,98.9663
11531,46.3974,-65.5069,98.9663
11532,46.0974,-65.5069,98.9663
11533,45.7974,-65.5069,98.9663
11534,45.4974,-65.5069,98.9663
11535,45.1974,-65.5069,98.9663
11536,44.8974,-65.5069,99.2663
11537,44.5974,-65.5069,99.2663
11538,44.2974,-65.5069,99.2663
11539,43.9974,-65.5069,99.2663
11540,43.6974,-65.5069,99.2663
11541,43.3974,-65.5069,99.2663
11542,43.0974,-65.5069,99.2663
11543,42.7974,-65.5069,99.2663
11544,42.4974,-65.5069,99.2663
11545,42.1974,-65.5069,99.2663
11546,41.8974,-65.5069,99.2663
11547,41.5974,-65.5069,99.2663
11548,41.2974,-65.5069,99.2663
11549,40.9974,-65.5069,99.2663
11550,40.6974,-65.5069,99.2663
11551,40.3974,-65.5069,99.2663
11552,40.0974,-65.5069,99.2663
11553,39.7974,-65.5069,99.2663
11554,39.4974,-65.5069,99.2663
11555,39.1974,-65.5069,99.2663
11556,38.8974,-65.5069,99.2663
11557,38.5974,-65.5069,99.2663
11558,38.2974,-65.5069,99.2663
11559,37.9974,-65.5069,99.2663
11560,37.6974,-65.5069,99.2663
11561,37.3974,-65.5069,99.2663
11562,37.0974,-65.5069,99.2663
11563,36.7974,-65.5069,99.2663
11564,36.4974,-65.5069,99.2663
11565,36.1974,-65.5069,99.2663
11566,35.8974,-65.5069,99.2663
11567,35.5974,-65.5069,99.2663
11568,35.2974,-65.5069,99.2663
11569,34.9974,-65.5069,99.2663
11570,34.6974,-65.5069,99.2663
11571,34.3974,-65.5069,99.2663
11572,34.0974,-65.5069,99.2663
11573,33.7974,-65.5069,99.2663
11574,33.4974,-65.5069,99.2663
11575,33.1974,-65.5069,99.2663
11576,32.8974,-65.5069,99.2663
11577,32.5974,-65.5069,99.2663
11578,32.2974,-65.5069,99.2663
11579,31.9974,-65.5069,99.2663
11580,31.6974,-65.5069,99.2663
11581,31.3974,-65.5069,99.2663
11582,31.0974,-65.5069,99.2663
11583,30.7974,-65.5069,99.2663
11584,30.4974,-65.2069,99.2663
11585,30.1974,-65.2069,99.2663
11586,29.8974,-64.9069,99.2663
11587,29.5974,-64.9069,99.2663
11588,29.2974,-64.6069,99.2663
11589,28.9974,-64.6069,99.2663
11590,28.6974,-64.6069,99.2663
11591,28.3974,-64.3069,99.2663
11592,28.0974,-64.3069,99.2663
11593,27.7974,-64.0069,99.2663
11594,27.4974,-64.0069,99.2663
11595,27.1974,-63.7069,99.2663
11596,26.8974,-63.7069,99.2663
11597,26.5974,-63.4069,99.2663
11598,26.2974,-63.4069,99.2663
11599,25.9974,-63.1069,99.2663
11600,25.6974,-63.1069,99.2663
11601,25.3974,-63.1069,99.2663
11602,25.0974,-63.1069,99.2663
11603,24.7974,-63.1069,99.2663
11604,24.4974,-63.1069,99.2663
11605,24.1974,-63.1069,99.2663
11606,23.8974,-63.1069,99.2663
11607,23.5974,-63.1069,99.2663
11608,23.2974,-63.1069,99.2663
11609,22.9974,-63.1069,99.2663
11610,22.6974,-63.1069,99.2663
11611,22.3974,-63.1069,99.2663
11612,22.0974,-63.1069,99.2663
11613,21.7974,-63.1069,99.2663
11614,21.4974,-63.1069,99.2663
11615,21.1974,-63.1069,99.2663
11616,20.8974,-63.1069,99.2663
11617,20.5974,-63.1069,99.2663
11618,20.2974,-63.1069,99.2663
11619,19.9974,-63.1069,99.2663
11620,19.6974,-63.1069,99.2663
11621,19.3974,-63.1069,99.2663
11622,19.0974,-63.1069,99.2663
11623,18.7974,-62.8069,99.2663
11624,18.4974,-62.8069,99.2663
11625,18.1974,-62.5069,99.2663
11626,17.8974,-62.5069,99.2663
11627,17.5974,-62.2069,99.2663
11628,17.2974,-61.9069,99.2663
11629,16.9974,-61.6069,99.2663
11630,16.6974,-61.3069,99.2663
11631,16.3974,-61.0069,99.2663
11632,16.3974,-60.7069,99.2663
11633,16.0974,-60.4069,99.2663
11634,16.0974,-60.1069,99.2663
11635,15.7974,-59.8069,98.9663
11636,15.7974,-59.5069,98.9663
11637,15.7974,-59.2069,98.9663
11638,15.7974,-58.9069,98.9663
11639,15.7974,-58.6069,98.9663
11640,72.7000,-58.5000,98.9000
11641,72.7974,-58.6069,98.6663
11642,72.4974,-58.3069,98.3663
11643,72.4974,-58.3069,98.0663
11644,72.4974,-58.3069,97.7663
11645,72.1974,-58.0069,97.4663
11646,72.1974,-58.0069,97.1663
11647,71.8974,-57.7069,96.8663
11648,71.5974,-57.4069,96.5663
11649,71.2974,-57.1069,96.2663
11650,70.9974,-56.8069,95.9663
11651,70.6974,-56.5069,95.6663
11652,70.3974,-56.5069,95.6663
11653,70.0974,-56.5069,95.6663
11654,69.7974,-56.5069,95.3663
11655,69.4974,-56.5069,95.3663
11656,69.1974,-56.5069,95.3663
11657,68.8974,-56.5069,95.3663
11658,68.5974,-56.5069,95.3663
11659,68.2974,-56.5069,95.3663
11660,67.9974,-56.5069,95.3663
11661,67.6974,-56.5069,95.3663
11662,67.3974,-56.5069,95.3663
11663,67.0974,-56.5069,95.6663
11664,66.7974,-56.5069,95.6663
11665,66.4974,-56.5069,95.9663
11666,66.1974,-56.5069,96.2663
11667,65.8974,-56.5069,96.5663
11668,65.5974,-56.5069,96.8663
11669,65.2974,-56.8069,97.1663
11670,64.9974,-57.1069,97.4663
11671,64.9974,-57.1069,97.7663
11672,64.9974,-57.1069,98.0663
11673,64.6974,-57.4069,98.3663
11674,64.6974,-57.4069,98.6663
11675,64.6974,-57.4069,98.9663
11676,-31.5000,-50.7000,98.9000
11677,-31.3026,-51.1069,98.9663
11678,-31.3026,-51.4069,98.9663
11679,-31.3026,-51.7069,98.9663
11680,-31.0026,-52.0069,98.9663
11681,-31.0026,-52.3069,98.9663
11682,-30.7026,-52.6069,98.9663
11683,-30.7026,-52.9069,98.9663
11684,-30.4026,-53.2069,98.9663
11685,-30.1026,-53.5069,98.9663
11686,-29.8026,-53.8069,98.9663
11687,-29.5026,-54.1069,98.9663
11688,-29.2026,-54.1069,98.9663
11689,-28.9026,-54.4069,98.9663
11690,-28.6026,-54.7069,98.9663
11691,-28.3026,-54.7069,98.9663
11692,-28.0026,-54.7069,98.9663
11693,-27.7026,-54.7069,98.9663
11694,-27.4026,-55.0069,98.9663
11695,-27.1026,-55.0069,98.9663
11696,-26.8026,-55.0069,98.9663
11697,-26.5026,-54.7069,98.9663
11698,-26.2026,-54.7069,98.9663
11699,-25.9026,-54.7069,98.9663
11700,-25.6026,-54.7069,98.9663
11701,-25.3026,-54.4069,98.9663
11702,-25.0026,-54.1069,98.9663
11703,-24.7026,-54.1069,98.9663
11704,-24.4026,-53.8069,98.9663
11705,-24.1026,-53.5069,98.9663
11706,-23.8026,-53.2069,98.9663
11707,-23.5026,-52.9069,98.9663
11708,-23.2026,-52.6069,98.9663
11709,-23.2026,-52.3069,98.9663
11710,-22.9026,-52.0069,98.9663
11711,-22.9026,-51.7069,98.9663
11712,-22.9026,-51.4069,98.9663
11713,-22.6026,-51.1069,98.9663
11714,-22.6026,-50.8069,98.9663
11715,-22.6026,-50.5069,98.9663
11716,-22.6026,-50.2069,98.9663
11717,-22.6026,-49.9069,98.9663
11718,-22.6026,-49.6069,98.9663
11719,-22.9026,-49.3069,98.9663
11720,-22.9026,-49.0069,98.9663
11721,71.1955,-65.1693,99.1000
11722,70.9974,-64.9069,99.2663
11723,70.9974,-64.6069,99.5663
11724,70.6974,-64.3069,99.8663
11725,70.6974,-64.3069,100.1663
11726,70.3974,-64.0069,100.4663
11727,70.0974,-63.7069,100.7663
11728,69.7974,-63.4069,101.0663
11729,69.4974,-63.1069,101.3663
11730,69.1974,-63.1069,101.3663
11731,68.8974,-62.8069,101.6663
11732,68.5974,-62.8069,101.6663
11733,68.2974,-62.8069,101.6663
11734,67.9974,-62.8069,101.6663
11735,67.6974,-62.8069,101.6663
11736,67.3974,-62.8069,101.6663
11737,67.0974,-62.8069,101.6663
11738,66.7974,-62.8069,101.6663
11739,66.4974,-62.8069,101.6663
11740,66.1974,-62.8069,101.6663
11741,65.8974,-62.8069,101.6663
11742,65.5974,-62.8069,101.6663
11743,65.2974,-62.8069,101.6663
11744,64.9974,-62.8069,101.6663
11745,64.6974,-62.8069,101.6663
11746,64.3974,-62.8069,101.6663
11747,64.0974,-62.8069,101.6663
11748,63.7974,-62.8069,101.6663
11749,63.4974,-62.8069,101.6663
11750,63.1974,-62.8069,101.6663
11751,62.8974,-62.8069,101.6663
11752,62.5974,-62.8069,101.6663
11753,62.2974,-62.8069,101.6663
11754,61.9974,-62.8069,101.6663
11755,61.6974,-62.8069,101.6663
11756,61.3974,-62.8069,101.6663
11757,61.0974,-62.8069,101.6663
11758,60.7974,-62.8069,101.6663
11759,60.4974,-62.8069,101.6663
11760,60.1974,-62.8069,101.6663
11761,59.8974,-62.8069,101.6663
11762,59.5974,-62.8069,101.6663
11763,59.2974,-62.8069,101.6663
11764,58.9974,-62.8069,101.6663
11765,58.6974,-62.8069,101.6663
11766,58.3974,-62.8069,101.6663
11767,58.0974,-62.8069,101.6663
11768,57.7974,-62.8069,101.6663
11769,57.4974,-62.8069,101.6663
11770,57.1974,-62.8069,101.6663
11771,56.8974,-62.8069,101.6663
11772,56.5974,-62.5069,101.6663
11773,56.2974,-62.5069,101.6663
11774,55.9974,-62.2069,101.6663
11775,55.6974,-62.2069,101.6663
11776,55.3974,-61.9069,101.6663
11777,55.0974,-61.9069,101.6663
11778,54.7974,-61.9069,101.6663
11779,54.4974,-61.9069,101.6663
11780,54.1974,-61.6069,101.6663
11781,53.8974,-61.3069,101.6663
11782,53.5974,-61.3069,101.6663
11783,53.2974,-61.0069,101.6663
11784,52.9974,-61.0069,101.6663
11785,52.6974,-60.7069,101.6663
11786,52.3974,-60.7069,101.6663
11787,52.0974,-60.4069,101.6663
11788,51.7974,-60.4069,101.6663
11789,51.4974,-60.4069,101.6663
11790,51.1974,-60.1069,101.6663
11791,50.8974,-60.1069,101.6663
11792,50.5974,-59.8069,101.6663
11793,50.2974,-59.8069,101.6663
11794,49.9974,-59.5069,101.6663
11795,49.6974,-59.5069,101.6663
11796,49.3974,-59.2069,101.6663
11797,49.0974,-59.2069,101.6663
11798,48.7974,-58.9069,101.6663
11799,48.4974,-58.9069,101.6663
11800,48.1974,-58.9069,101.6663
11801,47.8974,-58.9069,101.6663
11802,47.5974,-58.9069,101.6663
11803,47.2974,-58.9069,101.6663
11804,46.9974,-58.9069,101.6663
11805,46.6974,-58.9069,101.6663
11806,46.3974,-58.9069,101.6663
11807,46.0974,-58.9069,101.6663
11808,45.7974,-58.9069,101.6663
11809,45.4974,-58.9069,101.6663
11810,45.1974,-58.9069,101.6663
11811,44.8974,-58.6069,101.6663
11812,44.5974,-58.3069,101.6663
11813,44.2974,-58.0069,101.6663
11814,43.9974,-57.7069,101.6663
11815,43.6974,-57.4069,101.6663
11816,43.3974,-57.1069,101.6663
11817,43.0974,-56.8069,101.6663
11818,42.7974,-56.5069,101.6663
11819,42.4974,-56.2069,101.6663
11820,42.1974,-56.2069,101.6663
11821,41.8974,-55.9069,101.6663
11822,41.5974,-55.6069,101.6663
11823,41.2974,-55.3069,101.6663
11824,40.9974,-55.0069,101.6663
11825,40.6974,-54.7069,101.6663
11826,40.3974,-54.4069,101.6663
11827,40.0974,-54.1069,101.6663
11828,39.7974,-53.8069,101.6663
11829,39.4974,-53.5069,101.6663
11830,39.1974,-53.2069,101.6663
11831,38.8974,-53.2069,101.6663
11832,38.5974,-53.2069,101.6663
11833,38.2974,-53.2069,101.6663
11834,37.9974,-53.2069,101.6663
11835,37.6974,-53.2069,101.6663
11836,37.3974,-53.2069,101.6663
11837,37.0974,-53.2069,101.6663
11838,36.7974,-53.2069,101.6663
11839,36.4974,-53.2069,101.6663
11840,36.1974,-53.2069,101.6663
11841,35.8974,-53.2069,101.6663
11842,35.5974,-53.2069,101.6663
11843,35.2974,-52.9069,101.6663
11844,34.9974,-52.9069,101.6663
11845,34.6974,-52.9069,101.6663
11846,34.3974,-52.6069,101.6663
11847,34.0974,-52.6069,101.6663
11848,33.7974,-52.3069,101.3663
11849,33.4974,-52.3069,101.3663
11850,33.1974,-52.3069,101.3663
11851,32.8974,-52.0069,101.0663
11852,32.5974,-51.7069,101.0663
11853,32.2974,-51.7069,101.0663
11854,31.9974,-51.4069,100.7663
11855,31.6974,-51.4069,100.7663
11856,31.3974,-51.1069,100.4663
11857,31.0974,-51.1069,100.4663
11858,30.7974,-50.8069,100.4663
11859,30.4974,-50.8069,100.4663
11860,30.1974,-50.5069,100.1663
11861,29.8974,-50.5069,100.1663
11862,29.5974,-50.2069,99.8663
11863,29.2974,-50.2069,99.8663
11864,28.9974,-50.2069,99.8663
11865,28.6974,-49.9069,99.5663
11866,28.3974,-49.9069,99.5663
11867,28.0974,-49.6069,99.2663
11868,27.7974,-49.6069,99.2663
11869,27.4974,-49.3069,98.9663
11870,27.1974,-49.3069,98.9663
11871,26.8974,-49.0069,98.9663
11872,27.1974,-49.0069,98.9663
11873,27.4974,-49.0069,98.9663
11874,27.7974,-49.0069,98.9663
11875,28.0974,-49.0069,98.9663
11876,28.3974,-49.0069,98.9663
11877,28.6974,-49.0069,98.9663
11878,28.9974,-49.0069,98.9663
11879,29.2974,-49.0069,98.9663
11880,29.5974,-49.0069,98.9663
11881,29.8974,-49.0069,98.9663
11882,30.1974,-49.0069,98.9663
11883,30.4974,-49.0069,98.9663
11884,30.7974,-49.0069,98.9663
11885,31.0974,-49.0069,98.9663
11886,31.3974,-49.0069,98.9663
11887,31.6974,-49.0069,98.9663
11888,31.9974,-49.0069,98.9663
11889,32.2974,-49.0069,98.9663
11890,32.5974,-49.0069,98.9663
11891,32.8974,-49.0069,98.9663
11892,33.1974,-49.0069,98.9663
11893,33.4974,-49.0069,98.9663
11894,33.7974,-49.0069,98.9663
11895,34.0974,-49.0069,98.9663
11896,34.3974,-49.0069,98.9663
11897,34.6974,-49.0069,98.9663
11898,34.9974,-49.0069,98.9663
11899,35.2974,-49.0069,98.9663
11900,35.5974,-49.0069,98.9663
11901,35.8974,-49.0069,98.9663
11902,36.1974,-49.0069,98.9663
11903,36.4974,-49.0069,98.9663
11904,36.7974,-49.0069,98.9663
11905,37.0974,-49.0069,98.9663
11906,37.3974,-49.0069,98.9663
11907,37.6974,-49.0069,98.9663
11908,37.9974,-49.0069,98.9663
11909,38.2974,-49.0069,98.9663
11910,38.5974,-49.0069,98.9663
11911,38.8974,-49.0069,98.9663
11912,39.1974,-49.0069,98.9663
11913,39.4974,-49.0069,98.9663
11914,39.7974,-49.0069,98.9663
11915,40.0974,-49.0069,98.9663
11916,40.3974,-49.0069,98.9663
11917,40.6974,-49.0069,98.9663
11918,40.9974,-49.0069,98.9663
11919,41.2974,-49.0069,98.9663
11920,41.5974,-49.0069,98.9663
11921,41.8974,-49.0069,98.9663
11922,42.1974,-49.0069,98.9663
11923,42.4974,-49.0069,98.9663
11924,42.7974,-49.0069,98.9663
11925,43.0974,-49.0069,98.9663
11926,43.3974,-48.7069,98.9663
11927,43.6974,-48.7069,98.9663
11928,43.9974,-48.4069,98.9663
11929,44.2974,-48.4069,98.9663
11930,44.5974,-48.4069,98.9663
11931,44.8974,-48.4069,98.9663
11932,45.1974,-48.4069,98.9663
11933,45.4974,-48.4069,98.9663
11934,45.7974,-48.4069,98.9663
11935,46.0974,-48.4069,98.9663
11936,46.3974,-48.4069,98.9663
11937,46.6974,-48.4069,98.9663
11938,46.9974,-48.4069,98.9663
11939,47.2974,-48.4069,98.9663
11940,47.5974,-48.7069,98.9663
11941,47.8974,-48.7069,98.9663
11942,48.1974,-48.7069,98.9663
11943,48.4974,-48.7069,98.9663
11944,48.7974,-49.0069,98.9663
11945,49.0974,-49.3069,98.9663
11946,49.3974,-49.3069,98.9663
11947,49.6974,-49.6069,98.9663
11948,49.9974,-49.9069,98.9663
11949,50.2974,-50.2069,98.9663
11950,50.5974,-50.5069,98.9663
11951,50.8974,-50.8069,98.9663
11952,51.1974,-51.1069,98.9663
11953,51.4974,-51.4069,98.9663
11954,51.7974,-51.7069,98.9663
11955,52.0974,-52.0069,98.9663
11956,52.3974,-52.3069,98.9663
11957,52.6974,-52.6069,98.9663
11958,52.9974,-52.9069,98.9663
11959,53.2974,-53.2069,98.9663
11960,53.5974,-53.5069,98.9663
11961,53.8974,-53.8069,98.9663
11962,54.1974,-54.1069,98.9663
11963,54.4974,-54.4069,98.9663
11964,54.7974,-54.7069,98.9663
11965,55.0974,-55.0069,98.9663
11966,55.3974,-55.3069,98.9663
11967,55.6974,-55.6069,98.9663
11968,55.9974,-55.9069,98.9663
11969,56.2974,-56.2069,98.9663
11970,56.5974,-56.5069,98.9663
11971,56.8974,-56.8069,98.9663
11972,57.1974,-57.1069,98.9663
11973,57.4974,-57.4069,98.9663
11974,57.7974,-57.7069,98.9663
11975,58.0974,-58.0069,98.9663
11976,58.3974,-58.3069,98.9663
11977,58.6974,-58.6069,98.9663
11978,58.9974,-58.9069,98.9663
11979,59.2974,-59.2069,98.9663
11980,59.5974,-59.5069,98.9663
11981,59.8974,-59.8069,98.9663
11982,60.1974,-60.1069,98.9663
11983,60.4974,-60.4069,98.9663
11984,60.7974,-60.4069,98.9663
11985,61.0974,-60.4069,98.9663
11986,61.3974,-60.7069,98.9663
11987,61.6974,-60.7069,98.9663
11988,61.9974,-61.0069,98.9663
11989,62.2974,-61.0069,98.9663
11990,62.5974,-61.3069,98.9663
11991,62.8974,-61.3069,98.9663
11992,63.1974,-61.6069,98.9663
11993,63.4974,-61.6069,98.9663
11994,63.7974,-61.9069,98.9663
11995,64.0974,-61.9069,98.9663
11996,18.2654,-51.1369,99.1000
11997,17.8974,-51.1069,98.9663
11998,17.5974,-51.1069,98.9663
11999,17.2974,-51.1069,98.9663
12000,16.9974,-51.1069,98.9663
12001,16.6974,-51.1069,98.9663
12002,16.3974,-51.1069,98.9663
12003,16.0974,-51.1069,98.9663
12004,15.7974,-51.1069,98.9663
12005,15.4974,-51.1069,98.9663
12006,15.1974,-51.1069,98.9663
12007,14.8974,-51.1069,98.9663
12008,14.5974,-51.1069,98.9663
12009,14.2974,-51.1069,98.9663
12010,13.9974,-51.1069,98.9663
12011,13.6974,-51.1069,98.9663
12012,13.3974,-51.1069,98.9663
12013,13.0974,-51.1069,98.9663
12014,12.7974,-51.1069,98.9663
12015,12.4974,-51.1069,98.9663
12016,12.1974,-51.1069,98.9663
12017,11.8974,-51.1069,98.9663
12018,11.5974,-51.1069,98.9663
12019,11.2974,-51.1069,98.9663
12020,10.9974,-51.1069,98.9663
12021,10.6974,-51.1069,98.9663
12022,10.3974,-51.1069,98.9663
12023,10.0974,-51.1069,98.9663
12024,9.7974,-51.1069,98.9663
12025,9.4974,-51.1069,98.9663
12026,9.1974,-51.1069,98.9663
12027,8.8974,-51.1069,98.9663
12028,8.5974,-51.1069,98.9663
12029,8.2974,-51.1069,98.9663
12030,7.9974,-51.1069,98.9663
12031,7.6974,-51.1069,98.9663
12032,7.3974,-51.1069,98.9663
12033,7.0974,-51.1069,98.9663
12034,6.7974,-51.1069,98.9663
12035,6.4974,-51.1069,98.9663
12036,6.1974,-51.1069,98.9663
12037,5.8974,-51.1069,98.9663
12038,5.5974,-51.1069,98.9663
12039,5.2974,-51.1069,98.9663
12040,4.9974,-51.1069,98.9663
12041,4.6974,-51.1069,98.9663
12042,4.3974,-51.1069,98.9663
12043,4.0974,-51.1069,98.9663
12044,3.7974,-51.1069,98.9663
12045,3.4974,-51.1069,98.9663
12046,3.1974,-51.1069,98.9663
12047,2.8974,-51.1069,98.9663
12048,2.5974,-51.1069,98.9663
12049,2.2974,-51.1069,98.9663
12050,1.9974,-51.1069,98.9663
12051,1.6974,-51.1069,98.9663
12052,1.3974,-51.1069,98.9663
12053,1.0974,-51.1069,98.9663
12054,0.7974,-51.1069,98.9663
12055,0.4974,-51.1069,98.9663
12056,0.1974,-51.1069,98.9663
12057,-0.1026,-51.1069,98.9663
12058,-0.4026,-51.1069,98.9663
12059,-0.7026,-51.1069,98.9663
12060,-1.0026,-51.1069,98.9663
12061,-1.3026,-51.1069,98.9663
12062,-1.6026,-51.1069,98.9663
12063,-1.9026,-51.1069,98.9663
12064,-2.2026,-51.1069,98.9663
12065,-2.5026,-51.1069,98.9663
12066,-2.8026,-51.1069,98.9663
12067,-3.1026,-51.1069,98.9663
12068,-3.4026,-51.1069,98.9663
12069,-3.7026,-51.1069,98.9663
12070,-4.0026,-51.1069,98.9663
12071,-4.3026,-51.1069,98.9663
12072,-4.6026,-51.1069,98.9663
12073,-4.9026,-51.1069,98.9663
12074,-5.2026,-51.1069,98.9663
12075,-5.5026,-51.1069,98.9663
12076,-5.8026,-51.1069,98.9663
12077,-6.1026,-51.1069,98.9663
12078,-6.4026,-51.1069,98.9663
12079,-6.7026,-51.1069,98.9663
12080,-7.0026,-51.1069,98.9663
12081,-7.3026,-51.1069,98.9663
12082,-7.6026,-51.1069,98.9663
12083,-7.9026,-51.1069,98.9663
12084,-8.2026,-51.1069,98.9663
12085,-8.5026,-51.1069,98.9663
12086,-8.8026,-51.1069,98.9663
12087,-9.1026,-51.1069,98.9663
12088,-9.4026,-51.1069,98.9663
12089,-9.7026,-51.1069,98.9663
12090,-10.0026,-51.1069,98.9663
12091,-10.3026,-51.1069,98.9663
12092,-10.6026,-51.1069,98.9663
12093,-10.9026,-51.1069,98.9663
12094,-11.2026,-51.1069,98.9663
12095,-11.5026,-51.1069,98.9663
12096,-11.8026,-51.1069,98.9663
12097,-12.1026,-51.1069,98.9663
12098,-12.4026,-51.1069,98.9663
12099,-12.7026,-51.1069,98.9663
12100,-13.0026,-51.1069,98.9663
12101,-13.3026,-51.1069,98.9663
12102,-13.6026,-51.1069,98.9663
12103,-13.9026,-50.8069,98.9663
12104,-14.2026,-50.5069,98.9663
12105,-14.5026,-50.2069,98.9663
12106,-14.8026,-49.9069,98.9663
12107,-15.1026,-49.6069,98.9663
12108,-15.4026,-49.3069,98.9663
12109,-15.7026,-49.0069,98.9663
12110,-16.0026,-48.7069,98.9663
12111,-16.3026,-48.4069,98.9663
12112,-16.6026,-48.1069,98.9663
12113,-16.9026,-47.8069,98.9663
12114,-17.2026,-47.5069,98.9663
12115,-17.5026,-47.2069,98.9663
12116,-17.8026,-46.9069,98.9663
12117,-18.1026,-46.6069,98.9663
12118,-18.4026,-46.6069,98.9663
12119,-18.7026,-46.6069,98.9663
12120,-19.0026,-46.6069,98.9663
12121,-19.3026,-46.6069,98.9663
12122,-19.6026,-46.6069,98.9663
12123,-19.9026,-46.6069,98.9663
12124,-20.2026,-46.6069,98.9663
12125,-20.5026,-46.6069,98.9663
12126,-20.8026,-46.6069,98.9663
12127,-21.1026,-46.6069,98.9663
12128,-21.4026,-46.6069,98.9663
12129,-21.7026,-46.6069,98.9663
12130,-22.0026,-46.6069,98.9663
12131,-22.3026,-46.6069,98.9663
12132,-22.6026,-46.6069,98.9663
12133,-22.9026,-46.6069,98.9663
12134,-23.2026,-46.6069,98.9663
12135,-23.5026,-46.6069,98.9663
12136,-23.8026,-46.6069,98.9663
12137,-24.1026,-46.6069,98.9663
12138,-24.4026,-46.6069,98.9663
12139,-24.7026,-46.6069,98.9663
12140,-25.0026,-46.6069,98.9663
12141,-25.3026,-46.6069,98.9663
12142,-25.6026,-46.6069,98.9663
12143,-25.9026,-46.6069,98.9663
12144,-26.2026,-46.3069,98.9663
12145,-26.5026,-46.3069,98.9663
12146,-26.8026,-46.3069,98.9663
12147,-27.1026,-46.3069,98.9663
12148,-27.4026,-46.3069,98.9663
12149,-27.7026,-46.3069,98.9663
12150,-28.0026,-46.3069,98.9663
12151,-28.3026,-46.3069,98.9663
12152,-28.6026,-46.6069,98.9663
12153,-28.9026,-46.6069,98.9663
12154,-29.2026,-46.9069,98.9663
12155,-29.5026,-46.9069,98.9663
12156,-29.8026,-47.2069,98.9663
12157,-30.1026,-47.5069,98.9663
12158,-30.4026,-47.8069,98.9663
12159,-30.7026,-48.1069,98.9663
12160,-31.0026,-48.4069,98.9663
12161,-31.3026,-48.7069,98.9663
12162,-31.3026,-49.0069,98.9663
12163,-31.3026,-49.3069,98.9663
12164,-31.3026,-49.6069,98.9663
12165,-31.3026,-49.9069,98.9663
12166,-31.3026,-50.2069,98.9663
12167,-31.3026,-50.5069,98.9663
12168,-31.3026,-50.8069,98.9663
12169,-31.3026,-51.1069,98.9663
12170,-31.3026,-51.4069,98.9663
12171,-31.3026,-51.7069,98.9663
12172,-31.0026,-52.0069,98.9663
12173,-31.0026,-52.3069,98.9663
12174,-30.7026,-52.6069,98.9663
12175,-30.7026,-52.9069,98.9663
12176,-30.4026,-53.2069,98.9663
12177,-30.1026,-53.5069,98.9663
12178,-29.8026,-53.8069,98.9663
12179,-29.5026,-54.1069,98.9663
12180,-29.2026,-54.1069,98.9663
12181,-28.9026,-54.4069,98.9663
12182,-28.6026,-54.7069,98.9663
12183,-28.3026,-54.7069,98.9663
12184,-28.0026,-54.7069,98.9663
12185,-27.7026,-54.7069,98.9663
12186,-27.4026,-55.0069,98.9663
12187,-27.1026,-55.0069,98.9663
12188,-26.8026,-55.0069,98.9663
12189,-26.5026,-55.0069,98.9663
12190,-26.2026,-55.0069,98.9663
12191,-25.9026,-55.0069,98.9663
12192,-25.6026,-55.0069,98.9663
12193,-25.3026,-55.0069,98.9663
12194,-25.0026,-55.0069,98.9663
12195,-24.7026,-55.0069,98.9663
12196,-24.4026,-55.0069,98.9663
12197,-24.1026,-55.0069,98.9663
12198,-23.8026,-55.0069,98.9663
12199,-23.5026,-55.0069,98.9663
12200,-23.2026,-55.0069,98.9663
12201,-22.9026,-55.0069,98.9663
12202,-22.6026,-55.0069,98.9663
12203,-22.3026,-55.0069,98.9663
12204,-22.0026,-55.0069,98.9663
12205,-21.7026,-55.0069,98.9663
12206,-21.4026,-55.0069,98.9663
12207,-21.1026,-55.0069,98.9663
12208,-20.8026,-55.0069,98.9663
12209,-20.5026,-55.0069,98.9663
12210,-20.2026,-55.0069,98.9663
12211,-19.9026,-55.0069,98.9663
12212,-19.6026,-55.0069,98.9663
12213,-19.3026,-55.0069,98.9663
12214,-19.0026,-55.0069,98.9663
12215,-18.7026,-55.0069,98.9663
12216,-18.4026,-55.0069,98.9663
12217,-18.1026,-55.0069,98.9663
12218,-17.8026,-55.0069,98.9663
12219,-17.5026,-55.0069,98.9663
12220,-17.2026,-55.0069,98.9663
12221,-16.9026,-55.0069,98.9663
12222,-16.6026,-55.0069,98.9663
12223,-16.3026,-55.0069,98.9663
12224,-16.0026,-55.0069,98.9663
12225,-15.7026,-55.0069,98.9663
12226,-15.4026,-55.0069,98.9663
12227,-15.1026,-55.0069,98.9663
12228,-14.8026,-55.0069,98.9663
12229,-14.5026,-55.0069,98.9663
12230,-14.2026,-55.0069,98.9663
12231,-13.9026,-55.0069,98.9663
12232,-13.6026,-55.0069,98.9663
12233,-13.3026,-55.0069,98.9663
12234,-13.0026,-55.0069,98.9663
12235,-12.7026,-55.0069,98.9663
12236,-12.4026,-55.0069,98.9663
12237,-12.1026,-55.0069,98.9663
12238,-11.8026,-55.0069,98.9663
12239,-11.5026,-55.0069,98.9663
12240,-11.2026,-55.0069,98.9663
12241,-10.9026,-55.0069,98.9663
12242,-10.6026,-55.0069,98.9663
12243,-10.3026,-55.0069,98.9663
12244,-10.0026,-55.0069,98.9663
12245,-9.7026,-55.0069,98.9663
12246,-9.4026,-55.0069,98.9663
12247,-9.1026,-55.0069,98.9663
12248,-8.8026,-55.0069,98.9663
12249,-8.5026,-55.0069,98.9663
12250,-8.2026,-55.0069,98.9663
12251,-7.9026,-55.3069,98.9663
12252,-7.6026,-55.6069,98.9663
12253,-7.3026,-55.9069,98.9663
12254,-7.0026,-56.2069,98.9663
12255,-6.7026,-56.5069,98.9663
12256,-6.4026,-56.8069,98.9663
12257,-6.1026,-57.1069,98.9663
12258,-5.8026,-57.4069,98.9663
12259,-5.5026,-57.4069,98.9663
12260,-5.2026,-57.7069,98.9663
12261,-4.9026,-57.7069,98.9663
12262,-4.6026,-58.0069,98.9663
12263,-4.3026,-58.0069,98.9663
12264,-4.0026,-58.0069,98.9663
12265,-3.7026,-58.0069,98.9663
12266,-3.4026,-58.0069,98.9663
12267,-3.1026,-58.0069,98.9663
12268,-2.8026,-58.0069,98.9663
12269,-2.5026,-58.0069,98.9663
12270,-2.2026,-58.0069,98.9663
12271,-1.9026,-58.0069,98.9663
12272,-1.6026,-58.0069,98.9663
12273,-1.3026,-58.0069,98.9663
12274,-1.0026,-58.3069,98.9663
12275,-0.7026,-58.6069,98.9663
12276,-0.4026,-58.9069,98.9663
12277,-0.1026,-59.2069,98.9663
12278,0.1974,-59.5069,98.9663
12279,0.4974,-59.8069,98.9663
12280,0.7974,-59.8069,98.9663
12281,1.0974,-59.8069,98.9663
12282,1.3974,-59.8069,98.9663
12283,1.6974,-59.8069,98.9663
12284,1.9974,-59.8069,98.9663
12285,2.2974,-59.8069,98.9663
12286,2.5974,-59.8069,98.9663
12287,2.8974,-59.8069,98.9663
12288,3.1974,-59.8069,98.9663
12289,3.4974,-59.8069,98.9663
12290,3.7974,-59.8069,98.9663
12291,4.0974,-59.8069,98.9663
12292,4.3974,-59.8069,98.9663
12293,4.6974,-59.8069,98.9663
12294,4.9974,-59.8069,98.9663
12295,5.2974,-59.8069,98.9663
12296,5.5974,-59.8069,98.9663
12297,5.8974,-59.8069,98.9663
12298,6.1974,-59.8069,98.9663
12299,6.4974,-59.8069,98.9663
12300,6.7974,-59.8069,98.9663
12301,7.0974,-59.8069,98.9663
12302,7.3974,-59.8069,98.9663
12303,7.6974,-59.8069,98.9663
12304,7.9974,-59.8069,98.9663
12305,8.2974,-59.8069,98.9663
12306,8.5974,-59.8069,98.9663
12307,8.8974,-59.8069,98.9663
12308,9.1974,-59.8069,98.9663
12309,9.4974,-59.8069,98.9663
12310,9.7974,-59.8069,98.9663
12311,10.0974,-59.8069,98.9663
12312,10.3974,-59.8069,98.9663
12313,10.6974,-59.8069,98.9663
12314,10.9974,-59.8069,98.9663
12315,11.2974,-59.8069,98.9663
12316,11.5974,-59.8069,98.9663
12317,11.8974,-59.8069,98.9663
12318,12.1974,-59.8069,98.9663
12319,12.4974,-59.8069,98.9663
12320,12.7974,-59.8069,98.9663
12321,13.0974,-59.8069,98.9663
12322,13.3974,-59.8069,98.9663
12323,13.6974,-59.8069,98.9663
12324,13.9974,-59.8069,98.9663
12325,14.2974,-59.8069,98.9663
12326,14.5974,-59.8069,98.9663
12327,14.8974,-59.8069,98.9663
12328,15.1974,-60.1069,98.9663
12329,15.4974,-60.1069,98.9663
12330,15.7974,-60.4069,98.9663
12331,16.0974,-60.4069,98.9663
12332,16.3974,-60.7069,98.9663
12333,16.3974,-61.0069,98.9663
12334,16.6974,-61.3069,98.9663
12335,16.9974,-61.6069,98.9663
12336,17.2974,-61.9069,98.9663
12337,17.5974,-62.2069,98.9663
12338,17.8974,-62.5069,98.9663
12339,18.1974,-62.5069,98.9663
12340,18.4974,-62.8069,98.9663
12341,18.7974,-62.8069,98.9663
12342,19.0974,-63.1069,98.9663
12343,19.3974,-63.1069,98.9663
12344,19.6974,-63.1069,98.9663
12345,19.9974,-63.1069,98.9663
12346,20.2974,-63.1069,98.9663
12347,20.5974,-63.1069,98.9663
12348,20.8974,-63.1069,98.9663
12349,21.1974,-63.1069,98.9663
12350,21.4974,-63.1069,98.9663
12351,21.7974,-63.1069,98.9663
12352,22.0974,-63.1069,98.9663
12353,22.3974,-63.1069,98.9663
12354,22.6974,-63.1069,98.9663
12355,22.9974,-63.1069,98.9663
12356,23.2974,-63.1069,98.9663
12357,23.5974,-63.1069,98.9663
12358,23.8974,-63.1069,98.9663
12359,24.1974,-63.1069,98.9663
12360,24.4974,-63.1069,98.9663
12361,24.7974,-63.1069,98.9663
12362,25.0974,-63.1069,98.9663
12363,25.3974,-63.1069,98.9663
12364,25.6974,-63.1069,98.9663
12365,25.9974,-63.1069,98.9663
12366,26.2974,-63.1069,98.9663
12367,26.5974,-63.1069,98.9663
12368,26.8974,-63.1069,98.9663
12369,27.1974,-63.1069,98.9663
12370,27.4974,-63.1069,98.9663
12371,27.7974,-63.1069,98.9663
12372,28.0974,-63.1069,98.9663
12373,28.3974,-63.1069,98.9663
12374,28.6974,-63.1069,98.9663
12375,28.9974,-63.1069,98.9663
12376,29.2974,-63.1069,98.9663
12377,29.5974,-63.1069,98.9663
12378,29.8974,-63.1069,98.9663
12379,30.1974,-63.1069,98.9663
12380,30.4974,-63.1069,98.9663
12381,30.7974,-63.1069,98.9663
12382,31.0974,-63.1069,98.9663
12383,31.3974,-63.1069,98.9663
12384,31.6974,-63.1069,98.9663
12385,31.9974,-63.1069,98.9663
12386,32.2974,-63.1069,98.9663
12387,32.5974,-63.1069,98.9663
12388,32.8974,-63.1069,98.9663
12389,33.1974,-63.1069,98.9663
12390,33.4974,-63.1069,98.9663
12391,33.7974,-63.1069,98.9663
12392,34.0974,-63.1069,98.9663
12393,34.3974,-63.1069,98.9663
12394,34.6974,-63.1069,98.9663
12395,34.9974,-63.1069,98.9663
12396,35.2974,-63.1069,98.9663
12397,35.5974,-63.1069,98.9663
12398,35.8974,-63.1069,98.9663
12399,36.1974,-63.1069,98.9663
12400,36.4974,-63.1069,98.9663
12401,36.7974,-63.1069,98.9663
12402,37.0974,-63.1069,98.9663
12403,37.3974,-63.1069,98.9663
12404,37.6974,-63.1069,98.9663
12405,37.9974,-63.1069,98.9663
12406,38.2974,-63.1069,98.9663
12407,38.5974,-63.1069,98.9663
12408,38.8974,-63.1069,98.9663
12409,39.1974,-63.1069,98.9663
12410,39.4974,-63.1069,98.9663
12411,39.7974,-63.4069,98.9663
12412,40.0974,-63.7069,98.9663
12413,40.3974,-64.0069,98.9663
12414,40.6974,-64.3069,98.9663
12415,40.9974,-64.6069,98.9663
12416,41.2974,-64.9069,98.9663
12417,41.5974,-65.2069,98.9663
12418,41.8974,-65.5069,98.9663
12419,42.1974,-65.5069,98.9663
12420,42.4974,-65.8069,98.9663
12421,42.7974,-65.8069,98.9663
12422,43.0974,-65.8069,98.9663
12423,43.3974,-65.8069,98.9663
12424,43.6974,-65.8069,98.9663
12425,43.9974,-65.8069,98.9663
12426,44.2974,-65.8069,98.9663
12427,44.5974,-65.8069,98.9663
12428,44.8974,-65.8069,98.9663
12429,45.1974,-65.8069,98.9663
12430,45.4974,-65.8069,98.9663
12431,45.7974,-65.8069,98.9663
12432,46.0974,-65.8069,98.9663
12433,46.3974,-65.8069,98.9663
12434,46.6974,-65.8069,98.9663
12435,46.9974,-65.8069,98.9663
12436,47.2974,-65.8069,98.9663
12437,47.5974,-65.8069,98.9663
12438,47.8974,-65.8069,98.9663
12439,48.1974,-65.8069,98.9663
12440,48.4974,-65.8069,98.9663
12441,48.7974,-66.1069,98.9663
12442,49.0974,-66.4069,98.9663
12443,49.3974,-66.7069,98.9663
12444,49.6974,-67.0069,98.9663
12445,49.9974,-67.3069,98.9663
12446,50.2974,-67.6069,98.9663
12447,50.5974,-67.9069,98.9663
12448,50.8974,-68.2069,98.9663
12449,51.1974,-68.2069,98.9663
12450,51.4974,-68.2069,98.9663
12451,51.7974,-68.2069,98.9663
12452,52.0974,-68.2069,98.9663
12453,52.3974,-68.2069,98.9663
12454,52.6974,-68.2069,98.9663
12455,52.9974,-68.2069,98.9663
12456,53.2974,-68.2069,98.9663
12457,53.5974,-68.2069,98.9663
12458,53.8974,-68.2069,98.9663
12459,54.1974,-68.2069,98.9663
12460,54.4974,-68.2069,98.9663
12461,54.7974,-68.2069,98.9663
12462,55.0974,-68.2069,98.9663
12463,55.3974,-68.2069,98.9663
12464,55.6974,-68.2069,98.9663
12465,55.9974,-68.2069,98.9663
12466,56.2974,-68.2069,98.9663
12467,56.5974,-68.2069,98.9663
12468,56.8974,-68.2069,98.9663
12469,57.1974,-68.2069,98.9663
12470,57.4974,-68.2069,98.9663
12471,57.7974,-68.2069,98.9663
12472,58.0974,-68.2069,98.9663
12473,58.3974,-68.2069,98.9663
12474,58.6974,-68.2069,98.9663
12475,58.9974,-68.2069,98.9663
12476,59.2974,-68.2069,98.9663
12477,59.5974,-68.2069,98.9663
12478,59.8974,-68.2069,98.9663
12479,60.1974,-68.2069,98.9663
12480,60.4974,-68.2069,98.9663
12481,60.7974,-68.2069,98.9663
12482,61.0974,-68.2069,98.9663
12483,61.3974,-68.2069,98.9663
12484,61.6974,-68.2069,98.9663
12485,61.9974,-68.2069,98.9663
12486,62.2974,-68.2069,98.9663
12487,62.5974,-68.2069,98.9663
12488,62.8974,-68.5069,98.9663
12489,63.1974,-68.5069,98.9663
12490,62.8974,-68.2069,98.9663
12491,62.5974,-68.2069,98.9663
12492,62.2974,-67.9069,98.9663
12493,61.9974,-67.9069,98.9663
12494,61.6974,-67.6069,99.2663
12495,61.3974,-67.3069,99.5663
12496,61.0974,-67.0069,99.8663
12497,60.7974,-66.7069,100.1663
12498,60.4974,-66.4069,100.4663
12499,60.1974,-66.1069,100.7663
12500,59.8974,-65.8069,100.7663
12501,59.5974,-65.8069,100.7663
12502,59.2974,-65.8069,100.7663
12503,58.9974,-65.8069,100.7663
12504,58.6974,-65.8069,100.7663
12505,58.3974,-65.8069,100.7663
12506,58.0974,-65.8069,100.7663
12507,57.7974,-65.8069,100.7663
12508,57.4974,-65.8069,100.7663
12509,57.1974,-65.8069,100.7663
12510,56.8974,-65.8069,100.7663
12511,56.5974,-65.8069,100.7663
12512,56.2974,-65.8069,100.7663
12513,55.9974,-65.8069,100.7663
12514,55.6974,-65.8069,100.7663
12515,55.3974,-65.8069,100.7663
12516,55.0974,-65.8069,100.7663
12517,54.7974,-65.5069,100.7663
12518,54.4974,-65.2069,100.7663
12519,54.1974,-64.9069,100.7663
12520,53.8974,-64.6069,100.7663
12521,53.5974,-64.3069,100.7663
12522,53.2974,-64.0069,100.7663
12523,52.9974,-63.7069,100.7663
12524,52.6974,-63.4069,100.7663
12525,52.3974,-63.1069,100.7663
12526,52.0974,-62.8069,100.7663
12527,51.7974,-62.5069,100.7663
12528,51.4974,-62.2069,100.7663
12529,51.1974,-61.9069,100.7663
12530,50.8974,-61.6069,100.7663
12531,50.5974,-61.3069,100.7663
12532,50.2974,-61.0069,100.7663
12533,49.9974,-60.7069,100.7663
12534,49.6974,-60.4069,100.7663
12535,49.3974,-60.1069,101.0663
12536,49.0974,-59.8069,101.3663
12537,48.7974,-59.5069,101.6663
12538,48.4974,-59.5069,101.6663
12539,48.1974,-59.2069,101.6663
12540,47.8974,-58.9069,101.6663
12541,47.5974,-58.9069,101.6663
12542,47.2974,-58.9069,101.6663
12543,46.9974,-58.9069,101.6663
12544,46.6974,-58.9069,101.6663
12545,46.3974,-58.9069,101.6663
12546,46.0974,-58.9069,101.6663
12547,45.7974,-58.9069,101.6663
12548,45.4974,-58.9069,101.6663
12549,45.1974,-58.9069,101.6663
12550,44.8974,-58.6069,101.6663
12551,44.5974,-58.3069,101.6663
12552,44.2974,-58.0069,101.6663
12553,43.9974,-57.7069,101.6663
12554,43.6974,-57.4069,101.6663
12555,43.3974,-57.1069,101.6663
12556,43.0974,-56.8069,101.6663
12557,42.7974,-56.5069,101.6663
12558,42.4974,-56.2069,101.3663
12559,42.1974,-55.9069,101.3663
12560,41.8974,-55.6069,101.0663
12561,41.5974,-55.3069,100.7663
12562,41.2974,-55.0069,100.4663
12563,40.9974,-54.7069,100.1663
12564,40.9974,-54.4069,99.8663
12565,40.6974,-54.1069,99.5663
12566,40.6974,-54.1069,99.2663
12567,40.6974,-53.8069,98.9663
12568,40.3974,-53.8069,98.9663
12569,40.0974,-53.8069,98.9663
12570,39.7974,-53.8069,98.9663
12571,39.4974,-53.8069,98.9663
12572,39.1974,-53.8069,98.9663
12573,38.8974,-53.8069,98.9663
12574,38.5974,-53.8069,98.9663
12575,38.2974,-53.8069,98.9663
12576,37.9974,-53.8069,98.9663
12577,37.6974,-53.8069,98.9663
12578,37.3974,-53.8069,98.9663
12579,37.0974,-53.8069,98.9663
12580,36.7974,-53.8069,98.9663
12581,36.4974,-53.8069,98.9663
12582,36.1974,-53.8069,98.9663
12583,35.8974,-53.8069,98.9663
12584,35.5974,-53.8069,98.9663
12585,35.2974,-53.8069,98.9663
12586,34.9974,-53.8069,98.9663
12587,34.6974,-53.8069,98.9663
12588,34.3974,-53.8069,98.9663
12589,34.0974,-53.8069,98.9663
12590,33.7974,-53.8069,98.9663
12591,33.4974,-53.8069,98.9663
12592,33.1974,-53.8069,98.9663
12593,32.8974,-53.8069,98.9663
12594,32.5974,-53.8069,98.9663
12595,32.2974,-53.8069,98.9663
12596,31.9974,-53.8069,98.9663
12597,31.6974,-53.8069,98.9663
12598,31.3974,-53.8069,98.9663
12599,31.0974,-53.8069,98.9663
12600,30.7974,-53.5069,98.9663
12601,30.4974,-53.5069,98.9663
12602,30.1974,-53.2069,98.9663
12603,29.8974,-53.2069,98.9663
12604,29.5974,-53.2069,98.9663
12605,29.2974,-53.2069,98.9663
12606,28.9974,-53.2069,98.9663
12607,28.6974,-53.2069,98.9663
12608,28.3974,-53.2069,98.9663
12609,28.0974,-52.9069,98.6663
12610,27.7974,-52.6069,98.3663
12611,27.4974,-52.3069,98.0663
12612,27.1974,-52.0069,97.7663
12613,26.8974,-51.7069,97.4663
12614,26.5974,-51.4069,97.1663
12615,26.2974,-51.1069,96.8663
12616,25.9974,-50.8069,96.5663
12617,25.6974,-50.5069,96.2663
12618,25.3974,-50.2069,95.9663
12619,25.0974,-49.9069,95.6663
12620,24.7974,-49.6069,95.3663
12621,24.4974,-49.3069,95.3663
12622,24.1974,-49.0069,95.3663
12623,23.8974,-48.7069,95.3663
12624,23.5974,-48.4069,95.3663
12625,23.2974,-48.4069,95.3663
12626,22.9974,-48.1069,95.3663
12627,22.6974,-48.1069,95.3663
12628,22.3974,-48.1069,95.3663
12629,22.0974,-48.1069,95.3663
12630,21.7974,-48.1069,95.3663
12631,21.4974,-48.1069,95.3663
12632,21.1974,-48.1069,95.6663
12633,20.8974,-48.1069,95.6663
12634,20.5974,-48.1069,95.9663
12635,20.2974,-48.1069,96.2663
12636,19.9974,-48.1069,96.5663
12637,19.6974,-48.1069,96.8663
12638,19.3974,-48.1069,97.1663
12639,19.3974,-48.1069,97.4663
12640,19.0974,-48.1069,97.7663
12641,19.0974,-48.1069,98.0663
12642,19.0974,-48.1069,98.3663
12643,18.7974,-48.1069,98.6663
12644,18.7974,-48.1069,98.9663
12645,18.7974,-48.1069,98.6663
12646,19.0974,-48.1069,98.3663
12647,19.0974,-48.1069,98.0663
12648,19.0974,-48.1069,97.7663
12649,19.3974,-48.1069,97.4663
12650,19.3974,-48.1069,97.1663
12651,19.6974,-48.1069,96.8663
12652,19.9974,-48.1069,96.5663
12653,20.2974,-48.1069,96.2663
12654,20.5974,-48.1069,95.9663
12655,20.8974,-48.1069,95.6663
12656,21.1974,-48.1069,95.6663
12657,21.4974,-48.1069,95.3663
12658,21.7974,-48.1069,95.3663
12659,22.0974,-48.1069,95.3663
12660,22.3974,-48.1069,95.3663
12661,22.6974,-48.1069,95.3663
12662,22.9974,-48.1069,95.3663
12663,23.2974,-48.1069,95.3663
12664,23.5974,-48.1069,95.3663
12665,23.8974,-48.1069,95.3663
12666,24.1974,-48.1069,95.3663
12667,24.4974,-48.1069,95.3663
12668,24.7974,-48.1069,95.3663
12669,25.0974,-48.1069,95.3663
12670,25.3974,-48.1069,95.3663
12671,25.6974,-48.1069,95.3663
12672,25.9974,-48.1069,95.3663
12673,26.2974,-48.1069,95.3663
12674,26.5974,-48.1069,95.3663
12675,26.8974,-48.1069,95.3663
12676,27.1974,-48.1069,95.3663
12677,27.4974,-48.1069,95.3663
12678,27.7974,-48.1069,95.3663
12679,28.0974,-48.1069,95.3663
12680,28.3974,-48.1069,95.3663
12681,28.6974,-48.1069,95.3663
12682,28.9974,-48.1069,95.3663
12683,29.2974,-48.1069,95.3663
12684,29.5974,-48.1069,95.3663
12685,29.8974,-48.1069,95.3663
12686,30.1974,-48.1069,95.3663
12687,30.4974,-48.1069,95.3663
12688,30.7974,-48.1069,95.3663
12689,31.0974,-48.1069,95.3663
12690,31.3974,-48.1069,95.3663
12691,31.6974,-48.1069,95.3663
12692,31.9974,-48.1069,95.3663
12693,32.2974,-48.1069,95.3663
12694,32.5974,-48.1069,95.3663
12695,32.8974,-48.1069,95.3663
12696,33.1974,-48.1069,95.3663
12697,33.4974,-48.1069,95.3663
12698,33.7974,-48.1069,95.3663
12699,34.0974,-48.4069,95.3663
12700,34.3974,-48.7069,95.6663
12701,34.6974,-49.0069,95.9663
12702,34.9974,-49.3069,96.2663
12703,35.2974,-49.3069,96.2663
12704,35.5974,-49.3069,96.2663
12705,35.8974,-49.3069,96.2663
12706,36.1974,-49.3069,96.2663
12707,36.4974,-49.3069,96.2663
12708,36.7974,-49.3069,96.2663
12709,37.0974,-49.3069,96.2663
12710,37.3974,-49.3069,96.2663
12711,37.6974,-49.3069,96.2663
12712,37.9974,-49.3069,96.2663
12713,38.2974,-49.3069,96.2663
12714,38.5974,-49.3069,96.2663
12715,38.8974,-49.3069,96.2663
12716,39.1974,-49.3069,96.2663
12717,39.4974,-49.3069,96.2663
12718,39.7974,-49.3069,96.2663
12719,40.0974,-49.3069,96.2663
12720,40.3974,-49.3069,96.2663
12721,40.6974,-49.3069,96.2663
12722,40.9974,-49.3069,96.2663
12723,41.2974,-49.3069,96.2663
12724,41.5974,-49.3069,96.2663
12725,41.8974,-49.3069,96.2663
12726,42.1974,-49.3069,96.2663
12727,42.4974,-49.3069,96.2663
12728,42.7974,-49.3069,96.2663
12729,43.0974,-49.3069,96.2663
12730,43.3974,-49.3069,96.2663
12731,43.6974,-49.3069,96.2663
12732,43.9974,-49.3069,96.2663
12733,44.2974,-49.3069,96.2663
12734,44.5974,-49.3069,96.2663
12735,44.8974,-49.3069,96.2663
12736,45.1974,-49.3069,96.2663
12737,45.4974,-49.3069,96.2663
12738,45.7974,-49.3069,96.2663
12739,46.0974,-49.6069,96.2663
12740,46.3974,-49.6069,96.2663
12741,46.6974,-49.9069,96.2663
12742,46.9974,-50.2069,96.2663
12743,47.2974,-50.5069,96.2663
12744,47.5974,-50.8069,96.2663
12745,47.8974,-50.8069,96.2663
12746,48.1974,-50.8069,96.2663
12747,48.4974,-51.1069,96.2663
12748,48.7974,-51.4069,96.2663
12749,49.0974,-51.7069,96.2663
12750,49.3974,-52.0069,96.2663
12751,49.6974,-52.3069,96.5663
12752,49.9974,-52.6069,96.8663
12753,50.2974,-52.9069,97.1663
12754,50.5974,-53.2069,97.4663
12755,50.5974,-53.5069,97.7663
12756,50.8974,-53.8069,98.0663
12757,50.8974,-53.8069,98.3663
12758,50.8974,-54.1069,98.6663
12759,50.8974,-54.1069,98.9663
12760,50.8974,-53.8069,98.9663
12761,50.8974,-53.5069,98.9663
12762,51.1974,-53.2069,98.9663
12763,51.1974,-52.9069,98.9663
12764,51.1974,-52.6069,98.9663
12765,51.1974,-52.3069,98.9663
12766,51.1974,-52.0069,98.9663
12767,50.8974,-51.7069,98.9663
12768,50.8974,-51.4069,98.9663
12769,50.8974,-51.1069,98.9663
12770,50.5974,-50.8069,98.9663
12771,50.5974,-50.5069,98.9663
12772,50.2974,-50.2069,98.9663
12773,49.9974,-49.9069,98.9663
12774,49.6974,-49.6069,98.9663
12775,49.3974,-49.3069,98.9663
12776,49.0974,-49.3069,98.9663
12777,48.7974,-49.0069,98.9663
12778,48.4974,-48.7069,98.9663
12779,48.1974,-48.7069,98.9663
12780,47.8974,-48.7069,98.9663
12781,47.5974,-48.7069,98.9663
12782,47.2974,-48.4069,98.9663
12783,46.9974,-48.4069,98.9663
12784,46.6974,-48.4069,98.9663
12785,46.3974,-48.4069,98.9663
12786,46.0974,-48.4069,98.9663
12787,45.7974,-48.4069,98.9663
12788,45.4974,-48.4069,98.9663
12789,45.1974,-48.4069,98.9663
12790,44.8974,-48.4069,98.9663
12791,44.5974,-48.4069,98.9663
12792,44.2974,-48.4069,98.9663
12793,43.9974,-48.4069,98.9663
12794,43.6974,-48.4069,98.9663
12795,43.3974,-48.4069,98.9663
12796,43.0974,-48.4069,98.9663
12797,42.7974,-48.4069,98.9663
12798,42.4974,-48.4069,98.9663
12799,42.1974,-48.4069,98.9663
12800,41.8974,-48.4069,98.9663
12801,41.5974,-48.4069,98.9663
12802,41.2974,-48.4069,98.9663
12803,40.9974,-48.4069,98.9663
12804,40.6974,-48.4069,98.9663
12805,40.3974,-48.4069,98.9663
12806,40.0974,-48.4069,98.9663
12807,39.7974,-48.4069,98.9663
12808,39.4974,-48.4069,98.9663
12809,39.1974,-48.4069,98.9663
12810,38.8974,-48.4069,98.9663
12811,38.5974,-48.4069,98.9663
12812,38.2974,-48.4069,98.9663
12813,37.9974,-48.4069,98.9663
12814,37.6974,-48.4069,98.9663
12815,37.3974,-48.4069,98.9663
12816,37.0974,-48.4069,98.9663
12817,36.7974,-48.4069,98.9663
12818,36.4974,-48.4069,98.9663
12819,36.1974,-48.4069,98.9663
12820,35.8974,-48.4069,98.9663
12821,35.5974,-48.4069,98.9663
12822,35.2974,-48.4069,98.9663
12823,34.9974,-48.4069,98.9663
12824,34.6974,-48.4069,98.9663
12825,34.3974,-48.4069,98.9663
12826,34.0974,-48.4069,98.9663
12827,33.7974,-48.4069,98.9663
12828,33.4974,-48.4069,98.9663
12829,33.1974,-48.4069,98.9663
12830,32.8974,-48.4069,98.9663
12831,32.5974,-48.4069,98.9663
12832,32.2974,-48.4069,98.9663
12833,31.9974,-48.4069,98.9663
12834,31.6974,-48.4069,98.9663
12835,31.3974,-48.4069,98.9663
12836,31.0974,-48.4069,98.9663
12837,30.7974,-48.4069,98.9663
12838,30.4974,-48.4069,98.9663
12839,30.1974,-48.4069,98.9663
12840,29.8974,-48.4069,98.9663
12841,29.5974,-48.4069,98.9663
12842,29.2974,-48.4069,98.9663
12843,28.9974,-48.4069,98.9663
12844,28.6974,-48.4069,98.9663
12845,28.3974,-48.4069,98.9663
12846,28.0974,-48.4069,98.9663
12847,27.7974,-48.4069,98.9663
12848,27.4974,-48.4069,98.9663
12849,27.1974,-48.4069,98.9663
12850,26.8974,-48.1069,98.9663
12851,27.1974,-48.4069,98.9663
12852,27.4974,-48.7069,98.9663
12853,27.7974,-49.0069,98.9663
12854,28.0974,-49.3069,98.9663
12855,28.3974,-49.6069,98.9663
12856,28.6974,-49.9069,98.9663
12857,28.9974,-50.2069,98.9663
12858,29.2974,-50.5069,99.2663
12859,29.5974,-50.8069,99.5663
12860,29.8974,-51.1069,99.8663
12861,30.1974,-51.4069,99.8663
12862,30.4974,-51.7069,99.8663
12863,30.7974,-52.0069,99.8663
12864,31.0974,-52.3069,99.8663
12865,31.3974,-52.6069,99.8663
12866,31.6974,-52.9069,99.8663
12867,31.9974,-53.2069,99.8663
12868,32.2974,-53.5069,99.8663
12869,32.5974,-53.8069,99.8663
12870,32.8974,-54.1069,99.8663
12871,33.1974,-54.4069,99.8663
12872,33.4974,-54.7069,99.8663
12873,33.7974,-55.0069,99.8663
12874,34.0974,-55.3069,99.8663
12875,34.3974,-55.6069,99.8663
12876,34.6974,-55.9069,99.8663
12877,34.9974,-56.2069,99.8663
12878,35.2974,-56.5069,99.8663
12879,35.5974,-56.8069,99.8663
12880,35.8974,-57.1069,99.8663
12881,36.1974,-57.4069,99.8663
12882,36.4974,-57.7069,99.8663
12883,36.7974,-58.0069,99.8663
12884,37.0974,-58.3069,99.8663
12885,37.3974,-58.6069,99.8663
12886,37.6974,-58.9069,99.8663
12887,37.9974,-59.2069,99.8663
12888,38.2974,-59.5069,99.8663
12889,38.5974,-59.8069,99.8663
12890,38.8974,-60.1069,99.8663
12891,39.1974,-60.4069,99.8663
12892,39.4974,-60.7069,99.8663
12893,39.7974,-61.0069,99.8663
12894,40.0974,-61.3069,99.8663
12895,40.3974,-61.6069,99.8663
12896,40.6974,-61.9069,99.8663
12897,40.9974,-62.2069,99.8663
12898,41.2974,-62.5069,99.8663
12899,41.5974,-62.8069,99.8663
12900,41.8974,-63.1069,99.8663
12901,42.1974,-63.4069,99.8663
12902,42.4974,-63.7069,99.8663
12903,42.7974,-64.0069,99.8663
12904,43.0974,-64.3069,99.8663
12905,43.3974,-64.3069,99.8663
12906,43.6974,-64.3069,99.8663
12907,43.9974,-64.3069,99.8663
12908,44.2974,-64.3069,99.8663
12909,44.5974,-64.3069,99.8663
12910,44.8974,-64.3069,99.8663
12911,45.1974,-64.3069,99.8663
12912,45.4974,-64.3069,99.8663
12913,45.7974,-64.3069,99.8663
12914,46.0974,-64.3069,99.8663
12915,46.3974,-64.3069,99.8663
12916,46.6974,-64.3069,99.8663
12917,46.9974,-64.3069,99.8663
12918,47.2974,-64.3069,99.8663
12919,47.5974,-64.3069,99.8663
12920,47.8974,-64.3069,99.8663
12921,48.1974,-64.3069,99.8663
12922,48.4974,-64.3069,99.8663
12923,48.7974,-64.3069,99.8663
12924,49.0974,-64.3069,99.8663
12925,49.3974,-64.3069,99.8663
12926,49.6974,-64.3069,99.8663
12927,49.9974,-64.6069,99.8663
12928,50.2974,-64.9069,99.8663
12929,50.5974,-65.2069,99.8663
12930,50.8974,-65.5069,99.8663
12931,51.1974,-65.8069,99.8663
12932,51.4974,-66.1069,99.8663
12933,51.7974,-66.4069,99.8663
12934,52.0974,-66.7069,99.8663
12935,52.3974,-67.0069,99.8663
12936,52.6974,-67.3069,99.8663
12937,52.9974,-67.6069,99.8663
12938,53.2974,-67.9069,99.8663
12939,53.5974,-68.2069,99.8663
12940,53.8974,-68.5069,99.8663
12941,54.1974,-68.8069,99.8663
12942,54.4974,-69.1069,99.8663
12943,54.7974,-69.4069,99.8663
12944,55.0974,-69.7069,99.8663
12945,55.3974,-70.0069,99.8663
12946,55.6974,-70.3069,99.8663
12947,55.9974,-70.3069,99.8663
12948,56.2974,-70.3069,99.8663
12949,56.5974,-70.3069,99.8663
12950,56.8974,-70.3069,99.8663
12951,57.1974,-70.3069,99.8663
12952,57.4974,-70.3069,99.8663
12953,57.7974,-70.3069,99.8663
12954,58.0974,-70.3069,99.8663
12955,58.3974,-70.3069,99.8663
12956,58.6974,-70.3069,99.8663
12957,58.9974,-70.3069,99.8663
12958,59.2974,-70.3069,99.8663
12959,59.5974,-70.3069,99.8663
12960,59.8974,-70.3069,99.8663
12961,60.1974,-70.3069,99.8663
12962,60.4974,-70.3069,99.8663
12963,60.7974,-70.3069,99.8663
12964,61.0974,-70.3069,99.8663
12965,61.3974,-70.3069,99.8663
12966,61.6974,-70.3069,99.8663
12967,61.9974,-70.3069,99.8663
12968,62.2974,-70.3069,99.8663
12969,62.5974,-70.3069,99.8663
12970,62.8974,-70.3069,99.8663
12971,63.1974,-70.3069,99.8663
12972,63.4974,-70.3069,99.8663
12973,63.7974,-70.3069,99.8663
12974,64.0974,-70.3069,99.8663
12975,64.3974,-70.3069,99.8663
12976,64.6974,-70.3069,99.8663
12977,64.9974,-70.6069,99.5663
12978,65.2974,-70.6069,99.5663
12979,65.5974,-70.9069,99.2663
12980,65.8974,-70.9069,99.2663
12981,66.1974,-71.2069,98.9663
12982,66.4974,-71.2069,98.9663
12983,66.7974,-71.2069,98.9663
12984,67.0974,-71.2069,98.9663
12985,67.3974,-71.2069,98.9663
12986,67.6974,-71.2069,98.9663
12987,67.9974,-71.2069,98.9663
12988,68.2974,-71.2069,98.9663
12989,68.5974,-70.9069,98.9663
12990,68.8974,-70.9069,98.9663
12991,69.1974,-70.6069,98.9663
12992,69.4974,-70.6069,98.9663
12993,69.7974,-70.3069,98.9663
12994,70.0974,-70.0069,98.9663
12995,70.3974,-69.7069,98.9663
12996,70.6974,-69.4069,98.9663
12997,70.9974,-69.1069,98.9663
12998,70.9974,-68.8069,98.9663
12999,71.2974,-68.5069,98.9663
13000,71.2974,-68.2069,98.9663
13001,71.5974,-67.9069,98.9663
13002,71.5974,-67.6069,98.9663
13003,71.5974,-67.3069,98.9663
13004,71.5974,-67.0069,98.9663
13005,71.5974,-66.7069,98.9663
13006,71.5974,-66.4069,98.9663
13007,71.5974,-66.1069,98.9663
13008,71.5974,-65.8069,98.9663
13009,71.5974,-65.5069,98.9663
13010,71.5974,-65.2069,98.9663
13011,71.5974,-64.9069,98.9663
13012,71.5974,-64.6069,98.9663
13013,71.5974,-64.3069,98.9663
13014,71.5974,-64.0069,98.9663
13015,71.5974,-63.7069,98.9663
13016,71.8974,-63.4069,98.9663
13017,71.8974,-63.1069,98.9663
13018,71.8974,-62.8069,98.9663
13019,71.8974,-62.5069,98.9663
13020,71.8974,-62.2069,98.9663
13021,72.1974,-61.9069,98.9663
13022,72.1974,-61.6069,98.9663
13023,72.1974,-61.3069,98.9663
13024,72.4974,-61.0069,98.9663
13025,72.4974,-60.7069,98.9663
13026,72.4974,-60.4069,98.9663
13027,72.4974,-60.1069,98.9663
13028,72.4974,-59.8069,98.9663
13029,72.4974,-59.5069,98.9663
13030,72.4974,-59.2069,98.9663
13031,72.4974,-58.9069,98.9663
13032,72.7974,-58.6069,98.9663
13033,72.7974,-58.3069,98.9663
13034,72.7974,-58.0069,98.9663
13035,72.7974,-57.7069,98.9663
13036,72.7974,-57.4069,98.9663
13037,72.7974,-57.1069,98.9663
13038,73.0974,-56.8069,98.9663
13039,73.0974,-56.5069,98.9663
13040,73.0974,-56.2069,98.9663
13041,73.0974,-55.9069,98.9663
13042,73.0974,-55.6069,98.9663
13043,73.0974,-55.3069,98.9663
13044,72.7974,-55.0069,98.9663
13045,72.7974,-54.7069,98.9663
13046,72.4974,-54.4069,98.9663
13047,72.4974,-54.1069,98.9663
13048,72.1974,-53.8069,99.2663
13049,72.1974,-53.5069,99.2663
13050,71.8974,-53.5069,99.2663
13051,71.5974,-53.2069,99.2663
13052,71.2974,-52.9069,99.2663
13053,70.9974,-52.9069,99.2663
13054,70.6974,-52.6069,99.2663
13055,70.3974,-52.6069,99.2663
13056,70.0974,-52.3069,99.2663
13057,69.7974,-52.3069,99.2663
13058,69.4974,-52.3069,99.2663
13059,69.1974,-52.3069,99.2663
13060,68.8974,-52.3069,99.2663
13061,68.5974,-52.3069,99.2663
13062,68.2974,-52.3069,99.2663
13063,67.9974,-52.3069,99.2663
13064,67.6974,-52.3069,99.2663
13065,67.3974,-52.3069,99.2663
13066,67.0974,-52.3069,99.2663
13067,66.7974,-52.3069,99.2663
13068,66.4974,-52.3069,99.2663
13069,66.1974,-52.3069,99.2663
13070,65.8974,-52.3069,99.2663
13071,65.5974,-52.3069,99.2663
13072,65.2974,-52.3069,99.2663
13073,64.9974,-52.3069,99.2663
13074,64.6974,-52.3069,99.2663
13075,64.3974,-52.3069,99.2663
13076,64.0974,-52.3069,99.2663
13077,63.7974,-52.3069,99.2663
13078,63.4974,-52.3069,99.2663
13079,63.1974,-52.3069,99.2663
13080,62.8974,-52.3069,99.2663
13081,62.5974,-52.3069,99.2663
13082,62.2974,-52.3069,99.2663
13083,61.9974,-52.3069,99.2663
13084,61.6974,-52.3069,99.2663
13085,61.3974,-52.3069,99.2663
13086,61.0974,-52.3069,99.2663
13087,60.7974,-52.3069,99.2663
13088,60.4974,-52.3069,99.2663
13089,60.1974,-52.3069,99.2663
13090,59.8974,-52.3069,99.2663
13091,59.5974,-52.3069,99.2663
13092,59.2974,-52.3069,99.2663
13093,58.9974,-52.3069,99.2663
13094,58.6974,-52.3069,99.2663
13095,58.3974,-52.3069,99.2663
13096,58.0974,-52.3069,99.2663
13097,57.7974,-52.3069,99.2663
13098,57.4974,-52.3069,99.2663
13099,57.1974,-52.3069,99.2663
13100,56.8974,-52.3069,99.2663
13101,56.5974,-52.3069,99.2663
13102,56.2974,-52.3069,99.2663
13103,55.9974,-52.3069,99.2663
13104,55.6974,-52.3069,99.2663
13105,55.3974,-52.3069,99.2663
13106,55.0974,-52.3069,99.2663
13107,54.7974,-52.3069,99.2663
13108,54.4974,-52.3069,99.2663
13109,54.1974,-52.3069,99.2663
13110,53.8974,-52.3069,99.2663
13111,53.5974,-52.3069,99.2663
13112,53.2974,-52.3069,99.2663
13113,52.9974,-52.3069,99.2663
13114,52.6974,-52.3069,99.2663
13115,52.3974,-52.0069,99.2663
13116,52.0974,-52.0069,99.2663
13117,51.7974,-51.7069,99.2663
13118,51.4974,-51.7069,99.2663
13119,51.1974,-51.7069,99.2663
13120,50.8974,-51.4069,99.2663
13121,50.8974,-51.1069,99.2663
13122,50.5974,-50.8069,99.2663
13123,50.5974,-50.5069,99.2663
13124,50.2974,-50.2069,99.2663
13125,49.9974,-49.9069,99.2663
13126,49.6974,-49.6069,99.2663
13127,49.3974,-49.3069,99.2663
13128,49.0974,-49.0069,99.2663
13129,48.7974,-49.0069,99.2663
13130,48.4974,-48.7069,99.2663
13131,48.1974,-48.7069,99.2663
13132,47.8974,-48.7069,99.2663
13133,47.5974,-48.4069,99.2663
13134,47.2974,-48.4069,99.2663
13135,46.9974,-48.4069,99.2663
13136,46.6974,-48.4069,99.2663
13137,46.3974,-48.4069,99.2663
13138,46.0974,-48.4069,99.2663
13139,45.7974,-48.4069,99.2663
13140,45.4974,-48.4069,99.2663
13141,45.1974,-48.4069,99.2663
13142,44.8974,-48.4069,99.2663
13143,44.5974,-48.4069,99.2663
13144,44.2974,-48.4069,99.2663
13145,43.9974,-48.4069,99.2663
13146,43.6974,-48.7069,99.2663
13147,43.3974,-48.7069,99.2663
13148,43.0974,-49.0069,99.2663
13149,42.7974,-49.0069,99.2663
13150,42.4974,-49.3069,99.2663
13151,42.1974,-49.6069,99.2663
13152,41.8974,-49.9069,99.2663
13153,41.5974,-50.2069,99.2663
13154,41.2974,-50.5069,99.2663
13155,40.9974,-50.8069,99.2663
13156,40.6974,-51.1069,99.2663
13157,40.3974,-51.4069,99.2663
13158,40.0974,-51.7069,99.2663
13159,39.7974,-52.0069,99.2663
13160,39.4974,-52.3069,99.2663
13161,39.1974,-52.6069,99.2663
13162,38.8974,-52.9069,99.2663
13163,38.5974,-53.2069,99.2663
13164,38.2974,-53.5069,99.2663
13165,37.9974,-53.8069,99.2663
13166,37.6974,-54.1069,99.2663
13167,37.3974,-54.4069,99.2663
13168,37.0974,-54.7069,99.2663
13169,36.7974,-55.0069,99.2663
13170,36.4974,-55.3069,99.2663
13171,36.1974,-55.6069,99.2663
13172,35.8974,-55.9069,99.2663
13173,35.5974,-56.2069,99.2663
13174,35.2974,-56.2069,99.2663
13175,34.9974,-56.5069,99.2663
13176,34.6974,-56.5069,99.2663
13177,34.3974,-56.8069,99.2663
13178,34.0974,-56.8069,99.2663
13179,33.7974,-57.1069,99.2663
13180,33.4974,-57.1069,99.2663
13181,33.1974,-57.4069,99.2663
13182,32.8974,-57.4069,99.2663
13183,32.5974,-57.4069,99.2663
13184,32.2974,-57.7069,99.2663
13185,31.9974,-57.7069,99.2663
13186,31.6974,-58.0069,99.2663
13187,31.3974,-58.0069,99.2663
13188,31.0974,-58.3069,99.2663
13189,30.7974,-58.3069,99.2663
13190,30.4974,-58.6069,99.2663
13191,30.1974,-58.6069,99.2663
13192,29.8974,-58.9069,99.2663
13193,29.5974,-58.9069,99.2663
13194,29.2974,-58.9069,99.2663
13195,28.9974,-59.2069,99.2663
13196,28.6974,-59.2069,99.2663
13197,28.3974,-59.5069,99.2663
13198,28.0974,-59.5069,99.2663
13199,27.7974,-59.8069,99.2663
13200,27.4974,-59.8069,99.2663
13201,27.1974,-60.1069,99.2663
13202,26.8974,-60.1069,99.2663
13203,26.5974,-60.4069,99.2663
13204,26.2974,-60.4069,99.2663
13205,25.9974,-60.4069,99.2663
13206,25.6974,-60.7069,99.2663
13207,25.3974,-60.7069,99.2663
13208,25.0974,-61.0069,99.2663
13209,24.7974,-61.0069,99.2663
13210,24.4974,-61.3069,99.2663
13211,24.1974,-61.3069,99.2663
13212,23.8974,-61.6069,99.2663
13213,23.5974,-61.6069,99.2663
13214,23.2974,-61.9069,99.2663
13215,22.9974,-61.9069,99.2663
13216,62.9000,-66.9000,102.1000
13217,62.5974,-67.0069,101.9663
13218,62.2974,-67.0069,101.9663
13219,61.9974,-67.0069,101.9663
13220,61.6974,-67.0069,101.9663
13221,61.3974,-67.0069,101.9663
13222,61.0974,-67.0069,101.9663
13223,60.7974,-67.0069,101.9663
13224,60.4974,-67.0069,101.9663
13225,60.1974,-67.0069,101.9663
13226,59.8974,-67.0069,101.9663
13227,59.5974,-67.0069,101.9663
13228,59.2974,-67.0069,101.9663
13229,58.9974,-67.0069,101.9663
13230,58.6974,-67.0069,101.9663
13231,58.3974,-67.0069,101.9663
13232,58.0974,-67.0069,101.9663
13233,57.7974,-67.0069,101.9663
13234,57.4974,-67.0069,101.9663
13235,57.1974,-67.0069,101.9663
13236,56.8974,-67.0069,101.9663
13237,56.5974,-67.0069,101.9663
13238,56.2974,-67.0069,101.9663
13239,55.9974,-67.0069,101.9663
13240,55.6974,-67.0069,101.9663
13241,55.3974,-67.0069,101.9663
13242,55.0974,-67.0069,101.9663
13243,54.7974,-67.0069,101.9663
13244,54.4974,-67.0069,101.9663
13245,54.1974,-67.0069,101.9663
13246,53.8974,-67.0069,101.9663
13247,53.5974,-67.0069,101.9663
13248,53.2974,-67.0069,101.9663
13249,52.9974,-67.0069,101.9663
13250,52.6974,-67.0069,101.9663
13251,52.3974,-67.0069,101.9663
13252,52.0974,-67.0069,101.9663
13253,51.7974,-67.0069,101.9663
13254,51.4974,-67.0069,101.9663
13255,51.1974,-67.0069,101.9663
13256,50.8974,-67.0069,101.9663
13257,50.5974,-67.0069,101.9663
13258,50.2974,-67.0069,101.9663
13259,49.9974,-67.0069,101.9663
13260,49.6974,-67.0069,101.9663
13261,49.3974,-67.0069,101.9663
13262,49.0974,-67.0069,101.9663
13263,48.7974,-67.0069,101.9663
13264,48.4974,-67.0069,101.9663
13265,48.1974,-67.0069,101.9663
13266,47.8974,-67.0069,101.9663
13267,47.5974,-67.0069,101.9663
13268,47.2974,-67.0069,101.9663
13269,46.9974,-67.0069,101.9663
13270,46.6974,-67.0069,101.9663
13271,46.3974,-67.0069,101.9663
13272,46.0974,-67.0069,101.9663
13273,45.7974,-67.0069,101.9663
13274,45.4974,-67.0069,101.9663
13275,45.1974,-67.0069,101.9663
13276,44.8974,-67.0069,101.9663
13277,44.5974,-67.0069,101.9663
13278,44.2974,-67.0069,101.9663
13279,43.9974,-67.0069,101.9663
13280,43.6974,-67.0069,101.9663
13281,43.3974,-67.0069,101.9663
13282,43.0974,-67.0069,101.9663
13283,42.7974,-67.0069,101.9663
13284,42.4974,-67.0069,101.9663
13285,42.1974,-67.0069,101.9663
13286,41.8974,-67.0069,101.9663
13287,41.5974,-67.0069,101.9663
13288,41.2974,-67.0069,101.9663
13289,40.9974,-67.0069,101.9663
13290,40.6974,-67.0069,101.9663
13291,40.3974,-67.0069,101.9663
13292,40.0974,-67.0069,101.9663
13293,39.7974,-67.0069,101.9663
13294,39.4974,-67.0069,101.9663
13295,39.1974,-67.0069,101.9663
13296,38.8974,-67.0069,101.9663
13297,38.5974,-67.0069,101.9663
13298,38.2974,-67.0069,101.9663
13299,37.9974,-67.0069,101.9663
13300,37.6974,-67.0069,101.9663
13301,37.3974,-67.0069,101.9663
13302,37.0974,-67.0069,101.9663
13303,36.7974,-67.0069,101.9663
13304,36.4974,-67.0069,101.9663
13305,36.1974,-67.0069,101.9663
13306,35.8974,-67.0069,101.9663
13307,35.5974,-67.0069,101.9663
13308,35.2974,-67.0069,101.9663
13309,34.9974,-67.0069,101.9663
13310,34.6974,-67.0069,101.9663
13311,34.3974,-67.0069,101.9663
13312,34.0974,-67.0069,101.9663
13313,33.7974,-66.7069,101.9663
13314,33.4974,-66.7069,101.9663
13315,33.1974,-66.4069,101.9663
13316,32.8974,-66.4069,101.9663
13317,32.5974,-66.1069,101.9663
13318,32.2974,-66.1069,101.9663
13319,31.9974,-66.1069,101.9663
13320,31.6974,-65.8069,101.9663
13321,31.3974,-65.8069,101.9663
13322,31.0974,-65.5069,101.9663
13323,30.7974,-65.5069,101.9663
13324,30.4974,-65.2069,101.9663
13325,30.1974,-65.2069,101.9663
13326,29.8974,-64.9069,101.9663
13327,29.5974,-64.9069,101.9663
13328,29.2974,-64.6069,101.9663
13329,28.9974,-64.6069,101.9663
13330,28.6974,-64.6069,101.9663
13331,28.3974,-64.3069,101.9663
13332,28.0974,-64.3069,101.9663
13333,27.7974,-64.0069,101.9663
13334,27.4974,-64.0069,101.9663
13335,27.1974,-63.7069,101.9663
13336,26.8974,-63.7069,101.9663
13337,26.5974,-63.4069,101.9663
13338,26.2974,-63.4069,101.9663
13339,25.9974,-63.1069,101.9663
13340,25.6974,-63.1069,101.9663
13341,25.3974,-63.1069,101.9663
13342,25.0974,-63.1069,101.9663
13343,24.7974,-63.1069,101.9663
13344,24.4974,-63.1069,101.9663
13345,24.1974,-63.1069,101.9663
13346,23.8974,-63.1069,101.9663
13347,23.5974,-63.1069,101.9663
13348,23.2974,-63.1069,101.9663
13349,22.9974,-63.1069,101.9663
13350,22.6974,-63.1069,101.9663
13351,22.3974,-63.1069,101.9663
13352,22.0974,-63.1069,101.9663
13353,21.7974,-63.1069,101.9663
13354,21.4974,-63.1069,101.9663
13355,21.1974,-63.1069,101.9663
13356,20.8974,-63.1069,101.9663
13357,20.5974,-63.1069,101.9663
13358,20.2974,-63.1069,101.9663
13359,19.9974,-63.1069,101.9663
13360,19.6974,-63.1069,101.9663
13361,19.3974,-62.8069,101.9663
13362,19.0974,-62.8069,101.9663
13363,18.7974,-62.8069,101.9663
13364,18.4974,-62.8069,101.9663
13365,18.1974,-62.5069,101.9663
13366,17.8974,-62.2069,101.9663
13367,17.5974,-62.2069,101.9663
13368,17.2974,-61.9069,101.9663
13369,16.9974,-61.6069,101.9663
13370,16.6974,-61.3069,101.9663
13371,16.3974,-61.0069,101.9663
13372,16.3974,-60.7069,101.9663
13373,16.0974,-60.4069,101.9663
13374,16.0974,-60.1069,101.9663
13375,15.7974,-59.8069,101.9663
13376,15.7974,-59.5069,101.9663
13377,15.7974,-59.2069,101.9663
13378,15.7974,-58.9069,101.9663
13379,15.7974,-58.6069,101.9663
13380,15.7974,-58.3069,101.9663
13381,15.7974,-58.0069,101.9663
13382,15.7974,-57.7069,101.9663
13383,16.0974,-57.4069,101.9663
13384,16.0974,-57.1069,101.9663
13385,16.3974,-56.8069,101.9663
13386,16.3974,-56.5069,101.9663
13387,16.6974,-56.2069,101.9663
13388,16.9974,-55.9069,101.9663
13389,17.2974,-55.6069,101.9663
13390,17.5974,-55.3069,101.9663
13391,17.8974,-55.3069,101.9663
13392,18.1974,-55.0069,101.6663
13393,18.4974,-55.0069,101.6663
13394,18.7974,-54.7069,101.6663
13395,19.0974,-54.7069,101.6663
13396,19.3974,-54.7069,101.6663
13397,19.6974,-54.7069,101.6663
13398,19.9974,-54.7069,101.6663
13399,20.2974,-54.7069,101.6663
13400,20.5974,-54.7069,101.6663
13401,20.8974,-54.7069,101.6663
13402,21.1974,-54.7069,101.6663
13403,21.4974,-54.7069,101.9663
13404,21.7974,-54.7069,101.9663
13405,22.0974,-54.7069,101.9663
13406,22.3974,-54.7069,101.9663
13407,22.6974,-54.7069,101.9663
13408,22.9974,-54.7069,101.9663
13409,23.2974,-54.7069,101.9663
13410,23.5974,-54.7069,101.9663
13411,23.8974,-54.7069,101.9663
13412,24.1974,-54.7069,101.9663
13413,24.4974,-54.7069,101.9663
13414,24.7974,-54.7069,101.9663
13415,25.0974,-54.7069,101.9663
13416,25.3974,-54.7069,101.9663
13417,25.6974,-54.7069,101.9663
13418,25.9974,-54.7069,101.9663
13419,26.2974,-54.7069,101.9663
13420,26.5974,-54.7069,101.9663
13421,26.8974,-54.7069,101.9663
13422,27.1974,-54.7069,101.9663
13423,27.4974,-54.7069,101.9663
13424,27.7974,-54.7069,101.9663
13425,28.0974,-54.7069,101.9663
13426,28.3974,-54.7069,101.9663
13427,28.6974,-54.7069,101.9663
13428,28.9974,-54.7069,101.9663
13429,29.2974,-54.7069,101.9663
13430,29.5974,-54.7069,101.9663
13431,29.8974,-54.7069,101.9663
13432,30.1974,-54.7069,101.9663
13433,30.4974,-54.7069,101.9663
13434,30.7974,-54.7069,101.9663
13435,31.0974,-54.7069,101.9663
13436,31.3974,-54.7069,101.9663
13437,31.6974,-54.7069,101.9663
13438,31.9974,-54.7069,101.9663
13439,32.2974,-54.7069,101.9663
13440,32.5974,-54.7069,101.9663
13441,32.8974,-54.7069,101.9663
13442,33.1974,-54.7069,101.9663
13443,33.4974,-54.7069,101.9663
13444,33.7974,-54.7069,101.9663
13445,34.0974,-54.7069,101.9663
13446,34.3974,-54.7069,101.9663
13447,34.6974,-54.7069,101.9663
13448,34.9974,-54.7069,101.9663
13449,35.2974,-54.7069,101.9663
13450,35.5974,-54.7069,101.9663
13451,35.8974,-54.7069,101.9663
13452,36.1974,-54.7069,101.9663
13453,36.4974,-54.7069,101.9663
13454,36.7974,-54.7069,101.9663
13455,37.0974,-54.7069,101.9663
13456,37.3974,-54.7069,101.9663
13457,37.6974,-54.7069,101.9663
13458,37.9974,-54.7069,101.9663
13459,38.2974,-54.7069,101.9663
13460,38.5974,-54.7069,101.9663
13461,38.8974,-54.7069,101.9663
13462,39.1974,-54.7069,101.9663
13463,39.4974,-54.7069,101.9663
13464,39.7974,-54.7069,101.9663
13465,40.0974,-54.7069,101.9663
13466,40.3974,-54.7069,101.9663
13467,40.6974,-54.7069,101.9663
13468,40.9974,-54.7069,101.9663
13469,41.2974,-54.7069,101.9663
13470,41.5974,-54.7069,101.9663
13471,41.8974,-54.7069,101.9663
13472,42.1974,-54.7069,101.9663
13473,42.4974,-55.0069,101.9663
13474,42.7974,-55.3069,101.9663
13475,43.0974,-55.6069,101.9663
13476,43.3974,-55.9069,101.9663
13477,43.6974,-56.2069,101.9663
13478,43.9974,-56.5069,101.9663
13479,44.2974,-56.8069,101.9663
13480,44.5974,-57.1069,101.9663
13481,44.8974,-57.4069,101.9663
13482,45.1974,-57.7069,101.9663
13483,45.4974,-57.7069,101.9663
13484,45.7974,-57.7069,101.9663
13485,46.0974,-57.7069,101.9663
13486,46.3974,-57.7069,101.9663
13487,46.6974,-57.7069,101.9663
13488,46.9974,-57.7069,101.9663
13489,47.2974,-57.7069,101.9663
13490,47.5974,-57.7069,101.9663
13491,47.8974,-57.7069,101.9663
13492,48.1974,-57.7069,101.9663
13493,48.4974,-57.7069,101.9663
13494,48.7974,-57.7069,101.9663
13495,49.0974,-57.7069,101.9663
13496,49.3974,-57.7069,101.9663
13497,49.6974,-57.7069,101.9663
13498,49.9974,-57.7069,101.9663
13499,50.2974,-57.7069,101.9663
13500,50.5974,-57.7069,101.9663
13501,50.8974,-57.7069,101.9663
13502,51.1974,-57.7069,101.9663
13503,51.4974,-58.0069,101.9663
13504,51.7974,-58.3069,101.9663
13505,52.0974,-58.6069,101.9663
13506,52.3974,-58.9069,101.9663
13507,52.6974,-59.2069,101.9663
13508,52.9974,-59.5069,101.9663
13509,53.2974,-59.8069,101.9663
13510,53.5974,-60.1069,101.9663
13511,53.8974,-60.4069,101.9663
13512,54.1974,-60.7069,101.9663
13513,54.4974,-61.0069,101.9663
13514,54.7974,-61.3069,101.9663
13515,55.0974,-61.6069,101.9663
13516,55.3974,-61.9069,101.9663
13517,55.6974,-62.2069,101.9663
13518,55.9974,-62.5069,101.9663
13519,56.2974,-62.8069,101.9663
13520,56.5974,-62.8069,101.9663
13521,56.8974,-62.8069,101.9663
13522,57.1974,-62.8069,101.9663
13523,57.4974,-62.8069,101.9663
13524,57.7974,-62.8069,101.9663
13525,58.0974,-62.8069,101.9663
13526,58.3974,-62.8069,101.9663
13527,58.6974,-62.8069,101.9663
13528,58.9974,-62.8069,101.9663
13529,59.2974,-62.8069,101.9663
13530,59.5974,-62.8069,101.9663
13531,59.8974,-62.8069,101.9663
13532,60.1974,-62.8069,101.9663
13533,60.4974,-62.8069,101.9663
13534,60.7974,-62.8069,101.9663
13535,61.0974,-62.8069,101.9663
13536,61.3974,-62.8069,101.9663
13537,61.6974,-62.8069,101.9663
13538,61.9974,-62.8069,101.9663
13539,62.2974,-62.8069,101.9663
13540,62.5974,-62.8069,101.9663
13541,62.8974,-62.8069,101.9663
13542,63.1974,-62.8069,101.9663
13543,63.4974,-62.8069,101.9663
13544,63.7974,-62.8069,101.9663
13545,64.0974,-62.8069,101.9663
13546,64.3974,-62.8069,101.9663
13547,64.6974,-62.8069,101.9663
13548,64.9974,-62.8069,101.9663
13549,65.2974,-62.8069,101.9663
13550,65.5974,-62.8069,101.9663
13551,65.8974,-62.8069,101.9663
13552,66.1974,-62.8069,101.9663
13553,66.4974,-62.8069,101.9663
13554,66.7974,-62.8069,101.9663
13555,67.0974,-62.8069,101.9663
13556,67.3974,-62.8069,101.9663
13557,67.6974,-62.8069,101.9663
13558,67.9974,-62.8069,101.9663
13559,68.2974,-62.8069,101.9663
13560,68.5974,-63.1069,101.9663
13561,68.8974,-63.1069,101.9663
13562,69.1974,-63.1069,101.9663
13563,69.4974,-63.4069,101.9663
13564,69.7974,-63.7069,101.9663
13565,70.0974,-63.7069,101.9663
13566,70.3974,-64.0069,101.9663
13567,70.6974,-64.3069,101.9663
13568,70.9974,-64.6069,101.9663
13569,70.9974,-64.9069,101.9663
13570,71.2974,-65.2069,101.9663
13571,71.2974,-65.5069,101.9663
13572,71.2974,-65.2069,101.9663
13573,70.9974,-64.9069,101.9663
13574,70.6974,-64.6069,101.9663
13575,70.6974,-64.3069,101.9663
13576,70.3974,-64.0069,101.9663
13577,70.0974,-63.7069,101.9663
13578,69.7974,-63.7069,101.9663
13579,69.4974,-63.4069,101.9663
13580,69.1974,-63.1069,101.9663
13581,68.8974,-63.1069,101.9663
13582,68.5974,-63.1069,101.9663
13583,68.2974,-62.8069,101.9663
13584,67.9974,-62.8069,101.9663
13585,67.6974,-62.8069,101.9663
13586,67.3974,-62.8069,101.9663
13587,67.0974,-62.8069,101.9663
13588,66.7974,-62.8069,101.9663
13589,66.4974,-62.8069,101.9663
13590,66.1974,-62.8069,101.9663
13591,65.8974,-62.8069,101.9663
13592,65.5974,-62.8069,101.9663
13593,65.2974,-62.8069,101.9663
13594,64.9974,-62.8069,101.9663
13595,64.6974,-62.8069,101.9663
13596,64.3974,-62.8069,101.9663
13597,64.0974,-62.8069,101.9663
13598,63.7974,-62.8069,101.9663
13599,63.4974,-62.8069,101.9663
13600,63.1974,-62.8069,101.9663
13601,62.8974,-62.8069,101.9663
13602,62.5974,-62.8069,101.9663
13603,62.2974,-62.8069,101.9663
13604,61.9974,-62.8069,101.9663
13605,61.6974,-62.8069,101.9663
13606,61.3974,-62.8069,101.9663
13607,61.0974,-62.8069,101.9663
13608,60.7974,-62.8069,101.9663
13609,60.4974,-62.8069,101.9663
13610,60.1974,-62.8069,101.9663
13611,59.8974,-62.8069,101.9663
13612,59.5974,-62.8069,101.9663
13613,59.2974,-62.8069,101.9663
13614,58.9974,-62.8069,101.9663
13615,58.6974,-62.8069,101.9663
13616,58.3974,-62.8069,101.9663
13617,58.0974,-62.8069,101.9663
13618,57.7974,-62.8069,101.9663
13619,57.4974,-62.8069,101.9663
13620,57.1974,-62.8069,101.9663
13621,56.8974,-62.8069,101.9663
13622,56.5974,-62.8069,101.9663
13623,56.2974,-62.8069,101.9663
13624,55.9974,-62.8069,101.9663
13625,55.6974,-62.8069,101.9663
13626,55.3974,-62.8069,101.9663
13627,55.0974,-62.8069,101.9663
13628,54.7974,-62.8069,101.9663
13629,54.4974,-62.8069,101.9663
13630,54.1974,-62.8069,101.9663
13631,53.8974,-62.8069,101.9663
13632,53.5974,-62.8069,101.9663
13633,53.2974,-62.8069,101.9663
13634,52.9974,-62.8069,101.9663
13635,52.6974,-62.8069,101.9663
13636,52.3974,-62.8069,101.9663
13637,52.0974,-62.8069,101.9663
13638,51.7974,-62.8069,101.9663
13639,51.4974,-62.8069,101.9663
13640,51.1974,-62.8069,101.9663
13641,50.8974,-62.8069,101.9663
13642,50.5974,-62.8069,101.9663
13643,50.2974,-62.8069,101.9663
13644,49.9974,-62.8069,101.9663
13645,49.6974,-62.8069,101.9663
13646,49.3974,-62.8069,101.9663
13647,49.0974,-62.8069,101.9663
13648,48.7974,-62.8069,101.9663
13649,48.4974,-62.8069,101.9663
13650,48.1974,-62.8069,101.9663
13651,47.8974,-62.8069,101.9663
13652,47.5974,-62.8069,101.9663
13653,47.2974,-62.8069,101.9663
13654,46.9974,-62.8069,101.9663
13655,46.6974,-62.8069,101.9663
13656,46.3974,-62.8069,101.9663
13657,46.0974,-62.8069,101.9663
13658,45.7974,-62.8069,101.9663
13659,45.4974,-62.8069,101.9663
13660,45.1974,-62.8069,101.9663
13661,44.8974,-62.8069,101.9663
13662,44.5974,-62.8069,101.9663
13663,44.2974,-62.8069,101.9663
13664,43.9974,-62.8069,101.9663
13665,43.6974,-62.8069,101.9663
13666,43.3974,-62.8069,101.9663
13667,43.0974,-62.8069,101.9663
13668,42.7974,-62.8069,101.9663
13669,42.4974,-62.8069,101.9663
13670,42.1974,-62.8069,101.9663
13671,41.8974,-62.8069,101.9663
13672,41.5974,-62.8069,101.9663
13673,41.2974,-62.8069,101.9663
13674,40.9974,-62.8069,101.9663
13675,40.6974,-62.8069,101.9663
13676,40.3974,-62.8069,101.9663
13677,40.0974,-62.8069,101.9663
13678,39.7974,-62.8069,101.9663
13679,39.4974,-62.8069,101.9663
13680,39.1974,-62.8069,101.9663
13681,38.8974,-62.8069,101.9663
13682,38.5974,-62.8069,101.9663
13683,38.2974,-62.8069,101.9663
13684,37.9974,-62.8069,101.9663
13685,37.6974,-62.8069,101.9663
13686,37.3974,-62.8069,101.9663
13687,37.0974,-62.5069,101.9663
13688,36.7974,-62.2069,101.9663
13689,36.4974,-61.9069,101.9663
13690,36.1974,-61.6069,101.9663
13691,35.8974,-61.3069,101.9663
13692,35.5974,-61.0069,101.9663
13693,35.2974,-60.7069,101.9663
13694,34.9974,-60.4069,101.9663
13695,34.6974,-60.4069,101.9663
13696,34.3974,-60.4069,101.9663
13697,34.0974,-60.4069,101.9663
13698,33.7974,-60.4069,101.9663
13699,33.4974,-60.4069,101.9663
13700,33.1974,-60.4069,101.9663
13701,32.8974,-60.4069,101.9663
13702,32.5974,-60.4069,101.9663
13703,32.2974,-60.4069,101.9663
13704,31.9974,-60.4069,101.9663
13705,31.6974,-60.4069,101.9663
13706,31.3974,-60.4069,101.9663
13707,31.0974,-60.4069,101.9663
13708,30.7974,-60.4069,101.9663
13709,30.4974,-60.4069,101.9663
13710,30.1974,-60.4069,101.9663
13711,29.8974,-60.4069,101.9663
13712,29.5974,-60.4069,101.9663
13713,29.2974,-60.4069,101.9663
13714,28.9974,-60.4069,101.9663
13715,28.6974,-60.4069,101.9663
13716,28.3974,-60.4069,101.9663
13717,28.0974,-60.4069,101.9663
13718,27.7974,-60.4069,101.9663
13719,27.4974,-60.4069,101.9663
13720,27.1974,-60.4069,101.9663
13721,26.8974,-60.4069,101.9663
13722,26.5974,-60.4069,101.9663
13723,26.2974,-60.4069,101.9663
13724,25.9974,-60.4069,101.9663
13725,25.6974,-60.4069,101.9663
13726,25.3974,-60.4069,101.9663
13727,25.0974,-60.4069,101.9663
13728,24.7974,-60.4069,101.9663
13729,24.4974,-60.4069,101.9663
13730,24.1974,-60.4069,101.9663
13731,24.4974,-60.4069,101.9663
13732,24.7974,-60.4069,101.9663
13733,25.0974,-60.4069,101.9663
13734,25.3974,-60.4069,101.9663
13735,25.6974,-60.4069,101.9663
13736,25.9974,-60.4069,101.9663
13737,26.2974,-60.4069,101.9663
13738,26.5974,-60.4069,101.9663
13739,26.8974,-60.4069,101.9663
13740,27.1974,-60.4069,101.9663
13741,27.4974,-60.4069,101.9663
13742,27.7974,-60.4069,101.9663
13743,28.0974,-60.4069,101.9663
13744,28.3974,-60.4069,101.9663
13745,28.6974,-60.4069,101.9663
13746,28.9974,-60.4069,101.9663
13747,29.2974,-60.4069,101.9663
13748,29.5974,-60.4069,101.9663
13749,29.8974,-60.4069,101.9663
13750,30.1974,-60.4069,101.9663
13751,30.4974,-60.4069,101.9663
13752,30.7974,-60.4069,101.9663
13753,31.0974,-60.4069,101.9663
13754,31.3974,-60.4069,101.9663
13755,31.6974,-60.4069,101.9663
13756,31.9974,-60.4069,101.9663
13757,32.2974,-60.4069,101.9663
13758,32.5974,-60.4069,101.9663
13759,32.8974,-60.4069,101.9663
13760,33.1974,-60.4069,101.9663
13761,33.4974,-60.4069,101.9663
13762,33.7974,-60.4069,101.9663
13763,34.0974,-60.4069,101.9663
13764,34.3974,-60.4069,101.9663
13765,34.6974,-60.4069,101.9663
13766,34.9974,-60.4069,101.9663
13767,35.2974,-60.4069,101.9663
13768,35.5974,-60.4069,101.9663
13769,35.8974,-60.4069,101.9663
13770,36.1974,-60.4069,101.9663
13771,36.4974,-60.4069,101.9663
13772,36.7974,-60.4069,101.9663
13773,37.0974,-60.4069,101.9663
13774,37.3974,-60.4069,101.9663
13775,37.6974,-60.4069,101.9663
13776,37.9974,-60.4069,101.9663
13777,38.2974,-60.4069,101.9663
13778,38.5974,-60.4069,101.9663
13779,38.8974,-60.4069,101.9663
13780,39.1974,-60.4069,101.9663
13781,39.4974,-60.4069,101.9663
13782,39.7974,-60.4069,101.9663
13783,40.0974,-60.4069,101.9663
13784,40.3974,-60.4069,101.9663
13785,40.6974,-60.4069,101.9663
13786,40.9974,-60.4069,101.9663
13787,41.2974,-60.4069,101.9663
13788,41.5974,-60.4069,101.9663
13789,41.8974,-60.4069,101.9663
13790,42.1974,-60.4069,101.9663
13791,42.4974,-60.4069,101.9663
13792,42.7974,-60.4069,101.9663
13793,43.0974,-60.4069,101.9663
13794,43.3974,-60.4069,101.9663
13795,43.6974,-60.4069,101.9663
13796,43.9974,-60.4069,101.9663
13797,44.2974,-60.4069,101.9663
13798,44.5974,-60.4069,101.9663
13799,44.8974,-60.4069,101.9663
13800,45.1974,-60.4069,101.9663
13801,45.4974,-60.4069,101.9663
13802,45.7974,-60.4069,101.9663
13803,46.0974,-60.4069,101.9663
13804,46.3974,-60.7069,101.9663
13805,46.6974,-60.7069,101.9663
13806,46.9974,-61.0069,101.9663
13807,47.2974,-61.0069,101.9663
13808,47.5974,-61.3069,101.9663
13809,47.8974,-61.3069,101.9663
13810,48.1974,-61.6069,101.9663
13811,48.4974,-61.6069,101.9663
13812,48.7974,-61.9069,101.9663
13813,49.0974,-61.9069,101.9663
13814,49.3974,-62.2069,101.9663
13815,49.6974,-62.5069,101.9663
13816,49.9974,-62.8069,101.9663
13817,50.2974,-63.1069,101.9663
13818,50.5974,-63.4069,101.9663
13819,50.8974,-63.7069,101.9663
13820,51.1974,-64.0069,101.9663
13821,51.4974,-64.3069,101.9663
13822,51.7974,-64.6069,101.9663
13823,52.0974,-64.9069,101.9663
13824,52.3974,-65.2069,101.9663
13825,52.6974,-65.5069,101.9663
13826,52.9974,-65.8069,101.9663
13827,53.2974,-66.1069,101.9663
13828,53.5974,-66.4069,101.9663
13829,53.8974,-66.7069,101.9663
13830,54.1974,-67.0069,101.9663
13831,54.4974,-67.3069,101.9663
13832,54.7974,-67.6069,101.9663
13833,55.0974,-67.9069,101.9663
13834,55.3974,-68.2069,101.9663
13835,55.6974,-68.5069,101.9663
13836,55.9974,-68.8069,101.9663
13837,56.2974,-69.1069,101.9663
13838,56.5974,-69.4069,101.9663
13839,56.8974,-69.7069,101.9663
13840,57.1974,-70.0069,101.9663
13841,57.4974,-70.3069,101.9663
13842,57.7974,-70.6069,101.9663
13843,58.0974,-70.9069,101.9663
13844,58.3974,-70.9069,101.9663
13845,58.6974,-70.9069,101.9663
13846,58.9974,-70.9069,101.9663
13847,59.2974,-70.9069,101.9663
13848,59.5974,-70.9069,101.9663
13849,59.8974,-70.9069,101.9663
13850,60.1974,-70.9069,101.9663
13851,60.4974,-70.9069,101.9663
13852,60.7974,-70.9069,101.9663
13853,61.0974,-70.9069,101.9663
13854,61.3974,-70.9069,101.9663
13855,61.6974,-70.9069,101.9663
13856,61.9974,-70.9069,101.9663
13857,62.2974,-70.9069,101.9663
13858,62.5974,-70.9069,101.9663
13859,62.8974,-70.9069,101.9663
13860,63.1974,-70.9069,101.9663
13861,63.4974,-70.9069,101.9663
13862,63.7974,-70.9069,101.9663
13863,64.0974,-70.9069,101.9663
13864,64.3974,-70.9069,101.9663
13865,64.6974,-70.9069,101.9663
13866,64.9974,-70.9069,101.9663
13867,65.2974,-70.9069,101.9663
13868,65.5974,-70.9069,101.9663
13869,65.8974,-70.9069,101.9663
13870,66.1974,-70.9069,101.9663
13871,66.4974,-71.2069,101.9663
13872,66.7974,-71.2069,101.9663
13873,67.0974,-71.2069,101.9663
13874,67.3974,-71.2069,101.9663
13875,67.6974,-71.2069,101.9663
13876,67.9974,-71.2069,101.9663
13877,68.2974,-71.2069,101.9663
13878,68.5974,-71.2069,101.9663
13879,68.8974,-70.9069,101.9663
13880,-25.5693,-54.5955,102.1000
13881,64.7906,-70.3660,102.1000
13882,64.3974,-70.3069,101.9663
13883,64.0974,-70.3069,101.9663
13884,63.7974,-70.3069,101.9663
13885,63.4974,-70.3069,101.9663
13886,63.1974,-70.3069,101.9663
13887,62.8974,-70.3069,101.9663
13888,62.5974,-70.3069,101.9663
13889,62.2974,-70.3069,101.9663
13890,61.9974,-70.3069,101.9663
13891,61.6974,-70.3069,101.9663
13892,61.3974,-70.3069,101.9663
13893,61.0974,-70.3069,101.9663
13894,60.7974,-70.3069,101.9663
13895,60.4974,-70.3069,101.9663
13896,60.1974,-70.3069,101.9663
13897,59.8974,-70.3069,101.9663
13898,59.5974,-70.3069,101.9663
13899,59.2974,-70.3069,101.9663
13900,58.9974,-70.3069,101.9663
13901,58.6974,-70.3069,101.9663
13902,58.3974,-70.3069,101.9663
13903,58.0974,-70.3069,101.9663
13904,57.7974,-70.3069,101.9663
13905,57.4974,-70.3069,101.9663
13906,57.1974,-70.3069,101.9663
13907,56.8974,-70.3069,101.9663
13908,56.5974,-70.3069,101.9663
13909,56.2974,-70.3069,101.9663
13910,55.9974,-70.3069,101.9663
13911,55.6974,-70.3069,101.9663
13912,55.3974,-70.3069,101.9663
13913,55.0974,-70.3069,101.9663
13914,54.7974,-70.3069,101.9663
13915,54.4974,-70.3069,101.9663
13916,54.1974,-70.3069,101.9663
13917,53.8974,-70.3069,101.9663
13918,53.5974,-70.3069,101.9663
13919,53.2974,-70.3069,101.9663
13920,52.9974,-70.3069,101.9663
13921,52.6974,-70.3069,101.9663
13922,52.3974,-70.3069,101.9663
13923,52.0974,-70.3069,101.9663
13924,51.7974,-70.3069,101.9663
13925,51.4974,-70.3069,101.9663
13926,51.1974,-70.3069,101.9663
13927,50.8974,-70.3069,101.9663
13928,50.5974,-70.3069,101.9663
13929,50.2974,-70.3069,101.9663
13930,49.9974,-70.3069,101.9663
13931,49.6974,-70.3069,101.9663
13932,49.3974,-70.3069,101.9663
13933,49.0974,-70.3069,101.9663
13934,48.7974,-70.3069,101.9663
13935,48.4974,-70.3069,101.9663
13936,48.1974,-70.3069,101.9663
13937,47.8974,-70.3069,101.9663
13938,47.5974,-70.3069,101.9663
13939,47.2974,-70.3069,101.9663
13940,46.9974,-70.3069,101.9663
13941,46.6974,-70.3069,101.9663
13942,46.3974,-70.3069,101.9663
13943,46.0974,-70.3069,101.9663
13944,45.7974,-70.3069,101.9663
13945,45.4974,-70.3069,101.9663
13946,45.1974,-70.3069,101.9663
13947,44.8974,-70.3069,101.9663
13948,44.5974,-70.3069,101.9663
13949,44.2974,-70.3069,101.9663
13950,43.9974,-70.3069,101.9663
13951,43.6974,-70.3069,101.9663
13952,43.3974,-70.3069,101.9663
13953,43.0974,-70.3069,101.9663
13954,42.7974,-70.3069,101.9663
13955,42.4974,-70.3069,101.9663
13956,42.1974,-70.3069,101.9663
13957,41.8974,-70.3069,101.9663
13958,41.5974,-70.3069,101.9663
13959,41.2974,-70.3069,101.9663
13960,40.9974,-70.3069,101.9663
13961,40.6974,-70.3069,101.9663
13962,40.3974,-70.3069,101.9663
13963,40.0974,-70.3069,101.9663
13964,39.7974,-70.3069,101.9663
13965,39.4974,-70.3069,101.9663
13966,39.1974,-70.3069,101.9663
13967,38.8974,-70.3069,101.9663
13968,38.5974,-70.3069,101.9663
13969,38.2974,-70.3069,101.9663
13970,37.9974,-70.3069,101.9663
13971,37.6974,-70.3069,101.9663
13972,37.3974,-70.0069,101.9663
13973,37.0974,-70.0069,101.9663
13974,36.7974,-69.7069,101.9663
13975,36.4974,-69.7069,101.9663
13976,36.1974,-69.4069,101.9663
13977,35.8974,-69.4069,101.9663
13978,35.5974,-69.4069,101.9663
13979,35.2974,-69.1069,101.9663
13980,34.9974,-69.1069,101.9663
13981,34.6974,-68.8069,101.9663
13982,34.3974,-68.5069,101.9663
13983,34.0974,-68.2069,101.9663
13984,33.7974,-67.9069,101.9663
13985,33.4974,-67.6069,101.9663
13986,33.1974,-67.3069,101.9663
13987,32.8974,-67.0069,101.9663
13988,32.5974,-66.7069,101.9663
13989,32.2974,-66.4069,101.9663
13990,31.9974,-66.1069,101.9663
13991,31.6974,-65.8069,101.9663
13992,31.3974,-65.5069,101.9663
13993,31.0974,-65.2069,101.9663
13994,30.7974,-64.9069,101.9663
13995,30.4974,-64.6069,101.9663
13996,30.1974,-64.3069,101.9663
13997,29.8974,-64.0069,101.9663
13998,29.5974,-63.7069,101.9663
13999,29.2974,-63.4069,101.9663
14000,28.9974,-63.4069,101.9663
14001,28.6974,-63.4069,101.9663
14002,28.3974,-63.4069,101.9663
14003,28.0974,-63.4069,101.9663
14004,27.7974,-63.4069,101.9663
14005,27.4974,-63.4069,101.9663
14006,27.1974,-63.4069,101.9663
14007,26.8974,-63.4069,101.9663
14008,26.5974,-63.4069,101.9663
14009,26.2974,-63.4069,101.9663
14010,25.9974,-63.4069,101.9663
14011,25.6974,-63.4069,101.9663
14012,25.3974,-63.4069,101.9663
14013,25.0974,-63.4069,101.9663
14014,24.7974,-63.4069,101.9663
14015,24.4974,-63.4069,101.9663
14016,24.1974,-63.4069,101.9663
14017,23.8974,-63.4069,101.9663
14018,23.5974,-63.4069,101.9663
14019,23.2974,-63.4069,101.9663
14020,22.9974,-63.4069,101.9663
14021,22.6974,-63.4069,101.9663
14022,22.3974,-63.4069,101.9663
14023,22.0974,-63.1069,101.9663
14024,21.7974,-63.1069,101.9663
14025,21.4974,-63.1069,101.9663
14026,21.1974,-63.1069,101.9663
14027,20.8974,-63.1069,101.9663
14028,20.5974,-63.1069,101.9663
14029,20.2974,-63.1069,101.9663
14030,19.9974,-63.1069,101.9663
14031,19.6974,-63.1069,101.9663
14032,19.3974,-62.8069,101.9663
14033,19.0974,-62.8069,101.9663
14034,18.7974,-62.8069,101.9663
14035,18.4974,-62.8069,101.9663
14036,18.1974,-62.5069,101.9663
14037,17.8974,-62.2069,101.9663
14038,17.5974,-62.2069,101.9663
14039,17.2974,-61.9069,101.9663
14040,16.9974,-61.6069,101.9663
14041,16.6974,-61.3069,101.9663
14042,16.3974,-61.0069,101.9663
14043,16.0974,-60.7069,101.9663
14044,16.0974,-60.4069,101.9663
14045,15.7974,-60.4069,101.9663
14046,15.4974,-60.4069,101.9663
14047,15.1974,-60.4069,101.9663
14048,14.8974,-60.4069,101.9663
14049,14.5974,-60.4069,101.9663
14050,14.2974,-60.4069,101.9663
14051,13.9974,-60.4069,101.9663
14052,13.6974,-60.4069,101.9663
14053,13.3974,-60.4069,101.9663
14054,13.0974,-60.4069,101.9663
14055,12.7974,-60.4069,101.9663
14056,12.4974,-60.4069,101.9663
14057,12.1974,-60.4069,101.9663
14058,11.8974,-60.4069,101.9663
14059,11.5974,-60.4069,101.9663
14060,11.2974,-60.4069,101.9663
14061,10.9974,-60.4069,101.9663
14062,10.6974,-60.4069,101.9663
14063,10.3974,-60.4069,101.9663
14064,10.0974,-60.4069,101.9663
14065,9.7974,-60.4069,101.9663
14066,9.4974,-60.4069,101.9663
14067,9.1974,-60.4069,101.9663
14068,8.8974,-60.4069,101.9663
14069,8.5974,-60.4069,101.9663
14070,8.2974,-60.4069,101.9663
14071,7.9974,-60.4069,101.9663
14072,7.6974,-60.4069,101.9663
14073,7.3974,-60.4069,101.9663
14074,7.0974,-60.4069,101.9663
14075,6.7974,-60.4069,101.9663
14076,6.4974,-60.4069,101.9663
14077,6.1974,-60.4069,101.9663
14078,5.8974,-60.4069,101.9663
14079,5.5974,-60.4069,101.9663
14080,5.2974,-60.4069,101.9663
14081,4.9974,-60.4069,101.9663
14082,4.6974,-60.4069,101.9663
14083,4.3974,-60.4069,101.9663
14084,4.0974,-60.4069,101.9663
14085,3.7974,-60.4069,101.9663
14086,3.4974,-60.4069,101.9663
14087,3.1974,-60.4069,101.9663
14088,2.8974,-60.4069,101.9663
14089,2.5974,-60.4069,101.9663
14090,2.2974,-60.4069,101.9663
14091,1.9974,-60.4069,101.9663
14092,1.6974,-60.4069,101.9663
14093,1.3974,-60.4069,101.9663
14094,1.0974,-60.4069,101.9663
14095,0.7974,-60.4069,101.9663
14096,0.4974,-60.4069,101.9663
14097,0.1974,-60.4069,101.9663
14098,-0.1026,-60.4069,101.9663
14099,-0.4026,-60.4069,101.9663
14100,-0.7026,-60.4069,101.9663
14101,-1.0026,-60.4069,101.9663
14102,-1.3026,-60.4069,101.9663
14103,-1.6026,-60.4069,101.9663
14104,-1.9026,-60.4069,101.9663
14105,-2.2026,-60.4069,101.9663
14106,-2.5026,-60.4069,101.9663
14107,-2.8026,-60.4069,101.9663
14108,-3.1026,-60.4069,101.9663
14109,-3.4026,-60.4069,101.9663
14110,-3.7026,-60.4069,101.9663
14111,-4.0026,-60.4069,101.9663
14112,-4.3026,-60.4069,101.9663
14113,-4.6026,-60.4069,101.9663
14114,-4.9026,-60.4069,101.9663
14115,-5.2026,-60.4069,101.9663
14116,-5.5026,-60.4069,101.9663
14117,-5.8026,-60.4069,101.9663
14118,-6.1026,-60.4069,101.9663
14119,-6.4026,-60.4069,101.9663
14120,-6.7026,-60.4069,101.9663
14121,-7.0026,-60.4069,101.9663
14122,-7.3026,-60.4069,101.9663
14123,-7.6026,-60.4069,101.9663
14124,-7.9026,-60.4069,101.9663
14125,-8.2026,-60.4069,101.9663
14126,-8.5026,-60.4069,101.9663
14127,-8.8026,-60.4069,101.9663
14128,-9.1026,-60.4069,101.9663
14129,-9.4026,-60.4069,101.9663
14130,-9.7026,-60.4069,101.9663
14131,-10.0026,-60.4069,101.9663
14132,-10.3026,-60.4069,101.9663
14133,-10.6026,-60.4069,101.9663
14134,-10.9026,-60.4069,101.9663
14135,-11.2026,-60.4069,101.9663
14136,-11.5026,-60.4069,101.9663
14137,-11.8026,-60.4069,101.9663
14138,-12.1026,-60.4069,101.9663
14139,-12.4026,-60.4069,101.9663
14140,-12.7026,-60.4069,101.9663
14141,-13.0026,-60.4069,101.9663
14142,-13.3026,-60.4069,101.9663
14143,-13.6026,-60.4069,101.9663
14144,-13.9026,-60.1069,101.9663
14145,-14.2026,-60.1069,101.9663
14146,-14.5026,-59.8069,101.9663
14147,-14.8026,-59.8069,101.9663
14148,-15.1026,-59.5069,101.9663
14149,-15.4026,-59.2069,101.9663
14150,-15.7026,-58.9069,101.9663
14151,-16.0026,-58.6069,101.9663
14152,-16.3026,-58.3069,101.9663
14153,-16.6026,-58.0069,101.9663
14154,-16.9026,-57.7069,101.9663
14155,-17.2026,-57.4069,101.9663
14156,-17.5026,-57.1069,101.9663
14157,-17.8026,-56.8069,101.9663
14158,-18.1026,-56.5069,101.9663
14159,-18.4026,-56.2069,101.9663
14160,-18.7026,-55.9069,101.9663
14161,-19.0026,-55.6069,101.9663
14162,-19.3026,-55.3069,101.9663
14163,-19.6026,-55.0069,101.9663
14164,-19.9026,-54.7069,101.9663
14165,-20.2026,-54.7069,101.9663
14166,-20.5026,-54.7069,101.9663
14167,-20.8026,-54.7069,101.9663
14168,-21.1026,-54.7069,101.9663
14169,-21.4026,-54.7069,101.9663
14170,-21.7026,-54.7069,101.9663
14171,-22.0026,-54.7069,101.9663
14172,-22.3026,-54.7069,101.9663
14173,-22.6026,-54.7069,101.9663
14174,-22.9026,-54.7069,101.9663
14175,-23.2026,-54.7069,101.9663
14176,-23.5026,-54.7069,101.9663
14177,-23.8026,-54.7069,101.9663
14178,-24.1026,-54.7069,101.9663
14179,-24.4026,-54.7069,101.9663
14180,-24.7026,-54.7069,101.9663
14181,-25.0026,-54.7069,101.9663
14182,-25.3026,-54.7069,101.9663
14183,-25.6026,-54.7069,101.9663
14184,-25.9026,-54.7069,101.9663
14185,-26.2026,-54.7069,101.9663
14186,-26.5026,-54.7069,101.9663
14187,-26.8026,-54.7069,101.9663
14188,-27.1026,-54.7069,101.9663
14189,-27.4026,-54.7069,101.9663
14190,-27.7026,-54.7069,101.9663
14191,-28.0026,-54.7069,101.9663
14192,-28.3026,-54.4069,101.9663
14193,-28.6026,-54.4069,101.9663
14194,-28.9026,-54.4069,101.9663
14195,-29.2026,-54.1069,101.9663
14196,-29.5026,-54.1069,101.9663
14197,-29.8026,-53.8069,101.9663
14198,-30.1026,-53.5069,101.9663
14199,-30.4026,-53.2069,101.9663
14200,-30.7026,-52.9069,101.9663
14201,-31.0026,-52.6069,101.9663
14202,-31.3026,-52.3069,101.9663
14203,-31.1955,-48.9693,102.3000
14204,-31.0026,-48.7069,102.2663
14205,-31.0026,-48.4069,102.2663
14206,-30.7026,-48.1069,102.2663
14207,-30.4026,-47.8069,102.2663
14208,-30.1026,-47.5069,102.2663
14209,-29.8026,-47.2069,102.2663
14210,-29.5026,-46.9069,102.2663
14211,-29.2026,-46.9069,102.2663
14212,-28.9026,-46.6069,102.2663
14213,-28.6026,-46.6069,102.2663
14214,-28.3026,-46.3069,102.2663
14215,-28.0026,-46.3069,102.2663
14216,-27.7026,-46.3069,102.2663
14217,-27.4026,-46.3069,102.2663
14218,-27.1026,-46.3069,102.2663
14219,-26.8026,-46.3069,102.2663
14220,-26.5026,-46.3069,102.2663
14221,-26.2026,-46.3069,102.2663
14222,-25.9026,-46.3069,102.2663
14223,-25.6026,-46.6069,102.2663
14224,-25.3026,-46.6069,102.2663
14225,-25.0026,-46.9069,102.2663
14226,-24.7026,-46.9069,102.2663
14227,-24.4026,-47.2069,102.2663
14228,-24.1026,-47.5069,102.2663
14229,-24.1302,-47.3302,104.9000
14230,-24.1026,-47.5069,104.9663
14231,-23.8026,-47.8069,104.9663
14232,-23.5026,-48.1069,104.9663
14233,-23.5026,-48.4069,104.9663
14234,-23.2026,-48.7069,104.9663
14235,-23.2026,-49.0069,104.9663
14236,-22.9026,-49.3069,104.9663
14237,-22.9026,-49.6069,104.9663
14238,-22.9026,-49.9069,104.9663
14239,-22.9026,-50.2069,104.9663
14240,-22.9026,-50.5069,104.9663
14241,-22.9026,-50.8069,104.9663
14242,-22.9026,-51.1069,104.9663
14243,-22.9026,-51.4069,104.9663
14244,-23.2026,-51.7069,104.9663
14245,-23.2026,-52.0069,104.9663
14246,-23.5026,-52.3069,104.9663
14247,-23.5026,-52.6069,104.9663
14248,-23.8026,-52.9069,104.9663
14249,-24.1026,-53.2069,104.9663
14250,-24.4026,-53.5069,104.9663
14251,15.7000,-58.7000,104.9000
14252,15.4974,-58.6069,104.9663
14253,15.1974,-58.6069,104.9663
14254,14.8974,-58.6069,104.9663
14255,14.5974,-58.6069,104.9663
14256,14.2974,-58.6069,104.9663
14257,13.9974,-58.6069,104.9663
14258,13.6974,-58.6069,104.9663
14259,13.3974,-58.6069,104.9663
14260,13.0974,-58.6069,104.9663
14261,12.7974,-58.6069,104.9663
14262,12.4974,-58.6069,104.9663
14263,12.1974,-58.6069,104.9663
14264,11.8974,-58.6069,104.9663
14265,11.5974,-58.6069,104.9663
14266,11.2974,-58.6069,104.9663
14267,10.9974,-58.6069,104.9663
14268,10.6974,-58.6069,104.9663
14269,10.3974,-58.6069,104.9663
14270,10.0974,-58.6069,104.9663
14271,9.7974,-58.6069,104.9663
14272,9.4974,-58.6069,104.9663
14273,9.1974,-58.6069,104.9663
14274,8.8974,-58.6069,104.9663
14275,8.5974,-58.6069,104.9663
14276,8.2974,-58.6069,104.9663
14277,7.9974,-58.6069,104.9663
14278,7.6974,-58.6069,104.9663
14279,7.3974,-58.6069,104.9663
14280,7.0974,-58.6069,104.9663
14281,6.7974,-58.6069,104.9663
14282,6.4974,-58.6069,104.9663
14283,6.1974,-58.6069,104.9663
14284,5.8974,-58.6069,104.9663
14285,5.5974,-58.6069,104.9663
14286,5.2974,-58.6069,104.9663
14287,4.9974,-58.6069,104.9663
14288,4.6974,-58.6069,104.9663
14289,4.3974,-58.6069,104.9663
14290,4.0974,-58.6069,104.9663
14291,3.7974,-58.6069,104.9663
14292,3.4974,-58.6069,104.9663
14293,3.1974,-58.6069,104.9663
14294,2.8974,-58.6069,104.9663
14295,2.5974,-58.6069,104.9663
14296,2.2974,-58.6069,104.9663
14297,1.9974,-58.6069,104.9663
14298,1.6974,-58.6069,104.9663
14299,1.3974,-58.6069,104.9663
14300,1.0974,-58.6069,104.9663
14301,0.7974,-58.6069,104.9663
14302,0.4974,-58.6069,104.9663
14303,0.1974,-58.6069,104.9663
14304,-0.1026,-58.6069,104.9663
14305,-0.4026,-58.6069,104.9663
14306,-0.7026,-58.6069,104.9663
14307,-1.0026,-58.6069,104.9663
14308,-1.3026,-58.6069,104.9663
14309,-1.6026,-58.6069,104.9663
14310,-1.9026,-58.6069,104.9663
14311,-2.2026,-58.6069,104.9663
14312,-2.5026,-58.6069,104.9663
14313,-2.8026,-58.6069,104.9663
14314,-3.1026,-58.6069,104.9663
14315,-3.4026,-58.6069,104.9663
14316,-3.7026,-58.6069,104.9663
14317,-4.0026,-58.6069,104.9663
14318,-4.3026,-58.6069,104.9663
14319,-4.6026,-58.6069,104.9663
14320,-4.9026,-58.6069,104.9663
14321,-5.2026,-58.6069,104.9663
14322,-5.5026,-58.6069,104.9663
14323,-5.8026,-58.6069,104.9663
14324,-6.1026,-58.6069,104.9663
14325,-6.4026,-58.6069,104.9663
14326,-6.7026,-58.6069,104.9663
14327,-7.0026,-58.6069,104.9663
14328,-7.3026,-58.6069,104.9663
14329,-7.6026,-58.6069,104.9663
14330,-7.9026,-58.6069,104.9663
14331,-8.2026,-58.6069,104.9663
14332,-8.5026,-58.6069,104.9663
14333,-8.8026,-58.6069,104.9663
14334,-9.1026,-58.6069,104.9663
14335,-9.4026,-58.6069,104.9663
14336,-9.7026,-58.6069,104.9663
14337,-10.0026,-58.6069,104.9663
14338,-10.3026,-58.6069,104.9663
14339,-10.6026,-58.6069,104.9663
14340,-10.9026,-58.6069,104.9663
14341,-11.2026,-58.6069,104.9663
14342,-11.5026,-58.6069,104.9663
14343,-11.8026,-58.6069,104.9663
14344,-12.1026,-58.6069,104.9663
14345,-12.4026,-58.6069,104.9663
14346,-12.7026,-58.6069,104.9663
14347,-13.0026,-58.6069,104.9663
14348,-13.3026,-58.6069,104.9663
14349,-13.6026,-58.6069,104.9663
14350,-13.9026,-58.3069,104.9663
14351,-14.2026,-58.3069,104.9663
14352,-14.5026,-58.0069,104.9663
14353,-14.8026,-58.0069,104.9663
14354,-15.1026,-58.0069,104.9663
14355,-15.4026,-57.7069,104.9663
14356,-15.7026,-57.7069,104.9663
14357,-16.0026,-57.4069,104.9663
14358,-16.3026,-57.4069,104.9663
14359,-16.6026,-57.1069,104.9663
14360,-16.9026,-57.1069,104.9663
14361,-17.2026,-56.8069,104.9663
14362,-17.5026,-56.8069,104.9663
14363,-17.8026,-56.5069,104.9663
14364,-18.1026,-56.5069,104.9663
14365,-18.4026,-56.5069,104.9663
14366,-18.7026,-56.2069,104.9663
14367,-19.0026,-56.2069,104.9663
14368,-19.3026,-55.9069,104.9663
14369,-19.6026,-55.9069,104.9663
14370,-19.9026,-55.6069,104.9663
14371,-20.2026,-55.3069,104.9663
14372,-20.5026,-55.0069,104.9663
14373,-20.8026,-54.7069,104.9663
14374,-21.1026,-54.4069,104.9663
14375,-21.4026,-54.4069,104.9663
14376,-21.7026,-54.4069,104.9663
14377,-22.0026,-54.4069,104.9663
14378,-22.3026,-54.4069,104.9663
14379,-22.6026,-54.4069,104.9663
14380,-22.9026,-54.4069,104.9663
14381,-23.2026,-54.4069,104.9663
14382,-23.5026,-54.4069,104.9663
14383,-23.8026,-54.4069,104.9663
14384,-24.1026,-54.4069,104.9663
14385,-24.4026,-54.4069,104.9663
14386,-24.7026,-54.4069,104.9663
14387,-25.0026,-54.4069,104.9663
14388,-25.3026,-54.4069,104.9663
14389,-25.6026,-54.4069,104.9663
14390,-25.9026,-54.4069,104.9663
14391,-26.2026,-54.4069,104.9663
14392,-26.5026,-54.4069,104.9663
14393,-26.8026,-54.4069,104.9663
14394,-27.1026,-54.4069,104.9663
14395,-27.4026,-54.4069,104.9663
14396,-27.7026,-54.4069,104.9663
14397,-28.0026,-54.4069,104.9663
14398,-28.3026,-54.4069,104.9663
14399,-28.6026,-54.1069,104.9663
14400,-28.9026,-54.1069,104.9663
14401,-29.2026,-53.8069,104.9663
14402,-29.5026,-53.8069,104.9663
14403,-29.8026,-53.5069,104.9663
14404,-30.1026,-53.2069,104.9663
14405,-30.4026,-52.9069,104.9663
14406,-30.7026,-52.6069,104.9663
14407,-30.7026,-52.3069,104.9663
14408,-31.0026,-52.0069,104.9663
14409,-31.0026,-51.7069,104.9663
14410,-31.3026,-51.4069,104.9663
14411,-31.3026,-51.1069,104.9663
14412,-31.3026,-50.8069,104.9663
14413,-31.3026,-50.5069,104.9663
14414,64.2716,-64.0716,105.1000
14415,64.6974,-63.7069,104.9663
14416,64.9974,-63.4069,104.9663
14417,65.2974,-63.4069,104.9663
14418,65.5974,-63.1069,104.9663
14419,65.8974,-63.1069,104.9663
14420,66.1974,-62.8069,104.9663
14421,66.4974,-62.8069,104.9663
14422,66.7974,-62.8069,104.9663
14423,67.0974,-62.8069,104.9663
14424,67.3974,-62.8069,104.9663
14425,67.6974,-62.8069,104.9663
14426,67.9974,-62.8069,104.9663
14427,68.2974,-62.8069,104.9663
14428,68.5974,-63.1069,104.9663
14429,68.8974,-63.1069,104.9663
14430,69.1974,-63.4069,104.9663
14431,69.4974,-63.4069,104.9663
14432,69.7974,-63.7069,104.9663
14433,70.0974,-64.0069,104.9663
14434,69.7974,-63.7069,104.9663
14435,69.4974,-63.4069,104.9663
14436,69.1974,-63.4069,104.9663
14437,68.8974,-63.1069,104.9663
14438,68.5974,-63.1069,104.9663
14439,68.2974,-62.8069,104.9663
14440,67.9974,-62.8069,104.9663
14441,67.6974,-62.8069,104.9663
14442,67.3974,-62.8069,104.9663
14443,67.0974,-62.8069,104.9663
14444,66.7974,-62.8069,104.9663
14445,66.4974,-62.8069,104.9663
14446,66.1974,-62.8069,104.9663
14447,65.8974,-62.8069,104.9663
14448,65.5974,-62.8069,104.9663
14449,65.2974,-62.8069,104.9663
14450,64.9974,-62.8069,104.9663
14451,64.6974,-62.8069,104.9663
14452,64.3974,-62.8069,104.9663
14453,64.0974,-62.8069,104.9663
14454,63.7974,-62.8069,104.9663
14455,63.4974,-62.8069,104.9663
14456,63.1974,-62.8069,104.9663
14457,62.8974,-62.8069,104.9663
14458,62.5974,-62.8069,104.9663
14459,62.2974,-62.8069,104.9663
14460,61.9974,-62.8069,104.9663
14461,61.6974,-62.8069,104.9663
14462,61.3974,-62.8069,104.9663
14463,61.0974,-62.8069,104.9663
14464,60.7974,-62.8069,104.9663
14465,60.4974,-62.8069,104.9663
14466,60.1974,-62.8069,104.9663
14467,59.8974,-62.8069,104.9663
14468,59.5974,-62.8069,104.9663
14469,59.2974,-62.8069,104.9663
14470,58.9974,-62.8069,104.9663
14471,58.6974,-62.8069,104.9663
14472,58.3974,-62.8069,104.9663
14473,58.0974,-62.8069,104.9663
14474,57.7974,-62.8069,104.9663
14475,57.4974,-62.8069,104.9663
14476,57.1974,-62.8069,104.9663
14477,56.8974,-62.8069,104.9663
14478,56.5974,-62.8069,104.9663
14479,56.2974,-62.8069,104.9663
14480,55.9974,-62.8069,104.9663
14481,55.6974,-62.8069,104.9663
14482,55.3974,-62.8069,104.9663
14483,55.0974,-62.8069,104.9663
14484,54.7974,-62.8069,104.9663
14485,54.4974,-62.8069,104.9663
14486,54.1974,-62.8069,104.9663
14487,53.8974,-62.8069,104.9663
14488,53.5974,-62.8069,104.9663
14489,53.2974,-62.8069,104.9663
14490,52.9974,-62.8069,104.9663
14491,52.6974,-62.8069,104.9663
14492,52.3974,-62.8069,104.9663
14493,52.0974,-62.8069,104.9663
14494,51.7974,-62.8069,104.9663
14495,51.4974,-62.8069,104.9663
14496,51.1974,-62.8069,104.9663
14497,50.8974,-62.8069,104.9663
14498,50.5974,-62.8069,104.9663
14499,50.2974,-62.8069,104.9663
14500,49.9974,-62.8069,104.9663
14501,49.6974,-62.8069,104.9663
14502,49.3974,-62.8069,104.9663
14503,49.0974,-62.8069,104.9663
14504,48.7974,-62.8069,104.9663
14505,48.4974,-62.8069,104.9663
14506,48.1974,-62.8069,104.9663
14507,47.8974,-62.8069,104.9663
14508,47.5974,-62.8069,104.9663
14509,47.2974,-62.8069,104.9663
14510,46.9974,-62.8069,104.9663
14511,46.6974,-62.8069,104.9663
14512,46.3974,-62.8069,104.9663
14513,46.0974,-62.8069,104.9663
14514,45.7974,-62.8069,104.9663
14515,45.4974,-62.8069,104.9663
14516,45.1974,-62.8069,104.9663
14517,44.8974,-62.8069,104.9663
14518,44.5974,-62.8069,104.9663
14519,44.2974,-62.8069,104.9663
14520,43.9974,-62.8069,104.9663
14521,43.6974,-62.8069,104.9663
14522,43.3974,-62.8069,104.9663
14523,43.0974,-62.8069,104.9663
14524,42.7974,-62.8069,104.9663
14525,42.4974,-62.8069,104.9663
14526,42.1974,-62.8069,104.9663
14527,41.8974,-62.8069,104.9663
14528,41.5974,-62.8069,104.9663
14529,41.2974,-62.8069,104.9663
14530,40.9974,-62.8069,104.9663
14531,40.6974,-62.8069,104.9663
14532,40.3974,-62.8069,104.9663
14533,40.0974,-62.8069,104.9663
14534,39.7974,-62.5069,104.9663
14535,39.4974,-62.2069,104.9663
14536,39.1974,-61.9069,104.9663
14537,38.8974,-61.6069,104.9663
14538,38.5974,-61.3069,104.9663
14539,38.2974,-61.0069,104.9663
14540,37.9974,-60.7069,104.9663
14541,37.6974,-60.4069,104.9663
14542,37.3974,-60.1069,104.9663
14543,37.0974,-59.8069,104.9663
14544,36.7974,-59.5069,104.9663
14545,36.4974,-59.2069,104.9663
14546,36.1974,-58.9069,104.9663
14547,35.8974,-58.6069,104.9663
14548,35.5974,-58.3069,104.9663
14549,35.2974,-58.0069,104.9663
14550,34.9974,-57.7069,104.9663
14551,34.6974,-57.4069,104.9663
14552,34.3974,-57.1069,104.9663
14553,34.0974,-57.1069,104.9663
14554,33.7974,-57.1069,104.9663
14555,33.4974,-57.1069,104.9663
14556,33.1974,-57.1069,104.9663
14557,32.8974,-57.1069,104.9663
14558,32.5974,-57.1069,104.9663
14559,32.2974,-57.1069,104.9663
14560,31.9974,-57.1069,104.9663
14561,31.6974,-57.1069,104.9663
14562,31.3974,-57.1069,104.9663
14563,31.0974,-57.1069,104.9663
14564,30.7974,-57.1069,104.9663
14565,30.4974,-57.1069,104.9663
14566,30.1974,-57.1069,104.9663
14567,29.8974,-57.1069,104.9663
14568,29.5974,-57.1069,104.9663
14569,29.2974,-57.1069,104.9663
14570,28.9974,-57.1069,104.9663
14571,28.6974,-57.1069,104.9663
14572,28.3974,-57.1069,104.9663
14573,28.0974,-57.1069,104.9663
14574,27.7974,-57.1069,104.9663
14575,27.4974,-57.1069,104.9663
14576,27.1974,-57.1069,104.9663
14577,26.8974,-57.1069,104.9663
14578,26.5974,-57.1069,104.9663
14579,26.2974,-57.1069,104.9663
14580,25.9974,-57.1069,104.9663
14581,25.6974,-57.1069,104.9663
14582,25.3974,-57.1069,104.9663
14583,25.0974,-57.1069,104.9663
14584,24.7974,-57.1069,104.9663
14585,24.4974,-57.1069,104.9663
14586,24.1974,-57.1069,104.9663
14587,23.8974,-57.1069,104.9663
14588,24.1974,-57.1069,104.9663
14589,24.4974,-57.1069,104.9663
14590,24.7974,-57.1069,104.9663
14591,25.0974,-57.1069,104.9663
14592,25.3974,-57.1069,104.9663
14593,25.6974,-57.1069,104.9663
14594,25.9974,-57.1069,104.9663
14595,26.2974,-57.1069,104.9663
14596,26.5974,-57.1069,104.9663
14597,26.8974,-57.1069,104.9663
14598,27.1974,-57.1069,104.9663
14599,27.4974,-57.1069,104.9663
14600,27.7974,-57.1069,104.9663
14601,28.0974,-57.1069,104.9663
14602,28.3974,-57.1069,104.9663
14603,28.6974,-57.1069,104.9663
14604,28.9974,-57.1069,104.9663
14605,29.2974,-57.1069,104.9663
14606,29.5974,-57.1069,104.9663
14607,29.8974,-57.1069,104.9663
14608,30.1974,-57.1069,104.9663
14609,30.4974,-57.1069,104.9663
14610,30.7974,-57.1069,104.9663
14611,31.0974,-57.1069,104.9663
14612,31.3974,-57.1069,104.9663
14613,31.6974,-57.1069,104.9663
14614,31.9974,-57.1069,104.9663
14615,32.2974,-57.1069,104.9663
14616,32.5974,-57.1069,104.9663
14617,32.8974,-57.1069,104.9663
14618,33.1974,-57.1069,104.9663
14619,33.4974,-57.1069,104.9663
14620,33.7974,-57.1069,104.9663
14621,34.0974,-57.1069,104.9663
14622,34.3974,-57.1069,104.9663
14623,34.6974,-57.1069,104.9663
14624,34.9974,-57.1069,104.9663
14625,35.2974,-57.1069,104.9663
14626,35.5974,-57.1069,104.9663
14627,35.8974,-57.1069,104.9663
14628,36.1974,-57.1069,104.9663
14629,36.4974,-57.1069,104.9663
14630,36.7974,-57.1069,104.9663
14631,37.0974,-57.1069,104.9663
14632,37.3974,-57.1069,104.9663
14633,37.6974,-57.1069,104.9663
14634,37.9974,-57.1069,104.9663
14635,38.2974,-57.1069,104.9663
14636,38.5974,-57.1069,104.9663
14637,38.8974,-57.1069,104.9663
14638,39.1974,-57.1069,104.9663
14639,39.4974,-57.1069,104.9663
14640,39.7974,-57.1069,104.9663
14641,40.0974,-57.1069,104.9663
14642,40.3974,-57.1069,104.9663
14643,40.6974,-57.1069,104.9663
14644,40.9974,-57.1069,104.9663
14645,41.2974,-57.1069,104.9663
14646,41.5974,-57.1069,104.9663
14647,41.8974,-57.1069,104.9663
14648,42.1974,-57.4069,104.9663
14649,42.4974,-57.4069,104.9663
14650,42.7974,-57.7069,104.9663
14651,43.0974,-58.0069,104.9663
14652,43.3974,-58.3069,104.9663
14653,43.6974,-58.6069,104.9663
14654,43.9974,-58.9069,104.9663
14655,44.2974,-59.2069,104.9663
14656,44.5974,-59.5069,104.9663
14657,44.8974,-59.8069,104.9663
14658,45.1974,-60.1069,104.9663
14659,45.4974,-60.4069,104.9663
14660,45.7974,-60.7069,104.9663
14661,46.0974,-61.0069,104.9663
14662,46.3974,-61.3069,104.9663
14663,46.6974,-61.6069,104.9663
14664,46.9974,-61.9069,104.9663
14665,47.2974,-62.2069,104.9663
14666,47.5974,-62.5069,104.9663
14667,47.8974,-62.8069,104.9663
14668,48.1974,-63.1069,104.9663
14669,48.4974,-63.4069,104.9663
14670,48.7974,-63.7069,104.9663
14671,49.0974,-64.0069,104.9663
14672,49.3974,-64.3069,104.9663
14673,49.6974,-64.6069,104.9663
14674,49.9974,-64.9069,104.9663
14675,50.2974,-65.2069,104.9663
14676,50.5974,-65.5069,104.9663
14677,50.8974,-65.8069,104.9663
14678,51.1974,-66.1069,104.9663
14679,51.4974,-66.4069,104.9663
14680,51.7974,-66.7069,104.9663
14681,52.0974,-67.0069,104.9663
14682,52.3974,-67.3069,104.9663
14683,52.6974,-67.6069,104.9663
14684,52.9974,-67.9069,104.9663
14685,53.2974,-68.2069,104.9663
14686,53.5974,-68.5069,104.9663
14687,53.8974,-68.8069,104.9663
14688,54.1974,-69.1069,104.9663
14689,54.4974,-69.4069,104.9663
14690,54.7974,-69.7069,104.9663
14691,55.0974,-70.0069,104.9663
14692,55.3974,-70.3069,104.9663
14693,55.6974,-70.6069,104.9663
14694,55.9974,-70.9069,104.9663
14695,56.2974,-71.2069,104.9663
14696,56.5974,-71.2069,104.9663
14697,56.8974,-71.2069,104.9663
14698,57.1974,-71.2069,104.9663
14699,57.4974,-71.2069,104.9663
14700,57.7974,-71.2069,104.9663
14701,58.0974,-71.2069,104.9663
14702,58.3974,-71.2069,104.9663
14703,58.6974,-71.2069,104.9663
14704,58.9974,-71.2069,104.9663
14705,59.2974,-71.2069,104.9663
14706,59.5974,-71.2069,104.9663
14707,59.8974,-71.2069,104.9663
14708,60.1974,-71.2069,104.9663
14709,60.4974,-71.2069,104.9663
14710,60.7974,-71.2069,104.9663
14711,61.0974,-71.2069,104.9663
14712,61.3974,-71.2069,104.9663
14713,61.6974,-71.2069,104.9663
14714,61.9974,-71.2069,104.9663
14715,62.2974,-71.2069,104.9663
14716,62.5974,-71.2069,104.9663
14717,62.8974,-71.2069,104.9663
14718,63.1974,-71.2069,104.9663
14719,63.4974,-71.2069,104.9663
14720,63.7974,-71.2069,104.9663
14721,64.0974,-71.2069,104.9663
14722,64.3974,-71.2069,104.9663
14723,64.6974,-71.2069,104.9663
14724,64.9974,-71.2069,104.9663
14725,65.2974,-71.2069,104.9663
14726,65.5974,-71.2069,104.9663
14727,65.8974,-71.2069,104.9663
14728,66.1974,-71.2069,104.9663
14729,66.4974,-71.2069,104.9663
14730,66.7974,-71.2069,104.9663
14731,67.0974,-71.2069,104.9663
14732,67.3974,-71.2069,104.9663
14733,67.6974,-71.2069,104.9663
14734,67.9974,-71.2069,104.9663
14735,68.2974,-71.2069,104.9663
14736,68.5974,-70.9069,104.9663
14737,68.8974,-70.9069,104.9663
14738,69.1974,-70.6069,104.9663
14739,69.4974,-70.6069,104.9663
14740,69.7974,-70.3069,104.9663
14741,70.0974,-70.0069,104.9663
14742,69.7974,-70.3069,104.9663
14743,69.4974,-70.6069,104.9663
14744,69.1974,-70.6069,104.9663
14745,68.8974,-70.9069,104.9663
14746,68.5974,-70.9069,104.9663
14747,68.2974,-71.2069,104.9663
14748,67.9974,-71.2069,104.9663
14749,67.6974,-71.2069,104.9663
14750,67.3974,-71.2069,104.9663
14751,67.0974,-71.2069,104.9663
14752,66.7974,-71.2069,104.9663
14753,66.4974,-71.2069,104.9663
14754,66.1974,-71.2069,104.9663
14755,65.8974,-71.2069,104.9663
14756,65.5974,-71.2069,104.9663
14757,65.2974,-71.2069,104.9663
14758,64.9974,-71.2069,104.9663
14759,64.6974,-71.2069,104.9663
14760,64.3974,-71.2069,104.9663
14761,64.0974,-71.2069,104.9663
14762,63.7974,-71.2069,104.9663
14763,63.4974,-71.2069,104.9663
14764,63.1974,-71.2069,104.9663
14765,62.8974,-71.2069,104.9663
14766,62.5974,-71.2069,104.9663
14767,62.2974,-71.2069,104.9663
14768,61.9974,-71.2069,104.9663
14769,61.6974,-71.2069,104.9663
14770,61.3974,-71.2069,104.9663
14771,61.0974,-71.2069,104.9663
14772,60.7974,-71.2069,104.9663
14773,60.4974,-71.2069,104.9663
14774,60.1974,-71.2069,104.9663
14775,59.8974,-71.2069,104.9663
14776,59.5974,-71.2069,104.9663
14777,59.2974,-71.2069,104.9663
14778,58.9974,-71.2069,104.9663
14779,58.6974,-71.2069,104.9663
14780,58.3974,-71.2069,104.9663
14781,58.0974,-71.2069,104.9663
14782,57.7974,-71.2069,104.9663
14783,57.4974,-71.2069,104.9663
14784,57.1974,-71.2069,104.9663
14785,56.8974,-71.2069,104.9663
14786,56.5974,-71.2069,104.9663
14787,56.2974,-71.2069,104.9663
14788,55.9974,-71.2069,104.9663
14789,55.6974,-71.2069,104.9663
14790,55.3974,-71.2069,104.9663
14791,55.0974,-71.2069,104.9663
14792,54.7974,-71.2069,104.9663
14793,54.4974,-71.2069,104.9663
14794,54.1974,-71.2069,104.9663
14795,53.8974,-71.2069,104.9663
14796,53.5974,-71.2069,104.9663
14797,53.2974,-71.2069,104.9663
14798,52.9974,-71.2069,104.9663
14799,52.6974,-71.2069,104.9663
14800,52.3974,-71.2069,104.9663
14801,52.0974,-71.2069,104.9663
14802,51.7974,-71.2069,104.9663
14803,51.4974,-71.2069,104.9663
14804,51.1974,-71.2069,104.9663
14805,50.8974,-71.2069,104.9663
14806,50.5974,-71.2069,104.9663
14807,50.2974,-71.2069,104.9663
14808,49.9974,-71.2069,104.9663
14809,49.6974,-71.2069,104.9663
14810,49.3974,-71.2069,104.9663
14811,49.0974,-71.2069,104.9663
14812,48.7974,-71.2069,104.9663
14813,48.4974,-71.2069,104.9663
14814,48.1974,-71.2069,104.9663
14815,47.8974,-71.2069,104.9663
14816,47.5974,-71.2069,104.9663
14817,47.2974,-71.2069,104.9663
14818,46.9974,-71.2069,104.9663
14819,46.6974,-71.2069,104.9663
14820,46.3974,-71.2069,104.9663
14821,46.0974,-71.2069,104.9663
14822,45.7974,-71.2069,104.9663
14823,45.4974,-70.9069,104.9663
14824,45.1974,-70.6069,104.9663
14825,44.8974,-70.3069,104.9663
14826,44.5974,-70.0069,104.9663
14827,44.2974,-69.7069,104.9663
14828,43.9974,-69.4069,104.9663
14829,43.6974,-69.1069,104.9663
14830,43.3974,-68.8069,104.9663
14831,43.0974,-68.5069,104.9663
14832,42.7974,-68.2069,104.9663
14833,42.4974,-67.9069,104.9663
14834,42.1974,-67.6069,104.9663
14835,41.8974,-67.3069,104.9663
14836,41.5974,-67.0069,104.9663
14837,41.2974,-66.7069,104.9663
14838,40.9974,-66.4069,104.9663
14839,40.6974,-66.1069,104.9663
14840,40.3974,-65.8069,104.9663
14841,40.0974,-65.5069,104.9663
14842,39.7974,-65.2069,104.9663
14843,39.4974,-64.9069,104.9663
14844,39.1974,-64.6069,104.9663
14845,38.8974,-64.3069,104.9663
14846,38.5974,-64.0069,104.9663
14847,38.2974,-63.7069,104.9663
14848,37.9974,-63.4069,104.9663
14849,37.6974,-63.1069,104.9663
14850,37.3974,-62.8069,104.9663
14851,37.0974,-62.5069,104.9663
14852,36.7974,-62.2069,104.9663
14853,36.4974,-61.9069,104.9663
14854,36.1974,-61.6069,104.9663
14855,35.8974,-61.6069,104.9663
14856,35.5974,-61.6069,104.9663
14857,35.2974,-61.6069,104.9663
14858,34.9974,-61.6069,104.9663
14859,34.6974,-61.6069,104.9663
14860,34.3974,-61.6069,104.9663
14861,34.0974,-61.6069,104.9663
14862,33.7974,-61.6069,104.9663
14863,33.4974,-61.6069,104.9663
14864,33.1974,-61.6069,104.9663
14865,32.8974,-61.6069,104.9663
14866,32.5974,-61.6069,104.9663
14867,32.2974,-61.6069,104.9663
14868,31.9974,-61.6069,104.9663
14869,31.6974,-61.6069,104.9663
14870,31.3974,-61.6069,104.9663
14871,31.0974,-61.6069,104.9663
14872,30.7974,-61.6069,104.9663
14873,30.4974,-61.6069,104.9663
14874,30.1974,-61.6069,104.9663
14875,29.8974,-61.6069,104.9663
14876,29.5974,-61.6069,104.9663
14877,29.2974,-61.6069,104.9663
14878,28.9974,-61.6069,104.9663
14879,28.6974,-61.6069,104.9663
14880,28.3974,-61.6069,104.9663
14881,28.0974,-61.6069,104.9663
14882,27.7974,-61.6069,104.9663
14883,27.4974,-61.6069,104.9663
14884,27.1974,-61.6069,104.9663
14885,26.8974,-61.6069,104.9663
14886,26.5974,-61.6069,104.9663
14887,26.2974,-61.6069,104.9663
14888,25.9974,-61.6069,104.9663
14889,25.6974,-61.6069,104.9663
14890,25.3974,-61.6069,104.9663
14891,25.0974,-61.6069,104.9663
14892,24.7974,-61.6069,104.9663
14893,24.4974,-61.6069,104.9663
14894,24.1974,-61.6069,104.9663
14895,23.8974,-61.6069,104.9663
14896,23.5974,-61.6069,104.9663
14897,23.2974,-61.6069,104.9663
14898,22.9974,-61.6069,104.9663
14899,22.6974,-61.9069,104.9663
14900,22.3974,-62.2069,104.9663
14901,22.0974,-62.2069,104.9663
14902,21.7974,-62.5069,104.9663
14903,21.4974,-62.5069,104.9663
14904,21.1974,-62.8069,104.9663
14905,20.8974,-62.8069,104.9663
14906,20.5974,-62.8069,104.9663
14907,20.2974,-62.8069,104.9663
14908,19.9974,-62.8069,104.9663
14909,19.6974,-62.8069,104.9663
14910,19.3974,-62.8069,104.9663
14911,19.0974,-62.8069,104.9663
14912,18.7974,-62.8069,104.9663
14913,18.4974,-62.5069,104.9663
14914,18.1974,-62.5069,104.9663
14915,17.8974,-62.5069,104.9663
14916,17.5974,-62.5069,104.9663
14917,17.2974,-62.5069,104.9663
14918,16.9974,-62.5069,104.9663
14919,16.6974,-62.5069,104.9663
14920,16.3974,-62.5069,104.9663
14921,16.0974,-62.5069,104.9663
14922,15.7974,-62.5069,104.9663
14923,15.4974,-62.5069,104.9663
14924,15.1974,-62.5069,104.9663
14925,14.8974,-62.5069,104.9663
14926,14.5974,-62.5069,104.9663
14927,14.2974,-62.5069,104.9663
14928,13.9974,-62.5069,104.9663
14929,13.6974,-62.5069,104.9663
14930,13.3974,-62.5069,104.9663
14931,13.0974,-62.5069,104.9663
14932,12.7974,-62.5069,104.9663
14933,12.4974,-62.5069,104.9663
14934,12.1974,-62.5069,104.9663
14935,11.8974,-62.5069,104.9663
14936,11.5974,-62.5069,104.9663
14937,11.2974,-62.5069,104.9663
14938,10.9974,-62.5069,104.9663
14939,10.6974,-62.5069,104.9663
14940,10.3974,-62.5069,104.9663
14941,10.0974,-62.5069,104.9663
14942,9.7974,-62.5069,104.9663
14943,9.4974,-62.5069,104.9663
14944,9.1974,-62.5069,104.9663
14945,8.8974,-62.5069,104.9663
14946,8.5974,-62.5069,104.9663
14947,8.2974,-62.5069,104.9663
14948,7.9974,-62.5069,104.9663
14949,7.6974,-62.5069,104.9663
14950,7.3974,-62.5069,104.9663
14951,7.0974,-62.5069,104.9663
14952,6.7974,-62.5069,104.9663
14953,6.4974,-62.5069,104.9663
14954,6.1974,-62.5069,104.9663
14955,5.8974,-62.5069,104.9663
14956,5.5974,-62.5069,104.9663
14957,5.2974,-62.5069,104.9663
14958,4.9974,-62.5069,104.9663
14959,4.6974,-62.5069,104.9663
14960,4.3974,-62.5069,104.9663
14961,4.0974,-62.5069,104.9663
14962,3.7974,-62.5069,104.9663
14963,3.4974,-62.5069,104.9663
14964,3.1974,-62.5069,104.9663
14965,2.8974,-62.5069,104.9663
14966,2.5974,-62.5069,104.9663
14967,2.2974,-62.5069,104.9663
14968,1.9974,-62.5069,104.9663
14969,1.6974,-62.5069,104.9663
14970,1.3974,-62.5069,104.9663
14971,1.0974,-62.5069,104.9663
14972,0.7974,-62.5069,104.9663
14973,0.4974,-62.5069,104.9663
14974,0.1974,-62.5069,104.9663
14975,-0.1026,-62.5069,104.9663
14976,-0.4026,-62.5069,104.9663
14977,-0.7026,-62.5069,104.9663
14978,-1.0026,-62.5069,104.9663
14979,-1.3026,-62.5069,104.9663
14980,-1.6026,-62.5069,104.9663
14981,-1.9026,-62.5069,104.9663
14982,-2.2026,-62.5069,104.9663
14983,-2.5026,-62.5069,104.9663
14984,-2.8026,-62.5069,104.9663
14985,-3.1026,-62.5069,104.9663
14986,-3.4026,-62.5069,104.9663
14987,-3.7026,-62.5069,104.9663
14988,-4.0026,-62.5069,104.9663
14989,-4.3026,-62.5069,104.9663
14990,-4.6026,-62.5069,104.9663
14991,-4.9026,-62.5069,104.9663
14992,-5.2026,-62.5069,104.9663
14993,-5.5026,-62.5069,104.9663
14994,-5.8026,-62.5069,104.9663
14995,-6.1026,-62.5069,104.9663
14996,-6.4026,-62.5069,104.9663
14997,-6.7026,-62.5069,104.9663
14998,-7.0026,-62.5069,104.9663
14999,-7.3026,-62.5069,104.9663
15000,-7.6026,-62.5069,104.9663
15001,-7.9026,-62.5069,104.9663
15002,-8.2026,-62.5069,104.9663
15003,-8.5026,-62.2069,104.9663
15004,-8.8026,-61.9069,104.9663
15005,-9.1026,-61.6069,104.9663
15006,-9.4026,-61.3069,104.9663
15007,-9.7026,-61.0069,104.9663
15008,-10.0026,-60.7069,104.9663
15009,-10.3026,-60.4069,104.9663
15010,-10.6026,-60.1069,104.9663
15011,-10.9026,-59.8069,104.9663
15012,-11.2026,-59.5069,104.9663
15013,-11.5026,-59.2069,104.9663
15014,-11.8026,-58.9069,104.9663
15015,-12.1026,-58.6069,104.9663
15016,-12.4026,-58.3069,104.9663
15017,-12.7026,-58.0069,104.9663
15018,-13.0026,-57.7069,104.9663
15019,-13.3026,-57.4069,104.9663
15020,-13.6026,-57.1069,104.9663
15021,-13.9026,-56.8069,104.9663
15022,-14.2026,-56.5069,104.9663
15023,-14.5026,-56.2069,104.9663
15024,-14.8026,-55.9069,104.9663
15025,-15.1026,-55.6069,104.9663
15026,-15.4026,-55.3069,104.9663
15027,-15.7026,-55.0069,104.9663
15028,-16.0026,-54.7069,104.9663
15029,-16.3026,-54.4069,104.9663
15030,-16.6026,-54.4069,104.9663
15031,-16.9026,-54.4069,104.9663
15032,-17.2026,-54.4069,104.9663
15033,-17.5026,-54.4069,104.9663
15034,-17.8026,-54.4069,104.9663
15035,-18.1026,-54.4069,104.9663
15036,-18.4026,-54.4069,104.9663
15037,-18.7026,-54.4069,104.9663
15038,-19.0026,-54.4069,104.9663
15039,-19.3026,-54.4069,104.9663
15040,-19.6026,-54.4069,104.9663
15041,-19.9026,-54.4069,104.9663
15042,-20.2026,-54.4069,104.9663
15043,-20.5026,-54.4069,104.9663
15044,-20.8026,-54.4069,104.9663
15045,-21.1026,-54.4069,104.9663
15046,-21.4026,-54.4069,104.9663
15047,-21.7026,-54.4069,104.9663
15048,-22.0026,-54.4069,104.9663
15049,-22.3026,-54.4069,104.9663
15050,-22.6026,-54.4069,104.9663
15051,-22.9026,-54.4069,104.9663
15052,-23.2026,-54.4069,104.9663
15053,-23.5026,-54.4069,104.9663
15054,-23.8026,-54.4069,104.9663
15055,-24.1026,-54.4069,104.9663
15056,-24.4026,-54.4069,104.9663
15057,-24.7026,-54.4069,104.9663
15058,-25.0026,-54.4069,104.9663
15059,-25.3026,-54.4069,104.9663
15060,-25.6026,-54.4069,104.9663
15061,-25.9026,-54.4069,104.9663
15062,-26.2026,-54.4069,104.9663
15063,-26.5026,-54.4069,104.9663
15064,-26.8026,-54.4069,104.9663
15065,-27.1026,-54.4069,104.9663
15066,-27.4026,-54.4069,104.9663
15067,-27.7026,-54.4069,104.9663
15068,-28.0026,-54.4069,104.9663
15069,-28.3026,-54.4069,104.9663
15070,-28.6026,-54.1069,104.9663
15071,-28.9026,-54.1069,104.9663
15072,-29.2026,-53.8069,104.9663
15073,-29.5026,-53.8069,104.9663
15074,-29.8026,-53.8069,104.9663
15075,-30.1026,-53.5069,104.9663
15076,64.2716,-69.9284,105.1000
