path_id,x,y,z
0,31.1645,-148.2355,78.1000
1,31.3974,-148.3069,77.9663
2,31.6974,-148.3069,77.9663
3,31.9974,-148.6069,77.9663
4,32.2974,-148.6069,77.9663
5,32.5974,-148.9069,77.9663
6,32.8974,-149.2069,77.9663
7,33.1974,-149.2069,77.9663
8,33.4974,-149.2069,77.9663
9,33.7974,-149.2069,77.9663
10,34.0974,-149.2069,77.9663
11,34.3974,-149.2069,77.9663
12,34.6974,-149.2069,77.9663
13,34.9974,-149.2069,77.9663
14,35.2974,-149.5069,77.6663
15,35.5974,-149.5069,77.6663
16,35.8974,-149.5069,77.6663
17,36.1974,-149.5069,77.6663
18,36.4974,-149.5069,77.6663
19,36.7974,-149.5069,77.6663
20,37.0974,-149.5069,77.6663
21,37.3974,-149.5069,77.6663
22,37.6974,-149.5069,77.6663
23,37.9974,-149.5069,77.6663
24,38.2974,-149.5069,77.6663
25,38.5974,-149.5069,77.6663
26,38.8974,-149.5069,77.6663
27,39.1974,-149.5069,77.6663
28,39.4974,-149.8069,77.6663
29,39.7974,-149.8069,77.6663
30,40.0974,-149.8069,77.6663
31,40.3974,-149.8069,77.6663
32,40.6974,-149.8069,77.6663
33,40.9974,-149.8069,77.6663
34,41.2974,-149.8069,77.6663
35,41.5974,-150.1069,77.6663
36,41.8974,-150.1069,77.6663
37,42.1974,-150.1069,77.6663
38,42.4974,-150.1069,77.6663
39,42.7974,-150.1069,77.6663
40,43.0974,-150.4069,77.6663
41,43.3974,-150.4069,77.6663
42,43.6974,-150.7069,77.3663
43,43.9974,-150.7069,77.3663
44,44.2974,-150.7069,77.3663
45,44.5974,-150.7069,77.3663
46,44.8974,-150.7069,77.3663
47,45.1974,-150.7069,77.3663
48,45.4974,-150.7069,77.3663
49,45.7974,-150.7069,77.3663
50,46.0974,-150.7069,77.3663
51,46.3974,-150.7069,77.3663
52,46.6974,-151.0069,77.0663
53,46.9974,-151.0069,77.0663
54,47.2974,-151.0069,77.0663
55,47.5974,-151.0069,77.0663
56,47.8974,-151.0069,77.0663
57,48.1974,-151.0069,77.0663
58,48.4974,-151.3069,76.7663
59,48.7974,-151.3069,76.7663
60,49.0974,-151.3069,76.7663
61,49.3974,-151.3069,76.7663
62,49.6974,-151.6069,76.7663
63,49.9974,-151.6069,76.7663
64,50.2974,-151.6069,76.7663
65,50.5974,-151.6069,76.7663
66,50.8974,-151.6069,76.7663
67,51.1974,-151.6069,76.7663
68,51.4974,-151.9069,76.7663
69,51.7974,-151.9069,76.7663
70,52.0974,-151.9069,76.7663
71,52.3974,-151.9069,76.7663
72,52.6974,-151.9069,76.7663
73,52.9974,-151.9069,76.7663
74,53.2974,-151.9069,76.7663
75,53.5974,-152.2069,76.7663
76,53.8974,-152.2069,76.7663
77,54.1974,-152.2069,76.7663
78,54.4974,-152.2069,76.7663
79,54.7974,-152.5069,76.7663
80,55.0974,-152.5069,76.7663
81,55.3974,-152.5069,76.7663
82,55.6974,-152.5069,76.7663
83,55.9974,-152.5069,76.7663
84,56.2974,-152.5069,76.7663
85,56.5974,-152.5069,76.7663
86,56.8974,-152.5069,76.7663
87,57.1974,-152.5069,76.7663
88,57.4974,-152.8069,76.7663
89,57.7974,-152.8069,76.7663
90,58.0974,-152.8069,76.7663
91,58.3974,-152.8069,76.7663
92,58.6974,-153.1069,76.7663
93,58.9974,-153.1069,76.7663
94,59.2974,-153.1069,76.7663
95,59.5974,-153.1069,76.7663
96,59.8974,-153.1069,76.7663
97,60.1974,-153.1069,76.7663
98,60.4974,-153.1069,76.7663
99,60.7974,-153.1069,76.7663
100,61.0974,-153.4069,76.7663
101,61.3974,-153.4069,76.7663
102,61.6974,-153.4069,76.7663
103,61.9974,-153.1069,76.7663
104,62.2974,-153.1069,76.7663
105,62.5974,-153.1069,76.7663
106,62.8974,-153.1069,76.7663
107,63.1974,-152.8069,76.7663
108,63.4974,-152.5069,76.7663
109,63.7974,-152.5069,76.7663
110,64.0974,-152.2069,76.7663
111,64.3974,-152.2069,76.7663
112,64.6974,-151.9069,76.7663
113,64.9974,-151.9069,76.7663
114,65.2974,-151.6069,76.7663
115,65.5974,-151.3069,76.7663
116,65.8974,-151.0069,76.7663
117,66.1974,-150.7069,76.7663
118,66.4974,-150.4069,76.7663
119,66.4974,-150.1069,76.7663
120,66.7974,-149.8069,76.7663
121,66.7974,-149.5069,76.7663
122,67.0974,-149.2069,76.7663
123,67.0974,-148.9069,76.7663
124,67.0974,-148.6069,76.7663
125,67.0974,-148.3069,76.7663
126,67.0974,-148.0069,76.7663
127,67.0974,-147.7069,76.7663
128,67.0974,-147.4069,76.7663
129,67.0974,-147.1069,76.7663
130,67.0974,-146.8069,76.7663
131,67.0974,-146.5069,76.7663
132,66.7974,-146.2069,77.0663
133,66.7974,-145.9069,77.0663
134,66.7974,-145.6069,77.0663
135,66.4974,-145.3069,77.3663
136,66.1974,-145.0069,77.6663
137,65.8974,-144.7069,77.6663
138,65.5974,-144.4069,77.9663
139,65.2974,-144.1069,77.9663
140,64.9974,-143.8069,78.2663
141,64.6974,-143.8069,78.2663
142,64.9974,-143.8069,78.2663
143,65.2974,-144.1069,78.2663
144,65.5974,-144.1069,78.2663
145,65.8974,-144.4069,78.2663
146,66.1974,-144.7069,78.2663
147,66.4974,-145.0069,78.2663
148,66.7974,-145.3069,78.2663
149,67.0974,-145.6069,78.2663
150,67.0974,-145.9069,78.2663
151,67.3974,-146.2069,78.2663
152,67.3974,-146.5069,78.2663
153,67.6974,-146.8069,78.2663
154,67.6974,-147.1069,78.2663
155,67.6974,-147.4069,78.2663
156,67.6974,-147.7069,78.2663
157,67.6974,-148.0069,78.2663
158,67.6974,-148.3069,78.2663
159,67.6974,-148.6069,78.2663
160,67.6974,-148.9069,78.2663
161,67.6974,-149.2069,78.2663
162,67.3974,-149.5069,78.2663
163,67.3974,-149.8069,78.2663
164,67.0974,-150.1069,78.2663
165,67.0974,-150.4069,78.2663
166,66.7974,-150.7069,78.2663
167,66.4974,-151.0069,77.9663
168,66.1974,-151.3069,77.6663
169,65.8974,-151.6069,77.6663
170,65.8974,-151.9069,77.6663
171,65.5974,-152.2069,77.6663
172,65.2974,-152.5069,77.6663
173,64.9974,-152.8069,77.6663
174,64.6974,-153.1069,77.6663
175,64.3974,-153.4069,77.6663
176,64.0974,-153.4069,77.6663
177,63.7974,-153.4069,77.6663
178,63.4974,-153.4069,77.6663
179,63.1974,-153.4069,77.6663
180,62.8974,-153.4069,77.6663
181,62.5974,-153.4069,77.6663
182,62.2974,-153.4069,77.6663
183,61.9974,-153.4069,77.6663
184,61.6974,-153.4069,77.6663
185,61.3974,-153.4069,77.6663
186,61.0974,-153.4069,77.6663
187,60.7974,-153.4069,77.6663
188,60.4974,-153.4069,77.6663
189,60.1974,-153.4069,77.6663
190,59.8974,-153.4069,77.9663
191,59.5974,-153.4069,77.9663
192,59.2974,-153.4069,77.9663
193,58.9974,-153.1069,78.2663
194,58.6974,-153.1069,78.2663
195,58.3974,-153.1069,78.2663
196,58.0974,-153.1069,78.2663
197,57.7974,-153.1069,78.2663
198,57.4974,-153.1069,78.2663
199,57.1974,-152.8069,78.2663
200,56.8974,-152.8069,78.2663
201,56.5974,-152.8069,78.2663
202,56.2974,-152.8069,78.2663
203,55.9974,-152.5069,78.5663
204,55.3645,-152.4355,78.3000
205,55.0974,-152.5069,78.2663
206,54.7974,-152.5069,78.2663
207,54.4974,-152.5069,78.2663
208,54.1974,-152.5069,78.2663
209,53.8974,-152.5069,78.2663
210,53.5974,-152.5069,78.2663
211,53.2974,-152.2069,77.9663
212,52.9974,-152.2069,77.9663
213,52.6974,-151.9069,77.9663
214,52.3974,-151.9069,77.9663
215,52.0974,-151.9069,77.9663
216,51.7974,-151.9069,77.9663
217,51.4974,-151.9069,77.9663
218,51.1974,-151.9069,77.9663
219,50.8974,-151.9069,77.9663
220,50.5974,-151.9069,77.9663
221,50.2974,-151.9069,77.9663
222,49.9974,-151.6069,78.2663
223,49.6974,-151.6069,78.2663
224,49.3974,-151.6069,78.2663
225,49.0974,-151.6069,78.2663
226,48.7974,-151.6069,78.2663
227,48.4974,-151.6069,78.2663
228,48.1974,-151.3069,77.9663
229,44.9693,-150.5955,78.1000
230,44.5974,-150.7069,77.9663
231,44.2974,-150.7069,77.9663
232,43.9974,-150.7069,77.9663
233,43.6974,-150.7069,77.9663
234,43.3974,-150.4069,77.9663
235,43.0974,-150.4069,77.9663
236,42.7974,-150.4069,77.9663
237,42.4974,-150.1069,77.9663
238,42.1974,-150.1069,77.9663
239,41.8974,-150.1069,77.9663
240,41.5974,-150.1069,77.9663
241,41.2974,-150.1069,77.9663
242,40.9974,-150.1069,77.9663
243,40.6974,-150.1069,77.9663
244,40.3974,-150.1069,77.9663
245,40.0974,-150.1069,77.9663
246,39.7974,-150.1069,77.9663
247,39.4974,-150.1069,77.9663
248,39.1974,-150.1069,77.9663
249,38.8974,-150.1069,77.9663
250,38.5974,-150.1069,77.9663
251,38.2974,-150.1069,77.9663
252,37.9974,-149.8069,78.2663
253,37.6974,-149.8069,78.2663
254,37.3974,-149.5069,78.2663
255,37.0974,-149.5069,78.2663
256,36.7974,-149.2069,78.2663
257,36.4974,-149.2069,78.2663
258,36.1974,-149.2069,78.2663
259,35.8974,-148.9069,78.5663
260,35.5693,-148.9955,78.3000
261,35.3000,-148.9000,78.3000
262,34.5022,-148.7824,78.3000
263,34.0974,-148.9069,78.2663
264,33.7974,-148.9069,78.2663
265,33.4974,-148.9069,78.2663
266,33.1974,-148.6069,78.2663
267,32.8974,-148.6069,78.2663
268,32.5974,-148.6069,78.2663
269,32.2974,-148.6069,78.2663
270,31.9974,-148.6069,78.2663
271,31.6974,-148.6069,78.2663
272,31.3974,-148.6069,78.2663
273,31.0974,-148.6069,78.2663
274,30.7974,-148.3069,78.2663
275,30.4974,-148.3069,78.2663
276,30.1974,-148.3069,78.2663
277,29.8974,-148.0069,78.2663
278,29.6603,-147.9498,78.3000
279,29.2974,-148.0069,78.2663
280,28.9974,-148.0069,78.2663
281,28.6974,-148.0069,78.2663
282,28.3974,-148.0069,78.2663
283,28.0974,-148.0069,78.2663
284,27.7974,-148.0069,78.2663
285,27.4974,-148.0069,78.2663
286,27.1974,-148.0069,78.2663
287,26.8974,-148.0069,78.2663
288,26.5974,-148.0069,78.2663
289,26.2974,-148.0069,78.2663
290,25.9974,-148.0069,78.2663
291,25.6974,-148.0069,78.2663
292,25.3974,-148.0069,78.2663
293,25.0974,-147.7069,78.5663
294,24.7974,-147.7069,78.5663
295,24.4974,-147.7069,78.5663
296,24.1974,-147.7069,78.5663
297,23.8974,-147.7069,78.5663
298,23.5974,-147.4069,78.5663
299,23.2974,-147.4069,78.5663
300,22.9974,-147.1069,78.5663
301,22.6974,-147.1069,78.5663
302,22.3974,-147.1069,78.5663
303,22.0974,-146.8069,78.5663
304,21.7974,-146.8069,78.5663
305,21.4974,-146.8069,78.5663
306,21.1974,-146.8069,78.5663
307,20.8974,-146.5069,78.2663
308,20.5974,-146.5069,77.9663
309,20.2974,-146.5069,77.9663
310,19.7788,-146.3672,78.3000
311,19.3974,-146.5069,78.2663
312,19.0974,-146.2069,77.9663
313,18.7974,-146.2069,77.9663
314,18.4974,-145.9069,77.9663
315,17.7743,-145.7976,78.5000
316,17.5974,-145.9069,78.2663
317,17.2974,-145.9069,78.2663
318,16.9974,-145.9069,78.2663
319,16.6974,-145.6069,77.9663
320,16.3974,-145.6069,77.9663
321,16.0974,-145.6069,77.9663
322,15.7974,-145.6069,77.9663
323,15.4974,-145.6069,77.9663
324,15.1974,-145.3069,77.9663
325,14.8974,-145.3069,77.9663
326,14.5974,-145.0069,77.9663
327,14.2974,-145.0069,77.9663
328,13.9974,-144.7069,77.9663
329,13.6974,-144.4069,77.9663
330,13.3974,-144.1069,77.9663
331,13.0974,-143.8069,77.9663
332,12.7974,-143.5069,77.9663
333,12.4974,-143.2069,77.9663
334,12.4974,-142.9069,77.9663
335,12.1974,-142.6069,78.2663
336,12.1974,-142.3069,78.2663
337,11.8974,-142.0069,78.2663
338,11.8974,-141.7069,78.2663
339,5.7527,-140.7527,78.5000
340,5.5974,-141.1069,78.5663
341,5.2974,-141.4069,78.5663
342,4.9974,-141.7069,78.5663
343,4.6974,-142.0069,78.5663
344,4.3974,-142.3069,78.5663
345,4.0974,-142.6069,78.5663
346,3.7974,-142.9069,78.2663
347,3.4974,-142.9069,78.2663
348,3.1974,-142.9069,78.2663
349,2.8974,-142.9069,78.2663
350,2.5974,-142.9069,78.2663
351,2.2974,-142.9069,78.2663
352,1.9974,-142.9069,78.2663
353,1.6974,-142.9069,78.2663
354,1.3974,-142.9069,78.2663
355,1.0974,-142.9069,78.2663
356,0.7974,-142.9069,78.2663
357,0.4974,-142.6069,78.2663
358,0.1974,-142.6069,78.2663
359,-0.1026,-142.3069,78.2663
360,-0.4026,-142.3069,78.2663
361,-0.7026,-142.0069,78.2663
362,-1.0026,-141.7069,78.2663
363,-1.3026,-141.4069,78.2663
364,-1.6026,-141.1069,78.2663
365,-1.9026,-140.8069,78.2663
366,-2.2026,-140.5069,78.2663
367,-2.2026,-140.2069,78.2663
368,-2.2026,-139.9069,78.2663
369,-2.5026,-139.6069,78.2663
370,-2.5026,-139.3069,78.2663
371,-2.5026,-139.0069,78.2663
372,-2.5026,-138.7069,78.2663
373,-2.8026,-139.0069,78.2663
374,-3.1026,-139.3069,78.2663
375,-3.4026,-139.6069,78.2663
376,-3.7026,-139.9069,78.2663
377,-4.0026,-140.2069,78.2663
378,-4.3026,-140.2069,78.2663
379,-4.6026,-140.5069,78.2663
380,-4.9026,-140.5069,78.2663
381,-5.2026,-140.5069,78.2663
382,-5.5026,-140.5069,78.2663
383,-5.8026,-140.5069,78.2663
384,-6.1026,-140.5069,78.2663
385,-6.4026,-140.5069,78.2663
386,-6.7026,-140.5069,78.2663
387,-7.0026,-140.5069,78.2663
388,-7.3026,-140.5069,78.2663
389,-7.6026,-140.5069,78.2663
390,-7.9026,-140.5069,78.2663
391,-8.2026,-140.5069,78.2663
392,-8.5026,-140.5069,78.2663
393,-8.8026,-140.5069,78.2663
394,-9.1026,-140.5069,78.2663
395,-9.4026,-140.2069,78.2663
396,-9.7026,-140.2069,78.2663
397,-10.0026,-140.2069,78.2663
398,-10.3026,-139.9069,78.2663
399,-10.6026,-139.9069,78.2663
400,-10.9026,-140.2069,78.2663
401,-11.2026,-140.2069,78.2663
402,-11.5026,-140.5069,78.2663
403,-11.8026,-140.5069,78.2663
404,-12.1026,-140.5069,78.2663
405,-12.4026,-140.5069,78.2663
406,-12.7026,-140.5069,78.2663
407,-13.0026,-140.5069,78.2663
408,-13.3026,-140.5069,78.2663
409,-13.6026,-140.5069,78.2663
410,-13.9026,-140.5069,78.2663
411,-14.2026,-140.2069,78.2663
412,-14.5026,-140.2069,78.2663
413,-14.8026,-140.2069,78.2663
414,-15.1026,-139.9069,78.2663
415,-15.4026,-139.6069,78.2663
416,-15.7026,-139.6069,78.2663
417,-16.0026,-139.3069,78.5663
418,-16.0026,-139.0069,78.5663
419,-16.3026,-138.7069,78.5663
420,-16.6026,-138.4069,78.5663
421,-16.6026,-138.1069,78.5663
422,-16.9026,-137.8069,78.5663
423,-16.9026,-137.5069,78.5663
424,-17.2026,-137.2069,78.2663
425,-17.2026,-136.9069,78.2663
426,-17.2026,-136.6069,78.2663
427,-23.6230,-137.7770,78.1000
428,-25.3845,-137.5415,78.3000
429,-25.6026,-137.8069,78.2663
430,-25.9026,-137.8069,78.2663
431,-26.2026,-137.8069,78.2663
432,-26.5026,-138.1069,78.2663
433,-26.8026,-138.1069,78.2663
434,-27.1026,-138.1069,78.2663
435,-27.4026,-138.1069,78.2663
436,-27.7026,-138.1069,78.2663
437,-28.0026,-138.1069,78.2663
438,-28.3026,-138.1069,78.2663
439,-28.6026,-138.1069,78.2663
440,-28.9026,-138.1069,78.2663
441,-29.2026,-138.1069,78.2663
442,-29.5026,-138.1069,78.2663
443,-29.8026,-138.1069,78.2663
444,-30.1026,-138.1069,78.2663
445,-30.4026,-138.1069,78.2663
446,-30.7026,-138.1069,78.2663
447,-31.0026,-138.1069,78.2663
448,-31.3026,-138.1069,78.2663
449,-31.6026,-137.8069,78.2663
450,-31.9026,-137.8069,78.2663
451,-32.2026,-137.8069,78.2663
452,-32.5026,-137.5069,77.9663
453,-32.8026,-137.5069,77.9663
454,-33.1026,-137.2069,77.9663
455,-33.6917,-137.1083,78.3000
456,-34.1022,-137.1824,78.3000
457,-34.3026,-137.2069,78.2663
458,-34.6026,-137.2069,78.2663
459,-34.9026,-137.2069,78.2663
460,-35.2026,-136.9069,77.9663
461,-35.8331,-136.5669,78.3000
462,-36.1026,-136.6069,78.2663
463,-36.4026,-136.6069,78.2663
464,-36.7026,-136.6069,78.2663
465,-37.0026,-136.6069,78.2663
466,-37.3026,-136.6069,78.2663
467,-37.6026,-136.6069,78.2663
468,-37.9026,-136.6069,78.2663
469,-38.2026,-136.6069,78.2663
470,-38.5026,-136.6069,78.2663
471,-38.8026,-136.6069,78.2663
472,-39.1026,-136.6069,78.2663
473,-39.4026,-136.3069,78.2663
474,-39.7026,-136.3069,78.2663
475,-40.0026,-136.3069,78.2663
476,-40.3026,-136.0069,78.2663
477,-40.6026,-136.0069,78.2663
478,-40.9026,-136.0069,78.2663
479,-41.2026,-136.0069,78.2663
480,-41.5026,-136.0069,78.2663
481,-41.8026,-136.0069,78.2663
482,-42.1026,-136.0069,78.2663
483,-42.4026,-136.0069,78.2663
484,-42.7026,-136.0069,78.2663
485,-43.0026,-136.0069,78.2663
486,-43.3026,-136.0069,78.2663
487,-43.6026,-136.0069,78.2663
488,-43.9026,-136.0069,78.2663
489,-44.2026,-136.0069,78.2663
490,-44.5026,-136.0069,78.2663
491,-44.8026,-135.7069,78.5663
492,-45.1026,-135.7069,78.5663
493,-45.4026,-135.7069,78.5663
494,-45.7026,-135.7069,78.5663
495,-46.0026,-135.4069,78.5663
496,-46.4355,-135.0355,78.3000
497,-46.6026,-134.8069,77.9663
498,-46.6026,-134.5069,77.9663
499,-46.9026,-134.2069,77.6663
500,-47.2026,-133.9069,77.6663
501,-47.5026,-133.6069,77.6663
502,-47.8026,-133.3069,77.6663
503,-47.8026,-133.0069,77.6663
504,-47.8026,-132.7069,77.6663
505,-48.1026,-132.4069,77.3663
506,-48.1026,-132.1069,77.3663
507,-48.1026,-131.8069,77.3663
508,-48.1026,-131.5069,77.3663
509,-48.4026,-131.2069,77.3663
510,-48.4026,-130.9069,77.3663
511,-48.4026,-130.6069,77.3663
512,-48.4026,-130.3069,77.3663
513,-48.4026,-130.0069,77.3663
514,-48.4026,-129.7069,77.3663
515,-48.4026,-129.4069,77.3663
516,-48.4026,-129.1069,77.3663
517,-48.4026,-128.8069,77.6663
518,-48.4026,-128.5069,77.9663
519,-48.4026,-128.2069,78.2663
520,-48.4026,-128.2069,78.5663
521,-48.4026,-127.9069,78.5663
522,-48.1026,-127.6069,78.5663
523,-48.1026,-127.3069,78.5663
524,-47.8026,-127.0069,78.5663
525,-47.5026,-126.7069,78.5663
526,-47.2026,-126.4069,78.5663
527,-46.9026,-126.1069,78.5663
528,-46.6026,-126.1069,78.5663
529,-46.3026,-125.8069,78.5663
530,-46.0026,-125.8069,78.5663
531,-45.7026,-125.5069,78.2663
532,-45.4026,-125.5069,78.2663
533,-45.1026,-125.5069,78.2663
534,-44.8026,-125.5069,78.2663
535,-44.8026,-125.5069,78.5663
536,-44.8026,-125.5069,78.8663
537,-45.1026,-125.5069,79.1663
538,-45.1026,-125.5069,79.4663
539,-45.1026,-125.5069,79.7663
540,-45.1026,-125.5069,80.0663
541,-45.4026,-125.8069,80.3663
542,-45.4026,-125.8069,80.6663
543,-45.7026,-126.1069,80.9663
544,-46.0026,-126.4069,81.2663
545,-46.3026,-126.7069,81.5663
546,-46.6026,-127.0069,81.8663
547,-46.9026,-127.3069,82.1663
548,-46.9026,-127.3069,82.4663
549,-47.2026,-127.6069,82.7663
550,-47.5026,-127.9069,83.0663
551,-47.8026,-128.2069,83.3663
552,-48.1026,-128.5069,83.6663
553,-48.1026,-128.8069,83.6663
554,-48.4026,-129.1069,83.9663
555,-48.4026,-129.4069,83.9663
556,-48.4026,-129.7069,84.2663
557,-48.4026,-130.0069,84.5663
558,-48.4026,-130.3069,84.5663
559,-48.4026,-130.6069,84.8663
560,-48.4026,-130.9069,84.8663
561,-48.4026,-131.2069,84.8663
562,-48.4026,-131.5069,84.8663
563,-48.4026,-131.8069,84.8663
564,-48.4026,-132.1069,84.8663
565,-48.4026,-132.4069,84.8663
566,-48.4026,-132.7069,84.5663
567,-48.4026,-133.0069,84.5663
568,-48.4026,-133.3069,84.2663
569,-48.4026,-133.6069,83.9663
570,-48.4026,-133.9069,83.6663
571,-48.4026,-134.2069,83.3663
572,-48.4026,-134.5069,83.0663
573,-48.4026,-134.8069,82.7663
574,-48.4026,-134.8069,82.4663
575,-48.4026,-135.1069,82.1663
576,-48.4026,-135.1069,81.8663
577,-48.4026,-135.1069,81.5663
578,-48.4026,-135.1069,81.2663
579,-48.1026,-135.4069,81.2663
580,-47.8026,-135.4069,81.2663
581,-47.5026,-135.7069,81.2663
582,-47.2026,-135.7069,81.2663
583,-46.9026,-136.0069,81.2663
584,-46.6026,-136.0069,81.2663
585,-46.3026,-136.0069,81.2663
586,-46.0026,-136.0069,81.2663
587,-45.7026,-136.0069,81.2663
588,-45.4026,-136.0069,81.2663
589,-45.1026,-136.0069,81.2663
590,-44.8026,-136.0069,81.2663
591,-44.5026,-136.0069,81.2663
592,-44.2026,-136.0069,81.2663
593,-43.9026,-136.0069,81.2663
594,-43.6026,-136.0069,81.2663
595,-43.3026,-136.0069,81.2663
596,-43.0026,-136.0069,81.2663
597,-42.7026,-136.0069,81.2663
598,-42.4026,-136.0069,81.2663
599,-42.1026,-136.0069,81.2663
600,-41.8026,-136.0069,81.2663
601,-41.5026,-136.0069,81.2663
602,-41.2026,-135.7069,80.9663
603,-40.9026,-135.7069,80.9663
604,-40.6026,-135.4069,80.9663
605,-40.3026,-135.4069,80.9663
606,-40.0026,-135.7069,80.9663
607,-39.7026,-135.7069,80.9663
608,-39.4026,-135.7069,80.9663
609,-39.1026,-136.0069,80.9663
610,-38.8026,-136.3069,80.9663
611,-38.5026,-136.3069,80.9663
612,-38.2026,-136.3069,80.9663
613,-37.9026,-136.3069,80.9663
614,-37.6026,-136.3069,80.9663
615,-37.3026,-136.3069,80.9663
616,-37.0026,-136.3069,80.9663
617,-36.7026,-136.3069,80.9663
618,-36.4026,-136.6069,81.2663
619,-36.1026,-136.6069,81.2663
620,-35.8026,-136.6069,81.2663
621,-35.5026,-136.6069,81.2663
622,-35.2026,-136.6069,81.2663
623,-34.9026,-136.6069,81.2663
624,-34.6026,-136.9069,81.2663
625,-34.3026,-136.9069,81.2663
626,-34.0026,-136.9069,81.2663
627,-33.7026,-136.9069,81.2663
628,-33.4026,-136.9069,81.2663
629,-33.1026,-137.2069,81.2663
630,-32.8026,-137.2069,81.2663
631,-32.5026,-137.2069,81.2663
632,-32.2026,-137.5069,81.2663
633,-31.9026,-137.5069,81.2663
634,-31.6026,-137.5069,81.2663
635,-27.5907,-136.2038,81.3000
636,-24.7159,-136.8841,81.3000
637,-24.4026,-136.6069,81.2663
638,-24.4026,-136.3069,81.2663
639,-24.1026,-136.0069,81.2663
640,-23.8026,-135.7069,81.2663
641,-23.8026,-135.4069,81.2663
642,-23.5026,-135.1069,81.2663
643,-21.5567,-134.3961,81.3000
644,-22.0026,-134.2069,80.9663
645,-22.0026,-133.9069,80.9663
646,-22.0026,-133.6069,80.9663
647,-22.0026,-133.3069,80.9663
648,-22.3026,-133.0069,80.9663
649,-22.6026,-132.7069,80.9663
650,-22.6026,-132.4069,80.9663
651,-22.6026,-132.1069,80.9663
652,-22.6026,-131.8069,80.9663
653,-22.6026,-131.5069,80.9663
654,-22.6026,-131.2069,80.9663
655,-22.9026,-130.9069,81.2663
656,-22.9026,-130.6069,81.2663
657,-23.2026,-130.3069,81.2663
658,-23.5026,-130.0069,81.2663
659,-23.5026,-129.7069,81.2663
660,-23.8026,-129.4069,81.2663
661,-24.1026,-129.1069,81.2663
662,-24.4026,-128.8069,81.2663
663,-24.7026,-128.5069,81.2663
664,-25.0026,-128.2069,81.2663
665,-25.3026,-128.2069,81.2663
666,-25.6026,-127.9069,81.2663
667,-25.9026,-127.9069,81.2663
668,-25.6026,-127.9069,81.2663
669,-25.3026,-128.2069,81.2663
670,-25.0026,-128.5069,81.2663
671,-24.7026,-128.5069,81.2663
672,-24.4026,-128.8069,81.2663
673,-24.1026,-129.1069,81.2663
674,-23.8026,-129.4069,81.2663
675,-23.5026,-129.7069,81.2663
676,-23.2026,-130.0069,81.2663
677,-22.9026,-130.3069,81.2663
678,-22.6026,-130.6069,81.2663
679,-22.3026,-130.9069,81.2663
680,-22.0026,-131.2069,81.2663
681,-21.7026,-131.5069,81.2663
682,-21.4026,-131.8069,81.2663
683,-21.1026,-132.1069,81.2663
684,-20.8026,-132.4069,81.2663
685,-20.5026,-132.7069,81.2663
686,-20.2026,-133.0069,81.2663
687,-19.9026,-133.3069,81.2663
688,-19.9026,-133.6069,81.2663
689,-19.9026,-133.9069,81.2663
690,-19.9026,-134.2069,81.2663
691,-19.6026,-134.5069,81.2663
692,-19.3026,-134.8069,81.2663
693,-19.0026,-134.5069,80.9663
694,-18.7026,-134.2069,80.9663
695,-18.4026,-133.9069,80.9663
696,-18.1026,-133.6069,80.9663
697,-17.8026,-133.3069,80.9663
698,-17.5026,-133.0069,80.9663
699,-17.2026,-133.0069,80.9663
700,-16.9026,-132.7069,80.9663
701,-16.6026,-132.4069,80.9663
702,-16.3026,-132.1069,80.9663
703,-16.0026,-131.8069,80.9663
704,-15.7026,-131.5069,80.9663
705,-15.4026,-131.2069,80.9663
706,-15.1026,-130.9069,80.9663
707,-14.8026,-130.9069,80.9663
708,-14.5026,-130.6069,81.2663
709,-14.2026,-130.6069,81.2663
710,-13.9026,-130.3069,81.2663
711,-13.6026,-130.3069,81.2663
712,-13.3026,-130.3069,81.2663
713,-13.0026,-130.3069,81.2663
714,-12.7026,-130.3069,81.2663
715,-12.4026,-130.3069,81.2663
716,-12.1026,-130.3069,81.2663
717,-11.8026,-130.3069,81.2663
718,-11.5026,-130.3069,81.2663
719,-11.2026,-130.3069,81.2663
720,-10.9026,-130.6069,80.9663
721,-10.6026,-130.6069,80.9663
722,-10.3026,-130.9069,80.9663
723,-10.0026,-130.9069,80.9663
724,-9.7026,-131.2069,80.9663
725,-9.4026,-131.5069,80.9663
726,-9.1026,-131.8069,80.9663
727,-8.8026,-132.1069,80.9663
728,-8.5026,-132.4069,80.9663
729,-8.2026,-132.7069,80.9663
730,-7.9026,-133.0069,80.9663
731,-7.6026,-133.3069,80.9663
732,-7.3026,-133.6069,80.9663
733,-7.0026,-133.9069,80.9663
734,-6.7026,-134.2069,80.9663
735,-6.4026,-134.5069,80.9663
736,-6.4026,-134.8069,80.9663
737,-6.4026,-135.1069,80.9663
738,-6.4026,-135.4069,80.9663
739,-6.1026,-135.7069,80.9663
740,-5.8026,-136.0069,80.9663
741,-5.8026,-136.3069,80.9663
742,-5.5026,-136.6069,80.9663
743,-5.2026,-136.9069,80.9663
744,-4.9026,-137.2069,80.9663
745,-4.6026,-137.5069,80.9663
746,-4.3026,-137.8069,80.9663
747,-4.0026,-138.1069,80.9663
748,-3.7026,-138.4069,80.9663
749,-3.4026,-138.7069,80.9663
750,-3.1026,-139.0069,80.9663
751,-2.8026,-139.3069,80.9663
752,-2.5026,-139.6069,80.9663
753,-2.2026,-139.9069,80.9663
754,-1.9026,-140.2069,80.9663
755,-1.6026,-140.5069,80.9663
756,-1.6026,-140.8069,80.9663
757,-1.3026,-141.1069,80.9663
758,-1.0026,-141.4069,81.2663
759,-0.7026,-141.7069,81.2663
760,-0.4026,-142.0069,81.2663
761,-0.1026,-142.0069,81.2663
762,0.1974,-142.3069,81.2663
763,0.4974,-142.3069,81.2663
764,0.7974,-142.6069,81.2663
765,1.0974,-142.6069,81.2663
766,1.3974,-142.6069,81.2663
767,1.6974,-142.6069,81.2663
768,1.9974,-142.6069,81.2663
769,2.2974,-142.6069,81.2663
770,2.5974,-142.6069,81.2663
771,2.8974,-142.6069,81.2663
772,3.1974,-142.6069,81.2663
773,3.4974,-142.3069,81.2663
774,3.7974,-142.3069,81.2663
775,4.0974,-142.0069,81.2663
776,4.3974,-142.0069,81.2663
777,4.6974,-141.7069,81.2663
778,4.9974,-141.4069,81.2663
779,5.2974,-141.1069,81.2663
780,5.5974,-140.8069,81.2663
781,5.5974,-140.5069,81.2663
782,5.8974,-140.2069,81.2663
783,5.8974,-139.9069,81.2663
784,6.1974,-139.6069,80.9663
785,6.1974,-139.3069,80.9663
786,6.1974,-139.0069,80.9663
787,6.1974,-138.7069,80.9663
788,6.4974,-138.4069,80.9663
789,6.4974,-138.1069,80.9663
790,6.4974,-137.8069,80.9663
791,6.4974,-137.5069,80.9663
792,6.4974,-137.2069,80.9663
793,6.4974,-136.9069,80.9663
794,6.4974,-136.6069,80.9663
795,6.4974,-136.3069,80.9663
796,6.4974,-136.0069,80.9663
797,6.4974,-135.7069,80.9663
798,6.1974,-135.4069,80.9663
799,6.1974,-135.1069,80.9663
800,5.8974,-134.8069,80.9663
801,5.8974,-134.5069,80.9663
802,5.5974,-134.2069,80.9663
803,5.2974,-133.9069,80.9663
804,4.9974,-133.6069,80.9663
805,4.6974,-133.3069,80.9663
806,4.3974,-133.3069,80.9663
807,4.0974,-133.0069,81.2663
808,3.7974,-133.0069,81.2663
809,4.0974,-133.0069,81.2663
810,4.3974,-133.3069,81.2663
811,4.6974,-133.3069,81.2663
812,4.9974,-133.6069,81.2663
813,5.2974,-133.9069,81.2663
814,5.5974,-134.2069,81.2663
815,5.8974,-134.5069,81.2663
816,5.8974,-134.8069,81.2663
817,6.1974,-135.1069,81.2663
818,6.1974,-135.4069,81.2663
819,6.4974,-135.7069,80.9663
820,6.4974,-136.0069,80.9663
821,6.4974,-136.3069,80.9663
822,6.4974,-136.6069,80.9663
823,6.4974,-136.9069,80.9663
824,6.4974,-137.2069,80.9663
825,6.4974,-137.5069,80.9663
826,6.4974,-137.8069,80.9663
827,6.4974,-138.1069,80.9663
828,6.4974,-138.4069,80.9663
829,6.4974,-138.7069,80.9663
830,6.4974,-139.0069,80.9663
831,6.4974,-139.3069,80.9663
832,6.1974,-139.6069,81.2663
833,6.4974,-139.6069,80.9663
834,6.7974,-139.6069,80.9663
835,7.0974,-139.6069,80.9663
836,7.3974,-139.6069,80.9663
837,7.6974,-139.6069,80.9663
838,7.9974,-139.6069,80.9663
839,8.2974,-139.6069,80.9663
840,8.5974,-139.6069,81.2663
841,8.8974,-139.6069,81.2663
842,9.1974,-139.6069,81.2663
843,9.4974,-139.6069,81.2663
844,9.7974,-139.6069,81.2663
845,10.0974,-139.6069,81.2663
846,10.3974,-139.6069,81.2663
847,10.6974,-139.9069,81.2663
848,10.9974,-140.2069,81.2663
849,11.2974,-140.5069,81.2663
850,11.5974,-140.8069,81.2663
851,11.8974,-141.1069,81.2663
852,12.1974,-141.4069,81.2663
853,12.1974,-141.7069,81.2663
854,12.1974,-142.0069,81.2663
855,12.4974,-142.3069,81.5663
856,12.7974,-142.6069,81.5663
857,12.7974,-142.9069,81.5663
858,13.0974,-143.2069,81.5663
859,13.3974,-143.5069,81.5663
860,13.6974,-143.8069,81.5663
861,13.9974,-144.1069,81.5663
862,14.2974,-144.4069,81.2663
863,14.5974,-144.4069,81.2663
864,14.8974,-144.7069,81.2663
865,15.1974,-145.0069,81.2663
866,15.4974,-145.0069,81.2663
867,15.7974,-145.0069,81.2663
868,16.0974,-145.0069,81.2663
869,16.3974,-145.3069,81.2663
870,16.6974,-145.3069,81.2663
871,16.9974,-145.3069,81.2663
872,17.2974,-145.6069,81.2663
873,17.5974,-145.6069,81.2663
874,17.8974,-145.6069,81.2663
875,18.1974,-145.6069,81.2663
876,18.4974,-145.6069,81.2663
877,18.7974,-145.6069,81.2663
878,19.0974,-145.6069,81.2663
879,19.3974,-145.6069,81.2663
880,19.6974,-145.9069,81.2663
881,19.9974,-145.9069,81.2663
882,20.2974,-145.9069,81.2663
883,20.5974,-145.9069,81.2663
884,20.8974,-146.2069,81.2663
885,21.1974,-146.2069,81.2663
886,21.4974,-146.2069,81.2663
887,21.7974,-146.2069,81.2663
888,22.0974,-146.2069,81.2663
889,22.3974,-146.2069,81.2663
890,22.6974,-146.2069,81.2663
891,22.9974,-146.2069,81.2663
892,23.2974,-146.5069,81.2663
893,23.5974,-146.5069,81.2663
894,23.8974,-146.5069,81.2663
895,24.1974,-146.8069,81.2663
896,24.4974,-146.8069,81.2663
897,24.7974,-147.1069,81.2663
898,25.0974,-147.1069,81.2663
899,25.3974,-147.1069,81.2663
900,25.6974,-147.1069,81.2663
901,25.9974,-147.1069,81.2663
902,26.2974,-147.1069,81.2663
903,26.5974,-147.1069,81.2663
904,26.8974,-147.1069,81.2663
905,27.1974,-147.4069,81.2663
906,27.4974,-147.7069,81.2663
907,27.7974,-147.7069,81.2663
908,28.0974,-148.0069,81.2663
909,28.3974,-148.0069,81.2663
910,28.6974,-148.0069,81.2663
911,28.9974,-148.0069,81.2663
912,29.2974,-148.0069,81.2663
913,29.5974,-148.0069,81.2663
914,29.8974,-148.0069,81.2663
915,30.1974,-148.0069,81.2663
916,30.4974,-148.0069,81.2663
917,30.7974,-148.0069,81.2663
918,31.0974,-148.0069,81.2663
919,31.3974,-148.0069,81.2663
920,31.6974,-148.0069,81.2663
921,31.9974,-148.0069,81.2663
922,32.2974,-148.0069,81.2663
923,32.5974,-148.0069,81.2663
924,32.8974,-148.0069,81.2663
925,33.1974,-148.0069,81.2663
926,33.4974,-148.0069,81.2663
927,33.7974,-148.0069,81.2663
928,34.0974,-148.3069,81.2663
929,34.3974,-148.3069,81.2663
930,34.6974,-148.3069,81.2663
931,34.9974,-148.3069,81.2663
932,35.2974,-148.6069,81.2663
933,35.5974,-148.6069,81.2663
934,35.8974,-148.9069,81.2663
935,36.1974,-148.9069,81.2663
936,36.4974,-148.9069,81.2663
937,36.7974,-148.9069,81.2663
938,37.0974,-148.9069,81.2663
939,37.3974,-148.9069,81.2663
940,37.6974,-148.9069,81.2663
941,37.9974,-148.9069,81.2663
942,38.2974,-148.9069,81.2663
943,38.5974,-148.9069,81.2663
944,38.8974,-149.2069,81.2663
945,39.1974,-149.2069,81.2663
946,39.4974,-149.5069,81.2663
947,39.7974,-149.5069,81.2663
948,40.0974,-149.5069,81.2663
949,40.3974,-149.5069,81.2663
950,40.6974,-149.5069,81.2663
951,40.9974,-149.8069,81.2663
952,41.2974,-149.8069,81.2663
953,41.5974,-149.8069,81.2663
954,41.8974,-149.8069,81.2663
955,42.1974,-149.8069,81.2663
956,42.4974,-149.8069,81.2663
957,42.7974,-149.8069,81.2663
958,43.0974,-149.8069,81.2663
959,43.3974,-150.1069,81.2663
960,43.6974,-150.1069,81.2663
961,43.9974,-150.1069,81.2663
962,44.2974,-150.1069,81.2663
963,44.5974,-150.1069,81.2663
964,44.8974,-150.1069,81.2663
965,45.1974,-150.1069,81.2663
966,45.4974,-150.4069,81.2663
967,45.7974,-150.4069,81.2663
968,46.0974,-150.4069,81.2663
969,46.3974,-150.4069,81.2663
970,46.6974,-150.4069,81.2663
971,46.9974,-150.4069,81.2663
972,47.2974,-150.4069,81.2663
973,47.5974,-150.4069,81.2663
974,47.8974,-150.4069,81.2663
975,48.1974,-150.7069,81.2663
976,48.4974,-150.7069,81.2663
977,48.7974,-151.0069,81.2663
978,49.0974,-151.0069,81.2663
979,49.3974,-151.0069,81.2663
980,49.6974,-151.0069,81.2663
981,49.9974,-151.0069,81.2663
982,50.2974,-151.0069,81.2663
983,50.5974,-151.3069,81.2663
984,50.8974,-151.3069,81.2663
985,51.1974,-151.3069,81.2663
986,51.4974,-151.3069,81.2663
987,51.7974,-151.3069,81.2663
988,52.0974,-151.3069,81.2663
989,52.3974,-151.3069,81.2663
990,52.6974,-151.3069,81.2663
991,52.9974,-151.3069,81.2663
992,53.2974,-151.6069,81.2663
993,53.5974,-151.6069,81.2663
994,53.8974,-151.9069,81.2663
995,54.1974,-151.9069,81.2663
996,54.4974,-152.2069,81.5663
997,54.7974,-152.2069,81.5663
998,55.0974,-152.2069,81.5663
999,55.3974,-152.2069,81.5663
1000,55.6974,-152.2069,81.5663
1001,55.9974,-152.5069,81.8663
1002,56.2974,-152.8069,82.1663
1003,56.5974,-152.8069,82.1663
1004,56.8974,-152.8069,82.1663
1005,57.1974,-152.8069,82.1663
1006,57.4974,-153.1069,82.4663
1007,57.7974,-153.4069,82.7663
1008,58.0974,-153.4069,82.7663
1009,58.3974,-153.7069,83.0663
1010,58.6974,-153.7069,83.0663
1011,58.9974,-153.7069,83.0663
1012,59.2974,-153.7069,83.0663
1013,59.5974,-153.7069,83.0663
1014,59.8974,-153.7069,83.0663
1015,60.1974,-153.7069,83.0663
1016,60.4974,-153.7069,83.0663
1017,60.7974,-153.7069,83.0663
1018,61.0974,-153.7069,83.0663
1019,61.3974,-153.7069,83.3663
1020,61.6974,-153.7069,83.6663
1021,61.9974,-153.7069,83.6663
1022,62.2974,-153.7069,83.9663
1023,62.5974,-153.7069,83.9663
1024,62.8974,-153.7069,84.2663
1025,63.1974,-153.7069,84.2663
1026,63.4974,-153.7069,84.2663
1027,63.7974,-153.7069,84.2663
1028,64.0974,-153.7069,84.2663
1029,64.3974,-153.7069,83.9663
1030,64.6974,-153.7069,83.9663
1031,64.9974,-153.7069,83.6663
1032,65.2974,-153.7069,83.3663
1033,65.5974,-153.7069,83.0663
1034,65.8974,-153.7069,82.7663
1035,66.1974,-153.7069,82.4663
1036,66.1974,-153.7069,82.1663
1037,66.1974,-153.7069,81.8663
1038,66.4974,-153.4069,81.5663
1039,66.7974,-153.1069,81.5663
1040,67.0974,-152.8069,81.5663
1041,67.3974,-152.5069,81.5663
1042,67.3974,-152.2069,81.5663
1043,67.6974,-151.9069,81.5663
1044,67.6974,-151.6069,81.5663
1045,67.9974,-151.3069,81.5663
1046,67.9974,-151.0069,81.5663
1047,67.9974,-150.7069,81.5663
1048,67.9974,-150.4069,81.5663
1049,67.9974,-150.1069,81.5663
1050,67.9974,-149.8069,81.5663
1051,67.9974,-149.5069,81.5663
1052,67.9974,-149.2069,81.5663
1053,67.9974,-148.9069,81.5663
1054,67.6974,-148.6069,81.5663
1055,67.6974,-148.3069,81.5663
1056,67.3974,-148.0069,81.5663
1057,67.3974,-147.7069,81.5663
1058,67.0974,-147.4069,81.5663
1059,67.0974,-147.1069,81.5663
1060,66.7974,-146.8069,81.5663
1061,66.7974,-146.5069,81.5663
1062,66.7974,-146.2069,81.5663
1063,66.4974,-145.9069,81.5663
1064,66.1974,-145.6069,81.5663
1065,66.1974,-145.3069,81.5663
1066,65.8974,-145.0069,81.5663
1067,65.5974,-144.7069,81.5663
1068,65.2974,-144.4069,81.5663
1069,64.9974,-144.4069,81.5663
1070,64.6974,-144.1069,81.2663
1071,64.3974,-144.1069,81.2663
1072,64.0974,-143.8069,81.2663
1073,64.1672,-144.2212,84.1000
1074,63.7974,-143.8069,83.9663
1075,63.4974,-143.5069,83.9663
1076,62.8307,-143.6045,84.3000
1077,62.5974,-143.2069,84.5663
1078,62.2974,-143.2069,84.5663
1079,61.9974,-143.2069,84.5663
1080,61.6974,-143.2069,84.5663
1081,61.3974,-143.2069,84.5663
1082,61.0974,-142.9069,84.5663
1083,60.7974,-142.9069,84.5663
1084,60.4974,-142.9069,84.5663
1085,60.1974,-142.9069,84.5663
1086,59.8974,-142.9069,84.5663
1087,59.5974,-142.9069,84.5663
1088,59.2974,-142.9069,84.5663
1089,58.9974,-142.9069,84.5663
1090,58.6974,-142.9069,84.5663
1091,58.3974,-142.6069,84.2663
1092,58.0974,-142.6069,84.2663
1093,57.7974,-142.6069,84.2663
1094,57.4974,-142.6069,84.2663
1095,57.1974,-142.6069,84.2663
1096,56.8974,-142.6069,84.2663
1097,56.5974,-142.6069,84.2663
1098,56.2974,-142.3069,84.2663
1099,55.9974,-142.3069,84.2663
1100,55.6974,-142.3069,84.2663
1101,55.3974,-142.3069,84.2663
1102,55.0974,-142.0069,84.2663
1103,54.7974,-142.0069,84.2663
1104,54.4974,-142.0069,84.2663
1105,54.1974,-142.0069,84.2663
1106,53.8974,-142.0069,84.2663
1107,53.5974,-142.0069,84.2663
1108,53.2974,-142.0069,84.2663
1109,52.9974,-142.0069,84.2663
1110,52.6974,-141.7069,84.2663
1111,52.3974,-141.7069,84.2663
1112,52.0974,-141.7069,84.2663
1113,51.7974,-141.7069,84.2663
1114,51.7974,-141.7069,84.5663
1115,52.0974,-141.7069,84.8663
1116,52.0974,-141.7069,85.1663
1117,52.0974,-141.7069,85.4663
1118,52.0974,-141.7069,85.7663
1119,52.0974,-141.7069,86.0663
1120,52.0974,-141.7069,86.3663
1121,52.0974,-142.0069,86.6663
1122,52.0974,-142.0069,86.9663
1123,52.0974,-142.3069,87.2663
1124,52.0974,-142.3069,87.5663
1125,52.0974,-142.6069,87.8663
1126,52.0974,-142.6069,88.1663
1127,52.0974,-142.9069,88.4663
1128,52.0974,-143.2069,88.7663
1129,52.0974,-143.5069,89.0663
1130,52.0974,-143.8069,89.3663
1131,52.0974,-144.1069,89.6663
1132,52.0974,-144.4069,89.6663
1133,52.0974,-144.7069,89.9663
1134,52.0974,-145.0069,89.9663
1135,52.0974,-145.3069,90.2663
1136,52.0974,-145.6069,90.2663
1137,52.0974,-145.9069,90.2663
1138,52.0974,-146.2069,90.2663
1139,52.0974,-146.5069,90.2663
1140,52.0974,-146.8069,90.2663
1141,52.0974,-147.1069,90.2663
1142,52.0974,-147.4069,90.2663
1143,52.0974,-147.7069,89.9663
1144,52.0974,-148.0069,89.9663
1145,52.0974,-148.3069,89.6663
1146,52.0974,-148.6069,89.6663
1147,52.0974,-148.9069,89.3663
1148,52.0974,-149.2069,89.3663
1149,52.0974,-149.5069,89.3663
1150,52.0974,-149.8069,89.3663
1151,52.0974,-150.1069,89.3663
1152,52.0974,-150.4069,89.3663
1153,52.0974,-150.7069,89.0663
1154,52.0974,-151.0069,89.0663
1155,52.0974,-151.3069,88.7663
1156,52.0974,-151.6069,88.7663
1157,52.0974,-151.9069,88.4663
1158,52.3974,-152.2069,88.1663
1159,52.3974,-152.5069,87.8663
1160,52.6974,-152.8069,87.5663
1161,52.9974,-153.1069,87.2663
1162,53.2974,-153.1069,86.9663
1163,53.2974,-153.1069,86.6663
1164,53.2974,-153.1069,86.3663
1165,53.2974,-153.1069,86.0663
1166,53.2974,-153.1069,85.7663
1167,53.5974,-153.1069,85.4663
1168,53.8974,-153.1069,85.1663
1169,54.1974,-153.1069,84.8663
1170,54.4974,-153.1069,84.5663
1171,54.1974,-153.1069,84.5663
1172,53.8974,-153.1069,84.5663
1173,53.5974,-152.8069,84.2663
1174,53.2974,-152.8069,84.2663
1175,52.9974,-153.1069,83.9663
1176,52.6974,-153.1069,83.9663
1177,52.3974,-153.1069,83.9663
1178,52.0974,-153.1069,83.9663
1179,51.7974,-153.1069,83.9663
1180,51.4974,-153.1069,83.9663
1181,51.1974,-153.1069,83.9663
1182,50.8974,-153.1069,83.9663
1183,50.5974,-153.1069,83.9663
1184,50.2974,-153.1069,83.9663
1185,49.9974,-153.1069,83.9663
1186,49.6974,-153.1069,83.9663
1187,49.3974,-153.1069,83.9663
1188,49.0974,-152.8069,83.9663
1189,48.7974,-152.5069,83.9663
1190,48.4974,-152.5069,83.9663
1191,48.1974,-152.5069,83.9663
1192,47.8974,-152.2069,84.2663
1193,47.5974,-152.2069,84.2663
1194,47.2974,-152.2069,84.2663
1195,46.9974,-152.2069,84.2663
1196,46.6974,-152.2069,84.2663
1197,46.3974,-152.2069,84.2663
1198,46.0974,-151.9069,84.2663
1199,45.7974,-151.6069,84.2663
1200,45.4974,-151.3069,84.2663
1201,45.1974,-151.6069,83.9663
1202,44.8974,-151.6069,83.9663
1203,44.5974,-151.9069,83.9663
1204,44.2974,-151.9069,83.9663
1205,43.9974,-151.9069,83.9663
1206,43.6974,-151.9069,83.9663
1207,43.3974,-151.9069,83.9663
1208,43.0974,-151.9069,83.9663
1209,42.7974,-151.9069,83.9663
1210,42.4974,-151.9069,83.9663
1211,42.1974,-151.9069,83.9663
1212,41.8974,-151.9069,83.9663
1213,41.5974,-151.9069,83.9663
1214,41.2974,-151.6069,84.2663
1215,40.9974,-151.6069,84.2663
1216,40.6974,-151.6069,84.2663
1217,40.3974,-151.3069,84.5663
1218,39.7402,-151.2598,84.5000
1219,39.4974,-151.3069,84.5663
1220,39.1974,-151.3069,84.5663
1221,38.8974,-151.3069,84.5663
1222,38.5974,-151.3069,84.5663
1223,38.2974,-151.3069,84.5663
1224,37.9974,-151.3069,84.5663
1225,37.6974,-151.3069,84.5663
1226,37.3974,-151.3069,84.5663
1227,37.0974,-151.3069,84.5663
1228,36.7974,-151.3069,84.5663
1229,36.4974,-151.0069,84.5663
1230,36.1974,-151.0069,84.5663
1231,35.8974,-151.0069,84.5663
1232,35.5974,-150.7069,84.5663
1233,34.9397,-150.3498,84.3000
1234,33.2162,-149.9651,84.3000
1235,33.4974,-150.1069,84.5663
1236,33.7974,-150.4069,84.8663
1237,34.0974,-150.7069,85.1663
1238,34.3974,-150.7069,85.4663
1239,34.6974,-150.7069,85.7663
1240,34.9974,-150.7069,86.0663
1241,35.2974,-150.7069,86.3663
1242,35.5974,-150.7069,86.6663
1243,35.5974,-150.7069,86.9663
1244,35.8974,-150.4069,87.2663
1245,35.8974,-150.4069,87.5663
1246,36.1974,-150.1069,87.8663
1247,36.4974,-149.8069,88.1663
1248,36.7974,-149.5069,88.4663
1249,37.0974,-149.2069,88.7663
1250,37.0974,-148.9069,88.7663
1251,37.3974,-148.6069,89.0663
1252,37.3974,-148.3069,89.0663
1253,37.3974,-148.0069,89.0663
1254,37.6974,-147.7069,89.3663
1255,37.6974,-147.4069,89.3663
1256,37.6974,-147.1069,89.3663
1257,37.6974,-146.8069,89.3663
1258,37.6974,-146.5069,89.3663
1259,37.9974,-146.2069,89.6663
1260,37.9974,-145.9069,89.6663
1261,38.2974,-145.6069,89.9663
1262,38.2974,-145.3069,89.9663
1263,38.5974,-145.0069,90.2663
1264,38.8974,-144.7069,90.2663
1265,39.1974,-144.4069,90.2663
1266,39.4974,-144.1069,90.2663
1267,39.7974,-143.8069,90.2663
1268,40.0974,-143.5069,90.2663
1269,40.3974,-143.2069,90.2663
1270,40.6974,-142.9069,89.9663
1271,40.9974,-142.6069,89.9663
1272,41.2974,-142.3069,89.6663
1273,41.5974,-142.0069,89.3663
1274,41.8974,-141.7069,89.0663
1275,41.8974,-141.4069,88.7663
1276,41.8974,-141.1069,88.4663
1277,41.8974,-140.8069,88.1663
1278,41.8974,-140.8069,87.8663
1279,41.8974,-140.5069,87.5663
1280,41.8974,-140.5069,87.2663
1281,41.8974,-140.2069,86.9663
1282,41.8974,-140.2069,86.6663
1283,42.1974,-139.9069,86.3663
1284,42.1974,-139.9069,86.0663
1285,42.1974,-139.9069,85.7663
1286,42.1974,-139.9069,85.4663
1287,42.1974,-139.9069,85.1663
1288,42.1974,-139.9069,84.8663
1289,42.1974,-139.9069,84.5663
1290,41.8974,-139.9069,84.5663
1291,41.5974,-139.9069,84.5663
1292,41.2974,-139.9069,84.5663
1293,40.9974,-139.6069,84.5663
1294,40.6974,-139.6069,84.5663
1295,40.5000,-139.7000,84.3000
1296,37.1838,-139.0349,84.3000
1297,35.6257,-139.0024,84.3000
1298,35.2974,-138.7069,84.2663
1299,34.9974,-138.7069,84.2663
1300,34.6974,-138.7069,84.2663
1301,34.3974,-138.7069,84.2663
1302,34.0974,-138.7069,84.2663
1303,33.7974,-138.4069,84.2663
1304,33.4974,-138.4069,84.2663
1305,33.1974,-138.1069,84.5663
1306,32.8974,-138.1069,84.5663
1307,32.5974,-138.1069,84.5663
1308,32.2974,-137.8069,84.2663
1309,31.9974,-137.8069,84.2663
1310,31.6974,-137.8069,84.2663
1311,31.3974,-137.8069,84.2663
1312,31.0974,-138.1069,84.2663
1313,30.7974,-138.1069,84.2663
1314,30.4974,-138.1069,84.2663
1315,30.1974,-138.1069,84.2663
1316,29.8974,-138.1069,84.2663
1317,29.5974,-137.8069,83.9663
1318,29.2974,-137.5069,83.9663
1319,28.9974,-137.5069,83.9663
1320,28.6974,-137.5069,83.9663
1321,28.3974,-137.5069,83.9663
1322,28.0974,-137.5069,83.9663
1323,27.7974,-137.5069,83.9663
1324,26.7184,-137.2816,84.3000
1325,25.9866,-137.2806,84.3000
1326,25.6974,-137.2069,84.2663
1327,25.3974,-137.2069,84.2663
1328,25.0974,-137.2069,84.2663
1329,24.7974,-136.9069,84.5663
1330,24.4974,-136.9069,84.5663
1331,24.1974,-136.6069,84.5663
1332,23.8974,-136.6069,84.5663
1333,23.5974,-136.6069,84.5663
1334,23.2974,-136.6069,84.5663
1335,22.9974,-136.6069,84.5663
1336,22.6974,-136.6069,84.5663
1337,22.3974,-136.6069,84.5663
1338,20.5000,-136.3000,84.3000
1339,20.2974,-136.3069,84.2663
1340,19.9974,-136.3069,84.2663
1341,19.6974,-136.3069,84.2663
1342,19.3974,-136.3069,84.2663
1343,19.0974,-136.0069,84.5663
1344,18.7974,-136.0069,84.5663
1345,18.4974,-135.7069,84.2663
1346,18.1974,-135.7069,84.2663
1347,18.4974,-135.7069,84.5663
1348,18.7974,-136.0069,84.8663
1349,19.0974,-136.0069,85.1663
1350,19.3974,-136.0069,85.4663
1351,19.6974,-136.0069,85.7663
1352,19.9974,-136.0069,86.0663
1353,20.2974,-136.3069,86.3663
1354,20.5974,-136.6069,86.6663
1355,20.8974,-136.6069,86.9663
1356,21.1974,-136.9069,87.2663
1357,21.4974,-137.2069,87.5663
1358,21.4974,-137.2069,87.8663
1359,21.7974,-137.5069,88.1663
1360,22.0974,-137.8069,88.4663
1361,22.3974,-138.1069,88.7663
1362,22.6974,-138.4069,89.0663
1363,22.9974,-138.7069,89.3663
1364,23.2974,-139.0069,89.6663
1365,23.2974,-139.3069,89.6663
1366,23.2974,-139.6069,89.9663
1367,23.2974,-139.9069,89.9663
1368,23.2974,-140.2069,89.9663
1369,23.5974,-140.5069,90.2663
1370,23.5974,-140.8069,90.2663
1371,23.5974,-141.1069,90.2663
1372,23.5974,-141.4069,90.2663
1373,23.5974,-141.7069,90.2663
1374,23.5974,-142.0069,90.2663
1375,23.5974,-142.3069,90.2663
1376,23.5974,-142.6069,90.2663
1377,23.8974,-142.9069,89.9663
1378,23.8974,-143.2069,89.9663
1379,23.8974,-143.5069,89.9663
1380,24.1974,-143.8069,89.6663
1381,24.1974,-144.1069,89.6663
1382,24.4974,-144.4069,89.3663
1383,24.4974,-144.7069,89.3663
1384,24.4974,-145.0069,89.3663
1385,24.4974,-145.3069,89.3663
1386,24.4974,-145.6069,89.3663
1387,24.4974,-145.9069,89.3663
1388,24.4974,-146.2069,89.3663
1389,24.4974,-146.5069,89.3663
1390,24.4974,-146.8069,89.0663
1391,24.4974,-147.1069,89.0663
1392,24.4974,-147.4069,88.7663
1393,24.4974,-147.7069,88.4663
1394,24.4974,-148.0069,88.1663
1395,24.7974,-148.3069,87.8663
1396,25.0974,-148.6069,87.5663
1397,25.3974,-148.9069,87.2663
1398,25.6974,-149.2069,86.9663
1399,25.9974,-149.2069,86.6663
1400,26.2974,-149.5069,86.3663
1401,26.5974,-149.5069,86.0663
1402,26.8974,-149.5069,85.7663
1403,27.1974,-149.5069,85.4663
1404,27.4974,-149.8069,85.1663
1405,27.7974,-149.8069,84.8663
1406,28.0974,-149.8069,84.5663
1407,28.3974,-149.8069,84.2663
1408,28.6974,-149.8069,84.2663
1409,28.0257,-149.7976,84.5000
1410,27.0212,-149.3672,84.3000
1411,26.5974,-149.5069,84.2663
1412,26.2974,-149.5069,84.2663
1413,25.9974,-149.5069,84.2663
1414,25.6974,-149.5069,84.2663
1415,25.3974,-149.2069,83.9663
1416,25.0974,-148.9069,83.9663
1417,24.7974,-148.9069,83.9663
1418,24.4974,-148.9069,83.9663
1419,24.1974,-148.9069,83.9663
1420,23.8974,-148.9069,83.9663
1421,23.5974,-148.9069,83.9663
1422,23.2974,-148.9069,83.9663
1423,22.9974,-148.9069,83.9663
1424,22.6974,-148.9069,83.9663
1425,22.3974,-148.9069,83.9663
1426,22.0974,-148.9069,83.9663
1427,21.7974,-148.6069,84.2663
1428,21.4974,-148.6069,84.2663
1429,21.1974,-148.6069,84.2663
1430,20.8974,-148.3069,84.5663
1431,20.5974,-148.3069,84.5663
1432,20.2974,-148.3069,84.5663
1433,19.9974,-148.3069,84.5663
1434,19.6974,-148.3069,84.5663
1435,19.3974,-148.0069,84.2663
1436,19.0974,-147.7069,84.2663
1437,18.7974,-147.7069,84.2663
1438,18.4974,-147.7069,84.2663
1439,18.1974,-147.7069,84.2663
1440,17.8974,-147.7069,84.2663
1441,17.5974,-147.7069,84.2663
1442,17.2974,-147.7069,84.2663
1443,16.9974,-147.7069,84.2663
1444,16.6974,-147.7069,84.2663
1445,16.3974,-147.4069,84.5663
1446,16.0974,-147.4069,84.5663
1447,15.7974,-147.1069,84.5663
1448,15.4974,-146.8069,84.5663
1449,15.1974,-146.5069,84.2663
1450,14.8974,-146.2069,84.2663
1451,14.8974,-145.9069,84.2663
1452,14.5974,-145.6069,84.2663
1453,14.5974,-145.3069,84.2663
1454,14.3402,-145.0598,84.3000
1455,13.9974,-145.0069,84.2663
1456,13.6974,-145.0069,84.2663
1457,13.3974,-145.0069,84.2663
1458,13.0974,-145.0069,84.2663
1459,12.7974,-145.0069,84.2663
1460,12.4974,-145.0069,84.2663
1461,12.1974,-145.0069,84.2663
1462,11.8974,-145.0069,84.2663
1463,11.5974,-145.0069,84.2663
1464,11.2974,-145.0069,84.2663
1465,10.9974,-145.0069,84.2663
1466,10.6974,-145.0069,84.2663
1467,10.3974,-145.0069,84.2663
1468,10.0974,-145.0069,84.2663
1469,9.7974,-145.0069,84.2663
1470,9.4974,-145.0069,84.2663
1471,9.1974,-145.0069,84.2663
1472,8.8974,-145.0069,84.2663
1473,8.5974,-145.0069,84.2663
1474,8.2974,-145.0069,84.2663
1475,7.9974,-145.0069,84.2663
1476,7.6974,-145.0069,84.2663
1477,7.3974,-145.0069,84.2663
1478,7.0974,-145.0069,84.2663
1479,6.7974,-145.0069,84.2663
1480,6.4974,-145.0069,84.2663
1481,6.1974,-145.0069,84.2663
1482,5.8974,-145.0069,84.2663
1483,5.5974,-145.0069,84.2663
1484,5.2974,-145.0069,84.2663
1485,4.9974,-145.0069,84.2663
1486,4.6974,-145.0069,84.2663
1487,4.3974,-145.0069,84.2663
1488,4.0974,-145.0069,84.2663
1489,3.7974,-145.0069,84.2663
1490,3.4974,-145.0069,84.2663
1491,3.1974,-145.0069,84.2663
1492,2.8974,-145.0069,84.2663
1493,2.5974,-145.0069,84.2663
1494,2.2974,-145.0069,84.2663
1495,1.9974,-145.0069,84.2663
1496,1.6974,-145.0069,84.2663
1497,1.3974,-145.0069,84.2663
1498,1.0974,-144.7069,84.2663
1499,0.7974,-144.7069,84.2663
1500,0.4974,-144.4069,84.2663
1501,0.1974,-144.4069,84.2663
1502,-0.1026,-144.1069,84.2663
1503,-0.4026,-144.1069,84.2663
1504,-0.7026,-143.8069,84.2663
1505,-1.0026,-143.8069,84.2663
1506,-1.3026,-143.8069,84.2663
1507,-1.6026,-143.5069,84.2663
1508,-1.9026,-143.5069,84.2663
1509,-2.2026,-143.2069,84.2663
1510,-2.5026,-143.2069,84.2663
1511,-2.8026,-142.9069,84.2663
1512,-3.1026,-142.9069,84.2663
1513,-3.4026,-142.6069,84.2663
1514,-3.7026,-142.6069,84.2663
1515,-4.0026,-142.3069,84.2663
1516,-4.3026,-142.3069,84.2663
1517,-4.6026,-142.3069,84.2663
1518,-4.9026,-142.0069,84.2663
1519,-5.2026,-142.0069,84.2663
1520,-5.5026,-141.7069,84.2663
1521,-5.8026,-141.7069,84.2663
1522,-6.1026,-141.4069,84.2663
1523,-6.4026,-141.4069,84.2663
1524,-6.7026,-141.1069,84.2663
1525,-7.0026,-141.1069,84.2663
1526,-7.3026,-141.1069,84.2663
1527,-7.6026,-140.8069,84.2663
1528,-7.9026,-140.8069,84.2663
1529,-8.2026,-140.8069,84.2663
1530,-8.5026,-140.8069,84.2663
1531,-8.8026,-140.8069,84.2663
1532,-9.1026,-140.8069,84.2663
1533,-9.4026,-140.8069,84.2663
1534,-9.7026,-140.8069,84.2663
1535,-10.0026,-140.8069,84.2663
1536,-10.3026,-140.8069,84.2663
1537,-10.6026,-140.8069,84.2663
1538,-10.9026,-140.8069,84.2663
1539,-11.2026,-140.8069,84.2663
1540,-11.5026,-140.8069,84.2663
1541,-11.8026,-140.8069,84.2663
1542,-12.1026,-140.5069,83.9663
1543,-12.4026,-140.5069,83.9663
1544,-12.7026,-140.5069,83.9663
1545,-13.0026,-140.5069,83.9663
1546,-13.3026,-140.5069,83.9663
1547,-13.6026,-140.5069,83.9663
1548,-13.9026,-140.5069,83.9663
1549,-14.2026,-140.5069,83.9663
1550,-14.5026,-140.2069,83.9663
1551,-14.8026,-140.2069,83.9663
1552,-15.1026,-139.9069,83.9663
1553,-15.4026,-139.9069,83.9663
1554,-15.7026,-139.6069,83.9663
1555,-16.0026,-139.6069,83.9663
1556,-16.3026,-139.6069,83.9663
1557,-16.6026,-139.3069,83.9663
1558,-16.6026,-139.0069,83.6663
1559,-16.6026,-139.0069,83.3663
1560,-16.6026,-138.7069,83.0663
1561,-16.6026,-138.4069,82.7663
1562,-16.6026,-138.1069,82.4663
1563,-16.6026,-137.8069,82.1663
1564,-16.9026,-137.5069,81.8663
1565,-16.9026,-137.2069,81.8663
1566,-16.9026,-136.9069,81.5663
1567,-16.9026,-136.6069,81.5663
1568,-16.9026,-136.3069,81.2663
1569,-16.9026,-136.0069,81.2663
1570,-16.9026,-135.7069,81.2663
1571,-16.9026,-135.4069,81.2663
1572,-16.9026,-135.1069,80.9663
1573,-16.9026,-134.8069,80.9663
1574,-16.9026,-134.5069,80.9663
1575,-16.9026,-134.2069,80.9663
1576,-16.9026,-133.9069,80.9663
1577,-16.9026,-133.6069,80.9663
1578,-16.9026,-133.3069,80.9663
1579,-16.9026,-133.0069,80.9663
1580,-16.6026,-132.7069,81.2663
1581,-16.6026,-132.4069,81.2663
1582,-16.3026,-132.1069,81.5663
1583,-16.0026,-131.8069,81.8663
1584,-15.7026,-131.5069,82.1663
1585,-15.4026,-131.2069,82.4663
1586,-15.1026,-130.9069,82.7663
1587,-14.8026,-130.9069,82.7663
1588,-14.5026,-130.6069,83.0663
1589,-14.2026,-130.6069,83.0663
1590,-13.9026,-130.6069,83.3663
1591,-13.6026,-130.6069,83.6663
1592,-13.3026,-130.6069,83.9663
1593,-13.0026,-130.6069,84.2663
1594,-12.7026,-130.6069,84.2663
1595,-12.4026,-130.6069,84.2663
1596,-12.1026,-130.6069,84.2663
1597,-11.8026,-130.6069,84.2663
1598,-11.5026,-130.6069,84.2663
1599,-11.2026,-130.9069,84.2663
1600,-11.5026,-130.6069,84.2663
1601,-11.8026,-130.6069,84.2663
1602,-12.1026,-130.6069,84.2663
1603,-12.4026,-130.6069,84.2663
1604,-12.7026,-130.6069,84.2663
1605,-13.0026,-130.6069,84.2663
1606,-13.3026,-130.6069,84.2663
1607,-13.6026,-130.3069,84.2663
1608,-13.9026,-130.3069,84.2663
1609,-14.2026,-130.3069,84.2663
1610,-14.5026,-130.3069,84.2663
1611,-14.8026,-130.3069,84.2663
1612,-15.1026,-130.3069,84.2663
1613,-15.4026,-130.3069,84.2663
1614,-15.7026,-130.3069,84.2663
1615,-16.0026,-130.0069,84.2663
1616,-16.3026,-130.0069,84.2663
1617,-16.6026,-130.0069,84.2663
1618,-16.9026,-130.0069,84.2663
1619,-17.2026,-130.0069,84.2663
1620,-17.5026,-130.0069,84.2663
1621,-17.8026,-129.7069,84.2663
1622,-18.1026,-129.7069,84.2663
1623,-18.4026,-129.7069,84.2663
1624,-18.7026,-129.7069,84.2663
1625,-19.0026,-129.7069,84.2663
1626,-19.3026,-129.7069,84.2663
1627,-19.6026,-129.7069,84.2663
1628,-19.9026,-129.4069,84.2663
1629,-20.2026,-129.4069,84.2663
1630,-20.5026,-129.4069,84.2663
1631,-20.8026,-129.4069,84.2663
1632,-21.1026,-129.1069,84.2663
1633,-21.4026,-129.1069,84.2663
1634,-21.7026,-129.1069,84.2663
1635,-22.0026,-129.1069,84.2663
1636,-22.3026,-128.8069,84.2663
1637,-22.6026,-128.8069,84.2663
1638,-22.9026,-128.8069,84.2663
1639,-23.2026,-128.8069,84.2663
1640,-23.5026,-128.8069,84.2663
1641,-23.8026,-128.8069,84.2663
1642,-24.1026,-128.8069,84.2663
1643,-24.4026,-128.8069,84.2663
1644,-24.7026,-128.8069,84.2663
1645,-25.0026,-128.5069,84.2663
1646,-25.3026,-128.5069,84.2663
1647,-25.6026,-128.5069,84.2663
1648,-25.9026,-128.2069,84.2663
1649,-26.2026,-128.2069,84.2663
1650,-26.5026,-127.9069,84.5663
1651,-26.8026,-127.9069,84.5663
1652,-27.1026,-127.9069,84.5663
1653,-27.4026,-127.9069,84.5663
1654,-27.7026,-127.9069,84.5663
1655,-28.0026,-127.9069,84.5663
1656,-28.3026,-127.9069,84.5663
1657,-28.6026,-127.9069,84.5663
1658,-29.2230,-128.0230,84.3000
1659,-29.5000,-127.9000,84.5000
1660,-29.8026,-127.6069,84.5663
1661,-30.1026,-127.6069,84.5663
1662,-30.4026,-127.6069,84.5663
1663,-30.7026,-127.6069,84.5663
1664,-31.0026,-127.6069,84.5663
1665,-31.3026,-127.3069,84.2663
1666,-31.6026,-127.3069,84.2663
1667,-31.9026,-127.3069,84.2663
1668,-32.2026,-127.3069,84.2663
1669,-32.5026,-127.3069,84.2663
1670,-32.8026,-127.0069,84.2663
1671,-33.1026,-127.0069,84.2663
1672,-33.4026,-127.0069,84.2663
1673,-33.7026,-127.0069,84.2663
1674,-34.0026,-127.0069,84.2663
1675,-34.3026,-127.0069,84.2663
1676,-34.6026,-127.0069,84.2663
1677,-34.9026,-127.0069,84.2663
1678,-35.2026,-127.0069,84.2663
1679,-35.5026,-126.7069,84.2663
1680,-35.8026,-126.7069,84.2663
1681,-36.1026,-126.7069,84.2663
1682,-36.4026,-126.7069,84.2663
1683,-36.7026,-126.7069,84.2663
1684,-37.0026,-126.4069,84.2663
1685,-37.3026,-126.4069,84.2663
1686,-37.6026,-126.4069,84.2663
1687,-37.9026,-126.4069,84.2663
1688,-38.2026,-126.4069,84.2663
1689,-38.5026,-126.4069,84.2663
1690,-38.8026,-126.4069,84.2663
1691,-39.1026,-126.1069,84.2663
1692,-39.4026,-126.1069,84.2663
1693,-39.7026,-126.1069,84.2663
1694,-40.0026,-125.8069,84.2663
1695,-40.3026,-125.8069,84.2663
1696,-40.6026,-125.8069,84.2663
1697,-40.9026,-125.5069,84.2663
1698,-41.2026,-125.5069,84.2663
1699,-41.5026,-125.5069,84.2663
1700,-41.8026,-125.5069,84.2663
1701,-42.1026,-125.5069,84.2663
1702,-42.4026,-125.5069,84.2663
1703,-42.7026,-125.5069,84.2663
1704,-43.0026,-125.5069,84.2663
1705,-43.3026,-125.5069,84.2663
1706,-43.6026,-125.8069,84.2663
1707,-43.9026,-125.8069,84.2663
1708,-44.2026,-126.1069,84.2663
1709,-44.5026,-126.1069,84.2663
1710,-44.8026,-126.4069,84.2663
1711,-45.1026,-126.7069,84.2663
1712,-45.4026,-127.0069,84.2663
1713,-45.7026,-127.3069,84.2663
1714,-46.0026,-127.6069,84.2663
1715,-46.3026,-127.9069,84.2663
1716,-46.6026,-128.2069,84.2663
1717,-47.1498,-128.3397,84.3000
1718,-47.2026,-128.5069,84.2663
1719,-47.2026,-128.8069,84.5663
1720,-47.2026,-129.1069,84.8663
1721,-47.2026,-129.4069,84.8663
1722,-47.2026,-129.7069,85.1663
1723,-47.2026,-130.0069,85.1663
1724,-47.2026,-130.3069,85.4663
1725,-47.2026,-130.6069,85.4663
1726,-47.2026,-130.9069,85.4663
1727,-47.2026,-131.2069,85.4663
1728,-47.2026,-131.5069,85.4663
1729,-47.2026,-131.8069,85.4663
1730,-47.2026,-132.1069,85.4663
1731,-46.9026,-132.4069,85.4663
1732,-46.6026,-132.7069,85.4663
1733,-46.6026,-133.0069,85.4663
1734,-46.6026,-133.3069,85.4663
1735,-46.3026,-133.6069,85.1663
1736,-46.3026,-133.9069,85.1663
1737,-46.0026,-134.2069,84.8663
1738,-45.7026,-134.5069,84.5663
1739,-45.4026,-134.8069,84.5663
1740,-45.1026,-135.1069,84.5663
1741,-44.8026,-135.4069,84.5663
1742,-44.5026,-135.7069,84.5663
1743,-44.2026,-136.0069,84.5663
1744,-43.9026,-136.3069,84.5663
1745,-43.6026,-136.6069,84.5663
1746,-43.3026,-136.9069,84.5663
1747,-43.0026,-137.2069,84.5663
1748,-42.7026,-137.5069,84.5663
1749,-42.4026,-137.5069,84.5663
1750,-42.1026,-137.8069,84.5663
1751,-41.8026,-137.8069,84.5663
1752,-41.5026,-137.8069,84.5663
1753,-41.2026,-137.8069,84.5663
1754,-40.9026,-138.1069,84.5663
1755,-40.6026,-138.1069,84.5663
1756,-40.3026,-138.4069,84.5663
1757,-40.0026,-138.4069,84.5663
1758,-39.7026,-138.4069,84.5663
1759,-39.4026,-138.7069,84.5663
1760,-39.1026,-138.7069,84.5663
1761,-38.8026,-138.7069,84.5663
1762,-38.5026,-138.7069,84.2663
1763,-38.2026,-138.7069,83.9663
1764,-37.9026,-138.7069,83.9663
1765,-37.6026,-138.7069,83.9663
1766,-37.3026,-138.7069,83.9663
1767,-37.0026,-138.7069,83.9663
1768,-36.7026,-138.7069,83.9663
1769,-36.4026,-138.7069,83.9663
1770,-36.1026,-138.7069,83.9663
1771,-35.8026,-138.7069,83.9663
1772,-35.5026,-138.7069,83.9663
1773,-35.2026,-138.7069,83.9663
1774,-34.9026,-139.0069,83.9663
1775,-34.6026,-139.0069,83.9663
1776,-34.3026,-139.0069,83.9663
1777,-34.0026,-139.0069,83.9663
1778,-33.7026,-139.3069,83.9663
1779,-33.4026,-139.3069,83.9663
1780,-33.1026,-139.6069,83.9663
1781,-32.8026,-139.6069,83.9663
1782,-32.5026,-139.9069,83.6663
1783,-32.2026,-139.9069,83.6663
1784,-31.9026,-139.9069,83.6663
1785,-31.6026,-139.9069,83.6663
1786,-31.3026,-139.9069,83.6663
1787,-31.0026,-139.9069,83.6663
1788,-30.7026,-139.9069,83.6663
1789,-30.4026,-139.9069,83.6663
1790,-30.1026,-139.9069,83.6663
1791,-29.8026,-139.9069,83.6663
1792,-29.5026,-139.9069,83.6663
1793,-29.2026,-139.9069,83.6663
1794,-28.9026,-139.9069,83.6663
1795,-28.6026,-139.9069,83.6663
1796,-28.3026,-139.9069,83.6663
1797,-28.0026,-139.6069,83.9663
1798,-27.7026,-139.6069,83.9663
1799,-27.4026,-139.3069,84.2663
1800,-27.1026,-139.0069,84.2663
1801,-26.8026,-138.7069,84.2663
1802,-26.5026,-138.4069,84.5663
1803,-26.2026,-138.1069,84.8663
1804,-26.2026,-138.1069,85.1663
1805,-26.2026,-138.1069,85.4663
1806,-26.2026,-138.1069,85.7663
1807,-25.9026,-137.8069,86.0663
1808,-25.6026,-137.5069,86.3663
1809,-25.6026,-137.5069,86.6663
1810,-25.6026,-137.5069,86.9663
1811,-25.3026,-137.2069,87.2663
1812,-25.3026,-137.2069,87.5663
1813,-25.3026,-137.2069,87.8663
1814,-25.0026,-136.9069,88.1663
1815,-25.0026,-136.9069,88.4663
1816,-24.7026,-136.6069,88.7663
1817,-24.4026,-136.3069,89.0663
1818,-24.1026,-136.0069,89.3663
1819,-23.8026,-135.7069,89.6663
1820,-23.5026,-135.4069,89.9663
1821,-23.5026,-135.1069,89.9663
1822,-23.2026,-134.8069,90.2663
1823,-23.2026,-134.5069,90.2663
1824,-23.2026,-134.2069,90.2663
1825,-23.2026,-133.9069,90.2663
1826,-23.2026,-133.6069,90.2663
1827,-22.9026,-133.3069,90.2663
1828,-22.9026,-133.0069,90.2663
1829,-22.9026,-132.7069,90.2663
1830,-22.9026,-132.4069,90.2663
1831,-22.9026,-132.1069,90.2663
1832,-22.9026,-131.8069,90.2663
1833,-23.2026,-131.5069,89.9663
1834,-23.2026,-131.2069,89.6663
1835,-23.2026,-130.9069,89.3663
1836,-23.5026,-130.6069,89.0663
1837,-23.5026,-130.3069,89.0663
1838,-23.8026,-130.0069,88.7663
1839,-24.1026,-129.7069,88.4663
1840,-24.4026,-129.4069,88.1663
1841,-24.7026,-129.1069,87.8663
1842,-25.0026,-129.1069,87.8663
1843,-25.3026,-128.8069,87.5663
1844,-25.6026,-128.8069,87.5663
1845,-25.9026,-128.5069,87.5663
1846,-26.2026,-128.5069,87.5663
1847,-26.5026,-128.5069,87.5663
1848,-26.8026,-128.5069,87.5663
1849,-27.1026,-128.5069,87.5663
1850,-27.4026,-128.5069,87.5663
1851,-27.7026,-128.2069,87.5663
1852,-28.0026,-128.2069,87.5663
1853,-28.3026,-128.2069,87.5663
1854,-28.6026,-128.2069,87.5663
1855,-28.9026,-128.2069,87.5663
1856,-29.2026,-128.2069,87.5663
1857,-29.5026,-128.2069,87.5663
1858,-29.8026,-128.2069,87.5663
1859,-30.1026,-127.9069,87.2663
1860,-30.4026,-127.9069,87.2663
1861,-30.7026,-127.9069,87.2663
1862,-31.0026,-127.9069,87.2663
1863,-31.3026,-127.9069,87.2663
1864,-31.6026,-127.9069,87.2663
1865,-31.9026,-127.9069,87.2663
1866,-32.2026,-127.9069,87.2663
1867,-32.5026,-127.9069,87.2663
1868,-32.8026,-127.6069,87.2663
1869,-33.1026,-127.6069,87.2663
1870,-33.4026,-127.6069,87.2663
1871,-33.7026,-127.3069,87.2663
1872,-34.0026,-127.0069,87.2663
1873,-34.3026,-127.0069,87.2663
1874,-34.6026,-127.0069,87.2663
1875,-34.9026,-127.0069,87.2663
1876,-35.2026,-127.0069,87.2663
1877,-35.5026,-127.0069,87.2663
1878,-35.8026,-127.0069,87.2663
1879,-36.1026,-127.0069,87.2663
1880,-36.4026,-126.7069,87.5663
1881,-36.7026,-126.7069,87.5663
1882,-37.0026,-126.7069,87.5663
1883,-37.3026,-126.7069,87.5663
1884,-37.6026,-126.7069,87.5663
1885,-37.9026,-126.7069,87.5663
1886,-38.2026,-126.7069,87.5663
1887,-38.5026,-126.7069,87.5663
1888,-38.8026,-126.7069,87.5663
1889,-39.1026,-126.7069,87.5663
1890,-39.4026,-126.7069,87.5663
1891,-39.7026,-126.7069,87.5663
1892,-40.0026,-126.4069,87.5663
1893,-40.3026,-126.4069,87.5663
1894,-40.6026,-126.4069,87.5663
1895,-40.9026,-126.1069,87.5663
1896,-41.2026,-126.1069,87.5663
1897,-41.5026,-126.1069,87.5663
1898,-41.8026,-126.1069,87.5663
1899,-42.1026,-126.1069,87.5663
1900,-42.4026,-126.1069,87.5663
1901,-42.7026,-126.1069,87.5663
1902,-43.0026,-126.1069,87.5663
1903,-43.3026,-126.1069,87.5663
1904,-43.6026,-126.1069,87.5663
1905,-43.9026,-126.4069,87.5663
1906,-44.2026,-126.4069,87.5663
1907,-44.5026,-126.7069,87.5663
1908,-44.8026,-126.7069,87.5663
1909,-45.1026,-127.0069,87.2663
1910,-45.4026,-127.3069,87.2663
1911,-43.6142,-129.7142,87.3000
1912,-45.3284,-133.5284,87.3000
1913,-45.1026,-133.9069,87.2663
1914,-45.1026,-134.2069,87.2663
1915,-44.8026,-134.5069,87.2663
1916,-44.8026,-134.8069,87.2663
1917,-44.5026,-135.1069,87.5663
1918,-44.5026,-135.4069,87.5663
1919,-44.5026,-135.7069,87.5663
1920,-44.2026,-136.0069,87.8663
1921,-43.9026,-136.3069,88.1663
1922,-43.6026,-136.6069,88.4663
1923,-43.3026,-136.9069,88.4663
1924,-43.0026,-137.2069,88.4663
1925,-42.7026,-137.5069,88.4663
1926,-42.4026,-137.5069,88.4663
1927,-42.1026,-137.8069,88.4663
1928,-41.8026,-137.8069,88.4663
1929,-41.5026,-137.8069,88.4663
1930,-41.2026,-137.8069,88.4663
1931,-40.9026,-137.8069,88.4663
1932,-40.6026,-137.8069,88.4663
1933,-40.3026,-137.8069,88.4663
1934,-40.0026,-137.8069,88.4663
1935,-39.7026,-137.8069,88.4663
1936,-39.4026,-137.8069,88.4663
1937,-39.1026,-137.8069,88.4663
1938,-38.8026,-137.8069,88.4663
1939,-38.5026,-137.8069,88.4663
1940,-38.2026,-138.1069,88.4663
1941,-37.9026,-138.1069,88.4663
1942,-37.6026,-138.1069,88.4663
1943,-37.3026,-138.1069,88.4663
1944,-37.0026,-138.1069,88.4663
1945,-36.7026,-138.1069,88.4663
1946,-36.4026,-138.1069,88.4663
1947,-36.1026,-138.1069,88.4663
1948,-35.8026,-138.1069,88.4663
1949,-35.5026,-138.1069,88.4663
1950,-35.2026,-138.4069,88.4663
1951,-34.9026,-138.4069,88.4663
1952,-34.6026,-138.7069,88.4663
1953,-34.3026,-138.7069,88.4663
1954,-34.0026,-138.7069,88.4663
1955,-33.7026,-138.7069,88.4663
1956,-33.4026,-138.7069,88.4663
1957,-33.1026,-138.7069,88.4663
1958,-32.8026,-138.7069,88.4663
1959,-32.5026,-138.7069,88.4663
1960,-32.2026,-138.7069,88.4663
1961,-31.9026,-138.7069,88.4663
1962,-31.6026,-138.7069,88.4663
1963,-31.3026,-138.7069,88.4663
1964,-31.0026,-139.0069,88.4663
1965,-30.7026,-139.0069,88.4663
1966,-30.4026,-139.0069,88.4663
1967,-30.1026,-139.0069,88.4663
1968,-29.8026,-139.0069,88.4663
1969,-29.5026,-139.0069,88.4663
1970,-29.2026,-139.0069,88.4663
1971,-28.9026,-139.0069,88.4663
1972,-28.6026,-139.0069,88.4663
1973,-28.3026,-139.0069,88.4663
1974,-28.0026,-139.0069,88.4663
1975,-27.7026,-139.0069,88.4663
1976,-27.4026,-139.0069,88.4663
1977,-27.1026,-139.0069,88.4663
1978,-26.8026,-139.0069,88.4663
1979,-26.5026,-139.0069,88.4663
1980,-26.2026,-139.0069,88.4663
1981,-25.9026,-139.0069,88.4663
1982,-25.6026,-139.0069,88.4663
1983,-25.3026,-139.0069,88.4663
1984,-25.0026,-139.0069,88.4663
1985,-24.7026,-139.0069,88.4663
1986,-24.4026,-139.0069,88.4663
1987,-24.1026,-139.0069,88.4663
1988,-23.8026,-139.0069,88.4663
1989,-23.5026,-139.0069,88.4663
1990,-23.2026,-139.0069,88.4663
1991,-22.9026,-139.0069,88.4663
1992,-22.6026,-139.0069,88.4663
1993,-22.3026,-139.0069,88.4663
1994,-22.0026,-139.0069,88.4663
1995,-21.7026,-139.0069,88.4663
1996,-21.4026,-139.0069,88.4663
1997,-21.1026,-139.0069,88.4663
1998,-20.8026,-139.0069,88.4663
1999,-20.5026,-139.0069,88.4663
2000,-20.2026,-139.0069,88.4663
2001,-19.9026,-139.0069,88.4663
2002,-19.6026,-139.0069,88.4663
2003,-19.3026,-139.0069,88.4663
2004,-19.0026,-139.0069,88.4663
2005,-18.7026,-139.0069,88.4663
2006,-18.4026,-139.0069,88.4663
2007,-18.1026,-139.0069,88.4663
2008,-17.8026,-139.0069,88.4663
2009,-17.5026,-139.0069,88.1663
2010,-17.2026,-139.0069,88.1663
2011,-16.9026,-139.0069,87.8663
2012,-16.6026,-139.0069,87.8663
2013,-16.3026,-139.0069,87.8663
2014,-16.0026,-138.7069,87.5663
2015,-16.0026,-138.7069,87.8663
2016,-16.3026,-138.4069,88.1663
2017,-16.6026,-138.1069,88.4663
2018,-16.9026,-137.8069,88.7663
2019,-16.9026,-137.5069,89.0663
2020,-16.9026,-137.2069,89.3663
2021,-16.9026,-136.9069,89.6663
2022,-16.9026,-136.6069,89.6663
2023,-16.9026,-136.3069,89.9663
2024,-16.9026,-136.0069,89.9663
2025,-16.9026,-135.7069,90.2663
2026,-16.9026,-135.4069,90.2663
2027,-16.9026,-135.1069,90.2663
2028,-16.9026,-134.8069,90.2663
2029,-16.9026,-134.5069,90.2663
2030,-16.9026,-134.2069,90.2663
2031,-16.9026,-133.9069,90.2663
2032,-16.9026,-133.6069,90.2663
2033,-16.6026,-133.3069,89.9663
2034,-16.6026,-133.0069,89.9663
2035,-16.3026,-132.7069,89.6663
2036,-16.0026,-132.4069,89.6663
2037,-15.7026,-132.1069,89.3663
2038,-15.4026,-131.8069,89.0663
2039,-15.1026,-131.8069,88.7663
2040,-14.8026,-131.5069,88.4663
2041,-14.5026,-131.5069,88.1663
2042,-14.2026,-131.2069,87.8663
2043,-13.9026,-131.2069,87.8663
2044,-13.6026,-131.2069,87.5663
2045,-13.3026,-131.2069,87.5663
2046,-13.0026,-130.9069,87.2663
2047,-12.7026,-130.9069,87.2663
2048,-12.4026,-130.9069,87.2663
2049,-12.1026,-130.9069,87.2663
2050,-11.8026,-130.9069,87.2663
2051,-11.5026,-130.9069,87.2663
2052,-11.2026,-130.9069,87.2663
2053,-10.9026,-130.9069,87.2663
2054,-10.6026,-131.2069,87.2663
2055,-10.3026,-131.5069,87.2663
2056,-10.0026,-131.5069,87.2663
2057,-9.7026,-131.5069,87.2663
2058,-9.4026,-131.5069,87.2663
2059,-9.1026,-131.5069,87.2663
2060,-8.8026,-131.5069,87.2663
2061,-8.5026,-131.5069,87.2663
2062,-8.2026,-131.5069,87.2663
2063,-7.9026,-131.8069,87.2663
2064,-7.6026,-131.8069,87.2663
2065,-7.3026,-131.8069,87.2663
2066,-7.0026,-131.8069,87.2663
2067,-6.7026,-132.1069,87.2663
2068,-6.4026,-132.1069,87.2663
2069,-6.1026,-132.4069,87.2663
2070,-5.8026,-132.4069,87.2663
2071,-5.8026,-132.4069,87.5663
2072,-5.5026,-132.7069,87.8663
2073,-5.2026,-133.0069,88.1663
2074,-5.2026,-133.0069,88.4663
2075,-4.9026,-133.3069,88.7663
2076,-4.6026,-133.6069,89.0663
2077,-4.3026,-133.9069,89.3663
2078,-4.0026,-134.2069,89.6663
2079,-3.7026,-134.5069,89.9663
2080,-3.4026,-134.8069,90.2663
2081,-3.4026,-135.1069,90.2663
2082,-3.4026,-135.4069,90.2663
2083,-3.4026,-135.7069,90.2663
2084,-3.4026,-136.0069,90.2663
2085,-3.4026,-136.3069,90.2663
2086,-3.4026,-136.6069,90.2663
2087,-3.4026,-136.9069,90.2663
2088,-3.4026,-137.2069,90.2663
2089,-3.4026,-137.5069,90.2663
2090,-3.4026,-137.8069,90.2663
2091,-3.4026,-138.1069,90.2663
2092,-3.1026,-138.4069,89.9663
2093,-3.1026,-138.7069,89.9663
2094,-2.8026,-139.0069,89.6663
2095,-2.8026,-139.3069,89.6663
2096,-2.5026,-139.6069,89.3663
2097,-2.2026,-139.9069,89.0663
2098,-2.2026,-140.2069,88.7663
2099,-1.9026,-140.5069,88.4663
2100,-1.9026,-140.8069,88.1663
2101,-1.9026,-141.1069,87.8663
2102,-1.6026,-141.4069,87.5663
2103,6.5598,-138.5071,87.3000
2104,5.9527,-134.2473,87.3000
2105,5.8974,-134.5069,87.5663
2106,5.8974,-134.5069,87.8663
2107,6.1974,-134.8069,88.1663
2108,6.4974,-135.1069,88.4663
2109,6.7974,-135.4069,88.7663
2110,6.7974,-135.7069,89.0663
2111,6.7974,-136.0069,89.3663
2112,6.7974,-136.3069,89.6663
2113,6.7974,-136.6069,89.6663
2114,6.7974,-136.9069,89.9663
2115,6.7974,-137.2069,89.9663
2116,6.7974,-137.5069,90.2663
2117,6.7974,-137.8069,90.2663
2118,6.7974,-138.1069,90.2663
2119,6.7974,-138.4069,90.2663
2120,6.7974,-138.7069,90.2663
2121,6.7974,-139.0069,90.2663
2122,6.7974,-139.3069,90.2663
2123,6.7974,-139.6069,90.2663
2124,6.7974,-139.9069,89.9663
2125,6.7974,-140.2069,89.9663
2126,6.7974,-140.5069,89.9663
2127,6.7974,-140.8069,89.6663
2128,6.7974,-141.1069,89.3663
2129,6.7974,-141.4069,89.3663
2130,6.7974,-141.7069,89.0663
2131,6.7974,-142.0069,88.7663
2132,6.7974,-142.3069,88.4663
2133,6.7974,-142.6069,88.1663
2134,6.7974,-142.6069,87.8663
2135,6.7974,-142.6069,87.5663
2136,7.0974,-142.9069,87.2663
2137,7.3974,-142.9069,87.2663
2138,7.6974,-142.9069,87.2663
2139,7.9974,-142.9069,87.2663
2140,8.2974,-142.9069,87.2663
2141,8.5974,-143.2069,87.2663
2142,8.8974,-143.2069,87.2663
2143,9.1974,-143.2069,87.2663
2144,9.4974,-143.5069,87.2663
2145,9.7974,-143.5069,87.2663
2146,10.0974,-143.5069,87.2663
2147,10.3974,-143.5069,87.2663
2148,10.6974,-143.5069,87.2663
2149,10.9974,-143.5069,87.2663
2150,11.2974,-143.5069,87.2663
2151,11.5974,-143.5069,87.2663
2152,11.8974,-143.8069,87.2663
2153,12.1974,-143.8069,87.2663
2154,12.4974,-143.8069,87.2663
2155,12.7974,-143.8069,87.2663
2156,13.0974,-143.8069,87.2663
2157,13.3974,-143.8069,87.2663
2158,17.0707,-140.3293,87.3000
2159,16.7000,-136.1000,87.3000
2160,16.9974,-136.0069,87.2663
2161,17.2974,-136.0069,87.2663
2162,17.5974,-136.0069,87.2663
2163,17.8974,-136.0069,87.2663
2164,18.1974,-136.0069,87.2663
2165,18.4974,-136.0069,87.2663
2166,18.7974,-136.0069,87.2663
2167,19.0974,-136.0069,87.2663
2168,19.3974,-136.0069,87.2663
2169,19.6974,-136.0069,87.2663
2170,19.9974,-136.0069,87.2663
2171,20.2974,-136.0069,87.2663
2172,20.5974,-136.0069,87.2663
2173,20.8974,-136.0069,87.2663
2174,21.1974,-136.0069,87.2663
2175,21.4974,-136.0069,87.2663
2176,21.7974,-136.0069,87.2663
2177,22.0974,-136.0069,87.2663
2178,22.3974,-136.0069,87.2663
2179,22.6974,-136.0069,87.2663
2180,22.9974,-136.0069,87.2663
2181,23.2974,-136.0069,87.2663
2182,23.5974,-136.0069,87.2663
2183,23.8974,-136.0069,87.2663
2184,24.1974,-136.0069,87.2663
2185,24.4974,-136.0069,87.2663
2186,24.7974,-136.0069,87.2663
2187,25.0974,-136.0069,87.2663
2188,25.3974,-136.0069,87.2663
2189,25.6974,-136.0069,87.2663
2190,25.9974,-136.0069,87.2663
2191,26.2974,-136.0069,87.2663
2192,26.5974,-136.0069,87.2663
2193,26.8974,-136.0069,87.2663
2194,27.1974,-136.3069,87.2663
2195,27.4974,-136.3069,87.2663
2196,27.7974,-136.6069,87.2663
2197,28.0974,-136.6069,87.2663
2198,28.3974,-136.9069,87.2663
2199,28.6974,-136.9069,87.2663
2200,28.9974,-136.9069,87.2663
2201,29.2974,-137.2069,87.2663
2202,29.5974,-137.2069,87.2663
2203,29.8974,-137.5069,87.2663
2204,30.1974,-137.5069,87.2663
2205,30.4974,-137.8069,87.2663
2206,30.7974,-137.8069,87.2663
2207,31.0974,-138.1069,87.2663
2208,31.3974,-138.1069,87.2663
2209,31.6974,-138.4069,87.2663
2210,31.9974,-138.4069,87.2663
2211,32.2974,-138.4069,87.2663
2212,32.5974,-138.4069,87.2663
2213,32.8974,-138.4069,87.2663
2214,33.1974,-138.4069,87.2663
2215,33.4974,-138.4069,87.2663
2216,33.7974,-138.4069,87.2663
2217,34.0974,-138.4069,87.2663
2218,34.3974,-138.4069,87.2663
2219,34.6974,-138.4069,87.2663
2220,34.9974,-138.4069,87.2663
2221,35.2974,-138.4069,87.2663
2222,35.5974,-138.4069,87.2663
2223,35.8974,-138.4069,87.2663
2224,36.1974,-138.4069,87.2663
2225,36.4974,-138.4069,87.2663
2226,36.7974,-138.4069,87.2663
2227,37.0974,-138.4069,87.2663
2228,37.3974,-138.4069,87.2663
2229,37.6974,-138.4069,87.2663
2230,37.9974,-138.4069,87.2663
2231,38.2974,-138.4069,87.2663
2232,38.5974,-138.4069,87.2663
2233,38.8974,-138.4069,87.2663
2234,39.1974,-138.4069,87.2663
2235,39.4974,-138.4069,87.2663
2236,39.7974,-138.4069,87.2663
2237,40.0974,-138.4069,87.2663
2238,40.3974,-138.4069,87.2663
2239,40.6974,-138.4069,87.2663
2240,40.9974,-138.4069,87.2663
2241,41.2974,-138.4069,87.2663
2242,41.5974,-138.4069,87.2663
2243,41.8974,-138.7069,87.2663
2244,42.1974,-138.7069,87.2663
2245,42.4974,-139.0069,87.2663
2246,42.7974,-139.0069,87.2663
2247,43.0974,-139.3069,87.2663
2248,43.3974,-139.3069,87.2663
2249,43.6974,-139.6069,87.2663
2250,43.9974,-139.6069,87.2663
2251,44.2974,-139.9069,87.2663
2252,44.5974,-139.9069,87.2663
2253,44.8974,-139.9069,87.2663
2254,45.1974,-140.2069,87.2663
2255,45.4974,-140.2069,87.2663
2256,45.7974,-140.5069,87.2663
2257,46.0974,-140.5069,87.2663
2258,46.3974,-140.8069,87.2663
2259,46.6974,-140.8069,87.2663
2260,46.9974,-141.1069,87.2663
2261,47.2974,-141.1069,87.2663
2262,47.5974,-141.1069,87.2663
2263,47.8974,-141.4069,87.2663
2264,48.1974,-141.4069,87.2663
2265,48.4974,-141.4069,87.2663
2266,48.7974,-141.4069,87.2663
2267,49.0974,-141.4069,87.2663
2268,49.3974,-141.7069,87.2663
2269,49.6974,-141.7069,87.2663
2270,49.9974,-142.0069,87.2663
2271,50.2974,-142.0069,87.2663
2272,50.5974,-142.0069,87.2663
2273,50.8974,-142.0069,87.2663
2274,51.1974,-142.0069,87.2663
2275,51.4974,-142.0069,87.2663
2276,51.7974,-142.0069,87.2663
2277,52.0974,-142.0069,87.2663
2278,52.3974,-142.0069,87.2663
2279,52.6974,-142.0069,87.2663
2280,52.9974,-142.0069,87.2663
2281,53.2974,-142.0069,87.2663
2282,53.5974,-142.0069,87.2663
2283,53.8974,-142.0069,87.2663
2284,54.1974,-142.0069,87.2663
2285,54.4974,-142.0069,87.2663
2286,54.7974,-142.0069,87.2663
2287,55.0974,-142.0069,87.2663
2288,55.3974,-142.0069,87.2663
2289,55.6974,-142.0069,87.2663
2290,55.9974,-142.0069,87.2663
2291,56.2974,-142.0069,87.2663
2292,56.5974,-142.0069,87.2663
2293,56.8974,-142.0069,87.2663
2294,57.1974,-142.0069,87.2663
2295,57.4974,-142.0069,87.2663
2296,57.7974,-142.0069,87.2663
2297,58.0974,-142.0069,87.2663
2298,58.3974,-142.0069,87.2663
2299,58.6974,-142.0069,87.2663
2300,58.9974,-142.3069,87.2663
2301,59.2974,-142.3069,87.2663
2302,59.5974,-142.3069,87.2663
2303,59.8974,-142.3069,87.2663
2304,60.1974,-142.6069,87.2663
2305,60.4974,-142.9069,87.2663
2306,60.7974,-142.9069,87.2663
2307,61.0974,-143.2069,87.2663
2308,61.3974,-143.2069,87.2663
2309,61.6974,-143.5069,87.2663
2310,61.9974,-143.5069,87.2663
2311,62.2974,-143.8069,87.2663
2312,62.5974,-143.8069,87.2663
2313,62.8974,-144.1069,87.2663
2314,63.1974,-144.1069,87.2663
2315,63.4974,-144.4069,87.2663
2316,63.7974,-144.4069,87.2663
2317,64.0974,-144.7069,87.2663
2318,64.3974,-145.0069,87.2663
2319,64.6974,-145.3069,87.2663
2320,64.6974,-145.6069,87.2663
2321,64.9974,-145.9069,87.2663
2322,64.9974,-146.2069,87.2663
2323,65.2974,-146.5069,87.2663
2324,65.2974,-146.8069,87.2663
2325,65.2974,-147.1069,87.2663
2326,65.2974,-147.4069,87.2663
2327,65.2974,-147.7069,87.2663
2328,65.2974,-148.0069,87.2663
2329,65.2974,-148.3069,87.2663
2330,65.2974,-148.6069,87.2663
2331,65.2974,-148.9069,87.2663
2332,65.2974,-149.2069,87.2663
2333,65.2974,-149.5069,87.2663
2334,64.9974,-149.8069,87.5663
2335,64.9974,-149.8069,87.8663
2336,64.9974,-149.8069,88.1663
2337,64.9974,-149.8069,88.4663
2338,64.6974,-150.1069,88.7663
2339,64.6974,-150.4069,89.0663
2340,64.3974,-150.7069,89.3663
2341,64.3974,-150.7069,89.6663
2342,64.0974,-151.0069,89.9663
2343,64.0974,-151.0069,90.2663
2344,64.3284,-151.1284,90.3000
2345,60.5343,-151.6941,90.3000
2346,56.7402,-152.2598,90.3000
2347,56.2974,-151.9069,90.2663
2348,55.9974,-151.9069,90.2663
2349,55.6974,-151.6069,90.2663
2350,55.3974,-151.3069,90.5663
2351,55.0974,-151.3069,90.5663
2352,54.7974,-151.0069,90.5663
2353,54.4974,-150.7069,90.5663
2354,54.1974,-150.4069,90.5663
2355,53.8974,-150.1069,90.5663
2356,53.8974,-149.8069,90.5663
2357,50.5042,-148.6900,90.3000
2358,50.2974,-148.9069,90.2663
2359,50.2974,-149.2069,90.2663
2360,49.9974,-149.5069,90.2663
2361,49.9974,-149.8069,90.2663
2362,49.6974,-150.1069,90.2663
2363,49.3974,-150.4069,90.2663
2364,49.0974,-150.7069,90.2663
2365,-40.5693,-126.2045,90.3000
2366,-40.9026,-126.1069,90.2663
2367,-41.2026,-126.1069,90.2663
2368,-41.5026,-125.8069,90.2663
2369,-41.8026,-125.8069,90.2663
2370,-42.1026,-125.8069,90.2663
2371,-42.4026,-125.8069,90.2663
2372,-42.7026,-125.8069,90.2663
2373,-43.0026,-125.8069,90.2663
2374,-43.3026,-125.8069,90.2663
2375,-43.6026,-126.1069,90.2663
2376,-43.9026,-126.1069,90.2663
2377,-44.2026,-126.4069,90.2663
2378,-44.5026,-126.4069,90.2663
2379,-44.8026,-126.7069,90.2663
2380,-45.1026,-127.0069,90.2663
2381,-45.4026,-127.3069,90.2663
2382,-45.7026,-127.6069,90.2663
2383,-46.0026,-127.9069,90.2663
2384,-46.0026,-128.2069,90.2663
2385,-46.3026,-128.5069,90.2663
2386,-46.3026,-128.8069,90.2663
2387,-46.6026,-129.1069,90.2663
2388,-46.6026,-129.4069,90.2663
2389,-46.6026,-129.7069,90.2663
2390,-46.6026,-130.0069,90.2663
2391,-46.6026,-130.3069,90.2663
2392,-46.6026,-130.6069,90.2663
2393,-46.6026,-130.9069,90.2663
2394,-46.6026,-131.2069,90.2663
2395,-46.6026,-131.5069,90.2663
2396,-46.6026,-131.8069,90.2663
2397,-46.6026,-132.1069,90.2663
2398,-46.6026,-132.4069,90.2663
2399,-46.6026,-132.7069,90.2663
2400,-46.6026,-133.0069,90.2663
2401,-46.6026,-133.3069,90.2663
2402,-46.3026,-133.6069,90.5663
2403,-45.9527,-133.9527,90.3000
2404,-42.3000,-133.9527,90.3000
2405,-38.1000,-132.1000,90.5000
2406,-32.1803,-136.7073,90.3000
2407,-32.2026,-136.9069,89.9663
2408,-31.9026,-137.2069,89.6663
2409,-31.6026,-137.5069,89.3663
2410,-31.3026,-137.8069,89.0663
2411,-31.0026,-138.1069,89.0663
2412,-30.7026,-138.4069,89.0663
2413,-30.4026,-138.7069,88.7663
2414,-30.1026,-138.7069,88.7663
2415,-29.8026,-138.7069,88.7663
2416,-29.5026,-139.0069,88.7663
2417,-29.2026,-139.0069,88.7663
2418,-28.9026,-139.0069,88.7663
2419,-28.6026,-139.0069,88.7663
2420,-28.3026,-139.0069,88.7663
2421,-28.0026,-139.0069,88.7663
2422,-27.7026,-139.0069,88.7663
2423,-27.4026,-139.0069,88.7663
2424,-27.1026,-139.0069,88.7663
2425,-26.8026,-138.7069,88.7663
2426,-26.5026,-138.7069,88.7663
2427,-26.2026,-138.4069,88.7663
2428,-25.9026,-138.1069,88.7663
2429,-25.6026,-137.8069,88.7663
2430,-25.3026,-137.5069,89.0663
2431,-25.0026,-137.2069,89.3663
2432,-24.7026,-136.9069,89.6663
2433,-24.4026,-136.6069,89.6663
2434,-24.1026,-136.3069,89.9663
2435,-23.8026,-136.3069,89.9663
2436,-23.5026,-136.3069,89.9663
2437,-23.2026,-136.3069,89.9663
2438,-22.9026,-136.3069,90.2663
2439,-22.6026,-136.3069,90.5663
2440,-22.3026,-136.3069,90.8663
2441,-22.0026,-136.3069,90.8663
2442,-21.7026,-136.3069,90.8663
2443,-21.4026,-136.3069,90.8663
2444,-21.1026,-136.6069,91.1663
2445,-20.8026,-136.9069,91.4663
2446,-20.5026,-137.2069,91.7663
2447,-20.2026,-137.2069,92.0663
2448,-19.9026,-137.2069,92.0663
2449,-19.6026,-137.2069,92.0663
2450,-19.3026,-137.2069,92.0663
2451,-19.0026,-137.2069,92.0663
2452,-18.7026,-137.2069,92.0663
2453,-18.4026,-137.2069,92.0663
2454,-18.1026,-137.2069,92.0663
2455,-17.8026,-137.2069,92.0663
2456,-17.5026,-137.2069,92.0663
2457,-17.2026,-137.2069,92.0663
2458,-16.9026,-137.2069,92.0663
2459,-16.6026,-137.2069,92.0663
2460,-16.3026,-137.2069,92.0663
2461,-16.0026,-137.2069,92.0663
2462,-15.7026,-137.2069,92.0663
2463,-15.4026,-137.2069,92.3663
2464,-15.1026,-137.2069,92.6663
2465,-14.8026,-137.2069,92.9663
2466,-14.5026,-137.2069,92.9663
2467,-14.2026,-137.2069,93.2663
2468,-13.9026,-137.2069,93.2663
2469,-13.6026,-137.2069,93.5663
2470,-13.3026,-137.2069,93.5663
2471,-13.0026,-137.2069,93.5663
2472,-12.7026,-137.2069,93.5663
2473,-12.4026,-137.2069,93.5663
2474,-12.1026,-137.2069,93.5663
2475,-11.8026,-137.2069,93.5663
2476,-11.5026,-137.2069,93.5663
2477,-11.2026,-137.2069,93.5663
2478,-10.9026,-137.2069,93.5663
2479,-10.6026,-137.2069,93.5663
2480,-10.3026,-137.2069,93.5663
2481,-10.0026,-137.2069,93.5663
2482,-9.7026,-137.2069,93.5663
2483,-9.4026,-137.2069,93.5663
2484,-9.1026,-137.2069,93.5663
2485,-8.8026,-137.2069,93.5663
2486,-8.5026,-137.2069,93.5663
2487,-8.2026,-137.2069,93.5663
2488,-7.9026,-137.2069,93.5663
2489,-7.6026,-137.2069,93.5663
2490,-7.3026,-137.2069,93.5663
2491,-7.0026,-137.2069,93.8663
2492,-6.7026,-137.2069,93.8663
2493,-6.4026,-137.2069,93.8663
2494,-6.1026,-137.2069,93.8663
2495,-5.8026,-137.2069,93.8663
2496,-5.5026,-137.2069,93.8663
2497,-5.2026,-137.2069,93.8663
2498,-4.9026,-137.2069,93.8663
2499,-4.6026,-137.2069,93.8663
2500,-4.3026,-137.2069,93.8663
2501,-4.0026,-137.2069,93.8663
2502,-3.7026,-137.2069,93.8663
2503,-3.4026,-137.2069,93.8663
2504,-3.1026,-137.2069,93.8663
2505,-2.8026,-137.2069,93.8663
2506,-2.5026,-137.2069,93.8663
2507,-2.2026,-137.2069,93.8663
2508,-1.9026,-137.2069,93.8663
2509,-1.6026,-137.2069,93.8663
2510,-1.3026,-137.2069,93.8663
2511,-1.0026,-137.2069,93.8663
2512,-0.7026,-137.2069,93.8663
2513,-0.4026,-137.2069,93.8663
2514,-0.1026,-137.2069,93.8663
2515,0.1974,-137.2069,93.8663
2516,0.4974,-137.2069,93.8663
2517,0.7974,-137.2069,93.8663
2518,1.0974,-137.2069,93.8663
2519,1.3974,-137.2069,93.8663
2520,1.6974,-137.2069,93.8663
2521,1.9974,-137.2069,93.8663
2522,2.2974,-137.2069,93.8663
2523,2.5974,-137.2069,93.8663
2524,2.8974,-137.2069,93.8663
2525,3.1974,-137.2069,93.8663
2526,3.4974,-137.2069,93.8663
2527,3.7974,-137.2069,93.8663
2528,4.0974,-137.2069,93.8663
2529,4.3974,-137.2069,93.8663
2530,4.6974,-137.2069,93.8663
2531,4.9974,-137.2069,93.8663
2532,5.2974,-137.2069,93.8663
2533,5.5974,-137.2069,93.5663
2534,5.8974,-137.2069,93.5663
2535,6.1974,-137.2069,93.5663
2536,6.4974,-137.2069,93.2663
2537,6.7974,-137.2069,93.2663
2538,7.0974,-137.2069,92.9663
2539,7.3974,-137.2069,92.9663
2540,7.6974,-137.2069,92.6663
2541,7.9974,-137.2069,92.6663
2542,8.2974,-137.2069,92.3663
2543,8.5974,-137.2069,92.3663
2544,8.8974,-137.2069,92.0663
2545,9.1974,-137.2069,92.0663
2546,9.4974,-137.2069,92.0663
2547,9.7974,-137.2069,91.7663
2548,10.0974,-137.2069,91.7663
2549,10.3974,-137.2069,91.4663
2550,10.6974,-137.2069,91.4663
2551,10.9974,-137.2069,91.1663
2552,11.2974,-137.2069,91.1663
2553,11.5974,-137.2069,90.8663
2554,11.8974,-137.2069,90.8663
2555,12.1974,-137.5069,90.5663
2556,12.4974,-137.5069,90.5663
2557,12.7974,-137.8069,90.2663
2558,13.0974,-137.8069,90.2663
2559,13.0974,-138.1069,90.2663
2560,12.7974,-138.4069,90.2663
2561,12.7974,-138.7069,90.2663
2562,12.4974,-139.0069,90.2663
2563,12.4974,-139.3069,90.2663
2564,12.4974,-139.6069,90.2663
2565,12.4974,-139.9069,90.2663
2566,12.4974,-140.2069,90.2663
2567,12.4974,-140.5069,90.2663
2568,12.4974,-140.8069,90.2663
2569,12.4974,-141.1069,90.2663
2570,12.4974,-141.4069,90.2663
2571,12.4974,-141.7069,90.2663
2572,12.7974,-142.0069,90.2663
2573,12.9000,-142.3000,90.3000
2574,12.7974,-142.6069,90.2663
2575,12.7974,-142.9069,90.2663
2576,12.7974,-143.2069,90.2663
2577,12.7974,-143.5069,90.2663
2578,13.0974,-143.8069,90.2663
2579,13.0974,-144.1069,90.2663
2580,13.3974,-144.4069,90.2663
2581,13.3974,-144.7069,90.2663
2582,13.6974,-145.0069,90.2663
2583,13.6974,-145.3069,90.2663
2584,13.6974,-145.6069,90.2663
2585,13.9974,-145.9069,90.2663
2586,16.0620,-144.0446,90.3000
2587,17.5858,-144.3142,90.3000
2588,19.3196,-146.0585,90.3000
2589,19.6974,-145.9069,90.2663
2590,19.9974,-145.6069,90.2663
2591,20.2974,-145.3069,90.5663
2592,20.5974,-145.0069,90.5663
2593,20.8974,-144.7069,90.5663
2594,21.1974,-144.4069,90.5663
2595,21.1974,-144.1069,90.5663
2596,21.1974,-143.8069,90.5663
2597,21.1974,-143.5069,90.5663
2598,21.1974,-143.2069,90.5663
2599,21.1974,-142.9069,90.2663
2600,21.1974,-142.6069,90.2663
2601,21.4974,-142.6069,90.2663
2602,21.7974,-142.6069,90.2663
2603,22.0974,-142.6069,90.2663
2604,22.3974,-142.3069,90.2663
2605,22.6974,-142.0069,90.2663
2606,22.9974,-141.7069,90.2663
2607,23.2974,-141.7069,90.2663
2608,23.5974,-141.7069,90.2663
2609,23.8974,-141.7069,90.2663
2610,24.1974,-141.7069,90.2663
2611,24.4974,-141.7069,90.2663
2612,24.7974,-141.7069,90.2663
2613,25.0974,-141.7069,90.2663
2614,25.3974,-141.7069,90.2663
2615,25.6974,-141.4069,90.2663
2616,25.9974,-141.4069,90.2663
2617,26.2974,-141.1069,90.2663
2618,26.5974,-141.1069,90.2663
2619,26.8974,-141.1069,90.2663
2620,27.1974,-140.8069,89.9663
2621,27.4974,-140.5069,89.9663
2622,27.7974,-140.5069,89.9663
2623,28.0974,-140.2069,89.9663
2624,28.3974,-139.9069,89.9663
2625,28.6974,-139.6069,89.9663
2626,28.9974,-139.6069,89.9663
2627,29.2974,-139.3069,89.9663
2628,29.5974,-139.3069,89.9663
2629,29.2974,-139.3069,89.9663
2630,28.9974,-139.6069,89.9663
2631,28.6974,-139.9069,89.9663
2632,28.3974,-140.2069,89.9663
2633,28.0974,-140.5069,89.9663
2634,28.0974,-140.8069,89.9663
2635,27.7974,-141.1069,90.2663
2636,27.4974,-141.4069,90.2663
2637,27.4974,-141.7069,90.2663
2638,27.4974,-142.0069,90.2663
2639,27.1974,-142.3069,90.2663
2640,27.1974,-142.6069,90.2663
2641,26.8974,-142.9069,90.2663
2642,26.8974,-143.2069,90.2663
2643,26.5974,-143.5069,90.2663
2644,26.5974,-143.8069,90.2663
2645,26.2974,-144.1069,90.2663
2646,26.2974,-144.4069,90.2663
2647,25.9974,-144.7069,90.2663
2648,25.9974,-145.0069,90.2663
2649,25.5000,-145.1000,90.1000
2650,25.6974,-145.3069,90.2663
2651,25.9974,-145.6069,90.2663
2652,25.9974,-145.9069,90.2663
2653,26.2974,-146.2069,90.2663
2654,26.5974,-146.5069,90.2663
2655,26.8974,-146.8069,90.2663
2656,27.1974,-147.1069,90.2663
2657,27.1974,-147.4069,90.2663
2658,27.4974,-147.7069,90.2663
2659,27.7974,-148.0069,90.2663
2660,28.0974,-148.3069,90.2663
2661,28.3974,-148.6069,90.2663
2662,28.6974,-148.6069,90.2663
2663,28.9974,-148.9069,90.2663
2664,29.2974,-148.9069,90.2663
2665,29.5974,-149.2069,90.2663
2666,29.8974,-149.2069,90.2663
2667,30.1974,-149.2069,90.2663
2668,30.4974,-149.5069,90.2663
2669,30.7974,-149.5069,90.2663
2670,31.0974,-149.5069,90.2663
2671,31.3974,-149.5069,90.2663
2672,31.6974,-149.5069,90.2663
2673,31.9974,-149.5069,90.2663
2674,32.2974,-149.5069,90.2663
2675,32.5974,-149.5069,90.2663
2676,32.8974,-149.5069,90.2663
2677,33.1974,-149.2069,90.2663
2678,33.4974,-149.2069,90.2663
2679,33.7974,-148.9069,90.2663
2680,34.0974,-148.9069,90.2663
2681,34.3974,-148.6069,90.2663
2682,34.6974,-148.3069,90.2663
2683,34.9974,-148.0069,90.2663
2684,35.2974,-147.7069,90.2663
2685,35.5974,-147.4069,90.2663
2686,35.8974,-147.1069,90.2663
2687,36.1974,-146.8069,89.9663
2688,35.9000,-145.3000,90.3000
2689,41.6197,-144.8927,90.3000
2690,41.8974,-144.7069,90.2663
2691,41.8974,-144.4069,90.2663
2692,42.1974,-144.1069,90.2663
2693,42.1974,-143.8069,90.2663
2694,42.1974,-143.5069,90.2663
2695,42.4974,-143.2069,89.9663
2696,42.7974,-142.9069,89.9663
2697,46.0619,-146.7913,90.3000
2698,56.9302,-146.5302,90.5000
2699,57.1974,-146.2069,90.5663
2700,57.1974,-145.9069,90.5663
2701,57.4974,-145.6069,90.5663
2702,57.7974,-145.3069,90.5663
2703,58.0974,-145.0069,90.5663
2704,58.3974,-144.7069,90.5663
2705,58.6974,-144.4069,90.5663
2706,58.9974,-144.1069,90.2663
2707,59.2974,-143.8069,90.2663
2708,60.3000,-143.5000,90.1000
2709,60.4974,-143.5069,89.9663
2710,60.7974,-143.5069,89.9663
2711,61.0974,-143.5069,89.9663
2712,61.3974,-143.5069,89.9663
2713,61.6974,-143.5069,89.9663
2714,61.9974,-143.5069,89.9663
2715,62.2974,-143.8069,89.9663
2716,62.5974,-143.8069,89.9663
2717,62.8974,-143.8069,89.9663
2718,63.1974,-144.1069,89.9663
2719,63.4974,-144.1069,89.9663
2720,63.7974,-144.4069,89.9663
2721,64.0974,-144.7069,90.2663
2722,64.3974,-145.0069,90.2663
2723,64.6974,-145.3069,90.2663
2724,64.9974,-145.6069,90.2663
2725,64.9974,-145.9069,90.2663
2726,65.2974,-146.2069,90.2663
2727,65.1803,-146.2927,93.3000
2728,64.0055,-149.1441,93.3000
2729,62.8307,-151.9955,93.3000
2730,62.5974,-151.9069,93.2663
2731,62.2974,-152.2069,93.5663
2732,61.9974,-152.2069,93.5663
2733,61.6974,-152.2069,93.5663
2734,61.3974,-152.2069,93.5663
2735,61.0974,-152.5069,93.5663
2736,60.7974,-152.5069,93.5663
2737,60.4974,-152.5069,93.5663
2738,60.1974,-152.5069,93.5663
2739,59.8974,-152.5069,93.5663
2740,59.5974,-152.5069,93.5663
2741,59.2974,-152.5069,93.5663
2742,58.9974,-152.5069,93.5663
2743,58.6974,-152.5069,93.5663
2744,58.3974,-152.5069,93.5663
2745,58.0974,-152.5069,93.5663
2746,57.7974,-152.2069,93.2663
2747,57.4974,-152.2069,93.2663
2748,57.1974,-151.9069,92.9663
2749,56.8974,-151.6069,93.2663
2750,56.8974,-151.3069,93.2663
2751,56.8974,-151.0069,93.2663
2752,56.8974,-150.7069,93.5663
2753,56.8974,-150.4069,93.5663
2754,56.8974,-150.1069,93.5663
2755,56.8974,-149.8069,93.5663
2756,56.8974,-149.5069,93.5663
2757,56.8974,-149.2069,93.5663
2758,56.8974,-148.9069,93.5663
2759,56.8974,-148.6069,93.5663
2760,56.8974,-148.3069,93.5663
2761,56.8974,-148.0069,93.5663
2762,56.8974,-147.7069,93.5663
2763,56.8974,-147.4069,93.5663
2764,56.8974,-147.1069,93.5663
2765,56.8974,-146.8069,93.5663
2766,57.1974,-146.5069,93.2663
2767,56.8974,-146.5069,93.2663
2768,56.5974,-146.5069,93.2663
2769,56.2974,-146.5069,93.2663
2770,55.9974,-146.5069,93.2663
2771,55.6974,-146.5069,93.2663
2772,55.3974,-146.5069,93.2663
2773,55.0974,-146.2069,93.2663
2774,54.7974,-145.9069,93.2663
2775,54.4974,-145.9069,93.2663
2776,54.1974,-145.9069,93.2663
2777,53.8974,-145.9069,93.2663
2778,53.5974,-145.9069,93.2663
2779,53.2974,-145.9069,93.2663
2780,52.9974,-145.9069,93.2663
2781,52.6974,-145.9069,93.2663
2782,52.3974,-145.6069,93.2663
2783,52.0974,-145.6069,93.2663
2784,51.7974,-145.6069,93.2663
2785,51.4974,-145.6069,93.2663
2786,51.1974,-145.6069,93.2663
2787,50.8974,-145.6069,93.2663
2788,50.5974,-145.6069,93.2663
2789,50.2974,-145.6069,93.2663
2790,49.9974,-145.6069,93.2663
2791,49.6974,-145.6069,93.2663
2792,49.3974,-145.3069,93.2663
2793,49.0974,-145.0069,93.2663
2794,48.7974,-144.7069,93.2663
2795,48.4974,-144.4069,93.2663
2796,48.1974,-144.1069,93.2663
2797,47.8974,-143.8069,93.2663
2798,47.5974,-143.5069,93.2663
2799,47.2974,-143.5069,93.2663
2800,46.9974,-143.5069,93.2663
2801,46.6974,-143.5069,93.2663
2802,46.3974,-143.5069,93.2663
2803,46.0974,-143.5069,93.2663
2804,45.7974,-143.5069,93.2663
2805,45.4974,-143.5069,93.2663
2806,45.1974,-143.5069,93.2663
2807,44.8974,-143.5069,93.2663
2808,44.5974,-143.5069,93.2663
2809,44.2974,-143.5069,93.2663
2810,43.9974,-143.5069,93.2663
2811,43.6974,-143.5069,93.2663
2812,43.3974,-143.5069,93.2663
2813,43.0974,-143.5069,93.2663
2814,42.7974,-143.5069,93.2663
2815,42.4974,-143.5069,93.2663
2816,42.1974,-143.5069,93.2663
2817,41.8974,-143.5069,93.2663
2818,41.5974,-143.5069,93.2663
2819,41.2974,-143.5069,93.2663
2820,40.9974,-143.5069,93.2663
2821,40.6974,-143.5069,93.2663
2822,40.3974,-143.5069,93.2663
2823,40.0974,-143.5069,93.2663
2824,39.7974,-143.5069,93.2663
2825,39.4974,-143.2069,93.2663
2826,39.1974,-143.2069,93.2663
2827,38.8974,-143.2069,93.2663
2828,38.5974,-143.2069,93.2663
2829,38.2974,-143.2069,93.2663
2830,37.9974,-143.2069,93.2663
2831,37.6974,-143.2069,93.2663
2832,37.3974,-143.2069,93.2663
2833,37.0974,-143.2069,93.2663
2834,36.7974,-143.2069,93.2663
2835,36.4974,-143.2069,93.2663
2836,36.1974,-143.2069,93.2663
2837,35.8974,-143.2069,93.2663
2838,35.5974,-143.2069,93.2663
2839,35.2974,-143.2069,93.2663
2840,34.9974,-143.2069,93.2663
2841,34.6974,-142.9069,93.2663
2842,34.3974,-142.6069,93.2663
2843,34.0974,-142.3069,93.2663
2844,33.7974,-142.0069,93.2663
2845,33.4974,-141.7069,93.2663
2846,33.1974,-141.4069,93.2663
2847,32.8974,-141.1069,93.2663
2848,32.5974,-140.8069,93.2663
2849,32.2974,-140.8069,93.2663
2850,31.9974,-140.8069,93.2663
2851,31.6974,-140.8069,93.2663
2852,31.3974,-140.8069,93.2663
2853,31.0974,-140.8069,93.2663
2854,30.7974,-140.8069,93.2663
2855,30.4974,-140.8069,93.2663
2856,30.1974,-140.8069,93.2663
2857,29.8974,-140.8069,93.2663
2858,29.5974,-140.8069,93.2663
2859,29.2974,-140.8069,93.2663
2860,28.9974,-140.8069,93.2663
2861,28.6974,-140.8069,93.2663
2862,28.3974,-140.8069,93.2663
2863,28.0974,-140.8069,93.2663
2864,27.7974,-140.8069,93.2663
2865,27.4974,-140.8069,93.2663
2866,27.1974,-140.8069,93.2663
2867,26.8974,-140.8069,93.2663
2868,26.5974,-140.8069,93.2663
2869,26.2974,-140.8069,93.2663
2870,25.9974,-140.8069,93.2663
2871,25.6974,-140.8069,93.2663
2872,25.3974,-140.8069,93.2663
2873,25.0974,-140.8069,93.2663
2874,24.7974,-140.8069,93.2663
2875,24.4974,-140.8069,93.2663
2876,24.1974,-140.8069,93.2663
2877,23.8974,-140.8069,93.2663
2878,23.5974,-140.8069,93.2663
2879,23.2974,-140.8069,93.2663
2880,22.9974,-140.8069,93.2663
2881,22.6974,-140.8069,93.2663
2882,22.3974,-140.8069,93.2663
2883,22.0974,-140.5069,93.2663
2884,21.7974,-140.5069,93.2663
2885,21.4974,-140.5069,93.2663
2886,21.1974,-140.2069,93.2663
2887,21.1974,-140.5069,93.2663
2888,21.1974,-140.8069,93.2663
2889,21.1974,-141.1069,93.2663
2890,21.1974,-141.4069,93.2663
2891,20.8974,-141.7069,93.2663
2892,20.8974,-142.0069,93.2663
2893,20.5974,-142.3069,93.2663
2894,20.5974,-142.6069,93.2663
2895,20.2974,-142.9069,93.2663
2896,19.9974,-143.2069,93.2663
2897,19.6974,-143.5069,93.2663
2898,19.3974,-143.8069,93.5663
2899,19.0974,-144.1069,93.5663
2900,19.0974,-144.4069,93.5663
2901,18.7974,-144.7069,93.5663
2902,18.4974,-145.0069,93.5663
2903,18.1974,-145.3069,93.5663
2904,17.8974,-145.6069,93.5663
2905,17.5974,-145.6069,93.5663
2906,17.2974,-145.9069,93.2663
2907,16.9974,-145.9069,93.2663
2908,16.6974,-145.9069,93.2663
2909,16.3974,-145.6069,93.5663
2910,16.0974,-145.3069,93.5663
2911,15.7974,-145.3069,93.5663
2912,15.4974,-145.0069,93.5663
2913,15.1974,-144.7069,93.5663
2914,14.8974,-144.4069,93.5663
2915,14.5974,-144.1069,93.5663
2916,14.2974,-143.8069,93.5663
2917,13.9974,-143.5069,93.5663
2918,13.6974,-143.2069,93.2663
2919,13.3974,-142.9069,93.2663
2920,13.0974,-142.6069,93.2663
2921,13.0974,-142.3069,93.2663
2922,12.7974,-142.0069,92.9663
2923,12.7974,-141.7069,92.9663
2924,12.4974,-141.7069,92.9663
2925,12.1974,-141.7069,92.9663
2926,11.8974,-141.7069,92.9663
2927,11.5974,-141.7069,92.9663
2928,11.2974,-141.7069,92.9663
2929,10.9974,-141.7069,92.9663
2930,10.6974,-141.7069,92.9663
2931,10.3974,-141.7069,92.9663
2932,10.0974,-141.7069,92.9663
2933,9.7974,-141.7069,92.9663
2934,9.4974,-141.7069,92.9663
2935,9.1974,-141.7069,92.9663
2936,8.8974,-141.7069,92.9663
2937,8.5974,-141.7069,92.9663
2938,8.2974,-141.7069,92.9663
2939,7.9974,-141.7069,92.9663
2940,7.6974,-141.7069,92.9663
2941,7.3974,-141.7069,92.9663
2942,7.0974,-141.7069,92.9663
2943,6.7974,-141.7069,92.9663
2944,6.4974,-141.7069,92.9663
2945,6.1974,-141.7069,92.9663
2946,5.8974,-141.7069,92.9663
2947,5.5974,-141.7069,92.9663
2948,5.2974,-141.7069,92.9663
2949,4.9974,-141.7069,92.9663
2950,4.6974,-141.7069,92.9663
2951,4.3974,-141.7069,92.9663
2952,4.0974,-141.7069,92.9663
2953,3.7974,-141.7069,92.9663
2954,3.4974,-141.7069,92.9663
2955,3.1974,-141.7069,92.9663
2956,2.8974,-141.7069,92.9663
2957,2.5974,-141.7069,92.9663
2958,2.2974,-141.7069,92.9663
2959,1.9974,-141.7069,92.9663
2960,1.6974,-141.7069,92.9663
2961,1.3974,-141.7069,92.9663
2962,1.0974,-141.7069,92.9663
2963,0.7974,-141.7069,92.9663
2964,0.4974,-141.7069,92.9663
2965,0.1974,-141.7069,92.9663
2966,-0.1026,-141.7069,92.9663
2967,-0.4026,-141.7069,92.9663
2968,-0.7026,-141.7069,92.9663
2969,-1.0026,-141.7069,92.9663
2970,-1.3026,-141.7069,92.9663
2971,-1.6026,-141.7069,92.9663
2972,-1.9026,-141.7069,92.9663
2973,-2.2026,-141.7069,92.9663
2974,-2.5026,-141.7069,92.9663
2975,-2.8026,-141.7069,92.9663
2976,-3.1026,-141.7069,92.9663
2977,-3.4026,-141.7069,92.9663
2978,-3.7026,-141.7069,92.9663
2979,-4.0026,-141.7069,92.9663
2980,-4.3026,-141.7069,92.9663
2981,-4.6026,-141.7069,92.9663
2982,-4.9026,-141.7069,92.9663
2983,-5.2026,-141.7069,92.9663
2984,-5.5026,-141.7069,92.9663
2985,-5.8026,-141.7069,92.9663
2986,-6.1026,-141.4069,93.2663
2987,-6.4026,-141.4069,93.2663
2988,-6.7026,-141.4069,93.2663
2989,-7.0026,-141.4069,93.2663
2990,-7.3026,-141.4069,93.2663
2991,-7.6026,-141.4069,93.2663
2992,-7.9026,-141.4069,93.2663
2993,-8.2026,-141.4069,93.2663
2994,-8.5026,-141.4069,93.2663
2995,-8.8026,-141.4069,93.2663
2996,-9.1026,-141.4069,93.2663
2997,-9.4026,-141.4069,93.2663
2998,-9.7026,-141.4069,93.2663
2999,-10.0026,-141.4069,93.2663
3000,-10.3026,-141.4069,93.2663
3001,-10.6026,-141.4069,93.2663
3002,-10.9026,-141.4069,93.2663
3003,-11.2026,-141.4069,93.2663
3004,-11.5026,-141.4069,93.2663
3005,-11.8026,-141.4069,93.2663
3006,-12.1026,-141.4069,93.2663
3007,-12.4026,-141.4069,93.2663
3008,-12.7026,-141.4069,93.2663
3009,-13.0026,-141.4069,93.2663
3010,-13.3026,-141.4069,93.2663
3011,-13.6026,-141.4069,93.2663
3012,-13.9026,-141.4069,93.2663
3013,-14.2026,-141.4069,93.2663
3014,-14.5026,-141.4069,93.2663
3015,-14.8026,-141.4069,93.2663
3016,-15.1026,-141.4069,93.2663
3017,-15.4026,-141.4069,93.2663
3018,-15.7026,-141.4069,93.2663
3019,-16.0026,-141.4069,93.2663
3020,-16.3026,-141.4069,93.2663
3021,-16.6026,-141.4069,93.2663
3022,-16.9026,-141.4069,93.2663
3023,-17.2026,-141.4069,93.2663
3024,-17.5026,-141.4069,93.2663
3025,-17.8026,-141.4069,93.2663
3026,-18.1026,-141.4069,93.2663
3027,-18.4026,-141.4069,93.2663
3028,-18.7026,-141.4069,93.2663
3029,-19.0026,-141.4069,93.2663
3030,-19.3026,-141.4069,93.2663
3031,-19.6026,-141.4069,93.2663
3032,-19.9026,-141.4069,93.2663
3033,-20.2026,-141.4069,93.2663
3034,-20.5026,-141.4069,93.2663
3035,-20.8026,-141.4069,93.2663
3036,-21.1026,-141.4069,93.2663
3037,-21.4026,-141.4069,93.2663
3038,-21.7026,-141.1069,93.2663
3039,-22.0026,-140.8069,93.2663
3040,-22.3026,-140.5069,93.2663
3041,-22.6026,-140.2069,93.2663
3042,-22.9026,-139.9069,93.2663
3043,-23.2026,-139.6069,93.2663
3044,-23.5026,-139.3069,93.2663
3045,-23.8026,-139.0069,93.2663
3046,-24.1026,-138.7069,93.2663
3047,-24.4026,-138.7069,93.2663
3048,-24.7026,-138.7069,93.2663
3049,-25.0026,-138.7069,93.2663
3050,-25.3026,-138.7069,93.2663
3051,-25.6026,-138.7069,93.2663
3052,-25.9026,-138.7069,93.2663
3053,-26.2026,-138.7069,93.2663
3054,-26.5026,-138.7069,93.2663
3055,-26.8026,-138.7069,93.2663
3056,-27.1026,-138.7069,93.2663
3057,-27.4026,-138.7069,93.2663
3058,-27.7026,-138.7069,93.2663
3059,-28.0026,-138.7069,93.2663
3060,-28.3026,-138.7069,93.2663
3061,-28.6026,-138.7069,93.2663
3062,-28.9026,-138.7069,93.2663
3063,-29.2026,-138.7069,93.2663
3064,-29.5026,-138.7069,93.2663
3065,-29.8026,-138.7069,93.2663
3066,-30.1026,-138.7069,93.2663
3067,-30.4026,-138.7069,93.2663
3068,-30.7026,-138.7069,93.2663
3069,-31.0026,-138.7069,93.2663
3070,-31.3026,-138.7069,93.2663
3071,-31.6026,-138.7069,93.2663
3072,-31.9026,-138.7069,93.2663
3073,-32.2026,-138.7069,93.2663
3074,-32.5026,-138.7069,93.2663
3075,-32.8026,-138.7069,93.2663
3076,-33.1026,-138.7069,93.2663
3077,-33.4026,-138.7069,93.2663
3078,-33.7026,-138.7069,93.2663
3079,-34.0026,-138.7069,93.2663
3080,-34.3026,-138.7069,93.2663
3081,-34.6026,-138.4069,93.2663
3082,-34.9026,-138.4069,93.2663
3083,-35.2026,-138.1069,93.2663
3084,-35.5026,-138.1069,93.2663
3085,-35.8026,-137.8069,93.2663
3086,-36.1026,-137.8069,93.2663
3087,-36.4026,-137.5069,93.2663
3088,-36.7026,-137.5069,93.2663
3089,-37.0026,-137.5069,93.2663
3090,-37.3026,-137.2069,93.2663
3091,-37.6026,-137.2069,93.2663
3092,-37.9026,-136.9069,93.2663
3093,-38.2026,-136.9069,93.2663
3094,-38.5026,-136.6069,93.2663
3095,-38.8026,-136.6069,93.2663
3096,-39.1026,-136.3069,93.2663
3097,-39.4026,-136.3069,93.2663
3098,-39.7026,-136.3069,93.2663
3099,-40.0026,-136.0069,93.5663
3100,-39.7026,-135.7069,93.5663
3101,-39.4026,-135.4069,93.5663
3102,-39.1026,-135.1069,93.5663
3103,-39.1026,-134.8069,93.5663
3104,-38.8026,-134.5069,93.5663
3105,-38.8026,-134.2069,93.5663
3106,-38.8026,-133.9069,93.5663
3107,-38.8026,-133.6069,93.5663
3108,-38.8026,-133.3069,93.5663
3109,-38.8026,-133.0069,93.5663
3110,-38.8026,-132.7069,93.5663
3111,-38.8026,-132.4069,93.5663
3112,-38.5026,-132.1069,93.2663
3113,-38.2026,-131.8069,93.2663
3114,-38.2026,-131.5069,93.2663
3115,-38.2026,-131.2069,93.2663
3116,-38.2026,-130.9069,93.2663
3117,-38.2026,-130.6069,93.2663
3118,-38.2026,-130.3069,93.2663
3119,-38.2026,-130.0069,93.2663
3120,-38.2026,-129.7069,93.2663
3121,-38.2026,-129.4069,93.2663
3122,-38.2026,-129.1069,93.2663
3123,-38.5026,-128.8069,93.2663
3124,-38.5026,-128.5069,93.2663
3125,-38.8026,-128.2069,93.2663
3126,-38.8026,-127.9069,93.2663
3127,-39.1026,-127.6069,93.2663
3128,-39.4026,-127.3069,93.2663
3129,-39.7026,-127.0069,93.2663
3130,-40.0026,-126.7069,93.2663
3131,-40.3026,-126.7069,93.2663
3132,-40.6026,-126.4069,93.2663
3133,-40.9026,-126.4069,93.2663
3134,-41.2026,-126.1069,93.2663
3135,-41.5026,-126.1069,93.2663
3136,-41.8026,-126.1069,93.2663
3137,-42.1026,-126.1069,93.2663
3138,-42.4026,-126.1069,93.2663
3139,-42.7026,-126.1069,93.2663
3140,-43.0026,-126.1069,93.2663
3141,-43.3026,-126.1069,93.2663
3142,-43.6026,-126.1069,93.2663
3143,-43.9026,-126.4069,93.2663
3144,-43.6026,-126.1069,93.5663
3145,-43.3026,-126.1069,93.8663
3146,-43.0026,-126.1069,94.1663
3147,-42.7026,-126.1069,94.4663
3148,-42.4026,-126.1069,94.7663
3149,-42.1026,-126.1069,95.0663
3150,-41.8026,-126.1069,95.3663
3151,-41.5026,-126.1069,95.6663
3152,-41.2026,-126.1069,95.9663
3153,-40.9026,-126.4069,96.2663
3154,-41.2026,-126.1069,96.2663
3155,-41.5026,-126.1069,96.2663
3156,-41.8026,-126.1069,96.2663
3157,-42.1026,-126.1069,96.2663
3158,-42.4026,-126.1069,96.2663
3159,-42.7026,-126.1069,96.2663
3160,-43.0026,-126.1069,96.2663
3161,-43.3026,-126.1069,96.2663
3162,-43.6026,-126.1069,96.2663
3163,-43.9026,-126.4069,96.2663
3164,-44.2026,-126.4069,96.2663
3165,-44.5026,-126.7069,96.2663
3166,-44.8026,-126.7069,96.2663
3167,-45.1026,-127.0069,95.9663
3168,-45.4026,-127.3069,95.9663
3169,-45.7026,-127.6069,95.9663
3170,-46.0026,-127.9069,95.9663
3171,-46.0026,-128.2069,95.9663
3172,-46.3026,-128.5069,95.9663
3173,-46.3026,-128.8069,95.9663
3174,-46.6026,-129.1069,95.9663
3175,-46.6026,-129.4069,95.9663
3176,-46.6026,-129.7069,95.9663
3177,-46.6026,-130.0069,95.9663
3178,-46.6026,-130.3069,95.9663
3179,-46.6026,-130.6069,95.9663
3180,-46.6026,-130.9069,95.9663
3181,-46.6026,-131.2069,95.9663
3182,-46.6026,-131.5069,95.9663
3183,-46.6026,-131.8069,95.9663
3184,-46.3026,-132.1069,95.9663
3185,-46.3026,-131.8069,95.9663
3186,-46.6026,-131.5069,95.9663
3187,-46.6026,-131.2069,95.9663
3188,-46.6026,-130.9069,95.9663
3189,-46.6026,-130.6069,95.9663
3190,-46.6026,-130.3069,95.9663
3191,-46.6026,-130.0069,95.9663
3192,-46.6026,-129.7069,95.9663
3193,-46.6026,-129.4069,95.9663
3194,-46.6026,-129.1069,95.9663
3195,-46.3026,-128.8069,95.9663
3196,-46.3026,-128.5069,95.9663
3197,-46.0026,-128.2069,95.9663
3198,-46.0026,-127.9069,95.9663
3199,-45.7026,-127.6069,95.9663
3200,-45.4026,-127.3069,95.9663
3201,-45.1026,-127.0069,95.9663
3202,-44.8026,-126.7069,95.9663
3203,-44.5026,-126.7069,95.9663
3204,-44.2026,-126.4069,95.9663
3205,-43.9026,-126.4069,95.9663
3206,-43.6026,-126.1069,95.9663
3207,-43.3026,-126.1069,95.9663
3208,-43.0026,-126.1069,95.9663
3209,-42.7026,-126.1069,95.9663
3210,-42.4026,-126.1069,95.9663
3211,-42.1026,-126.1069,95.9663
3212,-41.8026,-126.1069,95.9663
3213,-41.5026,-126.1069,95.9663
3214,-41.2026,-126.1069,95.9663
3215,-40.9026,-126.4069,95.9663
3216,-40.6026,-126.4069,95.9663
3217,-40.3026,-126.7069,95.9663
3218,-40.0026,-126.7069,95.9663
3219,-39.7026,-127.0069,95.9663
3220,-39.4026,-127.3069,95.9663
3221,-39.1026,-127.6069,96.2663
3222,-38.8026,-127.9069,96.2663
3223,-38.8026,-128.2069,96.2663
3224,-38.5026,-128.5069,96.5663
3225,13.0045,-141.8307,96.3000
3226,14.1869,-143.0131,96.3000
3227,16.9000,-135.7000,96.3000
3228,17.2974,-135.7069,96.2663
3229,17.5974,-135.7069,96.2663
3230,17.8974,-135.7069,96.2663
3231,18.1974,-135.7069,96.2663
3232,18.4974,-136.0069,96.2663
3233,18.7974,-136.0069,96.2663
3234,19.0974,-136.0069,96.2663
3235,19.3974,-136.3069,96.2663
3236,19.6974,-136.6069,96.2663
3237,19.9974,-136.6069,96.2663
3238,20.2974,-136.9069,96.2663
3239,20.5974,-137.2069,96.2663
3240,20.5974,-137.5069,96.2663
3241,20.8974,-137.8069,96.2663
3242,21.1974,-138.1069,96.2663
3243,21.1974,-138.4069,96.2663
3244,21.1974,-138.7069,96.2663
3245,21.4974,-139.0069,96.2663
3246,21.4974,-139.3069,96.2663
3247,21.4974,-139.6069,96.2663
3248,21.4974,-139.9069,96.2663
3249,21.4974,-140.2069,96.2663
3250,56.9000,-148.1000,96.3000
3251,56.8974,-148.3069,96.2663
3252,56.8974,-148.6069,96.2663
3253,56.8974,-148.9069,96.2663
3254,56.8974,-149.2069,96.2663
3255,57.1974,-149.5069,96.2663
3256,57.1974,-149.8069,96.2663
3257,57.4974,-150.1069,96.2663
3258,57.4974,-150.4069,96.2663
3259,57.7974,-150.7069,96.2663
3260,58.0974,-151.0069,96.2663
3261,58.3974,-151.3069,96.2663
3262,58.6974,-151.6069,96.2663
3263,58.9974,-151.6069,96.2663
3264,59.2974,-151.9069,96.2663
3265,59.5974,-151.9069,96.2663
3266,62.4346,-150.0478,96.3000
3267,59.5693,-151.9955,99.3000
3268,58.2716,-151.1284,99.9000
3269,58.6974,-151.3069,99.8663
3270,58.9974,-151.6069,99.8663
3271,59.2974,-151.6069,99.8663
3272,59.5974,-151.9069,99.8663
3273,59.8974,-151.9069,99.8663
3274,60.1974,-152.2069,99.8663
3275,60.4974,-152.2069,99.8663
3276,60.7974,-152.2069,99.8663
3277,61.0974,-152.2069,99.8663
3278,61.3974,-152.2069,99.8663
3279,61.6974,-152.2069,99.8663
3280,61.9974,-152.2069,99.8663
3281,62.2974,-152.2069,99.8663
3282,62.5974,-151.9069,99.8663
3283,62.8974,-151.9069,99.8663
3284,63.1974,-151.6069,99.8663
3285,63.4974,-151.6069,99.8663
3286,63.7974,-151.3069,99.8663
3287,64.0974,-151.0069,99.8663
3288,64.3974,-150.7069,99.8663
3289,64.6974,-150.4069,99.8663
3290,64.6974,-150.1069,99.8663
3291,64.9974,-149.8069,99.8663
3292,64.9974,-149.5069,99.8663
3293,65.2974,-149.2069,100.1663
3294,65.2974,-148.9069,100.1663
3295,65.2974,-148.6069,100.1663
3296,65.2974,-148.3069,100.1663
3297,65.2974,-148.0069,100.1663
3298,65.2974,-147.7069,100.1663
3299,65.2974,-147.4069,100.1663
3300,65.2974,-147.1069,100.1663
3301,65.2974,-146.8069,100.1663
3302,64.9974,-146.5069,100.1663
3303,64.9955,-146.5693,99.3000
3304,64.9974,-146.2069,99.2663
3305,64.6974,-145.9069,99.2663
3306,64.6974,-145.6069,99.2663
3307,64.3974,-145.3069,99.2663
3308,64.0974,-145.0069,99.2663
3309,63.7974,-144.7069,99.2663
3310,63.4974,-144.4069,99.2663
3311,63.1974,-144.4069,99.2663
3312,62.8974,-144.1069,99.2663
3313,62.5974,-144.1069,99.2663
3314,62.2974,-144.1069,99.2663
3315,61.9974,-143.8069,99.2663
3316,61.6974,-143.8069,99.2663
3317,61.3974,-143.8069,99.2663
3318,61.0974,-143.8069,99.2663
3319,21.1651,-138.6162,99.3000
3320,21.4974,-139.0069,99.2663
3321,21.4974,-139.3069,99.2663
3322,21.4974,-139.6069,99.2663
3323,21.4974,-139.9069,99.2663
3324,21.4974,-140.2069,99.2663
3325,21.4974,-140.5069,99.2663
3326,21.4974,-140.8069,99.2663
3327,21.4974,-141.1069,99.2663
3328,21.4974,-141.4069,99.2663
3329,21.1974,-141.7069,99.2663
3330,21.1974,-142.0069,99.2663
3331,20.8974,-142.3069,99.2663
3332,20.8974,-142.6069,99.2663
3333,20.5974,-142.9069,98.9663
3334,20.2974,-143.2069,98.9663
3335,19.9974,-143.5069,98.9663
3336,19.6974,-143.8069,98.9663
3337,19.3974,-143.8069,98.9663
3338,19.0974,-144.1069,98.9663
3339,18.7974,-144.1069,98.9663
3340,18.4974,-144.4069,98.9663
3341,18.1974,-144.4069,98.9663
3342,17.8974,-144.4069,98.9663
3343,17.5974,-144.4069,98.9663
3344,17.2974,-144.4069,98.9663
3345,16.9974,-144.4069,98.9663
3346,-38.3000,-130.3000,100.1000
3347,-38.3000,-130.3000,99.3000
3348,-41.1654,-132.2478,99.3000
3349,-43.2488,-133.7620,100.1000
3350,-44.0307,-134.1955,99.3000
3351,-45.5284,-133.3284,100.1000
3352,-45.4026,-133.0069,100.1663
3353,-45.7026,-132.7069,100.1663
3354,-46.0026,-132.4069,99.8663
3355,-46.0026,-132.1069,99.8663
3356,-46.3026,-131.8069,99.5663
3357,-46.3026,-131.5069,99.5663
3358,-46.6026,-131.2069,99.2663
3359,-46.6026,-130.9069,99.2663
3360,-46.6026,-130.6069,99.2663
3361,-46.6026,-130.3069,99.2663
3362,-46.6026,-130.0069,99.2663
3363,-46.6026,-129.7069,99.2663
3364,-46.6026,-129.4069,99.2663
3365,-46.3026,-129.1069,99.2663
3366,-46.3026,-128.8069,99.2663
3367,-46.3026,-128.5069,99.2663
3368,-46.0026,-128.2069,99.2663
3369,-46.0026,-127.9069,99.2663
3370,-45.7026,-127.6069,99.2663
3371,-45.4026,-127.3069,99.2663
3372,-45.1026,-127.0069,99.2663
3373,-44.8026,-126.7069,99.2663
3374,-44.5026,-126.7069,99.2663
3375,-44.2026,-126.4069,99.2663
3376,-43.9026,-126.4069,99.2663
3377,-42.5000,-126.1000,100.1000
