path_id,x,y,z
0,58.0974,-129.4069,76.7663
1,57.7974,-129.4069,76.7663
2,57.4974,-129.4069,76.7663
3,57.1974,-129.4069,76.7663
4,56.8974,-129.4069,76.7663
5,56.5974,-129.4069,76.7663
6,56.2974,-129.4069,76.7663
7,55.9974,-129.4069,76.7663
8,55.6974,-129.4069,76.7663
9,55.3974,-129.4069,76.7663
10,55.0974,-129.4069,76.7663
11,54.7974,-129.4069,76.7663
12,54.4974,-129.4069,76.7663
13,54.1974,-129.4069,76.7663
14,53.8974,-129.4069,76.7663
15,53.5974,-129.4069,76.7663
16,53.2974,-129.4069,76.7663
17,52.9974,-129.4069,76.7663
18,52.6974,-129.4069,76.7663
19,52.3974,-129.4069,76.7663
20,52.0974,-129.4069,76.7663
21,51.7974,-129.4069,76.7663
22,51.4974,-129.4069,76.7663
23,51.1974,-129.4069,76.7663
24,50.8974,-129.4069,76.7663
25,50.5974,-129.4069,76.7663
26,50.2974,-129.4069,76.7663
27,49.9974,-129.4069,76.7663
28,49.6974,-129.4069,76.7663
29,49.3974,-129.4069,76.7663
30,49.0974,-129.4069,76.7663
31,48.7974,-129.4069,76.7663
32,48.4974,-129.4069,76.7663
33,48.1974,-129.4069,76.7663
34,47.8974,-129.4069,76.7663
35,47.5974,-129.1069,77.0663
36,47.2974,-128.8069,77.3663
37,46.9974,-128.5069,77.6663
38,46.6974,-128.2069,77.9663
39,46.3974,-128.2069,77.9663
40,46.0974,-127.9069,78.2663
41,45.7974,-127.9069,78.2663
42,45.4974,-127.9069,78.5663
43,45.1974,-127.6069,78.8663
44,44.8974,-127.3069,79.1663
45,44.5974,-127.0069,79.4663
46,44.2974,-126.7069,79.7663
47,43.9974,-126.4069,80.0663
48,43.6974,-126.1069,80.3663
49,43.3974,-125.8069,80.6663
50,43.0974,-125.5069,80.9663
51,42.7974,-125.2069,81.2663
52,42.4974,-124.9069,81.5663
53,42.1974,-124.9069,81.5663
54,41.8974,-124.9069,81.5663
55,41.5974,-124.9069,81.5663
56,41.2974,-124.9069,81.5663
57,40.9974,-124.9069,81.5663
58,40.6974,-124.9069,81.5663
59,40.3974,-124.9069,81.5663
60,40.0974,-124.9069,81.5663
61,39.7974,-124.9069,81.5663
62,39.4974,-124.9069,81.5663
63,39.1974,-124.9069,81.5663
64,38.8974,-124.9069,81.5663
65,38.5974,-124.9069,81.5663
66,38.2974,-124.9069,81.5663
67,37.9974,-124.9069,81.5663
68,37.6974,-124.9069,81.5663
69,37.3974,-124.9069,81.5663
70,37.0974,-124.9069,81.5663
71,36.7974,-124.9069,81.8663
72,36.4974,-124.9069,82.1663
73,36.1974,-124.9069,82.4663
74,35.8974,-124.9069,82.7663
75,35.5974,-124.9069,83.0663
76,35.2974,-124.9069,83.3663
77,34.9974,-124.9069,83.6663
78,34.6974,-124.9069,83.9663
79,34.3974,-124.9069,84.2663
80,34.0974,-124.9069,84.5663
81,33.7974,-124.9069,84.8663
82,33.4974,-124.9069,85.1663
83,33.1974,-124.9069,85.4663
84,32.8974,-124.9069,85.4663
85,32.5974,-124.9069,85.4663
86,32.2974,-124.9069,85.4663
87,31.9974,-124.9069,85.4663
88,31.6974,-124.9069,85.4663
89,31.3974,-124.9069,85.4663
90,31.0974,-124.9069,85.4663
91,30.7974,-124.9069,85.4663
92,30.4974,-124.9069,85.4663
93,30.1974,-124.9069,85.4663
94,29.8974,-124.9069,85.4663
95,29.5974,-124.9069,85.4663
96,29.2974,-124.9069,85.4663
97,28.9974,-124.9069,85.4663
98,28.6974,-124.9069,85.4663
99,28.3974,-124.9069,85.4663
100,28.0974,-124.9069,85.4663
101,27.7974,-124.9069,85.4663
102,27.4974,-124.9069,85.4663
103,27.1974,-124.9069,85.4663
104,26.8974,-124.9069,85.4663
105,26.5974,-124.9069,85.4663
106,26.2974,-124.9069,85.4663
107,25.9974,-124.9069,85.4663
108,25.6974,-124.9069,85.4663
109,25.3974,-124.9069,85.7663
110,25.0974,-124.9069,86.0663
111,24.7974,-124.9069,86.0663
112,24.4974,-124.9069,86.0663
113,24.1974,-124.9069,86.0663
114,23.8974,-124.9069,86.0663
115,23.5974,-124.9069,86.0663
116,23.2974,-124.9069,86.0663
117,22.9974,-124.9069,86.0663
118,22.6974,-124.9069,86.0663
119,22.3974,-124.9069,86.0663
120,22.0974,-124.6069,86.3663
121,21.7974,-124.6069,86.3663
122,21.4974,-124.6069,86.3663
123,21.1974,-124.3069,86.6663
124,21.4974,-124.6069,86.6663
125,21.4974,-124.9069,86.6663
126,21.7974,-125.2069,86.6663
127,21.7974,-125.5069,86.6663
128,22.0974,-125.8069,86.6663
129,22.0974,-126.1069,86.6663
130,22.0974,-126.4069,86.6663
131,22.0974,-126.7069,86.6663
132,22.0974,-127.0069,86.6663
133,22.0974,-127.3069,86.6663
134,22.0974,-127.6069,86.6663
135,22.0974,-127.6069,86.3663
136,22.0974,-127.3069,86.0663
137,22.0974,-127.0069,85.7663
138,22.0974,-126.7069,85.4663
139,22.0974,-126.4069,85.1663
140,22.0974,-126.1069,84.8663
141,22.0974,-125.8069,84.5663
142,22.0974,-125.5069,84.2663
143,22.0974,-125.2069,83.9663
144,22.0974,-125.2069,83.6663
145,22.0974,-124.9069,83.3663
146,22.0974,-124.9069,83.0663
147,22.0974,-124.6069,82.7663
148,22.0974,-124.6069,82.4663
149,22.0974,-124.6069,82.1663
150,22.0974,-124.6069,81.8663
151,22.0974,-124.6069,81.5663
152,22.0974,-124.6069,81.2663
153,22.0974,-124.6069,80.9663
154,22.0974,-124.6069,80.6663
155,22.0974,-124.6069,80.3663
156,22.0974,-124.6069,80.0663
157,22.0974,-124.6069,79.7663
158,22.0974,-124.6069,79.4663
159,22.0974,-124.9069,79.1663
160,22.0974,-124.9069,78.8663
161,22.0974,-124.9069,78.5663
162,22.0974,-125.2069,78.2663
163,22.0974,-125.5069,77.9663
164,22.0974,-125.8069,77.6663
165,22.0974,-125.8069,77.3663
166,22.0974,-126.1069,77.0663
167,22.0974,-126.1069,76.7663
168,22.0974,-125.8069,76.7663
169,22.0974,-125.5069,76.7663
170,22.0974,-125.2069,76.7663
171,22.0974,-124.9069,76.7663
172,22.0974,-124.6069,76.7663
173,21.7974,-124.3069,76.7663
174,21.7974,-124.0069,76.7663
175,21.4974,-123.7069,76.7663
176,21.4974,-123.4069,77.0663
177,21.1974,-123.1069,77.3663
178,20.8974,-122.8069,77.6663
179,20.5974,-122.5069,77.9663
180,20.2974,-122.5069,77.9663
181,19.9974,-122.2069,78.2663
182,19.6974,-122.2069,78.2663
183,19.3974,-121.9069,78.5663
184,19.0974,-121.9069,78.5663
185,18.7974,-121.9069,78.8663
186,18.4974,-121.9069,79.1663
187,18.1974,-121.9069,79.4663
188,17.8974,-121.9069,79.7663
189,17.5974,-121.9069,79.7663
190,17.2974,-121.9069,79.7663
191,16.9974,-121.9069,79.7663
192,16.6974,-121.9069,79.7663
193,16.3974,-121.9069,79.7663
194,16.0974,-121.9069,79.7663
195,15.7974,-121.9069,79.7663
196,15.4974,-122.2069,80.0663
197,15.1974,-122.2069,80.0663
198,14.8974,-121.9069,79.7663
199,14.5974,-121.6069,79.4663
200,14.2974,-121.3069,79.1663
201,13.9974,-121.3069,78.8663
202,13.6974,-121.3069,78.8663
203,13.3974,-121.3069,78.5663
204,13.0974,-121.3069,78.2663
205,12.7974,-121.3069,77.9663
206,12.4974,-121.0069,77.6663
207,12.1974,-120.7069,77.3663
208,11.8974,-120.7069,77.0663
209,11.5974,-120.7069,76.7663
210,11.2974,-120.7069,76.7663
211,9.4974,-130.9069,81.2663
212,9.1974,-130.9069,81.2663
213,8.8974,-130.9069,81.2663
214,8.5974,-130.9069,81.2663
215,8.2974,-130.9069,81.2663
216,7.9974,-130.9069,81.2663
217,7.6974,-130.9069,81.2663
218,7.3974,-130.9069,81.2663
219,7.0974,-130.6069,81.5663
220,6.7974,-130.6069,81.5663
221,6.4974,-130.6069,81.5663
222,6.1974,-130.6069,81.5663
223,5.8974,-130.6069,81.5663
224,5.5974,-130.6069,81.5663
225,5.2974,-130.6069,81.5663
226,4.9974,-130.6069,81.5663
227,4.6974,-130.6069,81.5663
228,4.3974,-130.6069,81.5663
229,4.0974,-130.6069,81.5663
230,3.7974,-130.6069,81.5663
231,3.4974,-130.6069,81.5663
232,3.1974,-130.6069,81.5663
233,2.8974,-130.6069,81.5663
234,2.5974,-130.6069,81.5663
235,2.2974,-130.6069,81.5663
236,1.9974,-130.6069,81.5663
237,1.6974,-130.6069,81.5663
238,1.3974,-130.6069,81.5663
239,1.0974,-130.6069,81.5663
240,0.7974,-130.6069,81.5663
241,0.4974,-130.3069,81.8663
242,0.1974,-130.0069,82.1663
243,-0.1026,-130.0069,82.4663
244,-0.4026,-130.0069,82.4663
245,-0.7026,-130.0069,82.4663
246,-1.0026,-129.7069,82.7663
247,-1.3026,-129.7069,82.7663
248,-1.6026,-129.7069,82.7663
249,-1.9026,-129.7069,82.7663
250,-2.2026,-129.4069,82.7663
251,-2.5026,-129.1069,82.7663
252,-2.8026,-128.8069,82.7663
253,-3.1026,-128.8069,82.7663
254,-3.4026,-128.8069,82.7663
255,-3.7026,-128.5069,82.4663
256,-4.0026,-128.2069,82.1663
257,-4.0026,-128.2069,82.4663
258,-4.0026,-128.2069,82.7663
259,-4.0026,-128.2069,83.0663
260,-3.7026,-128.2069,83.3663
261,-3.4026,-128.2069,83.6663
262,-3.1026,-128.2069,83.9663
263,-3.1026,-128.2069,84.2663
264,-3.1026,-128.2069,84.5663
265,-3.1026,-128.2069,84.8663
266,-3.1026,-128.2069,85.1663
267,-3.1026,-128.2069,85.4663
268,-3.1026,-128.2069,85.7663
269,-3.1026,-128.2069,86.0663
270,-2.8026,-128.5069,86.3663
271,-2.8026,-128.5069,86.6663
272,-2.5026,-128.5069,86.9663
273,-2.5026,-128.5069,87.2663
274,-2.5026,-128.5069,87.5663
275,-2.2026,-128.5069,87.8663
276,-1.9026,-128.5069,88.1663
277,-1.9026,-128.5069,88.4663
278,-1.9026,-128.5069,88.7663
279,-1.6026,-128.2069,89.0663
280,-1.6026,-128.2069,89.3663
281,-1.3026,-127.9069,89.6663
282,-1.3026,-127.9069,89.9663
283,-1.3026,-127.6069,90.2663
284,-1.3026,-127.3069,90.5663
285,-1.3026,-127.3069,90.8663
286,-1.3026,-127.0069,91.1663
287,-1.3026,-126.7069,91.4663
288,-1.3026,-126.4069,91.4663
289,-1.3026,-126.1069,91.7663
290,-1.0026,-125.8069,92.0663
291,-1.0026,-125.5069,92.0663
292,-1.0026,-125.2069,92.0663
293,-1.0026,-124.9069,92.3663
294,-1.0026,-124.6069,92.3663
295,-1.0026,-124.3069,92.3663
296,-1.0026,-124.0069,92.3663
297,-1.0026,-123.7069,92.3663
298,-1.0026,-123.4069,92.3663
299,-1.0026,-123.1069,92.3663
300,-1.0026,-122.8069,92.3663
301,-1.0026,-122.5069,92.3663
302,-1.0026,-122.2069,92.3663
303,-1.0026,-121.9069,92.3663
304,-1.3026,-121.6069,92.0663
305,-1.6026,-121.3069,92.0663
306,-1.6026,-121.0069,92.0663
307,-1.9026,-120.7069,91.7663
308,-2.2026,-120.4069,91.7663
309,-2.5026,-120.1069,91.4663
310,-2.8026,-119.8069,91.4663
311,-3.1026,-119.5069,91.1663
312,-3.4026,-119.2069,91.1663
313,-3.7026,-118.9069,91.1663
314,-4.0026,-118.9069,91.1663
315,-4.3026,-118.6069,90.8663
316,-4.6026,-118.6069,90.8663
317,-4.9026,-118.3069,90.5663
318,-4.9026,-118.3069,90.8663
319,-4.9026,-118.3069,91.1663
320,-4.9026,-118.3069,91.4663
321,-4.9026,-118.3069,91.7663
322,-5.2026,-118.6069,92.0663
323,-5.5026,-118.6069,92.3663
324,-5.5026,-118.6069,92.6663
325,-5.5026,-118.6069,92.9663
326,-5.5026,-118.6069,93.2663
327,-5.8026,-118.9069,93.5663
328,-6.1026,-119.2069,93.8663
329,-6.4026,-119.5069,94.1663
330,-6.4026,-119.5069,94.4663
331,-6.4026,-119.5069,94.7663
332,-6.4026,-119.5069,95.0663
333,-6.4026,-119.5069,95.3663
334,-6.4026,-119.5069,95.6663
335,-6.4026,-119.5069,95.9663
336,-6.4026,-119.5069,96.2663
337,-6.4026,-119.5069,96.5663
338,-6.4026,-119.5069,96.8663
339,-6.4026,-119.5069,97.1663
340,-6.4026,-119.5069,97.4663
341,-6.4026,-119.5069,97.7663
342,-6.4026,-119.5069,98.0663
343,-6.4026,-119.5069,98.3663
344,-6.7026,-119.8069,98.6663
345,-6.7026,-119.8069,98.9663
346,-7.0026,-120.1069,99.2663
347,-7.0026,-120.1069,99.5663
348,-7.0026,-120.1069,99.8663
349,-7.0026,-120.1069,100.1663
350,-7.0026,-120.1069,100.4663
351,-7.0026,-120.1069,100.7663
352,-7.3026,-120.4069,101.0663
353,-7.6026,-120.7069,101.3663
354,-7.6026,-120.7069,101.6663
355,-7.6026,-121.0069,101.9663
356,-7.6026,-121.3069,102.2663
357,-7.6026,-121.6069,102.5663
358,-7.6026,-121.9069,102.8663
359,-7.6026,-122.2069,103.1663
360,-7.6026,-122.5069,103.1663
361,-7.6026,-122.8069,103.4663
362,-7.6026,-123.1069,103.4663
363,-7.9026,-123.1069,103.1663
364,-8.2026,-123.1069,102.8663
365,-8.5026,-123.1069,102.5663
366,-8.5026,-123.1069,102.2663
367,-8.8026,-123.1069,101.9663
368,-8.8026,-123.1069,101.6663
369,-8.8026,-123.1069,101.3663
370,-9.1026,-122.8069,101.0663
371,-9.1026,-122.8069,100.7663
372,-9.1026,-122.8069,100.4663
373,-9.1026,-122.8069,100.1663
374,-9.1026,-122.8069,99.8663
375,-9.1026,-122.8069,99.5663
376,-9.4026,-122.8069,99.2663
377,-9.4026,-122.8069,98.9663
378,-9.4026,-122.8069,98.6663
379,-9.4026,-122.8069,98.3663
380,-9.4026,-122.8069,98.0663
381,-9.4026,-122.8069,97.7663
382,-9.4026,-122.8069,97.4663
383,-9.4026,-122.8069,97.1663
384,-9.4026,-122.8069,96.8663
385,-9.4026,-122.8069,96.5663
386,-9.4026,-122.8069,96.2663
387,-9.4026,-122.8069,95.9663
388,-9.4026,-122.8069,95.6663
389,-9.4026,-122.8069,95.3663
390,-9.4026,-122.8069,95.0663
391,-9.4026,-122.8069,94.7663
392,-9.4026,-122.8069,94.4663
393,-9.4026,-122.8069,94.1663
394,-9.4026,-122.8069,93.8663
395,-9.4026,-122.8069,93.5663
396,-9.4026,-122.8069,93.2663
397,-9.4026,-122.8069,92.9663
398,-9.4026,-122.8069,92.6663
399,-9.4026,-122.8069,92.3663
400,-9.4026,-122.8069,92.0663
401,-9.4026,-122.8069,91.7663
402,-9.4026,-122.8069,91.4663
403,-9.4026,-122.8069,91.1663
404,-9.4026,-122.8069,90.8663
405,-9.4026,-122.8069,90.5663
406,-9.4026,-122.8069,90.2663
407,-9.4026,-122.8069,89.9663
408,-9.4026,-122.8069,89.6663
409,-9.4026,-122.8069,89.3663
410,-9.4026,-122.8069,89.0663
411,-9.4026,-122.8069,88.7663
412,-9.4026,-122.8069,88.4663
413,-9.4026,-122.8069,88.1663
414,-9.7026,-122.8069,87.8663
415,-9.7026,-122.8069,87.5663
416,-9.7026,-122.8069,87.2663
417,-9.7026,-122.8069,86.9663
418,-9.7026,-122.8069,86.6663
419,-9.7026,-122.8069,86.3663
420,-9.7026,-122.8069,86.0663
421,-10.0026,-122.8069,85.7663
422,-10.0026,-122.8069,85.4663
423,-10.0026,-122.5069,85.4663
424,-10.0026,-122.2069,85.4663
425,-10.0026,-121.9069,85.4663
426,-9.7026,-121.6069,85.1663
427,-9.7026,-121.3069,85.1663
428,-9.4026,-121.0069,85.1663
429,-9.1026,-120.7069,85.1663
430,-8.8026,-120.4069,85.1663
431,-8.5026,-120.1069,84.8663
432,-8.2026,-119.8069,84.5663
433,-7.9026,-119.5069,84.2663
434,-7.6026,-119.2069,83.9663
435,-7.3026,-119.2069,83.6663
436,-7.0026,-118.9069,83.3663
437,-6.7026,-118.9069,83.3663
438,-6.4026,-118.9069,83.3663
439,-6.1026,-118.6069,83.0663
440,-5.8026,-118.6069,82.7663
441,-5.5026,-118.6069,82.7663
442,-5.2026,-118.6069,82.4663
443,-4.9026,-118.6069,82.4663
444,-4.6026,-118.6069,82.1663
445,-4.3026,-118.6069,82.1663
446,-4.0026,-118.6069,82.1663
447,-3.7026,-118.6069,81.8663
448,-3.4026,-118.6069,81.8663
449,-3.1026,-118.6069,81.5663
450,-2.8026,-118.6069,81.5663
451,-2.5026,-118.6069,81.2663
452,-2.2026,-118.6069,81.2663
453,-1.9026,-118.6069,81.2663
454,-1.6026,-118.9069,80.9663
455,-1.3026,-118.9069,80.6663
456,-1.0026,-118.9069,80.6663
457,-0.7026,-119.2069,80.3663
458,-0.4026,-119.2069,80.3663
459,-0.1026,-119.5069,80.0663
460,0.1974,-119.5069,80.0663
461,-0.1026,-119.2069,79.7663
462,-0.4026,-118.9069,79.4663
463,-0.7026,-118.6069,79.1663
464,-1.0026,-118.6069,78.8663
465,-1.3026,-118.6069,78.5663
466,-1.6026,-118.6069,78.2663
467,-1.9026,-118.6069,77.9663
468,-2.2026,-118.6069,77.6663
469,-2.5026,-118.6069,77.3663
470,-2.8026,-118.6069,77.0663
471,-2.8026,-118.6069,76.7663
472,-3.1026,-118.3069,76.7663
473,-3.4026,-118.3069,76.7663
474,-3.7026,-118.0069,76.7663
475,-4.0026,-118.0069,76.7663
476,-4.3026,-118.0069,76.7663
477,-4.6026,-118.0069,76.7663
478,-4.9026,-118.0069,76.7663
479,-5.2026,-118.0069,76.7663
480,-5.5026,-118.0069,76.7663
481,-5.8026,-118.0069,76.7663
482,-6.1026,-118.0069,76.7663
483,-6.4026,-118.0069,76.7663
484,-6.7026,-118.3069,76.7663
485,-7.0026,-118.3069,76.7663
486,-7.3026,-118.6069,76.7663
487,-7.6026,-118.6069,76.7663
488,-7.9026,-118.9069,76.7663
489,-8.2026,-118.9069,76.7663
490,-8.5026,-118.9069,76.7663
491,-8.8026,-118.9069,76.7663
492,-9.1026,-119.2069,76.7663
493,-9.4026,-119.2069,76.7663
494,-9.7026,-119.5069,76.7663
495,-10.0026,-119.8069,76.7663
496,-10.3026,-119.8069,76.7663
497,-10.6026,-120.1069,77.0663
498,-10.9026,-120.4069,77.3663
499,-11.2026,-120.7069,77.6663
500,-11.5026,-121.0069,77.9663
501,-11.8026,-121.3069,78.2663
502,-11.8026,-121.6069,78.5663
503,-11.8026,-121.9069,78.8663
504,-11.8026,-122.2069,79.1663
505,-11.8026,-122.5069,79.4663
506,-11.8026,-122.8069,79.1663
507,-11.8026,-122.8069,78.8663
508,-11.8026,-123.1069,78.5663
509,-11.8026,-123.4069,78.2663
510,-11.8026,-123.4069,77.9663
511,-11.8026,-123.4069,77.6663
512,-11.8026,-123.4069,77.3663
513,-11.5026,-123.7069,77.0663
514,-11.2026,-124.0069,76.7663
515,-11.5026,-124.0069,76.7663
516,-11.8026,-124.0069,76.7663
517,-12.1026,-124.0069,77.0663
518,-12.4026,-124.0069,77.3663
519,-12.7026,-124.0069,77.6663
520,-13.0026,-124.0069,77.9663
521,-13.3026,-124.0069,78.2663
522,-13.6026,-124.0069,78.5663
523,-13.9026,-124.0069,78.8663
524,-14.2026,-124.0069,79.1663
525,-14.5026,-124.3069,79.4663
526,-14.8026,-124.3069,79.7663
527,-15.1026,-124.3069,79.7663
528,-15.4026,-124.3069,79.7663
529,-15.7026,-124.3069,79.7663
530,-16.0026,-124.3069,79.7663
531,-16.3026,-124.3069,79.7663
532,-16.6026,-124.3069,80.0663
533,-16.9026,-124.6069,80.3663
534,-17.2026,-124.9069,80.6663
535,-17.5026,-125.2069,80.9663
536,-17.8026,-125.5069,81.2663
537,-18.1026,-125.5069,81.5663
538,-18.4026,-125.8069,81.8663
539,-18.7026,-125.8069,82.1663
540,-19.0026,-125.8069,82.4663
541,-19.3026,-125.8069,82.7663
542,-19.6026,-125.8069,83.0663
543,-19.9026,-125.8069,83.0663
544,-20.2026,-125.8069,83.0663
545,-20.5026,-125.8069,83.0663
546,-20.8026,-125.8069,83.0663
547,-21.1026,-125.8069,83.0663
548,-21.4026,-125.8069,83.0663
549,-21.7026,-125.8069,83.0663
550,-22.0026,-125.8069,83.0663
551,-22.3026,-125.8069,83.0663
552,-22.6026,-125.8069,83.0663
553,-22.9026,-125.8069,83.0663
554,-23.2026,-125.8069,83.0663
555,-23.5026,-125.8069,83.0663
556,-23.8026,-125.8069,83.0663
557,-24.1026,-125.8069,83.0663
558,-24.4026,-125.8069,83.0663
559,-24.7026,-125.8069,83.0663
560,-25.0026,-125.8069,83.0663
561,-25.3026,-125.8069,83.0663
562,-25.6026,-125.8069,83.0663
563,-25.9026,-125.8069,83.0663
564,-26.2026,-125.8069,83.0663
565,-26.5026,-125.8069,83.0663
566,-26.8026,-125.8069,83.0663
567,-27.1026,-125.8069,83.0663
568,-27.4026,-125.5069,83.3663
569,-27.7026,-125.5069,83.3663
570,-28.0026,-125.5069,83.3663
571,-28.3026,-125.5069,83.3663
572,-28.6026,-125.5069,83.3663
573,-28.9026,-125.5069,83.3663
574,-29.2026,-125.5069,83.3663
575,-29.5026,-125.5069,83.3663
576,-29.8026,-125.5069,83.3663
577,-30.1026,-125.5069,83.3663
578,-30.4026,-125.5069,83.3663
579,-30.7026,-125.5069,83.3663
580,-31.0026,-125.5069,83.3663
581,-31.3026,-125.5069,83.3663
582,-31.6026,-125.5069,83.3663
583,-31.9026,-125.5069,83.3663
584,-32.2026,-125.5069,83.3663
585,-32.5026,-125.5069,83.3663
586,-32.8026,-125.5069,83.3663
587,-33.1026,-125.5069,83.3663
588,-33.4026,-125.5069,83.3663
589,-33.7026,-125.5069,83.3663
590,-34.0026,-125.5069,83.3663
591,-34.3026,-125.5069,83.3663
592,-34.6026,-125.5069,83.3663
593,-34.9026,-125.5069,83.3663
594,-35.2026,-125.5069,83.3663
595,-35.5026,-125.5069,83.3663
596,-35.8026,-125.5069,83.3663
597,-36.1026,-125.5069,83.3663
598,-36.4026,-125.5069,83.3663
599,-36.7026,-125.5069,83.3663
600,-37.0026,-125.2069,83.3663
601,-37.3026,-125.2069,83.3663
602,-37.6026,-125.2069,83.3663
603,-37.9026,-125.2069,83.3663
604,-38.2026,-125.2069,83.3663
605,-38.5026,-125.2069,83.3663
606,-38.8026,-125.2069,83.3663
607,-39.1026,-125.2069,83.3663
608,-39.4026,-125.2069,83.3663
609,-39.7026,-125.2069,83.0663
610,-40.0026,-125.2069,82.7663
611,-40.3026,-125.2069,82.7663
612,-40.6026,-125.2069,82.7663
613,-40.9026,-125.2069,82.4663
614,-41.2026,-125.2069,82.4663
615,-41.5026,-125.2069,82.1663
616,-41.8026,-125.2069,82.1663
617,-42.1026,-125.2069,81.8663
618,-42.4026,-125.2069,81.8663
619,-42.7026,-125.2069,81.5663
620,-43.0026,-125.2069,81.5663
621,-43.3026,-125.2069,81.5663
622,-43.6026,-125.5069,81.2663
623,-43.9026,-125.5069,80.9663
624,-44.2026,-125.5069,80.6663
625,-44.2026,-125.5069,80.3663
626,-44.2026,-125.5069,80.0663
627,-44.2026,-125.5069,79.7663
628,-44.5026,-125.5069,79.4663
629,-44.5026,-125.5069,79.1663
630,-44.5026,-125.5069,78.8663
631,-44.5026,-125.5069,78.5663
632,-44.8026,-125.5069,78.2663
633,-44.8026,-125.5069,77.9663
634,-44.8026,-125.5069,77.6663
635,-45.1026,-125.8069,77.3663
636,-45.1026,-125.8069,77.0663
637,-45.4026,-126.1069,76.7663
638,-45.1026,-125.8069,76.7663
639,-44.8026,-125.5069,76.7663
640,-44.5026,-125.2069,77.0663
641,-44.2026,-125.2069,77.0663
642,-42.1026,-121.6069,76.7663
643,-41.8026,-121.9069,77.0663
644,-41.8026,-121.9069,77.3663
645,-41.8026,-122.2069,77.6663
646,-41.8026,-122.2069,77.9663
647,-41.8026,-122.2069,78.2663
648,-41.5026,-122.2069,78.5663
649,-41.5026,-122.2069,78.8663
650,-41.5026,-122.2069,79.1663
651,-41.2026,-122.5069,79.4663
652,-40.9026,-122.8069,79.7663
653,-40.6026,-123.1069,80.0663
654,-40.3026,-123.1069,80.3663
655,-40.0026,-123.1069,80.6663
656,-39.7026,-123.4069,80.9663
657,-39.4026,-123.4069,81.2663
658,-39.1026,-123.4069,81.2663
659,-38.8026,-123.4069,81.5663
660,-38.5026,-123.4069,81.5663
661,-38.2026,-123.4069,81.5663
662,-37.9026,-123.4069,81.5663
663,-37.6026,-123.4069,81.5663
664,-37.3026,-123.4069,81.5663
665,-37.0026,-123.7069,81.5663
666,-36.7026,-123.7069,81.5663
667,-36.4026,-123.7069,81.5663
668,-36.1026,-123.7069,81.5663
669,-35.8026,-123.7069,81.5663
670,-35.5026,-123.7069,81.5663
671,-35.2026,-123.7069,81.5663
672,-34.9026,-123.7069,81.5663
673,-34.6026,-123.7069,81.5663
674,-34.3026,-123.7069,81.5663
675,-34.0026,-123.7069,81.5663
676,-33.7026,-123.7069,81.5663
677,-33.4026,-123.7069,81.5663
678,-33.1026,-124.0069,81.5663
679,-32.8026,-124.0069,81.5663
680,-32.5026,-124.3069,81.5663
681,-32.2026,-124.3069,81.5663
682,-31.9026,-124.3069,81.5663
683,-31.6026,-124.3069,81.5663
684,-31.3026,-124.3069,81.5663
685,-31.0026,-124.3069,81.5663
686,-30.7026,-124.6069,81.5663
687,-30.4026,-124.9069,81.5663
688,-30.1026,-124.9069,81.5663
689,-29.8026,-124.9069,81.5663
690,-29.5026,-124.9069,81.5663
691,-29.2026,-124.9069,81.5663
692,-28.9026,-124.9069,81.5663
693,-28.6026,-124.9069,81.5663
694,-28.3026,-124.9069,81.5663
695,-28.0026,-124.9069,81.5663
696,-27.7026,-124.9069,81.5663
697,-27.4026,-125.2069,81.5663
698,-27.1026,-125.2069,81.5663
699,-26.8026,-125.5069,81.5663
700,-26.5026,-125.5069,81.5663
701,-26.2026,-125.8069,81.5663
702,-25.9026,-125.8069,81.5663
703,-25.6026,-125.8069,81.5663
704,-25.3026,-126.1069,81.5663
705,-25.0026,-126.1069,81.5663
706,-24.7026,-126.4069,81.5663
707,-24.4026,-126.4069,81.5663
708,-24.1026,-126.7069,81.5663
709,-23.8026,-126.7069,81.5663
710,-23.5026,-127.0069,81.5663
711,-23.2026,-127.0069,81.5663
712,-22.9026,-127.0069,81.5663
713,-22.6026,-127.3069,81.5663
714,-22.3026,-127.3069,81.5663
715,-22.0026,-127.6069,81.5663
716,-21.7026,-127.6069,81.5663
717,-21.4026,-127.9069,81.5663
718,-21.1026,-127.9069,81.5663
719,-20.8026,-128.2069,81.5663
720,-20.5026,-128.2069,81.5663
721,-20.2026,-128.5069,81.5663
722,-19.9026,-128.5069,81.5663
723,-19.6026,-128.5069,81.5663
724,-19.3026,-128.8069,81.5663
725,-19.0026,-128.8069,81.5663
726,-18.7026,-129.1069,81.5663
727,-18.4026,-129.1069,81.5663
728,-18.1026,-129.4069,81.5663
729,-17.8026,-129.4069,81.5663
730,-17.5026,-129.7069,81.5663
731,-17.2026,-129.7069,81.5663
732,-16.9026,-129.7069,81.5663
733,-16.6026,-130.0069,81.5663
734,-16.3026,-130.0069,81.5663
735,-16.0026,-130.3069,81.5663
736,-15.7026,-130.3069,81.5663
737,-15.4026,-130.3069,81.5663
738,-15.1026,-130.3069,81.5663
739,-14.8026,-130.3069,81.5663
740,-14.5026,-130.3069,81.5663
741,-14.2026,-130.3069,81.5663
742,-13.9026,-130.3069,81.5663
743,-13.6026,-130.3069,81.5663
744,-13.3026,-130.3069,81.5663
745,-13.0026,-130.3069,81.5663
746,-12.7026,-130.3069,81.5663
747,-12.4026,-130.3069,81.5663
748,-12.1026,-130.3069,81.5663
749,-11.8026,-130.3069,81.5663
750,-11.5026,-130.3069,81.5663
751,-11.2026,-130.3069,81.5663
752,-10.9026,-130.6069,81.5663
753,-10.6026,-130.6069,81.5663
754,-10.3026,-130.6069,81.5663
755,-10.0026,-130.9069,81.2663
756,-9.7026,-131.2069,80.9663
757,-9.4026,-131.5069,80.9663
758,-9.1026,-131.8069,80.9663
759,-8.8026,-132.1069,80.9663
760,-8.5026,-132.4069,80.6663
761,-8.5026,-132.7069,80.6663
762,-8.2026,-133.0069,80.3663
763,-8.2026,-133.3069,80.0663
764,-8.2026,-133.6069,79.7663
765,-8.2026,-133.9069,79.4663
766,-7.9026,-133.6069,79.7663
767,-7.6026,-133.6069,79.7663
768,-7.3026,-133.3069,80.0663
769,-7.0026,-133.0069,80.3663
770,-6.7026,-132.7069,80.6663
771,-6.4026,-132.4069,80.9663
772,-6.1026,-132.1069,81.2663
773,-5.8026,-131.8069,81.5663
774,-5.5026,-131.5069,81.8663
775,-5.2026,-131.5069,81.8663
776,-4.9026,-131.2069,82.1663
777,-4.6026,-131.2069,82.1663
778,-4.3026,-130.9069,82.4663
779,-4.0026,-130.9069,82.4663
780,-3.7026,-130.9069,82.4663
781,-3.4026,-130.6069,82.7663
782,-3.1026,-130.6069,82.7663
783,-2.8026,-130.6069,82.7663
784,-2.5026,-130.6069,82.7663
785,-2.2026,-130.6069,82.7663
786,-1.9026,-130.6069,82.7663
787,-1.6026,-130.6069,82.7663
788,-1.3026,-130.6069,82.7663
789,-1.0026,-130.6069,82.7663
790,-0.7026,-130.6069,82.7663
791,-0.4026,-130.6069,82.7663
792,-0.1026,-130.6069,82.7663
793,0.1974,-130.6069,82.7663
794,0.4974,-130.6069,82.7663
795,0.7974,-130.6069,82.4663
796,1.0974,-130.6069,82.4663
797,1.3974,-130.3069,82.1663
798,1.6974,-130.3069,82.1663
799,1.9974,-130.3069,82.1663
800,2.2974,-130.0069,81.8663
801,2.5974,-130.0069,81.5663
802,2.8974,-130.0069,81.5663
803,3.1974,-129.7069,81.2663
804,3.4974,-129.7069,81.2663
805,3.7974,-129.7069,81.2663
806,4.0974,-129.4069,80.9663
807,4.3974,-129.4069,80.9663
808,4.6974,-129.4069,80.9663
809,4.9974,-129.1069,80.6663
810,5.2974,-129.1069,80.6663
811,5.5974,-129.1069,80.6663
812,5.8974,-128.8069,80.3663
813,5.8974,-129.1069,80.6663
814,6.1974,-129.4069,80.9663
815,6.4974,-129.7069,81.2663
816,6.7974,-130.0069,81.2663
817,7.0974,-130.3069,81.2663
818,7.3974,-130.3069,81.2663
819,7.6974,-130.6069,81.5663
820,7.9974,-130.6069,81.5663
821,8.2974,-130.9069,81.8663
822,8.5974,-130.9069,81.8663
823,8.8974,-130.9069,81.8663
824,9.1974,-130.9069,81.8663
825,9.4974,-130.9069,81.8663
826,9.7974,-130.9069,81.8663
827,10.0974,-130.9069,81.8663
828,10.3974,-130.9069,82.1663
829,10.6974,-130.9069,82.1663
830,10.9974,-130.6069,82.4663
831,11.2974,-130.6069,82.4663
832,11.5974,-130.6069,82.4663
833,11.2974,-130.9069,82.4663
834,10.9974,-131.2069,82.4663
835,10.6974,-131.5069,82.4663
836,10.3974,-131.8069,82.1663
837,10.0974,-132.1069,82.1663
838,9.7974,-132.4069,82.1663
839,9.4974,-132.7069,81.8663
840,9.1974,-133.0069,81.5663
841,8.8974,-133.3069,81.2663
842,8.8974,-133.6069,81.2663
843,8.5974,-133.9069,80.9663
844,8.5974,-134.2069,80.9663
845,8.2974,-134.5069,80.6663
846,8.2974,-134.8069,80.6663
847,7.9974,-135.1069,80.3663
848,7.9974,-135.4069,80.3663
849,7.9974,-135.7069,80.0663
850,7.6974,-136.0069,79.7663
851,7.6974,-136.3069,79.4663
852,7.3974,-136.6069,79.1663
853,7.3974,-136.9069,78.8663
854,7.3974,-136.9069,78.5663
855,7.3974,-136.9069,78.2663
856,7.6974,-137.2069,77.9663
857,6.1974,-138.4069,76.7663
858,8.5974,-140.2069,76.7663
859,9.4974,-140.2069,76.7663
860,9.7974,-140.5069,77.0663
861,10.0974,-140.8069,77.3663
862,10.3974,-140.8069,77.6663
863,10.6974,-140.8069,77.9663
864,10.6974,-140.8069,78.2663
865,10.9974,-140.8069,78.5663
866,10.9974,-140.8069,78.8663
867,11.4347,-140.9069,77.9044
868,11.2974,-141.1069,77.6663
869,11.2974,-141.1069,77.3663
870,11.2974,-141.4069,77.0663
871,11.5974,-141.7069,76.7663
872,11.5974,-142.0069,77.0663
873,11.8974,-142.3069,77.3663
874,12.1974,-142.6069,77.6663
875,12.4974,-142.9069,77.9663
876,12.7974,-143.2069,78.2663
877,12.7974,-143.2069,78.5663
878,13.0974,-143.5069,78.8663
879,12.7974,-143.2069,79.1663
880,12.7974,-142.9069,79.4663
881,12.7974,-142.6069,79.4663
882,12.4974,-142.3069,79.7663
883,12.4974,-142.0069,80.0663
884,12.4974,-141.7069,80.3663
885,12.4974,-141.4069,80.3663
886,12.4974,-141.1069,80.3663
887,12.4974,-140.8069,80.6663
888,12.4974,-140.5069,80.6663
889,12.4974,-140.2069,80.6663
890,12.4974,-139.9069,80.9663
891,12.1974,-139.9069,80.9663
892,11.8974,-139.9069,80.9663
893,11.5974,-139.9069,80.9663
894,11.2974,-139.9069,80.9663
895,10.9974,-139.9069,80.9663
896,10.6974,-139.9069,80.9663
897,10.3974,-139.6069,81.2663
898,10.0974,-139.3069,81.2663
899,9.7974,-139.0069,81.2663
900,9.4974,-138.7069,81.2663
901,9.1974,-138.4069,81.2663
902,8.8974,-138.1069,81.2663
903,8.8974,-137.8069,81.2663
904,8.8974,-137.5069,81.2663
905,8.8974,-137.2069,81.5663
906,8.8974,-136.9069,81.5663
907,8.8974,-136.6069,81.5663
908,9.1974,-136.3069,81.8663
909,9.4974,-136.3069,81.8663
910,9.7974,-136.0069,82.1663
911,10.0974,-135.7069,82.4663
912,10.3974,-135.7069,82.4663
913,10.6974,-135.7069,82.4663
914,10.9974,-135.4069,82.7663
915,11.2974,-135.4069,82.7663
916,11.5974,-135.4069,82.7663
917,11.8974,-135.1069,82.7663
918,12.1974,-134.8069,82.7663
919,12.4974,-134.5069,82.7663
920,12.7974,-134.2069,82.7663
921,13.0974,-133.9069,82.7663
922,13.3974,-133.9069,82.7663
923,13.6974,-133.9069,82.7663
924,13.9974,-133.9069,82.7663
925,14.2974,-133.6069,82.4663
926,14.5974,-133.6069,82.4663
927,14.8974,-133.3069,82.1663
928,15.1974,-133.0069,81.8663
929,15.4974,-133.0069,81.8663
930,15.7974,-132.7069,81.5663
931,16.0974,-132.4069,81.2663
932,16.3974,-132.1069,81.2663
933,16.0974,-132.1069,81.5663
934,15.7974,-131.8069,81.8663
935,15.4974,-131.8069,81.8663
936,15.1974,-131.5069,82.1663
937,14.8974,-131.5069,82.4663
938,14.5974,-131.5069,82.4663
939,14.2974,-131.5069,82.4663
940,14.5974,-131.5069,82.4663
941,14.8974,-131.5069,82.7663
942,15.1974,-131.5069,83.0663
943,15.4974,-131.8069,83.3663
944,15.7974,-131.8069,83.6663
945,16.0974,-131.8069,83.9663
946,16.3974,-131.8069,84.2663
947,16.6974,-131.8069,84.5663
948,16.9974,-131.8069,84.8663
949,17.2974,-131.8069,84.8663
950,17.5974,-131.8069,84.8663
951,17.8974,-131.8069,84.8663
952,18.1974,-131.8069,84.8663
953,18.4974,-131.8069,84.8663
954,18.7974,-131.8069,84.8663
955,19.0974,-131.5069,84.8663
956,19.3974,-131.5069,84.8663
957,19.6974,-131.2069,84.8663
958,19.9974,-131.2069,84.8663
959,20.2974,-130.9069,84.8663
960,20.5974,-130.6069,85.1663
961,20.8974,-130.3069,85.4663
962,21.1974,-130.0069,85.7663
963,21.1974,-129.7069,85.7663
964,21.4974,-129.4069,85.7663
965,21.4974,-129.1069,85.7663
966,21.7974,-128.8069,85.7663
967,21.7974,-128.5069,85.7663
968,21.7974,-128.2069,85.7663
969,21.7974,-127.9069,85.7663
970,22.0974,-127.6069,85.7663
971,22.0974,-127.3069,85.4663
972,22.0974,-127.0069,85.4663
973,22.0974,-126.7069,85.4663
974,22.0974,-126.4069,85.4663
975,22.0974,-126.1069,85.4663
976,22.0974,-125.8069,85.4663
977,21.7974,-125.5069,85.1663
978,21.7974,-125.2069,85.1663
979,21.7974,-124.9069,85.1663
980,21.4974,-124.6069,84.8663
981,21.4974,-124.3069,84.8663
982,21.1974,-124.0069,84.5663
983,20.8974,-123.7069,84.2663
984,20.5974,-123.4069,83.9663
985,20.2974,-123.1069,83.6663
986,19.9974,-123.1069,83.3663
987,19.6974,-122.8069,83.0663
988,19.3974,-122.5069,82.7663
989,19.0974,-122.2069,82.4663
990,18.7974,-122.2069,82.4663
991,18.4974,-121.9069,82.1663
992,18.1974,-121.9069,82.1663
993,17.8974,-121.9069,82.1663
994,17.5974,-121.9069,82.1663
995,17.2974,-121.9069,82.1663
996,16.9974,-121.9069,82.1663
997,16.6974,-121.9069,82.1663
998,16.3974,-122.2069,81.8663
999,16.0974,-122.2069,81.8663
1000,15.7974,-122.2069,81.8663
1001,15.4974,-122.5069,81.5663
1002,15.7974,-122.2069,81.2663
1003,16.0974,-122.2069,80.9663
1004,16.3974,-121.9069,80.6663
1005,16.6974,-121.9069,80.3663
1006,16.9974,-121.9069,80.0663
1007,17.2974,-121.9069,79.7663
1008,17.5974,-121.9069,79.7663
1009,17.8974,-121.9069,79.7663
1010,18.1974,-121.9069,79.4663
1011,18.4974,-121.9069,79.1663
1012,18.7974,-121.9069,79.1663
1013,19.0974,-121.9069,79.1663
1014,19.3974,-122.2069,78.8663
1015,19.6974,-122.2069,78.8663
1016,19.9974,-122.5069,78.5663
1017,20.2974,-122.5069,78.5663
1018,20.5974,-122.8069,78.2663
1019,20.8974,-123.1069,78.2663
1020,21.1974,-123.4069,77.9663
1021,21.4974,-123.7069,77.6663
1022,21.7974,-124.0069,77.3663
1023,21.7974,-124.3069,77.3663
1024,22.0974,-124.6069,77.0663
1025,22.0974,-124.9069,77.0663
1026,22.0974,-125.2069,77.0663
1027,22.0974,-125.5069,77.0663
1028,22.0974,-125.8069,76.7663
1029,22.0974,-126.1069,76.7663
1030,22.0974,-126.4069,76.7663
1031,22.0974,-126.7069,76.7663
1032,22.0974,-127.0069,76.7663
1033,21.7974,-127.3069,76.7663
1034,22.0974,-127.0069,76.7663
1035,22.3974,-126.7069,77.0663
1036,22.6974,-126.4069,77.0663
1037,22.9974,-126.1069,77.3663
1038,23.2974,-125.8069,77.6663
1039,23.5974,-125.5069,77.9663
1040,23.8974,-125.5069,78.2663
1041,24.1974,-125.5069,78.5663
1042,24.4974,-125.5069,78.8663
1043,24.7974,-125.5069,79.1663
1044,25.0974,-125.5069,79.4663
1045,25.3974,-125.5069,79.7663
1046,25.6974,-125.8069,80.0663
1047,25.9974,-125.8069,80.3663
1048,26.2974,-126.1069,80.6663
1049,26.5974,-126.4069,80.9663
1050,26.5974,-126.7069,81.2663
1051,26.5974,-126.7069,81.5663
1052,26.5974,-126.7069,81.8663
1053,26.5974,-126.7069,82.1663
1054,26.5974,-127.0069,82.4663
1055,26.5974,-127.3069,82.7663
1056,26.5974,-127.6069,83.0663
1057,26.5974,-127.9069,83.3663
1058,26.5974,-128.2069,83.6663
1059,26.5974,-128.5069,83.6663
1060,26.5974,-128.8069,83.6663
1061,26.5974,-129.1069,83.6663
1062,26.5974,-129.4069,83.6663
1063,26.5974,-129.7069,83.6663
1064,26.5974,-130.0069,83.6663
1065,26.5974,-130.3069,83.6663
1066,26.5974,-130.6069,83.6663
1067,26.5974,-130.9069,83.6663
1068,26.5974,-131.2069,83.6663
1069,26.5974,-131.5069,83.6663
1070,26.5974,-131.8069,83.6663
1071,26.5974,-132.1069,83.6663
1072,26.5974,-132.4069,83.6663
1073,26.5974,-132.7069,83.6663
1074,26.5974,-133.0069,83.6663
1075,26.5974,-133.3069,83.6663
1076,26.5974,-133.6069,83.6663
1077,26.5974,-133.9069,83.6663
1078,26.5974,-134.2069,83.6663
1079,26.2974,-134.5069,83.3663
1080,25.9974,-134.8069,83.0663
1081,25.6974,-135.1069,82.7663
1082,25.3974,-135.4069,82.4663
1083,25.3974,-135.7069,82.4663
1084,25.3974,-136.0069,82.4663
1085,25.3974,-136.3069,82.4663
1086,25.3974,-136.6069,82.4663
1087,25.3974,-136.9069,82.4663
1088,25.3974,-137.2069,82.4663
1089,25.0974,-137.5069,82.4663
1090,25.0974,-137.8069,82.4663
1091,25.0974,-137.5069,82.4663
1092,25.0974,-137.2069,82.1663
1093,25.0974,-136.9069,81.8663
1094,25.0974,-136.6069,81.5663
1095,25.0974,-136.3069,81.5663
1096,25.0974,-136.0069,81.5663
1097,25.0974,-135.7069,81.5663
1098,25.0974,-135.4069,81.5663
1099,25.0974,-135.1069,81.5663
1100,25.0974,-134.8069,81.5663
1101,25.0974,-134.5069,81.5663
1102,25.3974,-134.2069,81.8663
1103,25.6974,-133.9069,82.1663
1104,25.9974,-133.6069,82.4663
1105,26.2974,-133.3069,82.7663
1106,26.5974,-133.0069,83.0663
1107,26.5974,-132.7069,83.0663
1108,26.5974,-132.4069,83.0663
1109,26.5974,-132.1069,83.0663
1110,26.5974,-131.8069,83.0663
1111,26.5974,-131.5069,83.0663
1112,26.5974,-131.2069,83.0663
1113,26.5974,-130.9069,83.0663
1114,26.5974,-130.6069,83.3663
1115,26.5974,-130.3069,83.6663
1116,26.5974,-130.0069,83.6663
1117,26.5974,-129.7069,83.6663
1118,26.5974,-129.4069,83.6663
1119,26.5974,-129.1069,83.6663
1120,26.5974,-128.8069,83.6663
1121,26.5974,-128.5069,83.6663
1122,26.5974,-128.2069,83.6663
1123,26.8974,-127.9069,83.3663
1124,26.8974,-127.6069,83.3663
1125,27.1974,-127.3069,83.0663
1126,27.1974,-127.0069,83.0663
1127,27.4974,-126.7069,82.7663
1128,27.7974,-126.4069,82.7663
1129,28.0974,-126.1069,82.7663
1130,28.3974,-125.8069,82.4663
1131,28.6974,-125.5069,82.1663
1132,28.9974,-125.2069,81.8663
1133,29.2974,-124.9069,81.5663
1134,29.5974,-124.9069,81.2663
1135,29.8974,-124.9069,80.9663
1136,30.1974,-124.6069,80.6663
1137,30.4974,-124.6069,80.3663
1138,30.7974,-124.3069,80.0663
1139,31.0974,-124.3069,79.7663
1140,31.3974,-124.0069,79.4663
1141,31.6974,-124.0069,79.1663
1142,31.9974,-124.0069,78.8663
1143,32.2974,-124.0069,78.8663
1144,32.5974,-124.0069,78.5663
1145,32.8974,-124.0069,78.2663
1146,33.1974,-124.0069,77.9663
1147,33.4974,-124.3069,77.6663
1148,33.7974,-124.6069,77.3663
1149,34.0974,-124.9069,77.0663
1150,34.3974,-125.2069,76.7663
1151,34.6974,-125.5069,76.7663
1152,34.9974,-125.8069,76.7663
1153,35.2974,-126.1069,76.7663
1154,35.5974,-126.4069,76.7663
1155,35.8974,-126.7069,76.7663
1156,35.8974,-127.0069,76.7663
1157,36.1974,-127.3069,76.7663
1158,36.1974,-127.6069,76.7663
1159,36.1974,-127.9069,76.7663
1160,36.1974,-128.2069,76.7663
1161,36.1974,-128.5069,76.7663
1162,36.1974,-128.8069,76.7663
1163,36.1974,-129.1069,76.7663
1164,36.1974,-129.4069,76.7663
1165,36.1974,-129.7069,76.7663
1166,36.1974,-130.0069,76.7663
1167,36.1974,-130.3069,76.7663
1168,35.8974,-130.6069,76.7663
1169,36.1974,-130.3069,76.7663
1170,36.1974,-130.0069,76.7663
1171,36.4974,-129.7069,76.7663
1172,36.4974,-129.4069,76.7663
1173,36.4974,-129.1069,76.7663
1174,36.4974,-128.8069,76.7663
1175,36.4974,-128.5069,76.7663
1176,36.4974,-128.2069,76.7663
1177,36.7974,-127.9069,76.7663
1178,36.7974,-127.6069,76.7663
1179,37.0974,-127.3069,76.7663
1180,37.3974,-127.0069,76.7663
1181,37.6974,-126.7069,76.7663
1182,37.9974,-126.4069,76.7663
1183,38.2974,-126.1069,76.7663
1184,38.5974,-126.1069,76.7663
1185,38.8974,-125.8069,76.7663
1186,39.1974,-125.8069,76.7663
1187,39.4974,-125.8069,76.7663
1188,39.7974,-125.8069,76.7663
1189,40.0974,-125.8069,76.7663
1190,40.3974,-125.8069,76.7663
1191,40.6974,-125.8069,76.7663
1192,40.9974,-125.8069,76.7663
1193,41.2974,-125.8069,76.7663
1194,41.5974,-125.8069,76.7663
1195,41.8974,-125.8069,76.7663
1196,42.1974,-125.8069,76.7663
1197,42.4974,-125.8069,76.7663
1198,42.7974,-125.8069,76.7663
1199,43.0974,-125.8069,76.7663
1200,43.3974,-125.8069,76.7663
1201,43.6974,-125.8069,76.7663
1202,43.9974,-125.8069,76.7663
1203,44.2974,-125.8069,76.7663
1204,44.5974,-125.8069,76.7663
1205,44.8974,-126.1069,77.0663
1206,45.1974,-126.4069,77.3663
1207,45.4974,-126.7069,77.6663
1208,45.7974,-127.0069,77.9663
1209,46.0974,-127.3069,78.2663
1210,46.3974,-127.6069,78.5663
1211,46.6974,-127.9069,78.8663
1212,46.9974,-128.2069,79.1663
1213,47.2974,-128.5069,79.4663
1214,47.5974,-128.8069,79.7663
1215,47.8974,-129.1069,80.0663
1216,48.1974,-129.4069,80.0663
1217,48.4974,-129.7069,80.3663
1218,48.7974,-130.0069,80.6663
1219,49.0974,-130.0069,80.6663
1220,49.3974,-130.3069,80.6663
1221,49.6974,-130.6069,80.6663
1222,49.9974,-130.9069,80.6663
1223,50.2974,-131.2069,80.6663
1224,50.5974,-131.5069,80.6663
1225,50.8974,-131.8069,80.6663
1226,51.1974,-132.1069,80.6663
1227,51.4974,-132.4069,80.6663
1228,51.7974,-132.7069,80.6663
1229,52.0974,-133.0069,80.6663
1230,52.3974,-133.3069,80.6663
1231,52.6974,-133.6069,80.6663
1232,52.9974,-133.9069,80.6663
1233,53.2974,-134.2069,80.6663
1234,53.5974,-134.5069,80.6663
1235,53.8974,-134.8069,80.6663
1236,54.1974,-135.1069,80.6663
1237,54.4974,-135.4069,80.6663
1238,54.7974,-135.7069,80.6663
1239,55.0974,-136.0069,80.6663
1240,55.3974,-136.0069,80.6663
1241,55.6974,-136.0069,80.6663
1242,55.9974,-136.0069,80.6663
1243,56.2974,-136.0069,80.6663
1244,56.5974,-136.0069,80.6663
1245,56.8974,-136.0069,80.6663
1246,57.1974,-136.0069,80.6663
1247,57.4974,-136.0069,80.6663
1248,57.7974,-136.0069,80.6663
1249,58.0974,-136.0069,80.6663
1250,58.3974,-136.0069,80.6663
1251,58.6974,-136.0069,80.6663
1252,58.9974,-136.0069,80.6663
1253,59.2974,-136.0069,80.6663
1254,59.5974,-136.0069,80.6663
1255,59.8974,-136.0069,80.6663
1256,60.1974,-136.0069,80.6663
1257,60.4974,-136.3069,80.6663
1258,60.7974,-136.6069,80.6663
1259,61.0974,-136.9069,80.6663
1260,61.3974,-137.2069,80.6663
1261,61.6974,-137.5069,80.6663
1262,61.6974,-137.8069,80.6663
1263,61.9974,-138.1069,80.6663
1264,62.2974,-138.4069,80.3663
1265,62.5974,-138.7069,80.0663
1266,62.5974,-139.0069,79.7663
1267,62.8974,-139.3069,79.4663
1268,62.8974,-139.6069,79.1663
1269,63.1974,-139.9069,78.8663
1270,63.1974,-139.9069,78.5663
1271,63.1974,-139.9069,78.2663
1272,63.4974,-140.2069,77.9663
1273,63.4974,-140.5069,77.6663
1274,63.4974,-140.5069,77.3663
1275,63.4974,-140.5069,77.0663
1276,63.7974,-140.8069,76.7663
1277,63.3545,-141.4909,77.1598
1278,64.6974,-144.1069,77.3663
1279,64.3974,-143.8069,77.6663
1280,64.0974,-143.5069,77.9663
1281,63.7974,-143.2069,78.2663
1282,63.4974,-143.2069,78.5663
1283,63.4974,-143.2069,78.8663
1284,63.4974,-143.2069,79.1663
1285,63.4974,-143.2069,79.4663
1286,63.4974,-143.2069,79.7663
1287,63.4974,-143.2069,80.0663
1288,63.4974,-143.2069,80.3663
1289,63.4974,-143.2069,80.6663
1290,63.4974,-143.2069,80.9663
1291,63.4974,-143.5069,81.2663
1292,-16.9026,-133.6069,76.7663
1293,-16.9026,-133.9069,76.7663
1294,-16.9026,-134.2069,76.7663
1295,-16.9026,-134.5069,76.7663
1296,-16.9026,-134.8069,76.7663
1297,-16.9026,-135.1069,76.7663
1298,-17.2026,-135.4069,76.7663
1299,-17.2026,-135.7069,76.7663
1300,-17.2026,-136.0069,76.7663
1301,-17.2026,-136.3069,76.7663
1302,-17.2026,-136.6069,76.7663
1303,-17.2026,-136.9069,76.7663
1304,-17.2026,-137.2069,76.7663
1305,-16.9026,-137.5069,76.7663
1306,-16.9026,-137.8069,76.7663
1307,-16.9026,-138.1069,76.7663
1308,-16.6026,-138.4069,76.7663
1309,-16.6026,-138.7069,76.7663
1310,-16.3026,-139.0069,76.7663
1311,-16.0026,-139.3069,76.7663
1312,-15.7026,-139.6069,76.7663
1313,-15.4026,-139.9069,76.7663
1314,-15.1026,-139.9069,76.7663
1315,-14.8026,-140.2069,76.7663
1316,-14.5026,-140.2069,76.7663
1317,-14.2026,-140.2069,76.7663
1318,-13.9026,-140.5069,76.7663
1319,-13.6026,-140.5069,76.7663
1320,-13.3026,-140.5069,76.7663
1321,-13.0026,-140.5069,76.7663
1322,-12.7026,-140.5069,76.7663
1323,-12.4026,-140.5069,76.7663
1324,-12.1026,-140.5069,76.7663
1325,-11.8026,-140.5069,76.7663
1326,-11.5026,-140.5069,76.7663
1327,-11.2026,-140.5069,76.7663
1328,-10.9026,-140.5069,76.7663
1329,-10.6026,-140.5069,76.7663
1330,-10.3026,-140.5069,76.7663
1331,-10.0026,-140.5069,76.7663
1332,-9.7026,-140.5069,76.7663
1333,-9.4026,-140.5069,76.7663
1334,-9.1026,-140.5069,76.7663
1335,-8.8026,-140.5069,76.7663
1336,-8.5026,-140.5069,76.7663
1337,-8.2026,-140.5069,76.7663
1338,-7.9026,-140.5069,76.7663
1339,-7.6026,-140.5069,76.7663
1340,-7.3026,-140.8069,76.7663
1341,-7.0026,-140.8069,76.7663
1342,-6.7026,-140.8069,76.7663
1343,-6.4026,-140.8069,76.7663
1344,-6.1026,-140.8069,76.7663
1345,-5.8026,-140.8069,76.7663
1346,-5.5026,-140.8069,76.7663
1347,-5.2026,-140.8069,76.7663
1348,-4.9026,-140.8069,76.7663
1349,-4.6026,-140.8069,76.7663
1350,-4.3026,-140.8069,76.7663
1351,-4.0026,-140.8069,76.7663
1352,-3.7026,-140.8069,76.7663
1353,-3.4026,-140.8069,76.7663
1354,-3.1026,-140.8069,76.7663
1355,-2.8026,-140.8069,76.7663
1356,-2.5026,-140.8069,76.7663
1357,-2.2026,-140.8069,76.7663
1358,-1.9026,-141.1069,76.7663
1359,-1.6026,-141.4069,76.7663
1360,-1.3026,-141.7069,76.7663
1361,-1.0026,-142.0069,76.7663
1362,-0.7026,-142.3069,76.7663
1363,-0.4026,-142.6069,76.7663
1364,-0.1026,-142.6069,76.7663
1365,0.1974,-142.9069,76.7663
1366,0.4974,-142.9069,76.7663
1367,0.7974,-143.2069,76.7663
1368,1.0974,-143.2069,76.7663
1369,1.3974,-143.2069,76.7663
1370,1.6974,-143.2069,76.7663
1371,1.9974,-143.2069,76.7663
1372,2.2974,-143.2069,76.7663
1373,2.5974,-143.2069,76.7663
1374,2.8974,-143.2069,76.7663
1375,3.1974,-143.2069,76.7663
1376,3.4974,-143.2069,76.7663
1377,3.7974,-143.2069,76.7663
1378,4.0974,-143.2069,76.7663
1379,4.3974,-143.2069,76.7663
1380,4.6974,-143.2069,76.7663
1381,4.9974,-143.2069,76.7663
1382,5.2974,-143.2069,76.7663
1383,5.5974,-143.2069,76.7663
1384,5.8974,-143.2069,76.7663
1385,6.1974,-142.9069,76.7663
1386,6.4974,-142.9069,76.7663
1387,6.7974,-142.6069,76.7663
1388,7.0974,-142.6069,76.7663
1389,7.3974,-142.3069,76.7663
1390,7.6974,-142.3069,76.7663
1391,7.9974,-142.3069,76.7663
1392,8.2974,-142.0069,76.7663
1393,8.5974,-142.0069,76.7663
1394,8.8974,-141.7069,76.7663
1395,9.1974,-141.7069,76.7663
1396,9.4974,-141.4069,76.7663
1397,9.7974,-141.4069,76.7663
1398,10.0974,-141.1069,76.7663
1399,10.3974,-141.1069,76.7663
1400,10.6974,-141.1069,76.7663
1401,10.9974,-140.8069,76.7663
1402,11.2974,-141.1069,76.7663
1403,11.2974,-141.4069,76.7663
1404,11.5974,-141.7069,76.7663
1405,11.5974,-142.0069,76.7663
1406,11.8974,-142.3069,76.7663
1407,11.8974,-142.6069,76.7663
1408,12.1974,-142.9069,76.7663
1409,12.4974,-143.2069,76.7663
1410,12.7974,-143.5069,76.7663
1411,13.0974,-143.8069,76.7663
1412,13.3974,-144.1069,76.7663
1413,13.6974,-144.4069,76.7663
1414,13.9974,-144.7069,76.7663
1415,14.2974,-145.0069,76.7663
1416,14.5974,-145.0069,76.7663
1417,14.8974,-145.3069,76.7663
1418,15.1974,-145.3069,76.7663
1419,15.4974,-145.6069,76.7663
1420,15.7974,-145.6069,76.7663
1421,16.0974,-145.6069,76.7663
1422,16.3974,-145.6069,76.7663
1423,16.6974,-145.6069,76.7663
1424,16.9974,-145.6069,76.7663
1425,17.2974,-145.6069,76.7663
1426,17.5974,-145.9069,76.7663
1427,17.8974,-145.9069,76.7663
1428,18.1974,-145.9069,76.7663
1429,18.4974,-145.9069,76.7663
1430,18.7974,-146.2069,76.7663
1431,19.0974,-146.2069,76.7663
1432,19.3974,-146.2069,76.7663
1433,19.6974,-146.2069,76.7663
1434,19.9974,-146.5069,76.7663
1435,20.2974,-146.5069,76.7663
1436,20.5974,-146.5069,76.7663
1437,20.8974,-146.5069,76.7663
1438,21.1974,-146.5069,76.7663
1439,21.4974,-146.5069,76.7663
1440,21.7974,-146.8069,76.7663
1441,22.0974,-146.8069,76.7663
1442,22.3974,-146.8069,76.7663
1443,22.6974,-146.8069,76.7663
1444,22.9974,-146.8069,76.7663
1445,23.2974,-146.8069,76.7663
1446,23.5974,-146.8069,76.7663
1447,23.8974,-146.8069,76.7663
1448,24.1974,-147.1069,76.7663
1449,24.4974,-147.1069,76.7663
1450,24.7974,-147.1069,76.7663
1451,25.0974,-147.1069,76.7663
1452,25.3974,-147.4069,76.7663
1453,25.6974,-147.4069,76.7663
1454,25.9974,-147.4069,76.7663
1455,26.2974,-147.4069,76.7663
1456,26.5974,-147.4069,76.7663
1457,26.8974,-147.4069,76.7663
1458,27.1974,-147.7069,76.7663
1459,27.4974,-147.7069,76.7663
1460,27.7974,-147.7069,76.7663
1461,28.0974,-147.7069,76.7663
1462,28.3974,-147.7069,76.7663
1463,28.6974,-147.7069,76.7663
1464,28.9974,-147.7069,76.7663
1465,29.2974,-148.0069,76.7663
1466,29.5974,-148.0069,76.7663
1467,29.8974,-148.0069,76.7663
1468,30.1974,-148.0069,76.7663
1469,30.4974,-148.3069,76.7663
1470,30.7974,-148.3069,76.7663
1471,31.0974,-148.3069,76.7663
1472,31.3974,-148.3069,76.7663
1473,31.6974,-148.3069,76.7663
1474,31.9974,-148.3069,76.7663
1475,32.2974,-148.3069,76.7663
1476,32.5974,-148.6069,76.7663
1477,32.8974,-148.6069,76.7663
1478,33.1974,-148.6069,76.7663
1479,33.4974,-148.6069,76.7663
1480,33.7974,-148.6069,76.7663
1481,34.0974,-148.6069,76.7663
1482,34.3974,-148.6069,76.7663
1483,34.6974,-148.9069,76.7663
1484,34.9974,-148.9069,76.7663
1485,35.2974,-148.9069,76.7663
1486,35.5974,-148.9069,76.7663
1487,35.8974,-148.9069,76.7663
1488,36.1974,-149.2069,76.7663
1489,36.4974,-149.2069,76.7663
1490,36.7974,-149.2069,76.7663
1491,37.0974,-149.2069,76.7663
1492,37.3974,-149.2069,76.7663
1493,37.6974,-149.2069,76.7663
1494,37.9974,-149.2069,76.7663
1495,38.2974,-149.2069,76.7663
1496,38.5974,-149.2069,76.7663
1497,38.8974,-149.5069,76.7663
1498,39.1974,-149.5069,76.7663
1499,39.4974,-149.5069,76.7663
1500,39.7974,-149.8069,76.7663
1501,40.0974,-149.8069,76.7663
1502,40.3974,-149.8069,76.7663
1503,40.6974,-150.1069,76.7663
1504,40.9974,-150.4069,76.7663
1505,41.2974,-150.7069,76.7663
1506,41.5974,-151.0069,76.7663
1507,41.8974,-151.3069,76.7663
1508,42.1974,-151.6069,76.7663
1509,42.4974,-151.9069,76.7663
1510,42.7974,-152.2069,76.7663
1511,43.0974,-152.5069,76.7663
1512,43.3974,-152.8069,76.7663
1513,43.6974,-153.1069,76.7663
1514,43.9974,-153.1069,76.7663
1515,44.2974,-153.1069,76.7663
1516,44.5974,-153.1069,76.7663
1517,44.8974,-153.1069,76.7663
1518,45.1974,-153.1069,76.7663
1519,45.4974,-153.1069,76.7663
1520,45.7974,-153.1069,76.7663
1521,46.0974,-153.1069,76.7663
1522,46.3974,-153.1069,76.7663
1523,46.6974,-153.1069,76.7663
1524,46.9974,-153.1069,76.7663
1525,47.2974,-153.1069,76.7663
1526,47.5974,-153.1069,76.7663
1527,47.8974,-153.1069,76.7663
1528,48.1974,-153.1069,76.7663
1529,48.4974,-153.1069,76.7663
1530,48.7974,-153.1069,76.7663
1531,49.0974,-153.1069,76.7663
1532,49.3974,-153.1069,76.7663
1533,49.6974,-153.1069,76.7663
1534,49.9974,-153.1069,76.7663
1535,50.2974,-153.1069,76.7663
1536,50.5974,-153.1069,76.7663
1537,50.8974,-153.1069,76.7663
1538,51.1974,-153.1069,76.7663
1539,51.4974,-153.1069,76.7663
1540,51.7974,-153.1069,76.7663
1541,52.0974,-153.1069,76.7663
1542,52.3974,-153.1069,76.7663
1543,52.6974,-153.1069,76.7663
1544,52.9974,-153.1069,76.7663
1545,53.2974,-153.1069,76.7663
1546,53.5974,-153.1069,76.7663
1547,53.8974,-153.1069,76.7663
1548,54.1974,-153.1069,76.7663
1549,54.4974,-153.1069,76.7663
1550,54.7974,-153.1069,76.7663
1551,55.0974,-153.1069,76.7663
1552,55.3974,-153.1069,76.7663
1553,55.6974,-153.1069,76.7663
1554,55.9974,-153.1069,76.7663
1555,56.2974,-153.1069,76.7663
1556,56.5974,-153.1069,76.7663
1557,56.8974,-153.1069,76.7663
1558,57.1974,-153.1069,76.7663
1559,57.4974,-153.1069,76.7663
1560,57.7974,-153.1069,76.7663
1561,58.0974,-153.1069,76.7663
1562,58.3974,-153.1069,76.7663
1563,58.6974,-153.1069,76.7663
1564,58.9974,-153.1069,76.7663
1565,59.2974,-153.1069,76.7663
1566,59.5974,-153.1069,76.7663
1567,59.8974,-153.1069,76.7663
1568,60.1974,-153.1069,76.7663
1569,60.4974,-153.1069,76.7663
1570,60.7974,-153.1069,76.7663
1571,61.0974,-153.4069,76.7663
1572,61.3974,-153.4069,76.7663
1573,61.6974,-153.4069,76.7663
1574,61.9974,-153.1069,76.7663
1575,62.2974,-153.1069,76.7663
1576,62.5974,-153.1069,76.7663
1577,62.8974,-153.1069,76.7663
1578,63.1974,-152.8069,76.7663
1579,63.4974,-152.5069,76.7663
1580,63.7974,-152.5069,76.7663
1581,64.0974,-152.2069,76.7663
1582,64.3974,-152.2069,76.7663
1583,64.6974,-151.9069,76.7663
1584,64.9974,-151.9069,76.7663
1585,65.2974,-151.6069,76.7663
1586,65.5974,-151.3069,76.7663
1587,65.8974,-151.0069,76.7663
1588,66.1974,-150.7069,76.7663
1589,66.4974,-150.4069,76.7663
1590,66.4974,-150.1069,76.7663
1591,66.7974,-149.8069,76.7663
1592,66.7974,-149.5069,76.7663
1593,67.0974,-149.2069,76.7663
1594,67.0974,-148.9069,76.7663
1595,67.0974,-148.6069,76.7663
1596,67.0974,-148.3069,76.7663
1597,67.3974,-148.3069,77.0663
1598,67.3974,-148.3069,77.3663
1599,67.6974,-148.3069,77.6663
1600,67.6974,-148.3069,77.9663
1601,67.6974,-148.3069,78.2663
1602,67.6974,-148.3069,78.5663
1603,67.6974,-148.3069,78.8663
1604,67.6974,-148.3069,79.1663
1605,67.6974,-148.3069,79.4663
1606,67.6974,-148.3069,79.7663
1607,67.6974,-148.3069,80.0663
1608,67.3974,-148.0069,80.3663
1609,67.3974,-148.0069,80.6663
1610,67.3974,-148.0069,80.9663
1611,67.3974,-148.0069,81.2663
1612,67.3974,-148.0069,81.5663
1613,67.3974,-148.0069,81.8663
1614,67.3974,-148.0069,82.1663
1615,67.3974,-148.0069,82.4663
1616,67.3974,-148.0069,82.7663
1617,67.0974,-148.3069,83.0663
1618,67.0974,-148.3069,83.3663
1619,67.0974,-148.3069,83.6663
1620,66.7974,-148.6069,83.9663
1621,66.7974,-148.6069,84.2663
1622,66.4974,-148.9069,84.5663
1623,66.1974,-148.9069,84.8663
1624,65.8974,-148.9069,85.1663
1625,65.5974,-148.9069,85.4663
1626,65.5974,-148.3069,90.8663
1627,65.5974,-148.3069,91.1663
1628,65.5974,-148.3069,91.4663
1629,65.5974,-148.3069,91.7663
1630,65.5974,-148.3069,92.0663
1631,65.5974,-148.3069,92.3663
1632,65.5974,-148.3069,92.6663
1633,65.5974,-148.3069,92.9663
1634,65.5974,-148.3069,93.2663
1635,65.5974,-148.3069,93.5663
1636,65.5974,-148.3069,93.8663
1637,65.5974,-148.3069,94.1663
1638,65.5974,-148.3069,94.4663
1639,65.5974,-148.3069,94.7663
1640,65.5974,-148.3069,95.0663
1641,65.2974,-148.6069,95.3663
1642,65.2974,-148.6069,95.6663
1643,65.2974,-148.6069,95.9663
1644,65.2974,-148.6069,96.2663
1645,18.1974,-140.5069,104.3663
1646,18.1974,-140.8069,104.3663
1647,18.1974,-141.1069,104.3663
1648,18.1974,-141.4069,104.0663
1649,18.1974,-141.7069,104.0663
1650,18.1974,-142.0069,104.0663
1651,18.1974,-142.3069,103.7663
1652,18.1974,-142.6069,103.4663
1653,18.4974,-142.9069,103.1663
1654,18.4974,-143.2069,102.8663
1655,18.7974,-143.5069,102.5663
1656,18.7974,-143.5069,102.2663
1657,18.7974,-143.8069,101.9663
1658,18.7974,-144.1069,101.6663
1659,18.7974,-144.1069,101.3663
1660,18.7974,-144.1069,101.0663
1661,18.7974,-144.1069,100.7663
1662,18.7974,-144.1069,100.4663
1663,18.7974,-144.1069,100.1663
1664,18.7974,-144.1069,99.8663
1665,18.7974,-144.1069,99.5663
1666,18.7974,-144.1069,99.2663
1667,18.7974,-144.1069,98.9663
1668,18.7974,-144.1069,98.6663
1669,18.7974,-144.1069,98.3663
1670,18.7974,-144.1069,98.0663
1671,18.7974,-144.1069,97.7663
1672,18.7974,-144.1069,97.4663
1673,18.7974,-144.1069,97.1663
1674,18.7974,-144.1069,96.8663
1675,18.7974,-144.1069,96.5663
1676,18.7974,-144.1069,96.2663
1677,18.7974,-144.1069,95.9663
1678,18.7974,-144.1069,95.6663
1679,18.7974,-144.1069,95.3663
1680,18.7974,-144.1069,95.0663
1681,18.7974,-144.1069,94.7663
1682,18.7974,-144.1069,94.4663
1683,18.7974,-144.4069,94.1663
1684,18.7974,-144.4069,93.8663
1685,19.0974,-144.7069,93.5663
1686,19.3974,-145.0069,93.2663
1687,19.6974,-145.3069,92.9663
1688,19.9974,-145.6069,92.6663
1689,19.9974,-145.6069,92.3663
1690,20.2974,-145.9069,92.0663
1691,20.2974,-145.9069,91.7663
1692,20.5974,-146.2069,91.4663
1693,20.8974,-146.5069,91.1663
1694,21.1974,-146.8069,90.8663
1695,21.1974,-146.8069,90.5663
1696,21.1974,-146.8069,90.2663
1697,21.1974,-146.8069,89.9663
1698,21.1974,-146.8069,89.6663
1699,21.4974,-147.1069,89.3663
1700,21.4974,-147.1069,89.0663
1701,21.7974,-147.4069,88.7663
1702,21.7974,-147.4069,88.4663
1703,22.0974,-147.1069,88.7663
1704,22.0974,-146.8069,89.0663
1705,22.0974,-146.5069,89.3663
1706,22.0974,-146.2069,89.6663
1707,22.0974,-145.9069,89.6663
1708,22.3974,-145.6069,89.9663
1709,22.3974,-145.3069,89.9663
1710,22.3974,-145.0069,89.9663
1711,22.3974,-144.7069,89.9663
1712,22.3974,-144.4069,89.9663
1713,22.3974,-144.1069,89.9663
1714,22.3974,-143.8069,89.9663
1715,22.3974,-143.5069,89.9663
1716,22.6974,-143.2069,90.2663
1717,22.6974,-142.9069,90.2663
1718,22.6974,-142.6069,90.2663
1719,22.6974,-142.3069,90.2663
1720,22.6974,-142.0069,90.2663
1721,22.6974,-141.7069,90.2663
1722,22.6974,-141.4069,90.2663
1723,22.6974,-141.1069,90.2663
1724,22.6974,-140.8069,90.2663
1725,22.6974,-140.5069,90.2663
1726,22.6974,-140.2069,90.2663
1727,22.9974,-139.9069,89.9663
1728,22.9974,-139.6069,89.9663
1729,23.2974,-139.3069,89.6663
1730,23.5974,-139.0069,89.3663
1731,23.8974,-138.7069,89.0663
1732,23.8974,-138.4069,88.7663
1733,23.8974,-138.1069,88.4663
1734,23.8974,-137.8069,88.1663
1735,23.8974,-137.8069,87.8663
1736,24.1974,-137.5069,87.5663
1737,24.1974,-137.5069,87.2663
1738,24.4974,-137.2069,86.9663
1739,24.4974,-137.2069,86.6663
1740,24.4974,-137.2069,86.3663
1741,24.7974,-136.9069,86.0663
1742,24.7974,-136.9069,85.7663
1743,24.7974,-136.9069,85.4663
1744,24.7974,-136.9069,85.1663
1745,24.7974,-136.9069,84.8663
1746,24.7974,-136.9069,84.5663
1747,24.7974,-136.9069,84.2663
1748,24.7974,-136.9069,83.9663
1749,24.7974,-136.9069,83.6663
1750,24.7974,-136.9069,83.3663
1751,24.7974,-136.9069,83.0663
1752,24.7974,-136.9069,82.7663
1753,24.7974,-136.9069,82.4663
1754,24.7974,-136.9069,82.1663
1755,24.7974,-136.9069,81.8663
1756,25.0974,-136.6069,81.5663
1757,25.3974,-136.3069,81.5663
1758,25.6974,-136.0069,81.5663
1759,25.9974,-135.7069,81.2663
1760,25.6974,-135.7069,81.5663
1761,25.3974,-135.7069,81.8663
1762,25.0974,-135.7069,82.1663
1763,24.7974,-135.7069,82.4663
1764,24.4974,-135.7069,82.7663
1765,24.1974,-135.7069,83.0663
1766,23.8974,-136.0069,83.3663
1767,23.5974,-136.3069,83.6663
1768,23.5974,-136.3069,83.9663
1769,23.2974,-136.6069,84.2663
1770,22.9974,-136.6069,84.5663
1771,22.9974,-136.6069,84.8663
1772,22.6974,-136.6069,85.1663
1773,22.6974,-136.6069,85.4663
1774,22.6974,-136.6069,85.7663
1775,22.6974,-136.6069,86.0663
1776,22.3974,-136.9069,86.3663
1777,22.0974,-136.9069,86.6663
1778,22.0974,-136.9069,86.9663
1779,21.7974,-137.2069,87.2663
1780,21.7974,-137.2069,87.5663
1781,21.7974,-137.2069,87.8663
1782,21.4974,-137.5069,88.1663
1783,21.4974,-137.5069,88.4663
1784,21.1974,-137.8069,88.7663
1785,20.8974,-138.1069,89.0663
1786,20.8974,-137.8069,89.0663
1787,20.5974,-137.5069,89.0663
1788,20.2974,-137.2069,89.0663
1789,19.9974,-136.9069,89.0663
1790,19.6974,-136.6069,89.0663
1791,19.3974,-136.6069,89.0663
1792,19.0974,-136.3069,89.0663
1793,18.7974,-136.3069,89.0663
1794,18.4974,-136.0069,89.3663
1795,18.1974,-136.0069,89.3663
1796,17.8974,-136.0069,89.3663
1797,17.5974,-136.0069,89.3663
1798,17.2974,-136.0069,89.3663
1799,16.9974,-136.0069,89.3663
1800,16.6974,-136.0069,89.3663
1801,16.3974,-136.0069,89.3663
1802,16.0974,-136.0069,89.3663
1803,15.7974,-136.0069,89.3663
1804,15.4974,-136.3069,89.3663
1805,15.1974,-136.3069,89.3663
1806,14.8974,-136.6069,89.3663
1807,14.5974,-136.6069,89.3663
1808,14.2974,-136.9069,89.3663
1809,13.9974,-137.2069,89.3663
1810,13.6974,-137.2069,89.3663
1811,13.3974,-137.5069,89.6663
1812,12.4974,-137.5069,89.6663
1813,12.1974,-137.5069,89.6663
1814,11.8974,-137.5069,89.6663
1815,11.5974,-137.5069,89.6663
1816,11.2974,-137.2069,89.6663
1817,10.9974,-136.9069,89.6663
1818,10.6974,-136.6069,89.6663
1819,10.3974,-136.6069,89.6663
1820,10.0974,-136.6069,89.6663
1821,9.7974,-136.6069,89.6663
1822,9.4974,-136.6069,89.6663
1823,9.1974,-136.6069,89.6663
1824,8.8974,-136.6069,89.6663
1825,8.5974,-136.6069,89.6663
1826,8.2974,-136.3069,89.3663
1827,8.5974,-136.6069,89.6663
1828,8.8974,-136.9069,89.6663
1829,9.1974,-137.2069,89.9663
1830,9.4974,-137.5069,89.9663
1831,9.7974,-137.8069,89.9663
1832,10.0974,-138.1069,90.2663
1833,10.3974,-138.4069,90.2663
1834,10.6974,-138.7069,90.2663
1835,10.6974,-139.0069,90.2663
1836,10.9974,-139.3069,90.2663
1837,10.9974,-139.6069,90.2663
1838,11.2974,-139.9069,90.2663
1839,11.2974,-140.2069,90.2663
1840,11.2974,-140.5069,90.2663
1841,11.5974,-140.8069,89.9663
1842,10.9974,-141.4069,89.6663
1843,10.9974,-141.7069,89.6663
1844,10.9974,-142.0069,89.3663
1845,10.9974,-142.3069,89.0663
1846,10.9974,-142.6069,88.7663
1847,10.9974,-142.9069,88.4663
1848,10.9974,-142.9069,88.1663
1849,10.9974,-143.2069,87.8663
1850,10.9974,-143.5069,87.5663
1851,10.9974,-143.5069,87.2663
1852,10.9974,-143.8069,86.9663
1853,10.9974,-143.8069,86.6663
1854,11.2974,-144.1069,86.3663
1855,11.2974,-144.1069,86.0663
1856,11.2974,-144.1069,85.7663
1857,11.2974,-144.1069,85.4663
1858,11.2974,-144.1069,85.1663
1859,11.2974,-144.1069,84.8663
1860,11.2974,-144.1069,84.5663
1861,11.2974,-143.8069,84.2663
1862,11.2974,-143.8069,83.9663
1863,11.2974,-143.8069,83.6663
1864,11.2974,-143.5069,83.3663
1865,11.2974,-143.5069,83.0663
1866,11.2974,-143.2069,82.7663
1867,11.2974,-142.9069,82.4663
1868,11.5974,-142.6069,82.1663
1869,11.5974,-142.3069,81.8663
1870,11.5974,-142.0069,81.5663
1871,11.8974,-141.7069,81.2663
1872,11.8974,-141.4069,80.9663
1873,12.1974,-141.1069,80.6663
1874,12.1974,-140.8069,80.3663
1875,12.1974,-140.8069,80.0663
1876,12.4974,-140.5069,79.7663
1877,12.1974,-140.8069,79.4663
1878,12.1974,-141.1069,79.1663
1879,12.1974,-141.4069,79.1663
1880,12.1974,-141.7069,78.8663
1881,12.1974,-142.0069,78.5663
1882,12.1974,-142.3069,78.2663
1883,12.1974,-142.6069,77.9663
1884,12.1974,-142.9069,77.6663
1885,12.4974,-143.2069,77.3663
1886,12.7974,-143.5069,77.0663
1887,13.0974,-143.8069,76.7663
1888,9.1974,-139.9069,76.7663
1889,8.8974,-139.9069,76.7663
1890,8.5974,-139.6069,76.7663
1891,8.2974,-139.3069,76.7663
1892,8.2974,-139.0069,76.7663
1893,-46.4514,-129.6516,101.3275
1894,-46.6364,-129.8338,85.7475
1895,-46.9026,-129.7069,85.4663
1896,-46.9026,-129.7069,85.1663
1897,-47.2026,-129.4069,84.8663
1898,-47.5026,-129.1069,84.5663
1899,-47.8026,-128.8069,84.2663
1900,-47.8026,-128.8069,83.9663
1901,-48.1026,-128.5069,83.6663
1902,-48.1026,-128.5069,83.3663
1903,-48.4026,-128.2069,83.0663
1904,-48.4026,-128.2069,82.7663
1905,-48.4026,-128.2069,82.4663
1906,-48.4026,-128.2069,82.1663
1907,-48.4026,-128.2069,81.8663
1908,-48.4026,-128.2069,81.5663
1909,-48.4026,-128.2069,81.2663
1910,-48.4026,-128.2069,80.9663
1911,-48.4026,-128.2069,80.6663
1912,-48.4026,-128.2069,80.3663
1913,-48.4026,-128.2069,80.0663
1914,-48.4026,-128.5069,79.7663
1915,-48.4026,-128.2069,79.4663
1916,-48.4026,-128.2069,79.1663
1917,-48.4026,-128.2069,78.8663
1918,-48.4026,-128.2069,78.5663
1919,-48.4026,-128.2069,78.2663
1920,-48.4026,-128.5069,77.9663
1921,-48.4026,-128.8069,77.6663
1922,-48.4026,-129.1069,77.3663
1923,-48.4026,-129.4069,77.3663
1924,-48.4026,-129.7069,77.3663
1925,-48.4026,-130.0069,77.3663
1926,-48.4026,-130.3069,77.0663
1927,-48.4026,-130.6069,77.0663
1928,-48.4026,-130.9069,76.7663
1929,-48.4026,-131.2069,76.7663
1930,-48.4026,-130.9069,76.7663
1931,-48.4026,-130.6069,76.7663
1932,-48.4026,-130.3069,76.7663
1933,-48.4026,-130.0069,76.7663
1934,-48.4026,-129.7069,76.7663
1935,-48.4026,-129.4069,76.7663
1936,-48.4026,-129.1069,77.0663
1937,-48.4026,-128.8069,77.3663
1938,-48.4026,-128.5069,77.3663
1939,-48.4026,-128.2069,77.3663
1940,-48.4026,-127.9069,77.3663
1941,-48.1026,-127.6069,77.6663
1942,-47.8026,-127.3069,77.9663
1943,-47.8026,-127.0069,77.9663
1944,-47.8026,-126.7069,77.9663
1945,-47.8026,-126.4069,77.9663
1946,-47.8026,-126.1069,77.9663
1947,-47.8026,-125.8069,77.9663
1948,-47.8026,-125.5069,77.9663
1949,-47.8026,-125.2069,77.9663
1950,-47.5026,-124.9069,78.2663
1951,-47.5026,-124.6069,78.2663
1952,-47.2026,-124.3069,78.5663
1953,-47.2026,-124.0069,78.5663
1954,-47.2026,-123.7069,78.5663
1955,-47.2026,-123.4069,78.5663
1956,-47.2026,-123.1069,78.5663
1957,-46.9026,-122.8069,78.8663
1958,-46.6026,-122.5069,79.1663
1959,-46.6026,-122.2069,79.4663
1960,-46.3026,-121.9069,79.7663
1961,-46.3026,-121.6069,79.7663
1962,-46.3026,-121.3069,79.7663
1963,-46.0026,-121.0069,80.0663
1964,-46.0026,-121.0069,79.7663
1965,-46.0026,-121.0069,79.4663
1966,-46.0026,-121.0069,79.1663
1967,-46.0026,-121.0069,78.8663
1968,-46.0026,-121.0069,78.5663
1969,-45.7026,-121.0069,78.2663
1970,-45.7026,-121.0069,77.9663
1971,-45.4026,-121.0069,77.6663
1972,-45.4026,-121.0069,77.3663
1973,-45.4026,-121.0069,77.0663
1974,-45.1026,-120.7069,76.7663
1975,-44.8026,-121.0069,76.7663
1976,-44.5026,-121.3069,77.0663
1977,-44.2026,-121.6069,77.3663
1978,-43.9026,-121.9069,77.6663
1979,-43.6026,-121.9069,77.6663
1980,-43.3026,-122.2069,77.9663
1981,-43.0026,-122.2069,77.9663
1982,-42.7026,-122.2069,78.2663
1983,-42.4026,-122.2069,78.5663
1984,-42.1026,-122.5069,78.8663
1985,-41.8026,-122.5069,79.1663
1986,-41.5026,-122.5069,79.4663
1987,-41.2026,-122.5069,79.7663
1988,-40.9026,-122.5069,80.0663
1989,-40.6026,-122.5069,80.3663
1990,-40.3026,-122.5069,80.6663
1991,-40.0026,-122.5069,80.9663
1992,-39.7026,-122.5069,80.9663
1993,-39.4026,-122.5069,81.2663
1994,-39.1026,-122.5069,81.5663
1995,-38.8026,-122.5069,81.5663
1996,-38.5026,-122.5069,81.5663
1997,-38.2026,-122.5069,81.8663
1998,-37.9026,-122.5069,81.8663
1999,-37.6026,-122.5069,81.8663
2000,-37.3026,-122.5069,81.8663
2001,-37.0026,-122.5069,81.8663
2002,-36.7026,-122.5069,81.8663
2003,-36.4026,-122.5069,81.8663
2004,-36.1026,-122.5069,81.8663
2005,-35.8026,-122.5069,81.5663
2006,-35.5026,-122.5069,81.5663
2007,-35.2026,-122.5069,81.5663
2008,-34.9026,-122.8069,81.2663
2009,-34.6026,-122.8069,80.9663
2010,-34.9026,-122.5069,81.2663
2011,-34.9026,-122.2069,81.2663
2012,-35.2026,-121.9069,81.5663
2013,-35.2026,-121.6069,81.8663
2014,-35.2026,-121.3069,82.1663
2015,-35.2026,-121.0069,82.4663
2016,-35.2026,-120.7069,82.7663
2017,-35.2026,-120.4069,83.0663
2018,-35.2026,-120.1069,83.0663
2019,-35.2026,-119.8069,83.0663
2020,-35.2026,-119.5069,83.0663
2021,-35.2026,-119.2069,83.0663
2022,-35.2026,-118.9069,83.0663
2023,-35.2026,-118.6069,83.0663
2024,-35.2026,-118.3069,83.0663
2025,-34.9026,-118.0069,83.0663
2026,-34.9026,-117.7069,83.0663
2027,-34.6026,-117.4069,83.0663
2028,-34.6026,-117.1069,83.0663
2029,-34.3026,-116.8069,83.0663
2030,-34.0026,-116.5069,83.0663
2031,-33.7026,-116.2069,82.7663
2032,-33.4026,-115.9069,82.7663
2033,-33.1026,-115.6069,82.4663
2034,-33.1026,-115.3069,82.4663
2035,-32.8026,-115.0069,82.4663
2036,-32.5026,-114.7069,82.4663
2037,-32.2026,-114.4069,82.1663
2038,-31.9026,-114.1069,82.1663
2039,-31.6026,-113.8069,81.8663
2040,-31.6026,-113.5069,81.8663
2041,-31.3026,-113.2069,81.5663
2042,-31.0026,-113.5069,81.2663
2043,-30.7026,-113.8069,80.9663
2044,-30.4026,-114.1069,80.6663
2045,-30.1026,-114.4069,80.3663
2046,-30.1026,-114.7069,80.0663
2047,-29.8026,-115.0069,79.7663
2048,-29.5026,-115.3069,79.4663
2049,-29.2026,-115.6069,79.1663
2050,-28.9026,-115.9069,78.8663
2051,-28.9026,-116.2069,78.5663
2052,-28.9026,-116.5069,78.2663
2053,-28.9026,-116.8069,77.9663
2054,-28.9026,-117.1069,77.6663
2055,-28.9026,-117.4069,77.3663
2056,-28.9026,-117.7069,77.0663
2057,-28.9026,-118.0069,77.0663
2058,-28.9026,-118.3069,76.7663
2059,-28.9026,-118.6069,76.7663
2060,-28.9026,-118.9069,76.7663
2061,-28.9026,-119.2069,76.7663
2062,-28.9026,-118.9069,76.7663
2063,-28.9026,-118.6069,76.7663
2064,-28.9026,-118.3069,76.7663
2065,-29.2026,-118.0069,76.7663
2066,-29.5026,-117.7069,76.7663
2067,-29.8026,-117.4069,76.7663
2068,-29.8026,-117.1069,76.7663
2069,-29.8026,-116.8069,76.7663
2070,-29.8026,-116.5069,76.7663
2071,-29.8026,-116.2069,76.7663
2072,-30.1026,-115.9069,76.7663
2073,-30.1026,-115.6069,76.7663
2074,-29.8026,-115.3069,76.7663
2075,-29.8026,-115.0069,76.7663
2076,-29.5026,-114.7069,76.7663
2077,-29.5026,-114.4069,76.7663
2078,-29.5026,-114.1069,76.7663
2079,-29.5026,-113.8069,76.7663
2080,-29.5026,-113.5069,76.7663
2081,-29.5026,-113.2069,76.7663
2082,-29.5026,-112.9069,76.7663
2083,-29.5026,-112.6069,76.7663
2084,-29.5026,-112.3069,76.7663
2085,-29.5026,-112.0069,76.7663
2086,-29.8026,-111.7069,76.7663
2087,-29.8026,-111.4069,76.7663
2088,-29.8026,-111.1069,76.7663
2089,-30.1026,-110.8069,76.7663
2090,-28.9026,-110.5069,76.7663
2091,-28.8172,-109.0988,77.4943
2092,-28.9026,-109.0069,77.6663
2093,-29.2026,-109.3069,77.9663
2094,-29.2026,-109.3069,78.2663
2095,-29.2026,-109.3069,78.5663
2096,-29.5026,-109.6069,78.8663
2097,-29.5026,-109.6069,79.1663
2098,-29.8026,-109.9069,79.4663
2099,-29.5026,-109.6069,79.7663
2100,-29.5026,-109.3069,79.7663
2101,-29.2026,-109.0069,79.7663
2102,-29.2026,-108.7069,79.7663
2103,-28.9026,-108.4069,79.7663
2104,-28.9026,-108.1069,79.7663
2105,-28.9026,-107.8069,79.7663
2106,-28.6026,-107.5069,79.4663
2107,-28.6026,-107.2069,79.4663
2108,-28.6026,-106.9069,79.4663
2109,-28.6026,-106.6069,79.4663
2110,-28.6026,-106.3069,79.4663
2111,-28.6026,-106.0069,79.4663
2112,-28.6026,-105.7069,79.4663
2113,-28.3026,-105.4069,79.1663
2114,-28.3026,-105.1069,79.1663
2115,-28.3026,-104.8069,79.1663
2116,-28.3026,-104.5069,79.1663
2117,-28.3026,-104.2069,79.1663
2118,-28.3026,-103.9069,79.1663
2119,-28.3026,-103.6069,79.1663
2120,-28.3026,-103.3069,79.1663
2121,-28.4041,-104.3306,77.1338
2122,-27.7026,-102.1069,76.7663
2123,-27.7026,-101.8069,76.7663
2124,-27.7026,-101.5069,76.7663
2125,-27.7026,-101.2069,76.7663
2126,-27.4026,-100.9069,76.7663
2127,-27.4026,-100.6069,76.7663
2128,-27.4026,-100.3069,76.7663
2129,-27.4026,-100.0069,76.7663
2130,-27.1026,-99.7069,76.7663
2131,-27.1026,-99.4069,76.7663
2132,-27.1026,-99.1069,76.7663
2133,-27.1026,-98.8069,76.7663
2134,-27.1026,-98.5069,76.7663
2135,-27.1026,-98.2069,76.7663
2136,-27.1026,-97.9069,76.7663
2137,-27.1026,-97.6069,76.7663
2138,-26.8026,-97.3069,76.7663
2139,-26.8026,-97.0069,76.7663
2140,-26.8026,-96.7069,76.7663
2141,-26.8026,-96.4069,76.7663
2142,-26.8026,-96.1069,76.7663
2143,-26.8026,-95.8069,76.7663
2144,-26.8026,-95.5069,76.7663
2145,-27.1026,-95.2069,77.0663
2146,-27.1026,-94.9069,77.0663
2147,-27.4026,-94.6069,77.3663
2148,-27.4026,-94.3069,77.3663
2149,-27.7026,-94.3069,77.0663
2150,-28.0026,-94.0069,76.7663
2151,-27.4026,-90.4069,76.7663
2152,-27.7026,-90.4069,76.7663
2153,-28.0026,-90.4069,76.7663
2154,-28.3026,-90.4069,76.7663
2155,-28.6026,-90.4069,76.7663
2156,-28.9026,-90.4069,76.7663
2157,-29.2026,-90.4069,76.7663
2158,-29.5026,-90.1069,76.7663
2159,-29.8026,-89.8069,76.7663
2160,-30.1026,-89.8069,76.7663
2161,-30.4026,-89.8069,76.7663
2162,-30.7026,-89.8069,76.7663
2163,-31.0026,-89.8069,76.7663
2164,-31.3026,-89.8069,76.7663
2165,-31.6026,-89.8069,77.0663
2166,-31.6026,-89.8069,77.3663
2167,-31.9026,-89.8069,77.6663
2168,-32.2026,-89.8069,77.9663
2169,-32.5026,-89.8069,78.2663
2170,-32.8026,-90.1069,78.5663
2171,-33.1026,-89.8069,78.2663
2172,-33.4026,-89.8069,78.2663
2173,-33.7026,-89.5069,77.9663
2174,-34.0026,-89.5069,77.9663
2175,-34.3026,-89.5069,77.9663
2176,-34.6026,-89.2069,77.6663
2177,-34.9026,-89.2069,77.6663
2178,-35.2026,-89.2069,77.6663
2179,-35.5026,-88.9069,77.3663
2180,-35.8026,-88.9069,77.3663
2181,-36.1026,-88.9069,77.3663
2182,-36.4026,-88.9069,77.3663
2183,-36.7026,-88.9069,77.3663
2184,-37.0026,-88.6069,77.0663
2185,-37.3026,-88.6069,77.0663
2186,-37.6026,-88.6069,77.0663
2187,-37.9026,-88.6069,77.0663
2188,-38.2026,-88.6069,77.0663
2189,-38.5026,-88.6069,77.0663
2190,-38.8026,-88.6069,77.0663
2191,-39.1026,-88.6069,77.0663
2192,-39.4026,-88.6069,77.0663
2193,-39.7026,-88.3069,76.7663
2194,-39.7026,-88.6069,76.7663
2195,-40.0026,-88.9069,77.0663
2196,-40.3026,-89.2069,77.3663
2197,-40.6026,-89.5069,77.6663
2198,-40.9026,-89.8069,77.9663
2199,-41.2026,-90.1069,78.2663
2200,-41.2026,-90.4069,78.2663
2201,-41.5026,-90.7069,78.5663
2202,-41.8026,-91.0069,78.8663
2203,-42.1026,-91.3069,79.1663
2204,-42.1026,-91.6069,79.1663
2205,-42.1026,-91.9069,79.1663
2206,-42.1026,-92.2069,79.1663
2207,-42.1026,-92.5069,79.1663
2208,-42.1026,-92.8069,79.1663
2209,-42.1026,-93.1069,79.1663
2210,-42.1026,-93.4069,79.1663
2211,-42.1026,-93.7069,79.1663
2212,-42.1026,-94.0069,79.1663
2213,-42.1026,-94.3069,79.1663
2214,-42.1026,-94.6069,79.1663
2215,-42.1026,-94.9069,79.1663
2216,-42.1026,-95.2069,79.4663
2217,-42.1026,-95.5069,79.4663
2218,-42.1026,-95.8069,79.4663
2219,-42.1026,-96.1069,79.4663
2220,-42.1026,-96.4069,79.4663
2221,-42.1026,-96.7069,79.4663
2222,-42.1026,-97.0069,79.4663
2223,-42.1026,-97.3069,79.4663
2224,-42.4026,-97.0069,79.1663
2225,-42.7026,-96.7069,78.8663
2226,-42.7026,-96.7069,78.5663
2227,-42.7026,-96.4069,78.2663
2228,-43.0026,-96.4069,77.9663
2229,-43.0026,-96.4069,77.6663
2230,-43.0026,-96.4069,77.3663
2231,-43.0026,-96.4069,77.0663
2232,-43.0026,-96.4069,76.7663
2233,-44.2026,-101.8069,76.7663
2234,-44.2026,-102.7069,77.3663
2235,-44.8026,-103.6069,76.7663
2236,-44.8026,-103.9069,76.7663
2237,-44.8026,-104.2069,76.7663
2238,-44.8026,-104.5069,76.7663
2239,-44.8026,-104.8069,77.0663
2240,-44.8026,-105.1069,77.3663
2241,-44.8026,-105.4069,77.6663
2242,-44.8026,-105.7069,77.6663
2243,-44.8026,-106.0069,77.6663
2244,-44.8026,-106.3069,77.6663
2245,-44.8026,-106.6069,77.9663
2246,-44.8026,-106.9069,77.9663
2247,-44.8026,-107.2069,77.9663
2248,-44.8026,-107.5069,78.2663
2249,-44.8026,-107.8069,78.2663
2250,-44.8026,-108.1069,78.5663
2251,-44.8026,-108.4069,78.5663
2252,-44.8026,-108.7069,78.8663
2253,-44.8026,-109.0069,78.8663
2254,-44.8026,-109.3069,79.1663
2255,-44.8026,-109.6069,79.1663
2256,-44.8026,-109.9069,79.1663
2257,-44.5026,-110.2069,79.4663
2258,-44.8026,-110.2069,79.1663
2259,-45.1026,-110.2069,78.8663
2260,-45.1026,-110.2069,78.5663
2261,-45.4026,-110.5069,78.2663
2262,-45.4026,-110.5069,77.9663
2263,-45.4026,-110.5069,77.6663
2264,-45.7026,-110.8069,77.3663
2265,-45.7026,-110.8069,77.0663
2266,-45.7026,-110.8069,76.7663
2267,-45.7026,-110.8069,77.0663
2268,-45.7026,-110.8069,77.3663
2269,-45.4026,-110.5069,77.6663
2270,-45.4026,-110.5069,77.9663
2271,-45.4026,-110.5069,78.2663
2272,-45.1026,-110.5069,78.5663
2273,-45.1026,-110.5069,78.8663
2274,-44.8026,-110.5069,79.1663
2275,-44.5026,-110.5069,79.4663
2276,-44.2026,-110.5069,79.7663
2277,-43.9026,-110.5069,80.0663
2278,-43.6026,-110.5069,80.3663
2279,-43.3026,-110.5069,80.6663
2280,-43.0026,-110.5069,80.9663
2281,-42.7026,-110.2069,81.2663
2282,-42.4026,-109.9069,81.5663
2283,-42.1026,-109.6069,81.8663
2284,-41.8026,-109.3069,82.1663
2285,-41.5026,-109.3069,82.1663
2286,-41.2026,-109.3069,82.1663
2287,-40.9026,-109.3069,82.1663
2288,-40.6026,-109.3069,82.1663
2289,-40.3026,-109.3069,82.1663
2290,-40.0026,-109.3069,82.1663
2291,-39.7026,-109.3069,82.1663
2292,-39.4026,-109.3069,82.1663
2293,-39.1026,-109.3069,82.1663
2294,-38.8026,-109.3069,82.1663
2295,-38.5026,-109.3069,82.1663
2296,-38.2026,-109.3069,82.1663
2297,-37.9026,-109.3069,82.1663
2298,-37.6026,-109.3069,82.1663
2299,-37.3026,-109.3069,82.1663
2300,-37.0026,-109.3069,82.1663
2301,-36.7026,-109.3069,82.1663
2302,-36.4026,-109.3069,82.1663
2303,-36.1026,-109.3069,82.1663
2304,-35.8026,-109.3069,82.1663
2305,-35.5026,-109.3069,82.1663
2306,-35.2026,-109.3069,82.1663
2307,-34.9026,-109.3069,82.1663
2308,-34.6026,-109.3069,82.1663
2309,-34.3026,-109.3069,82.1663
2310,-34.0026,-109.3069,82.1663
2311,-33.7026,-109.3069,82.1663
2312,-33.4026,-109.3069,82.1663
2313,-33.1026,-109.3069,82.1663
2314,-32.8026,-109.3069,82.1663
2315,-32.5026,-109.0069,82.1663
2316,-32.2026,-109.0069,82.1663
2317,-31.9026,-108.7069,82.1663
2318,-31.6026,-108.4069,82.1663
2319,-31.3026,-108.1069,82.1663
2320,-31.0026,-107.8069,82.1663
2321,-30.7026,-107.8069,82.1663
2322,-30.4026,-107.5069,82.1663
2323,-30.1026,-107.2069,82.1663
2324,-29.8026,-106.9069,82.1663
2325,-29.5026,-106.6069,82.1663
2326,-29.2026,-106.3069,82.1663
2327,-28.9026,-106.0069,82.1663
2328,-28.6026,-105.7069,82.1663
2329,-28.3026,-105.4069,82.1663
2330,-28.0026,-105.1069,82.1663
2331,-27.7026,-104.8069,82.1663
2332,-27.4026,-104.5069,82.1663
2333,-27.1026,-104.2069,82.1663
2334,-26.8026,-103.9069,82.1663
2335,-26.5026,-103.6069,82.1663
2336,-26.2026,-103.3069,82.1663
2337,-25.9026,-103.0069,82.1663
2338,-25.6026,-102.7069,82.1663
2339,-25.3026,-102.7069,82.1663
2340,-25.0026,-102.4069,82.1663
2341,-24.7026,-102.4069,82.1663
2342,-24.4026,-102.1069,82.1663
2343,-24.1026,-102.1069,82.1663
2344,-23.8026,-101.8069,82.1663
2345,-23.5026,-101.8069,82.1663
2346,-23.2026,-101.8069,82.1663
2347,-22.9026,-101.5069,82.1663
2348,-22.6026,-101.2069,82.1663
2349,-22.3026,-100.9069,82.1663
2350,-22.0026,-100.6069,82.1663
2351,-21.7026,-100.3069,82.1663
2352,-21.4026,-100.0069,82.1663
2353,-21.1026,-99.7069,82.1663
2354,-20.8026,-99.4069,82.1663
2355,-20.5026,-99.1069,82.1663
2356,-20.2026,-98.8069,82.1663
2357,-19.9026,-98.5069,82.1663
2358,-19.6026,-98.2069,82.1663
2359,-19.3026,-97.9069,82.1663
2360,-19.0026,-97.6069,82.1663
2361,-18.7026,-97.3069,82.1663
2362,-18.4026,-97.0069,82.1663
2363,-18.1026,-96.7069,82.1663
2364,-17.8026,-96.4069,82.1663
2365,-17.5026,-96.1069,82.1663
2366,-17.2026,-95.8069,82.1663
2367,-16.9026,-95.5069,82.1663
2368,-16.6026,-95.5069,82.1663
2369,-16.3026,-95.5069,82.1663
2370,-16.0026,-95.2069,82.4663
2371,-15.7026,-95.2069,82.4663
2372,-15.4026,-95.2069,82.4663
2373,-15.1026,-94.9069,82.7663
2374,-14.8026,-94.9069,82.7663
2375,-14.5026,-94.6069,83.0663
2376,-14.2026,-94.6069,83.0663
2377,-13.9026,-94.6069,83.0663
2378,-13.6026,-94.6069,83.0663
2379,-13.3026,-94.6069,83.0663
2380,-13.0026,-94.6069,83.0663
2381,-12.7026,-94.6069,83.0663
2382,-12.4026,-94.6069,83.0663
2383,-12.1026,-94.6069,83.0663
2384,-11.8026,-94.6069,83.0663
2385,-11.5026,-94.6069,83.0663
2386,-11.2026,-94.3069,83.0663
2387,-10.9026,-94.0069,83.0663
2388,-10.6026,-93.7069,82.7663
2389,-10.3026,-93.7069,82.7663
2390,-10.0026,-93.4069,82.4663
2391,-9.7026,-93.1069,82.1663
2392,-9.4026,-92.8069,81.8663
2393,-9.1026,-92.8069,81.5663
2394,-8.8026,-92.8069,81.2663
2395,-8.5026,-92.8069,80.9663
2396,-8.5026,-92.8069,80.6663
2397,-8.2026,-92.8069,80.3663
2398,-8.2026,-92.8069,80.0663
2399,-7.9026,-92.8069,79.7663
2400,-7.9026,-93.1069,79.4663
2401,-7.9026,-93.1069,79.1663
2402,-7.9026,-93.1069,78.8663
2403,-7.9026,-93.1069,78.5663
2404,-7.9026,-93.1069,78.2663
2405,-7.9026,-93.4069,77.9663
2406,-7.9026,-93.7069,77.6663
2407,-7.9026,-93.7069,77.3663
2408,-7.9026,-94.0069,77.0663
2409,-7.9026,-94.3069,76.7663
2410,-7.9026,-94.0069,77.0663
2411,-7.9026,-93.7069,77.3663
2412,-7.9026,-93.7069,77.6663
2413,-7.9026,-93.4069,77.9663
2414,-7.9026,-93.1069,78.2663
2415,-7.9026,-93.1069,78.5663
2416,-7.9026,-93.1069,78.8663
2417,-7.9026,-93.1069,79.1663
2418,-7.9026,-93.1069,79.4663
2419,-7.9026,-92.8069,79.7663
2420,-7.9026,-92.8069,80.0663
2421,-8.2026,-93.1069,80.3663
2422,-8.2026,-93.1069,80.6663
2423,-8.2026,-93.1069,80.9663
2424,-8.5026,-93.4069,81.2663
2425,-8.5026,-93.7069,81.5663
2426,-8.5026,-93.7069,81.8663
2427,-8.5026,-93.7069,82.1663
2428,-8.5026,-93.7069,82.4663
2429,-8.2026,-93.7069,82.7663
2430,-8.2026,-93.7069,83.0663
2431,-7.9026,-93.7069,83.3663
2432,-7.9026,-93.7069,83.6663
2433,-7.6026,-94.0069,83.9663
2434,-7.6026,-94.0069,84.2663
2435,-7.3026,-94.0069,84.5663
2436,-7.3026,-94.0069,84.8663
2437,-7.0026,-94.0069,85.1663
2438,-7.0026,-94.0069,85.4663
2439,-6.7026,-94.0069,85.7663
2440,-6.4026,-94.0069,86.0663
2441,-6.1026,-94.0069,86.3663
2442,-5.8026,-93.7069,86.6663
2443,-5.5026,-93.4069,86.9663
2444,-5.2026,-93.1069,87.2663
2445,-4.9026,-93.1069,87.5663
2446,-4.6026,-92.8069,87.8663
2447,-4.3026,-92.8069,88.1663
2448,-4.0026,-92.8069,88.4663
2449,-3.7026,-92.5069,88.7663
2450,-4.0026,-92.5069,89.0663
2451,-4.3026,-92.2069,89.3663
2452,-4.3026,-92.2069,89.6663
2453,-4.6026,-91.9069,89.9663
2454,-4.9026,-91.6069,90.2663
2455,-5.2026,-91.3069,90.5663
2456,-5.5026,-91.0069,90.8663
2457,-5.5026,-90.7069,90.8663
2458,-5.5026,-90.4069,90.8663
2459,-5.8026,-90.1069,91.1663
2460,-5.8026,-89.8069,91.1663
2461,-5.8026,-89.5069,91.1663
2462,-5.8026,-89.2069,91.4663
2463,-5.8026,-88.9069,91.4663
2464,-5.8026,-88.6069,91.4663
2465,-5.8026,-88.3069,91.7663
2466,-5.8026,-88.3069,91.4663
2467,-6.1026,-88.0069,91.1663
2468,-6.1026,-88.0069,90.8663
2469,-6.4026,-87.7069,90.5663
2470,-6.4026,-87.7069,90.2663
2471,-6.4026,-87.7069,89.9663
2472,-6.7026,-87.4069,89.6663
2473,-6.7026,-87.4069,89.3663
2474,-6.7026,-87.4069,89.0663
2475,-6.7026,-87.4069,88.7663
2476,-6.7026,-87.4069,88.4663
2477,-6.7026,-87.1069,88.1663
2478,-6.7026,-86.8069,88.1663
2479,-6.7026,-86.5069,87.8663
2480,-6.7026,-86.2069,87.5663
2481,-6.7026,-85.9069,87.5663
2482,-6.7026,-85.6069,87.2663
2483,-6.7026,-85.3069,87.2663
2484,-6.7026,-85.0069,87.2663
2485,-6.4026,-84.7069,86.9663
2486,-6.4026,-84.4069,86.9663
2487,-6.1026,-84.1069,86.6663
2488,-5.8026,-83.8069,86.3663
2489,-5.8026,-83.5069,86.3663
2490,-5.8026,-83.2069,86.0663
2491,-5.8026,-82.9069,86.0663
2492,-5.8026,-82.6069,85.7663
2493,-5.8026,-82.3069,85.7663
2494,-5.8026,-82.0069,85.7663
2495,-5.5026,-81.7069,85.4663
2496,-5.5026,-81.4069,85.1663
2497,-5.5026,-81.1069,85.1663
2498,-5.2026,-80.8069,84.8663
2499,-5.2026,-80.5069,84.8663
2500,-5.2026,-80.2069,84.8663
2501,-4.9026,-79.9069,84.5663
2502,-5.2026,-80.2069,84.2663
2503,-5.2026,-80.2069,83.9663
2504,-5.2026,-80.2069,83.6663
2505,-5.2026,-80.2069,83.3663
2506,-5.5026,-80.5069,83.0663
2507,-5.5026,-80.5069,82.7663
2508,-5.5026,-80.5069,82.4663
2509,-5.5026,-80.5069,82.1663
2510,-5.5026,-80.8069,81.8663
2511,-5.5026,-80.5069,81.8663
2512,-5.5026,-80.2069,81.8663
2513,-5.5026,-79.9069,81.8663
2514,-5.2026,-79.6069,81.5663
2515,-5.2026,-79.3069,81.5663
2516,-4.9026,-79.0069,81.5663
2517,-4.9604,-79.1919,78.1594
2518,-4.9026,-78.7069,76.7663
2519,-4.9026,-79.0069,76.7663
2520,-4.9026,-79.3069,76.7663
2521,-5.2026,-79.6069,77.0663
2522,-5.2026,-79.9069,77.0663
2523,-5.5026,-80.2069,77.3663
2524,-5.5026,-80.5069,77.3663
2525,-5.5026,-80.8069,77.3663
2526,-5.5026,-81.1069,77.3663
2527,-5.8026,-81.4069,77.0663
2528,-5.8026,-81.7069,77.0663
2529,-5.8026,-82.0069,77.0663
2530,-5.8026,-82.3069,77.0663
2531,-5.8026,-82.6069,76.7663
2532,-5.8026,-82.3069,76.7663
2533,-5.8026,-82.0069,76.7663
2534,-5.8026,-81.7069,76.7663
2535,-5.8026,-81.4069,76.7663
2536,-5.5026,-81.1069,76.7663
2537,-5.5026,-80.8069,76.7663
2538,-5.5026,-80.5069,76.7663
2539,-5.5026,-80.2069,76.7663
2540,-5.2026,-79.9069,76.7663
2541,-5.2026,-79.6069,76.7663
2542,-4.9026,-79.3069,76.7663
2543,-4.9026,-79.0069,76.7663
2544,-4.6026,-78.7069,76.7663
2545,-4.3026,-78.4069,76.7663
2546,-4.3026,-78.1069,76.7663
2547,-4.0026,-77.8069,76.7663
2548,-3.7026,-77.5069,76.7663
2549,-3.4026,-77.5069,76.7663
2550,-3.1026,-77.2069,76.7663
2551,-2.8026,-76.9069,76.7663
2552,-2.5026,-76.9069,76.7663
2553,-2.2026,-76.6069,76.7663
2554,-1.9026,-76.6069,76.7663
2555,-1.6026,-76.6069,76.7663
2556,-1.3026,-76.3069,76.7663
2557,-1.0026,-76.3069,76.7663
2558,-0.7026,-76.3069,76.7663
2559,-0.4026,-76.3069,76.7663
2560,-0.1026,-76.3069,76.7663
2561,0.1974,-76.3069,76.7663
2562,0.4974,-76.3069,76.7663
2563,0.7974,-76.3069,76.7663
2564,1.0974,-76.3069,76.7663
2565,1.3974,-76.3069,76.7663
2566,1.6974,-76.3069,76.7663
2567,1.9974,-76.6069,76.7663
2568,2.2974,-76.6069,76.7663
2569,2.5974,-76.9069,76.7663
2570,2.8974,-76.9069,76.7663
2571,3.1974,-77.2069,76.7663
2572,3.4974,-77.2069,76.7663
2573,3.7974,-77.5069,76.7663
2574,4.0974,-77.5069,76.7663
2575,4.3974,-77.5069,76.7663
2576,4.6974,-77.8069,76.7663
2577,4.9974,-77.8069,76.7663
2578,5.2974,-78.1069,76.7663
2579,5.5974,-78.1069,76.7663
2580,5.8974,-78.4069,76.7663
2581,6.1974,-78.4069,76.7663
2582,6.4974,-78.7069,76.7663
2583,6.7974,-78.7069,76.7663
2584,7.0974,-79.0069,76.7663
2585,7.3974,-79.0069,76.7663
2586,7.6974,-79.0069,76.7663
2587,7.9974,-79.0069,76.7663
2588,8.2974,-79.0069,76.7663
2589,8.5974,-79.3069,77.0663
2590,8.8974,-79.3069,77.0663
2591,9.1974,-79.3069,77.0663
2592,9.4974,-79.6069,77.3663
2593,9.7974,-79.3069,77.6663
2594,9.7974,-79.3069,77.9663
2595,9.7974,-79.3069,78.2663
2596,9.7974,-79.3069,78.5663
2597,9.7974,-79.3069,78.8663
2598,10.0974,-79.3069,79.1663
2599,10.0974,-79.3069,79.4663
2600,10.0974,-79.3069,79.7663
2601,10.0974,-79.3069,80.0663
2602,10.0974,-79.3069,80.3663
2603,10.0974,-79.3069,80.6663
2604,10.3974,-79.6069,80.9663
2605,10.3974,-79.6069,81.2663
2606,10.3974,-79.6069,81.5663
2607,10.6974,-79.9069,81.8663
2608,10.9974,-79.9069,82.1663
2609,11.2974,-79.9069,82.4663
2610,11.5974,-79.6069,82.7663
2611,11.8974,-79.6069,83.0663
2612,12.1974,-79.3069,83.3663
2613,12.4974,-79.3069,83.3663
2614,12.7974,-79.3069,83.3663
2615,13.0974,-79.3069,83.6663
2616,13.3974,-79.3069,83.6663
2617,13.6974,-79.0069,83.9663
2618,13.9974,-79.0069,83.9663
2619,14.2974,-79.3069,84.2663
2620,14.5974,-79.3069,84.5663
2621,14.8974,-79.3069,84.8663
2622,14.8974,-79.6069,85.1663
2623,15.1974,-79.9069,85.4663
2624,15.1974,-79.9069,85.7663
2625,15.4974,-79.9069,85.4663
2626,15.7974,-79.9069,85.1663
2627,16.0974,-79.6069,84.8663
2628,16.3974,-79.6069,84.5663
2629,16.6974,-79.6069,84.2663
2630,16.9974,-79.6069,83.9663
2631,17.2974,-79.6069,83.6663
2632,17.5974,-79.3069,83.3663
2633,17.8974,-79.3069,83.0663
2634,17.8974,-79.3069,82.7663
2635,17.8974,-79.3069,82.4663
2636,18.1974,-79.3069,82.1663
2637,17.8974,-79.0069,81.8663
2638,17.5974,-79.0069,81.5663
2639,17.2974,-79.0069,81.2663
2640,16.9974,-79.0069,80.9663
2641,16.6974,-79.0069,80.6663
2642,16.3974,-79.0069,80.3663
2643,16.3974,-79.0069,80.0663
2644,16.3974,-79.0069,79.7663
2645,16.0974,-79.0069,79.4663
2646,16.0974,-79.0069,79.1663
2647,15.7974,-79.0069,78.8663
2648,15.7974,-79.0069,78.5663
2649,15.4974,-79.0069,78.2663
2650,15.4974,-79.0069,77.9663
2651,15.1974,-79.0069,77.6663
2652,15.1974,-79.0069,77.3663
2653,15.4974,-79.0069,77.3663
2654,15.7974,-79.0069,77.3663
2655,16.0974,-79.0069,77.3663
2656,16.3974,-79.0069,77.3663
2657,16.6974,-79.0069,77.3663
2658,16.9974,-79.3069,77.0663
2659,17.2974,-79.3069,77.0663
2660,17.5974,-79.6069,76.7663
2661,17.8974,-79.6069,76.7663
2662,18.1974,-79.9069,76.7663
2663,18.4974,-79.9069,76.7663
2664,18.7974,-79.9069,76.7663
2665,19.0974,-79.9069,76.7663
2666,19.3974,-80.2069,76.7663
2667,19.6974,-80.5069,76.7663
2668,19.9974,-80.8069,76.7663
2669,20.2974,-80.8069,76.7663
2670,20.5974,-80.8069,76.7663
2671,20.8974,-80.8069,76.7663
2672,21.1974,-80.8069,76.7663
2673,21.4974,-81.1069,77.0663
2674,21.7974,-81.4069,77.0663
2675,22.0974,-81.4069,77.0663
2676,22.3974,-81.7069,77.3663
2677,22.6974,-81.7069,77.3663
2678,22.9974,-81.7069,77.3663
2679,23.2974,-82.0069,77.6663
2680,23.5974,-82.0069,77.3663
2681,23.8974,-82.0069,77.3663
2682,24.1974,-82.0069,77.3663
2683,24.4974,-82.0069,77.3663
2684,24.7974,-82.0069,77.3663
2685,25.0974,-82.0069,77.0663
2686,25.3974,-82.0069,77.0663
2687,25.6974,-82.3069,76.7663
2688,25.9974,-82.3069,76.7663
2689,26.2974,-82.0069,76.7663
2690,26.5974,-81.7069,76.7663
2691,26.8974,-81.7069,76.7663
2692,27.1974,-81.4069,76.7663
2693,27.4974,-81.4069,76.7663
2694,27.7974,-81.1069,76.7663
2695,28.0974,-81.1069,76.7663
2696,28.3974,-81.1069,76.7663
2697,28.6974,-81.1069,76.7663
2698,28.9974,-81.1069,76.7663
2699,29.2974,-81.1069,76.7663
2700,29.5974,-81.1069,76.7663
2701,29.8974,-81.1069,76.7663
2702,30.1974,-81.4069,76.7663
2703,30.4974,-81.4069,76.7663
2704,30.7974,-81.4069,76.7663
2705,31.0974,-81.7069,76.7663
2706,31.3974,-81.7069,76.7663
2707,31.6974,-82.0069,76.7663
2708,31.9974,-82.3069,76.7663
2709,32.2974,-82.3069,76.7663
2710,32.5974,-82.6069,76.7663
2711,32.8974,-82.9069,76.7663
2712,33.1974,-83.2069,76.7663
2713,33.4974,-83.5069,76.7663
2714,33.7974,-83.8069,76.7663
2715,34.0974,-84.1069,76.7663
2716,34.0974,-84.4069,76.7663
2717,34.0974,-84.7069,76.7663
2718,34.3974,-85.0069,76.7663
2719,34.3974,-85.0069,77.0663
2720,34.3974,-85.0069,77.3663
2721,34.3974,-85.0069,77.6663
2722,34.3974,-85.3069,77.9663
2723,34.3974,-85.6069,78.2663
2724,34.3974,-85.9069,78.5663
2725,34.3974,-85.9069,78.8663
2726,34.3974,-85.9069,79.1663
2727,34.3974,-85.9069,79.4663
2728,34.3974,-85.9069,79.7663
2729,34.3974,-85.9069,80.0663
2730,34.3974,-85.9069,80.3663
2731,34.3974,-85.9069,80.6663
2732,34.0974,-86.2069,80.9663
2733,34.0974,-86.2069,81.2663
2734,34.0974,-86.2069,81.5663
2735,34.0974,-86.2069,81.8663
2736,34.0974,-86.2069,82.1663
2737,34.0974,-86.2069,82.4663
2738,34.0974,-86.2069,82.7663
2739,34.0974,-86.2069,83.0663
2740,34.0974,-86.2069,83.3663
2741,34.0974,-86.2069,83.6663
2742,34.0974,-86.2069,83.9663
2743,33.7974,-86.5069,84.2663
2744,33.7974,-86.5069,84.5663
2745,33.7974,-86.5069,84.8663
2746,33.4974,-86.5069,85.1663
2747,33.4974,-86.5069,85.4663
2748,33.1974,-86.5069,85.7663
2749,32.8974,-86.5069,86.0663
2750,32.8974,-86.5069,86.3663
2751,32.5974,-86.5069,86.6663
2752,32.2974,-86.8069,86.9663
2753,31.9974,-87.1069,87.2663
2754,31.6974,-87.1069,87.5663
2755,31.3974,-87.4069,87.8663
2756,31.0974,-87.4069,88.1663
2757,30.7974,-87.7069,88.4663
2758,30.4974,-87.7069,88.7663
2759,30.1974,-88.0069,89.0663
2760,30.1974,-88.0069,89.3663
2761,29.8974,-88.3069,89.6663
2762,29.8974,-88.3069,89.9663
2763,29.5974,-88.3069,90.2663
2764,29.8974,-88.3069,90.2663
2765,30.1974,-88.6069,90.5663
2766,30.4974,-88.9069,90.8663
2767,30.7974,-89.2069,91.1663
2768,31.0974,-89.5069,91.4663
2769,31.3974,-89.8069,91.7663
2770,31.3974,-90.1069,91.7663
2771,31.6974,-90.4069,92.0663
2772,31.6974,-90.7069,92.0663
2773,31.6974,-91.0069,92.0663
2774,31.9974,-91.3069,92.0663
2775,31.9974,-91.6069,92.0663
2776,31.9974,-91.9069,92.0663
2777,31.9974,-92.2069,92.0663
2778,31.9974,-92.5069,92.0663
2779,31.9974,-92.8069,92.0663
2780,31.9974,-93.1069,92.0663
2781,31.9974,-93.4069,92.0663
2782,32.2974,-93.7069,91.7663
2783,32.2974,-93.7069,91.4663
2784,32.2974,-93.7069,91.1663
2785,32.2974,-93.7069,90.8663
2786,32.5974,-94.0069,90.5663
2787,32.5974,-94.3069,90.2663
2788,32.5974,-94.6069,89.9663
2789,32.5974,-94.6069,89.6663
2790,32.5974,-94.6069,89.3663
2791,32.5974,-94.6069,89.0663
2792,32.5974,-94.9069,88.7663
2793,32.5974,-95.2069,88.4663
2794,32.5974,-95.5069,88.1663
2795,32.5974,-95.8069,87.8663
2796,32.5974,-96.1069,87.5663
2797,32.5974,-96.4069,87.2663
2798,32.5974,-96.7069,86.9663
2799,32.2974,-97.0069,86.6663
2800,31.9974,-97.3069,86.3663
2801,31.6974,-97.6069,86.0663
2802,31.6974,-97.9069,85.7663
2803,31.6974,-98.2069,85.4663
2804,31.6974,-98.5069,85.4663
2805,31.6974,-98.8069,85.1663
2806,31.6974,-99.1069,85.1663
2807,31.6974,-99.4069,85.1663
2808,31.6974,-99.7069,85.1663
2809,31.3974,-100.0069,84.8663
2810,31.3974,-100.3069,84.5663
2811,31.6974,-100.0069,84.2663
2812,31.6974,-100.0069,83.9663
2813,31.6974,-100.0069,83.6663
2814,31.6974,-100.0069,83.3663
2815,31.6974,-100.0069,83.0663
2816,31.6974,-100.0069,82.7663
2817,31.6974,-100.0069,82.4663
2818,31.6974,-100.0069,82.1663
2819,31.6974,-100.0069,81.8663
2820,31.6974,-100.3069,81.8663
2821,31.3974,-100.6069,81.5663
2822,31.3974,-100.9069,81.5663
2823,31.3974,-100.9069,81.2663
2824,31.3974,-100.9069,80.9663
2825,31.6974,-100.6069,80.6663
2826,31.6974,-100.6069,80.3663
2827,31.6974,-100.6069,80.0663
2828,31.6974,-100.3069,79.7663
2829,31.6974,-100.3069,79.4663
2830,31.6974,-100.3069,79.1663
2831,31.6974,-100.3069,78.8663
2832,31.6974,-100.3069,78.5663
2833,31.6974,-100.3069,78.2663
2834,31.6974,-100.0069,77.9663
2835,31.6974,-100.0069,77.6663
2836,31.6974,-100.0069,77.3663
2837,31.6974,-99.7069,77.0663
2838,31.6974,-100.0069,77.0663
2839,31.6974,-100.3069,77.0663
2840,31.3974,-100.6069,76.7663
2841,16.0974,-105.4069,76.7663
2842,15.7974,-105.4069,76.7663
2843,15.4974,-105.4069,76.7663
2844,15.1974,-105.4069,76.7663
2845,14.8974,-105.4069,76.7663
2846,14.5974,-105.4069,76.7663
2847,14.2974,-105.4069,76.7663
2848,13.9974,-105.4069,76.7663
2849,13.6974,-105.4069,76.7663
2850,13.3974,-105.4069,76.7663
2851,13.0974,-105.4069,76.7663
2852,12.7974,-105.4069,76.7663
2853,12.4974,-105.4069,76.7663
2854,12.1974,-105.1069,76.7663
2855,11.8974,-105.1069,76.7663
2856,11.5974,-104.8069,76.7663
2857,11.2974,-104.8069,76.7663
2858,10.9974,-104.8069,76.7663
2859,10.6974,-104.5069,76.7663
2860,10.3974,-104.5069,76.7663
2861,10.0974,-104.5069,76.7663
2862,9.7974,-104.5069,76.7663
2863,9.4974,-104.5069,76.7663
2864,9.1974,-104.5069,76.7663
2865,8.8974,-104.5069,76.7663
2866,8.5974,-104.5069,76.7663
2867,8.2974,-104.5069,76.7663
2868,7.9974,-104.5069,76.7663
2869,7.6974,-104.5069,76.7663
2870,7.3974,-104.5069,76.7663
2871,7.0974,-104.5069,76.7663
2872,6.7974,-104.5069,76.7663
2873,6.4974,-104.5069,76.7663
2874,6.1974,-104.2069,76.7663
2875,5.8974,-104.2069,76.7663
2876,5.5974,-103.9069,76.7663
2877,5.2974,-103.9069,76.7663
2878,4.9974,-103.9069,76.7663
2879,4.6974,-103.6069,76.7663
2880,-1.9026,-99.1069,76.7663
2881,-2.2026,-99.4069,76.7663
2882,-2.2026,-99.7069,77.0663
2883,-2.5026,-100.0069,77.3663
2884,-2.8026,-100.3069,77.6663
2885,-3.1026,-100.6069,77.9663
2886,-3.1026,-100.6069,78.2663
2887,-3.1026,-100.6069,78.5663
2888,-3.1026,-100.6069,78.8663
2889,-3.1026,-100.6069,79.1663
2890,-3.1026,-100.6069,79.4663
2891,-3.1026,-100.6069,79.7663
2892,-3.1026,-100.6069,80.0663
2893,-3.4026,-100.9069,80.3663
2894,-3.4026,-100.9069,80.6663
2895,-3.4026,-100.9069,80.9663
2896,-3.4026,-100.9069,81.2663
2897,-3.4026,-100.9069,81.5663
2898,-3.4026,-100.9069,81.8663
2899,-3.4026,-100.9069,82.1663
2900,-3.4026,-100.9069,82.4663
2901,-3.4026,-100.9069,82.7663
2902,-3.4026,-100.9069,83.0663
2903,-3.4026,-100.9069,83.3663
2904,-3.4026,-100.9069,83.6663
2905,-3.7026,-100.9069,83.9663
2906,-4.0026,-100.9069,84.2663
2907,-4.3026,-101.2069,84.5663
2908,-4.6026,-101.2069,84.8663
2909,-4.6026,-101.2069,85.1663
2910,-4.6026,-101.2069,85.4663
2911,-4.9026,-101.2069,85.7663
2912,-4.9026,-101.2069,86.0663
2913,-4.9026,-101.2069,86.3663
2914,-4.9026,-101.2069,86.6663
2915,-4.9026,-101.2069,86.9663
2916,-4.9026,-101.2069,87.2663
2917,-4.9026,-101.2069,87.5663
2918,-4.9026,-101.2069,87.8663
2919,-4.9026,-101.2069,88.1663
2920,-4.9026,-101.2069,88.4663
2921,-4.6026,-101.5069,88.7663
2922,-4.6026,-101.5069,89.0663
2923,-4.3026,-101.8069,89.3663
2924,-4.3026,-102.1069,89.6663
2925,-4.0026,-102.4069,89.9663
2926,-3.7026,-102.7069,90.2663
2927,-3.4026,-103.0069,90.5663
2928,-3.1026,-103.3069,90.8663
2929,-2.8026,-103.6069,90.8663
2930,-2.5026,-103.9069,91.1663
2931,-2.2026,-104.2069,91.1663
2932,-1.9026,-104.2069,91.1663
2933,-1.6026,-104.5069,91.1663
2934,-1.3026,-104.8069,91.1663
2935,-1.0026,-104.8069,91.1663
2936,-0.7026,-104.8069,91.1663
2937,-0.4026,-104.8069,91.1663
2938,-0.1026,-104.8069,91.1663
2939,0.1974,-104.8069,91.1663
2940,0.4974,-104.8069,91.1663
2941,0.7974,-104.8069,91.1663
2942,1.0974,-105.1069,91.1663
2943,1.3974,-105.4069,91.1663
2944,1.6974,-105.7069,91.1663
2945,1.9974,-106.0069,91.1663
2946,2.2974,-106.0069,91.1663
2947,2.5974,-106.0069,91.1663
2948,2.8974,-106.0069,91.1663
2949,3.1974,-106.0069,91.1663
2950,3.4974,-106.0069,91.1663
2951,3.7974,-106.0069,91.1663
2952,4.0974,-106.0069,91.1663
2953,4.3974,-106.0069,91.1663
2954,4.6974,-106.3069,91.1663
2955,4.9974,-106.6069,91.1663
2956,5.2974,-106.6069,91.1663
2957,5.5974,-106.6069,91.1663
2958,5.8974,-106.9069,91.1663
2959,6.1974,-107.2069,91.1663
2960,6.4974,-107.5069,91.1663
2961,6.7974,-107.8069,90.8663
2962,7.0974,-108.1069,90.8663
2963,7.3974,-108.4069,90.5663
2964,7.6974,-108.7069,90.2663
2965,7.9974,-109.0069,89.9663
2966,8.2974,-109.0069,89.6663
2967,8.5974,-109.3069,89.3663
2968,8.5974,-109.3069,89.0663
2969,8.8974,-109.3069,88.7663
2970,8.8974,-109.3069,88.4663
2971,9.1974,-109.6069,88.1663
2972,9.1974,-109.6069,87.8663
2973,9.1974,-109.6069,87.5663
2974,9.1974,-109.6069,87.2663
2975,9.1974,-109.6069,86.9663
2976,9.1974,-109.6069,86.6663
2977,9.1974,-109.6069,86.3663
2978,9.1974,-109.6069,86.0663
2979,9.1974,-109.3069,85.7663
2980,9.1974,-109.0069,85.4663
2981,9.4974,-108.7069,85.1663
2982,9.4974,-108.4069,85.1663
2983,9.4974,-108.1069,85.1663
2984,9.4974,-107.8069,85.1663
2985,9.4974,-107.5069,85.1663
2986,9.4974,-107.2069,85.1663
2987,9.7974,-106.9069,84.8663
2988,9.7974,-106.6069,84.8663
2989,9.7974,-106.3069,84.8663
2990,9.7974,-106.0069,84.8663
2991,9.7974,-105.7069,84.8663
2992,9.7974,-105.4069,84.8663
2993,10.0974,-105.1069,84.8663
2994,10.0974,-104.8069,84.8663
2995,10.0974,-104.5069,84.8663
2996,10.0974,-104.2069,84.8663
2997,10.0974,-103.9069,84.8663
2998,10.3974,-103.6069,84.5663
2999,10.3974,-103.3069,84.5663
3000,10.3974,-103.0069,84.5663
3001,10.6974,-102.7069,84.5663
3002,10.6974,-100.9069,85.1663
3003,11.2974,-97.6069,90.2663
3004,11.5974,-97.3069,90.5663
3005,11.5974,-97.0069,90.5663
3006,11.5974,-96.7069,90.5663
3007,11.5974,-96.4069,90.5663
3008,11.5974,-96.1069,90.5663
3009,11.8974,-95.8069,90.8663
3010,11.8974,-95.5069,90.8663
3011,11.8974,-95.2069,90.8663
3012,11.5974,-95.2069,91.1663
3013,11.2974,-95.2069,91.4663
3014,10.9974,-95.2069,91.7663
3015,10.6974,-95.2069,91.7663
3016,10.3974,-95.2069,92.0663
3017,10.0974,-95.2069,92.3663
3018,9.7974,-95.2069,92.3663
3019,9.4974,-95.2069,92.3663
3020,9.1974,-94.9069,92.6663
3021,8.8974,-94.9069,92.6663
3022,8.5974,-94.9069,92.6663
3023,8.2974,-94.9069,92.6663
3024,7.9974,-94.9069,92.6663
3025,7.6974,-94.9069,92.6663
3026,7.3974,-94.9069,92.6663
3027,7.0974,-94.9069,92.6663
3028,6.7974,-94.9069,92.3663
3029,6.4974,-94.9069,92.3663
3030,6.1974,-94.6069,92.0663
3031,6.4974,-94.3069,92.3663
3032,6.7974,-94.3069,92.3663
3033,7.0974,-94.0069,92.6663
3034,7.3974,-94.0069,92.6663
3035,7.6974,-94.0069,92.6663
3036,7.9974,-94.0069,92.6663
3037,8.2974,-94.0069,92.6663
3038,8.5974,-94.0069,92.6663
3039,8.8974,-94.0069,92.6663
3040,9.1974,-94.0069,92.6663
3041,9.4974,-94.0069,92.6663
3042,9.7974,-94.0069,92.6663
3043,10.0974,-94.0069,92.6663
3044,10.3974,-94.0069,92.6663
3045,10.6974,-94.0069,92.6663
3046,10.9974,-94.0069,92.6663
3047,11.2974,-94.0069,92.6663
3048,11.5974,-94.0069,92.6663
3049,11.8974,-94.0069,92.6663
3050,12.1974,-94.0069,92.6663
3051,12.4974,-94.0069,92.6663
3052,12.7974,-93.7069,92.9663
3053,12.7974,-93.4069,93.2663
3054,12.4974,-93.1069,93.5663
3055,12.1974,-92.8069,93.8663
3056,12.1974,-92.5069,93.8663
3057,12.1974,-92.2069,94.1663
3058,12.1974,-91.9069,94.1663
3059,13.0974,-91.9069,94.1663
3060,13.3974,-91.9069,94.1663
3061,13.6974,-91.6069,94.1663
3062,13.9974,-91.3069,94.4663
3063,14.9820,-91.2177,94.3628
3064,9.4974,-90.4069,94.4663
3065,9.7974,-90.1069,94.4663
3066,10.0974,-89.8069,94.4663
3067,10.3974,-89.5069,94.4663
3068,10.6974,-89.2069,94.4663
3069,10.9974,-88.9069,94.4663
3070,11.2974,-88.6069,94.1663
3071,11.2974,-88.3069,94.1663
3072,11.5974,-88.0069,93.8663
3073,11.8974,-87.7069,93.5663
3074,12.1974,-87.4069,93.2663
3075,12.1974,-87.1069,93.2663
3076,12.1974,-86.8069,92.9663
3077,12.1974,-86.5069,92.6663
3078,12.4974,-86.2069,92.3663
3079,12.7974,-85.9069,92.0663
3080,13.0974,-85.6069,91.7663
3081,13.3974,-85.3069,91.4663
3082,13.6974,-85.0069,91.1663
3083,13.6974,-84.7069,91.1663
3084,13.9974,-84.4069,90.8663
3085,13.9974,-84.1069,90.8663
3086,14.2974,-83.8069,90.5663
3087,14.2974,-83.5069,90.5663
3088,14.2974,-83.2069,90.5663
3089,14.5974,-82.9069,90.2663
3090,14.5974,-82.6069,89.9663
3091,14.5974,-82.6069,90.2663
3092,14.8974,-82.6069,90.5663
3093,15.1974,-82.6069,90.8663
3094,15.4974,-82.6069,91.1663
3095,15.7974,-82.9069,91.4663
3096,16.0974,-83.2069,91.7663
3097,16.3974,-83.5069,92.0663
3098,16.6974,-83.8069,92.3663
3099,16.9974,-84.1069,92.3663
3100,17.2974,-84.4069,92.3663
3101,17.5974,-84.7069,92.3663
3102,17.8974,-85.0069,92.3663
3103,18.1974,-85.3069,92.3663
3104,18.4974,-85.6069,92.3663
3105,18.7974,-85.9069,92.3663
3106,19.0974,-85.9069,92.3663
3107,19.3974,-86.2069,92.0663
3108,19.6974,-86.2069,92.0663
3109,19.9974,-85.9069,92.3663
3110,20.2974,-85.9069,92.3663
3111,20.5974,-85.9069,92.3663
3112,20.8974,-85.9069,92.3663
3113,21.1974,-85.9069,92.3663
3114,21.4974,-85.9069,92.3663
3115,21.7974,-85.9069,92.3663
3116,22.0974,-85.9069,92.3663
3117,22.3974,-85.9069,92.3663
3118,22.6974,-85.9069,92.3663
3119,22.9974,-85.9069,92.3663
3120,23.2974,-85.9069,92.3663
3121,23.5974,-85.9069,92.3663
3122,23.8974,-85.9069,92.3663
3123,24.1974,-85.9069,92.3663
3124,24.4974,-85.9069,92.3663
3125,24.7974,-85.9069,92.3663
3126,25.0974,-85.9069,92.3663
3127,25.3974,-85.9069,92.3663
3128,25.6974,-85.9069,92.3663
3129,25.9974,-85.9069,92.3663
3130,26.2974,-85.9069,92.3663
3131,26.5974,-85.9069,92.3663
3132,26.8974,-85.9069,92.3663
3133,27.1974,-85.9069,92.3663
3134,27.4974,-85.9069,92.3663
3135,27.7974,-85.9069,92.3663
3136,28.0974,-85.6069,92.0663
3137,28.3974,-85.6069,92.0663
3138,28.6974,-85.6069,92.0663
3139,28.9974,-85.3069,91.7663
3140,29.2974,-85.3069,91.4663
3141,29.5974,-85.3069,91.1663
3142,29.8974,-85.3069,90.8663
3143,30.1974,-85.0069,90.5663
3144,30.4974,-84.7069,90.2663
3145,30.7974,-84.4069,89.9663
3146,31.0974,-84.1069,89.6663
3147,31.3974,-83.8069,89.3663
3148,31.3974,-83.8069,89.0663
3149,31.6974,-83.5069,88.7663
3150,31.6974,-83.5069,88.4663
3151,31.6974,-83.5069,88.1663
3152,31.6974,-83.5069,87.8663
3153,31.6974,-83.5069,87.5663
3154,31.6974,-83.5069,87.2663
3155,31.9974,-83.2069,86.9663
3156,32.2974,-82.9069,86.6663
3157,32.5974,-82.6069,86.3663
3158,32.8974,-82.3069,86.0663
3159,33.1974,-82.3069,85.7663
3160,33.1974,-82.3069,85.4663
3161,33.1974,-82.3069,85.1663
3162,33.1974,-82.3069,84.8663
3163,33.1974,-82.3069,84.5663
3164,33.1974,-82.3069,84.2663
3165,33.1974,-82.3069,83.9663
3166,33.1974,-82.3069,83.6663
3167,33.1974,-82.3069,83.3663
3168,33.1974,-82.3069,83.0663
3169,33.1974,-82.3069,82.7663
3170,33.1974,-82.3069,82.4663
3171,33.1974,-82.3069,82.1663
3172,33.1974,-82.3069,81.8663
3173,33.1974,-82.3069,81.5663
3174,33.1974,-82.3069,81.2663
3175,33.1974,-82.3069,80.9663
3176,33.1974,-82.3069,80.6663
3177,33.1974,-82.3069,80.3663
3178,33.1974,-82.3069,80.0663
3179,33.4974,-82.0069,79.7663
3180,33.4974,-82.0069,79.4663
3181,33.7974,-81.7069,79.1663
3182,34.0974,-81.4069,78.8663
3183,34.3974,-81.1069,78.5663
3184,34.3974,-80.8069,78.2663
3185,34.6974,-80.5069,77.9663
3186,34.6974,-80.2069,77.6663
3187,34.9974,-79.9069,77.3663
3188,34.9974,-79.6069,77.3663
3189,34.9974,-79.3069,77.0663
3190,34.9974,-79.0069,77.0663
3191,34.9974,-78.7069,76.7663
3192,34.9974,-78.4069,76.7663
3193,34.9974,-78.1069,76.7663
3194,34.9974,-77.8069,76.7663
3195,34.9974,-77.5069,76.7663
3196,34.9974,-77.2069,76.7663
3197,34.9974,-76.9069,76.7663
3198,34.6974,-76.6069,76.7663
3199,34.3974,-76.3069,76.7663
3200,34.0974,-76.0069,76.7663
3201,33.7974,-76.0069,76.7663
3202,33.4974,-75.7069,76.7663
3203,33.7974,-76.0069,76.7663
3204,34.0974,-76.0069,76.7663
3205,34.3974,-76.3069,76.7663
3206,34.6974,-76.6069,76.7663
3207,34.9974,-76.9069,76.7663
3208,34.9974,-77.2069,76.7663
3209,34.9974,-77.5069,76.7663
3210,34.9974,-77.8069,76.7663
3211,34.9974,-78.1069,76.7663
3212,34.6974,-78.4069,76.7663
3213,34.3974,-78.7069,76.7663
3214,34.0974,-79.0069,76.7663
3215,33.7974,-79.0069,76.7663
3216,33.4974,-79.0069,76.7663
3217,33.1974,-79.0069,76.7663
3218,32.8974,-79.0069,76.7663
3219,32.5974,-78.7069,76.7663
3220,32.8974,-79.0069,76.7663
3221,33.1974,-79.0069,76.7663
3222,33.4974,-79.0069,76.7663
3223,33.7974,-79.0069,76.7663
3224,34.0974,-79.0069,76.7663
3225,34.3974,-79.0069,76.7663
3226,34.6974,-79.3069,77.0663
3227,34.9974,-79.6069,77.3663
3228,35.2974,-79.9069,77.6663
3229,35.5974,-80.2069,77.9663
3230,35.5974,-80.2069,78.2663
3231,35.5974,-80.5069,78.5663
3232,35.8974,-80.8069,78.8663
3233,35.8974,-80.8069,79.1663
3234,35.8974,-80.8069,79.4663
3235,36.1974,-81.1069,79.7663
3236,36.1974,-81.1069,80.0663
3237,36.1974,-81.1069,80.3663
3238,36.1974,-81.1069,80.6663
3239,36.1974,-81.1069,80.9663
3240,36.1974,-81.1069,81.2663
3241,36.1974,-81.1069,81.5663
3242,36.1974,-81.1069,81.8663
3243,36.1974,-81.1069,82.1663
3244,36.1974,-81.1069,82.4663
3245,36.1974,-81.1069,82.7663
3246,36.1974,-81.1069,83.0663
3247,35.8974,-80.8069,83.3663
3248,35.8974,-80.8069,83.6663
3249,35.5974,-80.5069,83.9663
3250,35.5974,-80.2069,84.2663
3251,35.5974,-79.9069,84.5663
3252,35.5974,-79.6069,84.8663
3253,35.5974,-79.3069,84.8663
3254,35.5974,-79.0069,84.8663
3255,35.2974,-78.7069,85.1663
3256,35.2974,-78.4069,85.1663
3257,35.2974,-78.1069,85.1663
3258,35.2974,-77.8069,85.1663
3259,35.2974,-77.5069,85.1663
3260,35.2974,-77.2069,85.1663
3261,35.2974,-76.9069,85.1663
3262,35.2974,-76.6069,85.1663
3263,35.2974,-76.3069,85.1663
3264,34.9974,-76.0069,85.1663
3265,34.6974,-75.7069,85.1663
3266,34.3974,-75.4069,85.1663
3267,34.0974,-75.1069,85.1663
3268,34.0974,-74.8069,85.1663
3269,34.0974,-74.5069,85.1663
3270,34.0974,-74.2069,85.1663
3271,34.0974,-73.9069,85.1663
3272,34.0974,-73.6069,85.1663
3273,34.0974,-73.3069,84.8663
3274,34.0974,-73.0069,84.5663
3275,34.0974,-72.7069,84.5663
3276,34.0974,-72.4069,84.5663
3277,33.7974,-72.1069,84.2663
3278,33.7974,-71.8069,84.2663
3279,33.4974,-71.5069,83.9663
3280,33.1974,-71.2069,83.6663
3281,32.8974,-70.9069,83.3663
3282,32.5974,-70.6069,83.0663
3283,32.2974,-70.6069,83.0663
3284,31.9974,-70.3069,83.0663
3285,31.6974,-70.3069,83.0663
3286,31.3974,-70.0069,83.3663
3287,31.0974,-70.0069,83.3663
3288,30.7974,-70.0069,83.3663
3289,30.4974,-70.0069,83.3663
3290,30.1974,-70.0069,83.3663
3291,29.8974,-70.0069,83.6663
3292,29.5974,-70.0069,83.6663
3293,29.2974,-70.0069,83.6663
3294,28.9974,-70.0069,83.6663
3295,28.6974,-70.0069,83.6663
3296,28.3974,-70.0069,83.6663
3297,28.0974,-69.7069,83.3663
3298,27.7974,-69.7069,83.3663
3299,27.4974,-69.7069,83.3663
3300,27.1974,-69.4069,83.3663
3301,26.8974,-69.4069,83.3663
3302,26.5974,-69.1069,83.3663
3303,26.2974,-69.1069,83.3663
3304,25.9974,-69.1069,83.3663
3305,25.6974,-69.1069,83.3663
3306,25.3974,-69.1069,83.3663
3307,25.0974,-69.1069,83.3663
3308,24.7974,-69.1069,83.3663
3309,24.4974,-68.8069,83.3663
3310,24.1974,-68.8069,83.3663
3311,23.8974,-68.8069,83.3663
3312,23.5974,-68.8069,83.3663
3313,23.2974,-68.5069,83.0663
3314,22.9974,-68.5069,83.0663
3315,22.6974,-68.5069,83.0663
3316,22.3974,-68.5069,83.0663
3317,22.0974,-68.5069,83.0663
3318,21.7974,-68.5069,83.0663
3319,21.4974,-68.8069,82.7663
3320,21.1974,-68.8069,82.7663
3321,20.8974,-69.1069,82.7663
3322,20.5974,-69.1069,82.7663
3323,20.2974,-69.4069,82.7663
3324,19.9974,-69.4069,82.7663
3325,19.6974,-69.7069,82.7663
3326,19.3974,-70.0069,82.7663
3327,19.0974,-70.3069,82.4663
3328,18.7974,-70.6069,82.4663
3329,18.7974,-70.9069,82.1663
3330,18.7974,-71.2069,82.1663
3331,18.7974,-71.5069,81.8663
3332,18.7974,-71.8069,81.5663
3333,18.4974,-71.8069,81.5663
3334,18.1974,-71.8069,81.5663
3335,17.8974,-71.8069,81.5663
3336,17.5974,-71.8069,81.5663
3337,17.2974,-71.8069,81.5663
3338,16.9974,-71.8069,81.5663
3339,16.6974,-71.8069,81.5663
3340,16.3974,-71.5069,81.5663
3341,16.3974,-71.8069,81.5663
3342,16.3974,-72.1069,81.5663
3343,16.6974,-72.4069,81.5663
3344,16.6974,-72.7069,81.5663
3345,16.6974,-73.0069,81.5663
3346,16.6974,-73.3069,81.5663
3347,16.6974,-73.6069,81.5663
3348,16.6974,-73.9069,81.5663
3349,16.6974,-74.2069,81.5663
3350,16.6974,-74.5069,81.5663
3351,16.3974,-74.8069,81.2663
3352,16.6974,-74.8069,81.2663
3353,16.9974,-75.1069,81.2663
3354,17.2974,-75.1069,81.2663
3355,17.5974,-75.1069,81.2663
3356,17.8974,-74.8069,81.2663
3357,17.8974,-75.1069,81.2663
3358,17.8974,-75.4069,81.2663
3359,17.8974,-75.7069,81.2663
3360,17.8974,-76.0069,81.2663
3361,18.1974,-76.3069,81.5663
3362,18.1974,-76.6069,81.8663
3363,18.4974,-76.9069,82.1663
3364,18.7974,-77.2069,82.4663
3365,19.0974,-77.5069,82.7663
3366,19.3974,-77.8069,82.7663
3367,19.6974,-78.1069,83.0663
3368,19.9974,-78.4069,83.3663
3369,20.2974,-78.4069,83.3663
3370,20.5974,-78.4069,83.3663
3371,20.8974,-78.7069,83.3663
3372,21.1974,-78.7069,83.3663
3373,21.4974,-78.7069,83.3663
3374,21.7974,-79.0069,83.3663
3375,22.0974,-79.0069,83.3663
3376,22.3974,-79.0069,83.3663
3377,22.6974,-79.0069,83.3663
3378,22.9974,-79.0069,83.3663
3379,23.2974,-79.0069,83.3663
3380,23.5974,-79.0069,83.3663
3381,23.8974,-79.0069,83.3663
3382,23.8974,-79.3069,83.0663
3383,23.8974,-79.3069,82.7663
3384,23.8974,-79.6069,82.4663
3385,23.8974,-79.6069,82.1663
3386,23.8974,-79.6069,81.8663
3387,23.8974,-79.6069,81.5663
3388,23.8974,-79.6069,81.2663
3389,23.8974,-79.6069,80.9663
3390,23.8974,-79.6069,80.6663
3391,23.8974,-79.6069,80.3663
3392,23.8974,-79.6069,80.0663
3393,23.8974,-79.6069,79.7663
3394,23.8974,-79.6069,79.4663
3395,23.8974,-79.6069,79.1663
3396,23.8974,-79.6069,78.8663
3397,24.1974,-79.6069,78.5663
3398,24.1974,-79.6069,78.2663
3399,24.1974,-79.6069,77.9663
3400,24.1974,-79.6069,77.6663
3401,24.1974,-79.6069,77.3663
3402,24.1974,-79.6069,77.0663
3403,24.1974,-79.6069,76.7663
3404,23.8974,-79.6069,76.7663
3405,23.5974,-79.6069,76.7663
3406,23.2974,-79.6069,76.7663
3407,22.9974,-79.6069,76.7663
3408,22.6974,-79.6069,76.7663
3409,22.3974,-79.6069,76.7663
3410,22.0974,-79.6069,76.7663
3411,21.7974,-79.6069,76.7663
3412,21.4974,-79.3069,76.7663
3413,21.1974,-79.3069,76.7663
3414,20.8974,-79.3069,76.7663
3415,20.5974,-79.0069,76.7663
3416,20.2974,-79.0069,76.7663
3417,19.9974,-78.7069,76.7663
3418,19.6974,-78.4069,76.7663
3419,19.3974,-78.1069,76.7663
3420,19.0974,-77.8069,76.7663
3421,18.7974,-77.8069,76.7663
3422,18.4974,-77.8069,76.7663
3423,18.1974,-77.8069,76.7663
3424,17.8974,-77.8069,76.7663
3425,17.5974,-77.8069,76.7663
3426,17.2974,-77.8069,76.7663
3427,16.9974,-77.8069,76.7663
3428,16.6974,-77.8069,76.7663
3429,16.3974,-77.8069,76.7663
3430,16.0974,-77.8069,76.7663
3431,15.7974,-77.8069,76.7663
3432,15.4974,-77.5069,76.7663
3433,15.1974,-77.5069,76.7663
3434,14.8974,-77.2069,76.7663
3435,14.5974,-77.2069,76.7663
3436,14.2974,-77.2069,76.7663
3437,13.9974,-76.9069,76.7663
3438,13.6974,-77.2069,77.0663
3439,13.3974,-77.5069,77.3663
3440,13.0974,-77.5069,77.6663
3441,13.0974,-77.5069,77.9663
3442,12.7974,-77.5069,78.2663
3443,12.4974,-77.5069,78.5663
3444,12.1974,-77.5069,78.8663
3445,11.8974,-77.5069,79.1663
3446,11.5974,-77.5069,79.4663
3447,11.2974,-77.5069,79.7663
3448,10.9974,-77.5069,80.0663
3449,10.6974,-77.5069,80.3663
3450,10.3974,-77.5069,80.6663
3451,10.0974,-77.5069,80.9663
3452,9.7974,-77.2069,81.2663
3453,9.4974,-77.2069,81.5663
3454,9.1974,-77.2069,81.8663
3455,8.8974,-77.2069,82.1663
3456,8.5974,-77.2069,82.1663
3457,8.2974,-77.2069,82.1663
3458,7.9974,-76.9069,82.4663
3459,7.6974,-76.9069,82.4663
3460,7.3974,-76.9069,82.4663
3461,7.0974,-76.6069,82.7663
3462,6.7974,-76.3069,83.0663
3463,6.4974,-76.0069,83.3663
3464,6.1974,-76.0069,83.3663
3465,5.8974,-75.7069,83.6663
3466,5.5974,-76.0069,83.3663
3467,5.2974,-76.0069,83.3663
3468,4.9974,-76.3069,83.0663
3469,4.6974,-76.3069,83.0663
3470,4.3974,-76.3069,83.0663
3471,4.0974,-76.3069,83.0663
3472,3.7974,-76.3069,83.0663
3473,3.4974,-76.3069,83.0663
3474,3.1974,-76.3069,83.0663
3475,2.8974,-76.6069,83.3663
3476,2.5974,-76.6069,83.3663
3477,2.2974,-76.6069,83.3663
3478,1.9974,-76.6069,83.3663
3479,1.6974,-76.6069,83.6663
3480,1.3974,-76.6069,83.6663
3481,1.0974,-76.3069,83.9663
3482,0.7974,-76.0069,84.2663
3483,0.4974,-75.7069,84.5663
3484,0.1974,-75.4069,84.8663
3485,0.1974,-75.1069,84.8663
3486,-0.1026,-74.8069,85.1663
3487,-0.1026,-74.5069,85.1663
3488,-0.4026,-74.2069,85.4663
3489,-0.4026,-73.9069,85.4663
3490,-0.4026,-73.6069,85.4663
3491,-0.4026,-73.3069,85.4663
3492,-0.4026,-73.0069,85.4663
3493,-0.4026,-72.7069,85.4663
3494,-0.4026,-72.4069,85.4663
3495,-0.4026,-72.1069,85.4663
3496,-0.4026,-71.8069,85.4663
3497,-0.4026,-71.5069,85.4663
3498,-0.4026,-71.2069,85.4663
3499,-0.1026,-70.9069,85.4663
3500,-0.1026,-70.6069,85.4663
3501,-0.1026,-70.3069,85.4663
3502,0.1974,-70.0069,85.1663
3503,0.1974,-69.7069,85.1663
3504,0.4974,-69.4069,84.8663
3505,0.4974,-69.1069,84.8663
3506,0.7974,-68.8069,84.8663
3507,-1.0026,-69.1069,83.3663
3508,-1.3026,-69.1069,83.0663
3509,-1.6026,-69.1069,82.7663
3510,-1.9026,-69.1069,82.4663
3511,-1.9026,-69.1069,82.1663
3512,-2.2026,-69.1069,81.8663
3513,-2.2026,-69.1069,81.5663
3514,-2.2026,-69.1069,81.2663
3515,-2.2026,-69.1069,80.9663
3516,-2.2026,-69.1069,80.6663
3517,-2.2026,-69.1069,80.3663
3518,-2.2026,-69.1069,80.0663
3519,-2.2026,-69.1069,79.7663
3520,-2.2026,-69.4069,79.4663
3521,-2.2026,-69.7069,79.1663
3522,-1.9026,-69.7069,78.8663
3523,-1.9026,-69.7069,78.5663
3524,-1.6026,-70.0069,78.2663
3525,-1.3026,-70.0069,77.9663
3526,-1.0026,-70.0069,77.6663
3527,-0.7026,-70.0069,77.6663
3528,-0.4026,-70.3069,77.3663
3529,-0.1026,-70.6069,77.0663
3530,0.1974,-70.9069,76.7663
3531,0.4974,-71.2069,76.7663
3532,0.4974,-71.5069,76.7663
3533,0.7974,-71.8069,76.7663
3534,0.7974,-72.1069,76.7663
3535,0.7974,-72.4069,76.7663
3536,0.7974,-72.7069,76.7663
3537,0.7974,-73.0069,76.7663
3538,0.7974,-73.3069,76.7663
3539,0.7974,-73.6069,76.7663
3540,1.0974,-73.9069,77.0663
3541,1.0974,-74.2069,77.0663
3542,1.3974,-74.5069,77.3663
3543,1.6974,-74.8069,77.3663
3544,1.9974,-75.1069,77.6663
3545,2.2974,-75.4069,76.7663
3546,1.9974,-75.1069,76.7663
3547,1.6974,-74.8069,76.7663
3548,1.3974,-74.5069,76.7663
3549,1.0974,-74.2069,76.7663
3550,0.7974,-73.9069,76.7663
3551,0.4974,-73.6069,76.7663
3552,0.1974,-73.3069,76.7663
3553,-0.1026,-73.0069,76.7663
3554,-0.4026,-72.7069,76.7663
3555,-0.7026,-72.4069,76.7663
3556,-1.0026,-72.1069,76.7663
3557,-1.3026,-71.8069,76.7663
3558,-1.6026,-71.5069,76.7663
3559,-1.9026,-71.5069,76.7663
3560,-2.2026,-71.2069,76.7663
3561,-2.5026,-71.2069,76.7663
3562,-2.8026,-70.9069,76.7663
3563,-3.1026,-70.9069,76.7663
3564,-3.4026,-70.9069,76.7663
3565,-3.7026,-70.9069,76.7663
3566,-4.0026,-70.9069,76.7663
3567,-4.3026,-70.9069,76.7663
3568,-4.6026,-70.9069,76.7663
3569,-4.9026,-70.9069,76.7663
3570,-5.2026,-70.9069,76.7663
3571,-5.5026,-70.6069,76.7663
3572,-5.8026,-70.3069,76.7663
3573,-6.1026,-70.0069,76.7663
3574,-6.4026,-69.7069,76.7663
3575,-6.7026,-69.4069,76.7663
3576,-7.0026,-69.1069,76.7663
3577,-7.3026,-69.1069,76.7663
3578,-7.6026,-68.8069,76.7663
3579,-7.3026,-69.1069,77.0663
3580,-7.0026,-69.1069,77.0663
3581,-6.7026,-69.1069,77.0663
3582,-6.4026,-69.1069,77.0663
3583,-6.1026,-69.4069,77.3663
3584,-5.8026,-69.4069,77.6663
3585,-5.5026,-69.4069,77.9663
3586,-5.2026,-69.4069,78.2663
3587,-4.9026,-69.4069,78.2663
3588,-4.6026,-69.4069,78.5663
3589,-4.3026,-69.4069,78.5663
3590,-4.0026,-69.4069,78.5663
3591,-3.7026,-69.4069,78.8663
3592,-3.4026,-69.4069,79.1663
3593,-3.1026,-69.4069,79.1663
3594,-2.8026,-69.4069,79.4663
3595,-2.5026,-69.1069,79.7663
3596,-2.2026,-69.1069,80.0663
3597,-1.9026,-68.8069,80.3663
3598,-1.6026,-68.5069,80.6663
3599,-1.3026,-68.2069,80.6663
3600,-1.0026,-68.2069,80.6663
3601,-0.7026,-67.9069,80.9663
3602,-0.4026,-67.9069,80.9663
3603,-0.1026,-67.6069,81.2663
3604,0.1974,-67.6069,81.2663
3605,0.4974,-67.6069,81.2663
3606,0.7974,-67.6069,81.2663
3607,1.0974,-67.6069,81.2663
3608,1.3974,-67.6069,80.9663
3609,1.6974,-67.6069,80.9663
3610,1.9974,-67.6069,80.6663
3611,2.2974,-67.6069,80.6663
3612,2.2974,-67.3069,80.9663
3613,2.5974,-67.0069,81.2663
3614,2.8974,-66.7069,81.5663
3615,3.1974,-66.4069,81.5663
3616,3.4974,-66.1069,81.5663
3617,3.7974,-65.8069,81.5663
3618,4.0974,-65.8069,81.5663
3619,4.3974,-65.5069,81.8663
3620,4.6974,-65.2069,81.8663
3621,4.9974,-64.9069,82.1663
3622,5.2974,-64.6069,82.1663
3623,5.5974,-64.3069,82.1663
3624,5.8974,-64.0069,82.1663
3625,6.1974,-63.7069,82.1663
3626,6.4974,-63.4069,82.1663
3627,6.7974,-63.1069,82.1663
3628,7.0974,-62.8069,82.1663
3629,7.3974,-62.5069,82.1663
3630,7.6974,-62.2069,82.1663
3631,7.9974,-61.9069,82.1663
3632,8.2974,-61.6069,82.1663
3633,8.5974,-61.3069,82.1663
3634,8.8974,-61.0069,82.1663
3635,9.1974,-60.7069,82.1663
3636,9.4974,-60.4069,82.1663
3637,9.7974,-60.4069,82.1663
3638,10.0974,-60.4069,82.1663
3639,10.3974,-60.4069,82.1663
3640,10.6974,-60.4069,82.1663
3641,10.9974,-60.4069,82.1663
3642,11.2974,-60.1069,82.1663
3643,11.5974,-59.8069,82.1663
3644,11.8974,-59.5069,82.1663
3645,12.1974,-59.2069,82.1663
3646,12.4974,-58.9069,82.1663
3647,12.7974,-58.6069,82.1663
3648,13.0974,-58.3069,81.8663
3649,13.3974,-58.0069,81.5663
3650,13.6974,-57.7069,81.2663
3651,13.9974,-57.4069,80.9663
3652,14.2974,-57.1069,80.6663
3653,14.5974,-56.8069,80.3663
3654,14.8974,-56.5069,80.0663
3655,15.1974,-56.2069,79.7663
3656,15.4974,-56.2069,79.7663
3657,15.7974,-55.9069,79.7663
3658,16.0974,-55.6069,79.7663
3659,16.3974,-55.3069,79.7663
3660,16.6974,-55.0069,79.7663
3661,16.9974,-54.7069,79.7663
3662,17.2974,-54.4069,79.7663
3663,17.5974,-54.1069,79.7663
3664,17.8974,-53.8069,79.7663
3665,18.1974,-53.8069,79.7663
3666,18.4974,-53.5069,79.7663
3667,18.7974,-53.5069,79.7663
3668,19.0974,-53.2069,79.4663
3669,19.3974,-53.2069,79.4663
3670,19.6974,-53.2069,79.4663
3671,19.9974,-53.2069,79.4663
3672,20.2974,-53.2069,79.4663
3673,20.5974,-53.2069,79.4663
3674,20.8974,-53.2069,79.4663
3675,21.1974,-53.2069,79.4663
3676,21.4974,-53.2069,79.4663
3677,21.7974,-52.9069,79.4663
3678,22.0974,-52.9069,79.4663
3679,22.3974,-52.9069,79.4663
3680,22.6974,-52.9069,79.4663
3681,22.9974,-52.9069,79.4663
3682,23.2974,-52.9069,79.4663
3683,23.5974,-52.9069,79.4663
3684,23.8974,-52.9069,79.4663
3685,24.1974,-52.9069,79.4663
3686,24.4974,-52.9069,79.4663
3687,24.7974,-52.9069,79.4663
3688,25.0974,-52.9069,79.4663
3689,25.3974,-52.9069,79.4663
3690,25.6974,-52.9069,79.4663
3691,25.9974,-52.9069,79.4663
3692,26.2974,-52.9069,79.4663
3693,26.5974,-52.9069,79.4663
3694,26.8974,-52.9069,79.4663
3695,27.1974,-52.9069,79.4663
3696,27.4974,-52.9069,79.4663
3697,27.7974,-52.9069,79.4663
3698,28.0974,-52.9069,79.4663
3699,28.3974,-52.9069,79.4663
3700,28.6974,-52.9069,79.4663
3701,28.9974,-52.9069,79.4663
3702,29.2974,-52.9069,79.4663
3703,29.5974,-52.9069,79.4663
3704,29.8974,-53.2069,79.4663
3705,30.1974,-53.5069,79.4663
3706,30.4974,-53.8069,79.4663
3707,30.7974,-54.1069,79.4663
3708,31.0974,-54.4069,79.4663
3709,31.3974,-54.7069,79.4663
3710,31.6974,-55.0069,79.4663
3711,31.9974,-55.3069,79.4663
3712,32.2974,-55.3069,79.4663
3713,32.5974,-55.3069,79.4663
3714,32.8974,-55.3069,79.4663
3715,33.1974,-55.3069,79.4663
3716,33.4974,-55.3069,79.4663
3717,33.7974,-55.3069,79.4663
3718,34.0974,-55.3069,79.4663
3719,34.3974,-55.3069,79.4663
3720,34.6974,-55.3069,79.4663
3721,34.9974,-55.3069,79.4663
3722,35.2974,-55.3069,79.4663
3723,35.5974,-55.3069,79.4663
3724,35.8974,-55.3069,79.4663
3725,36.1974,-55.3069,79.4663
3726,36.4974,-55.3069,79.4663
3727,36.7974,-55.3069,79.4663
3728,37.0974,-55.3069,79.4663
3729,37.3974,-55.3069,79.4663
3730,37.6974,-55.3069,79.4663
3731,37.9974,-55.3069,79.4663
3732,38.2974,-55.3069,79.4663
3733,38.5974,-55.3069,79.4663
3734,38.8974,-55.3069,79.4663
3735,39.1974,-55.3069,79.4663
3736,39.4974,-55.3069,79.4663
3737,39.7974,-55.3069,79.4663
3738,40.0974,-55.3069,79.4663
3739,40.3974,-55.3069,79.4663
3740,40.6974,-55.3069,79.4663
3741,40.9974,-55.3069,79.4663
3742,41.2974,-55.3069,79.4663
3743,41.5974,-55.3069,79.4663
3744,41.8974,-55.3069,79.4663
3745,42.1974,-55.3069,79.4663
3746,42.4974,-55.3069,79.4663
3747,42.7974,-55.3069,79.4663
3748,43.0974,-55.3069,79.4663
3749,43.3974,-55.3069,79.4663
3750,43.6974,-55.3069,79.4663
3751,43.9974,-55.3069,79.4663
3752,44.2974,-55.3069,79.4663
3753,44.5974,-55.3069,79.4663
3754,44.8974,-55.3069,79.4663
3755,45.1974,-55.3069,79.4663
3756,45.4974,-55.3069,79.4663
3757,45.7974,-55.3069,79.4663
3758,46.0974,-55.3069,79.4663
3759,46.3974,-55.3069,79.4663
3760,46.6974,-55.3069,79.4663
3761,46.9974,-55.3069,79.4663
3762,47.2974,-55.3069,79.4663
3763,47.5974,-55.3069,79.4663
3764,47.8974,-55.3069,79.4663
3765,48.1974,-55.3069,79.4663
3766,48.4974,-55.3069,79.4663
3767,48.7974,-55.3069,79.4663
3768,49.0974,-55.3069,79.4663
3769,49.3974,-55.3069,79.4663
3770,49.6974,-55.3069,79.4663
3771,49.9974,-55.3069,79.4663
3772,50.2974,-55.3069,79.4663
3773,50.5974,-55.3069,79.4663
3774,50.8974,-55.3069,79.4663
3775,51.1974,-55.3069,79.4663
3776,51.4974,-55.3069,79.4663
3777,51.7974,-55.3069,79.4663
3778,52.0974,-55.3069,79.4663
3779,52.3974,-55.3069,79.4663
3780,52.6974,-55.3069,79.4663
3781,52.9974,-55.3069,79.4663
3782,53.2974,-55.3069,79.4663
3783,53.5974,-55.3069,79.4663
3784,53.8974,-55.3069,79.4663
3785,54.1974,-55.3069,79.4663
3786,54.4974,-55.3069,79.4663
3787,54.7974,-55.6069,79.4663
3788,55.0974,-55.6069,79.4663
3789,55.3974,-55.9069,79.4663
3790,55.6974,-55.9069,79.4663
3791,55.9974,-56.2069,79.4663
3792,56.2974,-56.2069,79.4663
3793,56.5974,-56.5069,79.4663
3794,56.8974,-56.5069,79.4663
3795,57.1974,-56.5069,79.4663
3796,57.4974,-56.8069,79.4663
3797,57.7974,-56.8069,79.4663
3798,58.0974,-57.1069,79.4663
3799,58.3974,-57.1069,79.4663
3800,58.6974,-57.4069,79.4663
3801,58.9974,-57.4069,79.4663
3802,59.2974,-57.7069,79.4663
3803,59.5974,-57.7069,79.4663
3804,59.8974,-58.0069,79.4663
3805,60.1974,-58.0069,79.4663
3806,60.4974,-58.0069,79.4663
3807,60.7974,-58.3069,79.4663
3808,61.0974,-58.3069,79.4663
3809,61.3974,-58.6069,79.4663
3810,61.6974,-58.6069,79.4663
3811,61.9974,-58.9069,79.4663
3812,62.2974,-58.9069,79.4663
3813,62.5974,-59.2069,79.4663
3814,62.8974,-59.2069,79.4663
3815,63.1974,-59.5069,79.4663
3816,63.4974,-59.5069,79.4663
3817,63.7974,-59.5069,79.4663
3818,64.0974,-59.8069,79.4663
3819,64.3974,-59.8069,79.4663
3820,64.6974,-60.1069,79.4663
3821,64.9974,-60.1069,79.4663
3822,65.2974,-60.4069,79.4663
3823,65.5974,-60.4069,79.4663
3824,65.8974,-60.4069,79.4663
3825,66.1974,-60.7069,79.1663
3826,66.4974,-60.7069,79.1663
3827,66.7974,-61.0069,79.1663
3828,67.0974,-61.0069,79.1663
3829,67.3974,-61.0069,79.4663
3830,67.6974,-61.0069,79.7663
3831,67.9974,-61.3069,80.0663
3832,68.2974,-61.3069,80.3663
3833,68.5974,-61.3069,80.6663
3834,68.8974,-61.6069,80.9663
3835,69.1974,-61.9069,81.2663
3836,69.4974,-61.9069,81.2663
3837,69.7974,-62.2069,81.5663
3838,70.0974,-62.2069,81.5663
3839,70.3974,-62.5069,81.8663
3840,70.6974,-62.8069,82.1663
3841,70.9974,-63.1069,82.4663
3842,71.2974,-63.4069,82.7663
3843,71.5974,-63.7069,83.0663
3844,71.8974,-64.0069,83.3663
3845,72.1974,-64.3069,83.6663
3846,72.4974,-64.6069,83.9663
3847,72.4974,-64.9069,83.9663
3848,72.7974,-65.2069,84.2663
3849,72.7974,-65.5069,84.2663
3850,73.0974,-65.8069,84.5663
3851,73.0974,-66.1069,84.5663
3852,73.0974,-66.4069,84.5663
3853,73.0974,-66.7069,84.5663
3854,73.0974,-67.0069,84.5663
3855,73.0974,-67.3069,84.5663
3856,73.0974,-67.6069,84.5663
3857,73.0974,-67.9069,84.5663
3858,73.0974,-68.2069,84.5663
3859,72.7974,-68.5069,84.2663
3860,72.7974,-68.8069,84.2663
3861,72.7974,-69.1069,84.2663
3862,72.4974,-69.4069,83.9663
3863,72.1974,-69.7069,83.9663
3864,71.8974,-70.0069,83.9663
3865,71.5974,-70.3069,83.6663
3866,71.2974,-70.6069,83.3663
3867,70.9974,-70.9069,83.0663
3868,70.6974,-71.2069,82.7663
3869,70.3974,-71.5069,82.4663
3870,70.0974,-71.5069,82.4663
3871,69.7974,-71.5069,82.1663
3872,69.4974,-71.8069,81.8663
3873,69.1974,-71.8069,81.5663
3874,68.8974,-72.1069,81.2663
3875,68.5974,-72.1069,80.9663
3876,68.5974,-72.1069,80.6663
3877,68.2974,-72.4069,80.3663
3878,67.9974,-72.4069,80.3663
3879,67.6974,-72.4069,80.3663
3880,67.3974,-72.4069,80.3663
3881,67.0974,-72.4069,80.3663
3882,66.7974,-72.4069,80.0663
3883,66.4974,-72.4069,80.0663
3884,66.1974,-72.4069,80.0663
3885,65.8974,-72.4069,80.0663
3886,65.5974,-72.1069,79.7663
3887,65.2974,-72.1069,80.0663
3888,65.2974,-72.1069,80.3663
3889,64.9974,-72.1069,80.6663
3890,64.6974,-72.1069,80.9663
3891,64.3974,-72.1069,81.2663
3892,64.3974,-72.1069,81.5663
3893,64.0974,-72.1069,81.8663
3894,63.7974,-72.1069,82.1663
3895,63.4974,-72.1069,82.1663
3896,63.1974,-71.8069,82.4663
3897,62.8974,-71.5069,82.7663
3898,62.5974,-71.5069,82.7663
3899,62.2974,-71.2069,83.0663
3900,61.9974,-71.2069,83.0663
3901,61.6974,-71.2069,83.0663
3902,61.3974,-70.9069,83.3663
3903,61.0974,-70.9069,83.3663
3904,60.7974,-70.9069,83.3663
3905,60.4974,-70.9069,83.3663
3906,60.1974,-70.9069,83.3663
3907,59.8974,-70.9069,83.3663
3908,59.5974,-70.9069,83.3663
3909,59.2974,-70.9069,83.3663
3910,58.9974,-70.9069,83.3663
3911,58.6974,-70.9069,83.3663
3912,58.3974,-70.9069,83.3663
3913,58.0974,-70.9069,83.3663
3914,57.7974,-70.6069,83.0663
3915,57.4974,-70.6069,83.0663
3916,57.1974,-70.6069,83.0663
3917,56.8974,-70.6069,83.0663
3918,56.5974,-70.6069,83.0663
3919,56.2974,-70.3069,82.7663
3920,55.9974,-70.3069,82.7663
3921,55.6974,-70.0069,82.4663
3922,55.3974,-70.0069,82.1663
3923,55.0974,-69.7069,81.8663
3924,55.0974,-69.7069,82.1663
3925,55.0974,-69.4069,82.4663
3926,55.0974,-69.4069,82.7663
3927,55.0974,-69.1069,83.0663
3928,55.0974,-68.8069,83.3663
3929,55.0974,-68.5069,83.6663
3930,55.0974,-68.2069,83.6663
3931,54.7974,-68.5069,83.9663
3932,54.4974,-68.5069,83.9663
3933,54.1974,-68.5069,84.2663
3934,53.8974,-68.5069,84.2663
3935,53.5974,-68.5069,84.2663
3936,53.2974,-68.5069,84.5663
3937,52.9974,-68.5069,84.5663
3938,52.6974,-68.5069,84.5663
3939,52.3974,-68.5069,84.5663
3940,52.0974,-68.5069,84.5663
3941,51.7974,-68.5069,84.5663
3942,51.4974,-68.5069,84.5663
3943,51.1974,-68.5069,84.5663
3944,50.8974,-68.5069,84.5663
3945,50.5974,-68.5069,84.5663
3946,50.2974,-68.5069,84.5663
3947,49.9974,-68.5069,84.5663
3948,49.6974,-68.2069,84.5663
3949,49.3974,-68.2069,84.5663
3950,49.0974,-67.9069,84.5663
3951,48.7974,-67.9069,84.5663
3952,48.4974,-67.9069,84.5663
3953,48.1974,-67.6069,84.5663
3954,47.8974,-67.6069,84.5663
3955,47.5974,-67.3069,84.5663
3956,36.7974,-55.9069,76.7663
3957,36.4974,-55.6069,76.7663
3958,36.1974,-55.6069,76.7663
3959,35.8974,-55.6069,76.7663
3960,35.5974,-55.3069,76.7663
3961,35.2974,-55.3069,76.7663
3962,34.9974,-55.3069,76.7663
3963,34.6974,-55.3069,76.7663
3964,34.3974,-55.3069,76.7663
3965,34.0974,-55.3069,76.7663
3966,33.7974,-55.3069,76.7663
3967,33.4974,-55.3069,76.7663
3968,33.1974,-55.6069,76.7663
3969,32.8974,-55.6069,76.7663
3970,32.8974,-55.6069,77.0663
3971,32.8974,-55.6069,77.3663
3972,32.8974,-55.6069,77.6663
3973,32.8974,-55.6069,77.9663
3974,32.8974,-55.6069,78.2663
3975,32.8974,-55.6069,78.5663
3976,32.8974,-55.6069,78.8663
3977,32.5974,-55.6069,79.1663
3978,32.5974,-55.6069,79.4663
3979,32.2974,-55.3069,79.4663
3980,31.9974,-55.3069,79.4663
3981,31.6974,-55.0069,79.4663
3982,31.3974,-54.7069,79.4663
3983,31.0974,-54.7069,79.4663
3984,30.7974,-54.7069,79.4663
3985,30.4974,-54.7069,79.4663
3986,30.1974,-54.4069,79.1663
3987,29.8974,-54.4069,79.1663
3988,29.5974,-54.4069,79.1663
3989,29.2974,-54.4069,79.1663
3990,28.9974,-54.4069,79.1663
3991,28.6974,-54.7069,79.1663
3992,28.3974,-54.4069,78.8663
3993,28.0974,-54.1069,78.5663
3994,27.7974,-54.1069,78.2663
3995,27.4974,-53.8069,77.9663
3996,27.1974,-53.8069,77.6663
3997,26.8974,-53.8069,77.3663
3998,26.5974,-53.8069,77.3663
3999,26.2974,-53.8069,77.0663
4000,25.9974,-53.8069,77.0663
4001,25.6974,-53.8069,77.0663
4002,25.3974,-54.1069,76.7663
4003,25.0974,-53.8069,76.7663
4004,24.7974,-53.8069,76.7663
4005,24.4974,-53.5069,76.7663
4006,24.1974,-53.5069,76.7663
4007,23.8974,-53.5069,76.7663
4008,23.5974,-53.2069,77.0663
4009,23.2974,-53.2069,77.0663
4010,22.9974,-53.2069,77.0663
4011,22.6974,-53.2069,77.0663
4012,22.3974,-53.2069,77.0663
4013,22.0974,-53.2069,77.0663
4014,21.7974,-53.2069,77.0663
4015,21.4974,-52.9069,77.3663
4016,21.1974,-52.9069,77.3663
4017,20.8974,-52.9069,77.3663
4018,20.5974,-52.9069,77.3663
4019,20.2974,-52.9069,77.3663
4020,19.9974,-52.9069,77.3663
4021,19.6974,-52.9069,77.3663
4022,19.3974,-52.9069,77.3663
4023,19.0974,-52.9069,77.3663
4024,18.7974,-53.2069,77.6663
4025,18.4974,-53.2069,77.6663
4026,18.1974,-53.2069,77.6663
4027,17.8974,-53.5069,77.6663
4028,17.5974,-53.8069,77.9663
4029,17.5974,-53.8069,78.2663
4030,17.5974,-53.8069,78.5663
4031,17.5974,-53.8069,78.8663
4032,17.8974,-53.8069,79.1663
4033,17.5974,-53.8069,79.1663
4034,17.2974,-54.1069,79.1663
4035,16.9974,-54.4069,79.1663
4036,16.9974,-54.7069,79.1663
4037,16.9974,-54.7069,79.4663
4038,16.9974,-54.7069,79.7663
4039,16.9974,-54.7069,80.0663
4040,16.9974,-54.7069,80.3663
4041,16.9974,-54.7069,80.6663
4042,16.9974,-54.7069,80.9663
4043,16.9974,-54.7069,81.2663
4044,16.9974,-54.7069,81.5663
4045,16.9974,-54.7069,81.8663
4046,17.2974,-54.7069,82.1663
4047,17.2974,-54.7069,82.4663
4048,17.5974,-54.7069,82.7663
4049,17.8974,-54.4069,83.0663
4050,18.1974,-54.4069,83.0663
4051,18.4974,-54.1069,83.0663
4052,18.7974,-54.1069,83.0663
4053,19.0974,-53.8069,83.0663
4054,19.3974,-53.8069,83.0663
4055,19.6974,-53.8069,83.0663
4056,19.9974,-53.8069,83.0663
4057,20.2974,-53.5069,83.0663
4058,20.5974,-53.2069,83.0663
4059,20.8974,-53.2069,83.0663
4060,21.1974,-53.2069,83.0663
4061,21.4974,-53.2069,83.0663
4062,21.7974,-53.2069,83.0663
4063,22.0974,-53.2069,83.0663
4064,22.3974,-53.2069,83.0663
4065,22.6974,-53.2069,83.0663
4066,22.9974,-53.2069,83.0663
4067,23.2974,-53.2069,83.0663
4068,23.5974,-53.2069,83.0663
4069,23.8974,-53.2069,83.0663
4070,24.1974,-53.2069,83.0663
4071,24.4974,-53.2069,83.0663
4072,24.7974,-53.2069,83.0663
4073,25.0974,-53.2069,83.0663
4074,25.3974,-53.2069,83.0663
4075,25.6974,-53.2069,83.0663
4076,25.9974,-53.5069,83.0663
4077,26.2974,-53.5069,83.0663
4078,26.5974,-53.5069,83.0663
4079,26.8974,-53.8069,82.7663
4080,27.1974,-53.8069,82.7663
4081,27.4974,-54.1069,82.4663
4082,27.7974,-54.1069,82.4663
4083,28.0974,-54.1069,82.4663
4084,28.3974,-54.4069,82.1663
4085,28.6974,-54.7069,82.1663
4086,28.9974,-54.7069,82.4663
4087,29.2974,-54.7069,82.7663
4088,29.5974,-54.7069,82.7663
4089,29.8974,-54.7069,82.7663
4090,30.1974,-54.7069,82.7663
4091,30.4974,-54.7069,82.7663
4092,30.7974,-54.7069,82.7663
4093,31.0974,-54.7069,82.7663
4094,31.3974,-55.0069,82.7663
4095,31.6974,-55.3069,83.0663
4096,31.9974,-55.3069,83.0663
4097,32.2974,-55.6069,83.0663
4098,32.5974,-55.9069,83.0663
4099,32.8974,-56.2069,83.3663
4100,31.6974,-70.3069,82.7663
4101,31.9974,-70.3069,83.0663
4102,32.2974,-70.3069,83.0663
4103,32.5974,-70.6069,83.0663
4104,32.8974,-70.9069,83.0663
4105,33.1974,-71.2069,83.0663
4106,33.4974,-71.5069,82.7663
4107,33.7974,-71.8069,82.4663
4108,34.0974,-72.1069,82.4663
4109,34.3974,-72.4069,82.1663
4110,34.6974,-72.7069,82.1663
4111,34.9974,-73.0069,81.8663
4112,35.2974,-73.0069,81.8663
4113,35.5974,-73.3069,81.8663
4114,35.8974,-73.3069,81.8663
4115,36.1974,-73.6069,81.5663
4116,36.4974,-73.9069,81.2663
4117,36.7974,-74.2069,80.9663
4118,37.0974,-74.5069,80.6663
4119,37.0974,-74.8069,80.6663
4120,37.3974,-75.1069,80.3663
4121,37.3974,-75.4069,80.0663
4122,37.3974,-75.4069,79.7663
4123,37.6974,-75.7069,79.4663
4124,37.6974,-75.7069,79.1663
4125,37.3974,-76.0069,78.8663
4126,37.0974,-76.0069,78.5663
4127,36.7974,-76.3069,78.2663
4128,36.4974,-76.3069,77.9663
4129,36.1974,-76.3069,77.6663
4130,35.8974,-76.3069,77.3663
4131,35.5974,-76.3069,77.0663
4132,35.2974,-76.3069,77.0663
4133,34.9974,-76.0069,76.7663
4134,34.9974,-76.3069,76.7663
4135,34.9974,-76.6069,76.7663
4136,34.9974,-76.9069,76.7663
4137,34.9974,-77.2069,76.7663
4138,34.9974,-77.5069,76.7663
4139,34.9974,-77.8069,76.7663
4140,34.9974,-78.1069,76.7663
4141,34.6974,-78.4069,76.7663
4142,34.3974,-78.7069,76.7663
4143,34.0974,-79.0069,76.7663
4144,33.7974,-79.0069,76.7663
4145,33.4974,-79.0069,76.7663
4146,33.1974,-79.0069,76.7663
4147,32.8974,-79.0069,76.7663
4148,32.5974,-78.7069,76.7663
4149,32.5974,-79.0069,76.7663
4150,32.2974,-79.3069,76.7663
4151,31.9974,-79.6069,76.7663
4152,31.6974,-79.6069,76.7663
4153,31.3974,-79.9069,76.7663
4154,31.0974,-80.2069,76.7663
4155,30.7974,-80.2069,76.7663
4156,30.4974,-80.2069,76.7663
4157,30.1974,-80.5069,76.7663
4158,29.8974,-80.5069,76.7663
4159,29.5974,-80.5069,76.7663
4160,29.2974,-80.5069,76.7663
4161,28.9974,-80.5069,76.7663
4162,28.6974,-80.5069,76.7663
4163,28.3974,-80.5069,76.7663
4164,28.0974,-80.5069,76.7663
4165,27.7974,-80.5069,76.7663
4166,27.4974,-80.5069,76.7663
4167,27.1974,-80.5069,76.7663
4168,26.8974,-80.5069,76.7663
4169,26.5974,-80.5069,76.7663
4170,26.2974,-80.5069,76.7663
4171,25.9974,-80.5069,76.7663
4172,25.6974,-80.5069,76.7663
4173,25.3974,-80.5069,76.7663
4174,25.0974,-80.5069,76.7663
4175,24.7974,-80.5069,76.7663
4176,24.4974,-80.5069,76.7663
4177,24.1974,-80.5069,76.7663
4178,23.8974,-80.5069,76.7663
4179,23.5974,-80.2069,76.7663
4180,23.2974,-80.2069,76.7663
4181,22.9974,-80.2069,76.7663
4182,22.6974,-79.9069,76.7663
4183,22.3974,-79.9069,76.7663
4184,22.0974,-79.6069,76.7663
4185,21.7974,-79.6069,76.7663
4186,21.4974,-79.3069,76.7663
4187,21.1974,-79.3069,76.7663
4188,20.8974,-79.3069,76.7663
4189,20.5974,-79.0069,76.7663
4190,20.2974,-79.0069,76.7663
4191,19.9974,-78.7069,76.7663
4192,19.6974,-78.4069,77.0663
4193,19.6974,-78.4069,77.3663
4194,19.6974,-78.4069,77.6663
4195,19.6974,-78.4069,77.9663
4196,19.3974,-78.1069,78.2663
4197,19.0974,-77.8069,78.5663
4198,18.7974,-77.5069,78.8663
4199,18.4974,-77.2069,79.1663
4200,18.4974,-77.2069,79.4663
4201,18.1974,-76.9069,79.7663
4202,18.1974,-76.9069,80.0663
4203,17.8974,-76.6069,80.3663
4204,17.8974,-76.3069,80.6663
4205,17.5974,-76.3069,80.6663
4206,17.2974,-76.3069,80.6663
4207,16.9974,-76.3069,80.6663
4208,16.6974,-76.3069,80.6663
4209,16.3974,-76.0069,80.6663
4210,16.6974,-75.7069,80.9663
4211,16.9974,-75.4069,81.2663
4212,17.2974,-75.1069,81.2663
4213,17.5974,-74.8069,81.5663
4214,17.8974,-74.5069,81.5663
4215,17.8974,-74.2069,81.5663
4216,17.8974,-73.9069,81.5663
4217,17.8974,-73.6069,81.5663
4218,17.8974,-73.3069,81.5663
4219,17.8974,-73.0069,81.5663
4220,17.8974,-72.7069,81.5663
4221,18.1974,-72.4069,81.8663
4222,18.1974,-72.1069,81.8663
4223,18.1974,-71.8069,81.8663
4224,18.4974,-71.5069,82.1663
4225,18.4974,-71.2069,82.1663
4226,18.4974,-70.9069,82.1663
4227,18.7974,-70.6069,82.4663
4228,19.0974,-70.3069,82.4663
4229,19.3974,-70.0069,82.7663
4230,19.6974,-69.7069,82.7663
4231,19.9974,-69.4069,82.7663
4232,20.2974,-69.1069,82.4663
4233,20.5974,-69.1069,82.4663
4234,20.8974,-69.1069,82.4663
4235,21.1974,-68.8069,82.1663
4236,22.6974,-64.6069,82.7663
4237,22.3974,-64.6069,82.7663
4238,22.0974,-64.6069,82.7663
4239,21.7974,-64.6069,82.7663
4240,21.4974,-64.6069,82.4663
4241,21.1974,-64.6069,82.1663
4242,20.8974,-64.6069,82.1663
4243,20.5974,-64.3069,81.8663
4244,20.2974,-64.3069,81.8663
4245,19.9974,-64.3069,81.8663
4246,19.6974,-64.3069,81.8663
4247,19.3974,-64.3069,81.8663
4248,19.0974,-64.3069,81.8663
4249,18.7974,-64.0069,81.8663
4250,18.4974,-64.0069,81.8663
4251,18.1974,-64.0069,81.8663
4252,17.8974,-63.7069,81.8663
4253,17.5974,-63.4069,81.8663
4254,17.2974,-63.4069,81.8663
4255,16.9974,-63.1069,81.5663
4256,16.6974,-63.1069,81.8663
4257,16.3974,-63.1069,82.1663
4258,16.0974,-63.1069,82.4663
4259,15.7974,-63.1069,82.4663
4260,15.4974,-63.1069,82.7663
4261,15.1974,-63.1069,83.0663
4262,14.8974,-63.1069,83.0663
4263,14.5974,-63.1069,83.0663
4264,14.2974,-63.1069,83.3663
4265,13.9974,-63.1069,83.3663
4266,13.6974,-63.1069,83.3663
4267,13.3974,-63.1069,83.3663
4268,13.0974,-63.1069,83.3663
4269,12.7974,-63.1069,83.3663
4270,12.4974,-63.1069,83.3663
4271,12.1974,-63.1069,83.3663
4272,11.8974,-63.1069,83.3663
4273,11.5974,-63.1069,83.3663
4274,11.2974,-63.1069,83.3663
4275,10.9974,-63.1069,83.3663
4276,10.6974,-63.1069,83.3663
4277,10.3974,-63.1069,83.3663
4278,10.0974,-63.1069,83.3663
4279,9.7974,-63.1069,83.3663
4280,9.4974,-63.1069,83.3663
4281,9.1974,-63.1069,83.3663
4282,8.8974,-63.1069,83.3663
4283,8.5974,-63.1069,83.3663
4284,8.2974,-63.1069,83.3663
4285,7.9974,-63.1069,83.3663
4286,7.6974,-63.1069,83.3663
4287,7.3974,-63.1069,83.3663
4288,7.0974,-63.1069,83.3663
4289,6.7974,-63.1069,83.3663
4290,6.4974,-63.1069,83.3663
4291,6.1974,-63.1069,83.3663
4292,5.8974,-63.1069,83.3663
4293,5.5974,-63.1069,83.3663
4294,5.2974,-63.1069,83.3663
4295,4.9974,-63.1069,83.3663
4296,4.6974,-63.1069,83.3663
4297,4.3974,-63.1069,83.3663
4298,4.0974,-63.1069,83.3663
4299,3.7974,-63.1069,83.3663
4300,3.4974,-63.1069,83.3663
4301,3.1974,-63.1069,83.3663
4302,2.8974,-63.1069,83.3663
4303,2.5974,-63.1069,83.3663
4304,2.2974,-63.1069,83.3663
4305,1.9974,-63.1069,83.3663
4306,1.6974,-63.1069,83.3663
4307,1.3974,-63.1069,83.3663
4308,1.0974,-63.1069,83.3663
4309,0.7974,-63.1069,83.3663
4310,0.4974,-63.1069,83.3663
4311,0.1974,-63.1069,83.3663
4312,-0.1026,-63.1069,83.3663
4313,-0.4026,-63.1069,83.3663
4314,-0.7026,-63.1069,83.3663
4315,-1.0026,-63.1069,83.3663
4316,-1.3026,-63.1069,83.3663
4317,-1.6026,-63.1069,83.3663
4318,-1.9026,-63.1069,83.3663
4319,-2.2026,-63.1069,83.3663
4320,-2.5026,-63.1069,83.3663
4321,-2.8026,-63.1069,83.3663
4322,-3.1026,-63.1069,83.3663
4323,-3.4026,-63.1069,83.3663
4324,-3.7026,-63.1069,83.3663
4325,-4.0026,-63.1069,83.3663
4326,-4.3026,-63.1069,83.3663
4327,-4.6026,-63.1069,83.3663
4328,-4.9026,-63.1069,83.3663
4329,-5.2026,-63.1069,83.3663
4330,-5.5026,-63.1069,83.3663
4331,-5.8026,-63.1069,83.3663
4332,-6.1026,-63.1069,83.3663
4333,-6.4026,-63.1069,83.3663
4334,-6.7026,-63.1069,83.3663
4335,-7.0026,-63.1069,83.3663
4336,-7.3026,-63.1069,83.3663
4337,-7.6026,-63.1069,83.3663
4338,-7.9026,-63.1069,83.3663
4339,-8.2026,-63.1069,83.3663
4340,-8.5026,-63.1069,83.3663
4341,-8.8026,-63.1069,83.3663
4342,-9.1026,-63.1069,83.3663
4343,-9.4026,-63.1069,83.3663
4344,-9.7026,-63.1069,83.3663
4345,-10.0026,-63.1069,83.3663
4346,-10.3026,-63.1069,83.3663
4347,-10.6026,-63.1069,83.3663
4348,-10.9026,-63.1069,83.3663
4349,-11.2026,-63.1069,83.3663
4350,-11.5026,-63.1069,83.3663
4351,-11.8026,-63.1069,83.3663
4352,-12.1026,-63.1069,83.3663
4353,-12.4026,-63.1069,83.0663
4354,-12.7026,-63.1069,83.0663
4355,-13.0026,-63.1069,82.7663
4356,-13.3026,-63.1069,82.7663
4357,-13.6026,-63.1069,82.7663
4358,-13.9026,-63.1069,82.4663
4359,-14.2026,-63.1069,82.4663
4360,-14.5026,-63.1069,82.1663
4361,-14.8026,-63.1069,82.1663
4362,-15.1026,-63.1069,81.8663
4363,-15.4026,-63.1069,81.8663
4364,-15.7026,-63.1069,81.5663
4365,-16.0026,-63.1069,81.5663
4366,-16.3026,-63.1069,81.5663
4367,-16.6026,-63.1069,81.2663
4368,-16.9026,-62.8069,81.5663
4369,-17.2026,-62.5069,81.5663
4370,-17.5026,-62.2069,81.5663
4371,-17.8026,-61.9069,81.5663
4372,-18.1026,-61.9069,81.5663
4373,-18.4026,-61.6069,81.8663
4374,-18.7026,-61.3069,82.1663
4375,-19.0026,-61.0069,82.4663
4376,-19.3026,-60.7069,82.7663
4377,-19.6026,-60.4069,83.0663
4378,-19.9026,-60.1069,83.0663
4379,-20.2026,-60.1069,83.0663
4380,-20.5026,-60.1069,83.0663
4381,-20.8026,-60.1069,83.0663
4382,-21.1026,-60.1069,83.0663
4383,-21.4026,-60.1069,83.0663
4384,-21.7026,-60.1069,83.0663
4385,-22.0026,-59.8069,83.0663
4386,-22.3026,-59.5069,83.0663
4387,-22.6026,-59.2069,83.0663
4388,-22.9026,-58.9069,83.0663
4389,-23.2026,-58.9069,83.0663
4390,-23.5026,-58.9069,83.0663
4391,-23.8026,-58.9069,83.0663
4392,-24.1026,-58.6069,82.7663
4393,-24.4026,-58.6069,82.7663
4394,-24.7026,-58.3069,82.4663
4395,-25.0026,-58.0069,82.1663
4396,-25.3026,-58.0069,82.1663
4397,-25.6026,-57.7069,81.8663
4398,-25.9026,-57.4069,81.5663
4399,-26.2026,-57.1069,81.2663
4400,-26.2026,-57.1069,80.9663
4401,-26.5026,-57.1069,80.6663
4402,-26.8026,-56.8069,80.3663
4403,-26.8026,-56.8069,80.0663
4404,-26.8026,-56.8069,79.7663
4405,-26.8026,-56.8069,79.4663
4406,-27.1026,-56.8069,79.1663
4407,-27.1026,-56.8069,78.8663
4408,-27.1026,-56.8069,78.5663
4409,-27.4026,-56.5069,78.2663
4410,-27.4026,-56.5069,77.9663
4411,-27.4026,-56.5069,77.6663
4412,-27.4026,-56.8069,77.6663
4413,-27.4026,-57.1069,77.6663
4414,-27.4026,-57.4069,77.6663
4415,-27.7026,-57.7069,77.3663
4416,-27.7026,-58.0069,77.3663
4417,-27.7026,-58.3069,77.0663
4418,-27.7026,-58.6069,77.0663
4419,-28.0026,-58.9069,76.7663
4420,-28.0026,-59.2069,76.7663
4421,-28.0026,-59.5069,76.7663
4422,-28.0026,-59.8069,76.7663
4423,-28.0026,-60.1069,76.7663
4424,-28.0026,-60.4069,76.7663
4425,-28.3026,-60.1069,76.7663
4426,-28.6026,-59.8069,76.7663
4427,-28.9026,-59.5069,76.7663
4428,-29.2026,-59.2069,76.7663
4429,-29.5026,-58.9069,76.7663
4430,-29.8026,-58.6069,76.7663
4431,-30.1026,-58.3069,76.7663
4432,-30.4026,-58.0069,76.7663
4433,-30.7026,-57.7069,76.7663
4434,-31.0026,-57.4069,76.7663
4435,-31.3026,-57.1069,76.7663
4436,-31.6026,-56.8069,76.7663
4437,-31.9026,-56.5069,76.7663
4438,-31.9026,-56.2069,76.7663
4439,-32.2026,-55.9069,76.7663
4440,-32.2026,-55.6069,76.7663
4441,-32.5026,-55.3069,76.7663
4442,-32.5026,-55.0069,76.7663
4443,-32.8026,-54.7069,76.7663
4444,-32.8026,-54.4069,76.7663
4445,-33.1026,-54.1069,76.7663
4446,-33.1026,-53.8069,76.7663
4447,-33.4026,-53.5069,76.7663
4448,-33.4026,-53.2069,76.7663
4449,-33.4026,-52.9069,76.7663
4450,-33.7026,-52.6069,76.7663
4451,-33.7026,-52.3069,76.7663
4452,-34.0026,-52.0069,76.7663
4453,-34.3026,-51.7069,76.7663
4454,-34.6026,-51.4069,76.7663
4455,-34.9026,-51.1069,76.7663
4456,-35.2026,-50.8069,76.7663
4457,-35.5026,-50.5069,76.7663
4458,-35.8026,-50.2069,76.7663
4459,-35.8026,-49.9069,76.7663
4460,-36.1026,-49.6069,76.7663
4461,-36.1026,-49.3069,76.7663
4462,-36.4026,-49.0069,76.7663
4463,-36.4026,-48.7069,76.7663
4464,-36.4026,-48.4069,76.7663
4465,-36.4026,-48.1069,76.7663
4466,-36.7026,-47.8069,76.7663
4467,-36.7026,-47.5069,76.7663
4468,-36.7026,-47.2069,76.7663
4469,-36.7026,-46.9069,76.7663
4470,-36.4026,-46.6069,76.7663
4471,-36.4026,-46.6069,77.0663
4472,-36.4026,-46.3069,77.3663
4473,-36.4026,-46.3069,77.6663
4474,-36.4026,-46.3069,77.9663
4475,-36.4026,-46.3069,78.2663
4476,-36.4026,-46.3069,78.5663
4477,-36.4026,-46.3069,78.8663
4478,-36.1026,-46.3069,79.1663
4479,-36.1026,-46.3069,79.4663
4480,-35.8026,-46.6069,79.7663
4481,-35.8026,-46.6069,80.0663
4482,-35.5026,-46.9069,80.3663
4483,-35.2026,-47.2069,80.6663
4484,-34.9026,-47.5069,80.9663
4485,-34.6026,-47.5069,80.9663
4486,-34.3026,-47.5069,81.2663
4487,-34.3026,-47.5069,81.5663
4488,-34.3026,-47.5069,81.8663
4489,-34.3026,-47.5069,82.1663
4490,-34.0026,-47.8069,82.4663
4491,-34.0026,-47.8069,82.7663
4492,-34.0026,-47.8069,83.0663
4493,-33.7026,-48.1069,83.3663
4494,-33.7026,-48.1069,83.6663
4495,-33.4026,-48.4069,83.9663
4496,-33.1026,-48.7069,84.2663
4497,-33.1026,-48.7069,84.5663
4498,-32.8026,-49.0069,84.8663
4499,-32.8026,-49.0069,85.1663
4500,-32.8026,-49.3069,85.4663
4501,-32.8026,-49.3069,85.7663
4502,-32.5026,-49.6069,86.0663
4503,-32.5026,-49.6069,86.3663
4504,-32.5026,-49.6069,86.6663
4505,-32.2026,-49.9069,86.9663
4506,-32.2026,-49.9069,87.2663
4507,-32.2026,-49.9069,87.5663
4508,-32.2026,-49.9069,87.8663
4509,-32.2026,-49.9069,88.1663
4510,-32.2026,-49.9069,88.4663
4511,-32.2026,-49.9069,88.7663
4512,-32.2026,-49.9069,89.0663
4513,-32.2026,-49.9069,89.3663
4514,-32.2026,-49.9069,89.6663
4515,-32.2026,-49.9069,89.9663
4516,-32.2026,-49.9069,90.2663
4517,-32.2026,-49.9069,90.5663
4518,-32.2026,-49.9069,90.8663
4519,-32.2026,-49.9069,91.1663
4520,-32.2026,-49.9069,91.4663
4521,-32.2026,-49.9069,91.7663
4522,-32.2026,-49.9069,92.0663
4523,-32.2026,-49.9069,92.3663
4524,-32.2026,-49.9069,92.6663
4525,-32.2026,-49.9069,92.9663
4526,-32.2026,-49.9069,93.2663
4527,-32.2026,-49.9069,93.5663
4528,-32.2026,-49.9069,93.8663
4529,-32.2026,-49.9069,94.1663
4530,-32.2026,-49.9069,94.4663
4531,-32.2026,-49.9069,94.7663
4532,-32.2026,-49.9069,95.0663
4533,-32.2026,-49.9069,95.3663
4534,-32.2026,-49.9069,95.6663
4535,-32.2026,-49.9069,95.9663
4536,-32.2026,-49.9069,96.2663
4537,-32.2026,-49.9069,96.5663
4538,-32.2026,-49.9069,96.8663
4539,-32.2026,-49.9069,97.1663
4540,-32.2026,-49.9069,97.4663
4541,-32.2026,-49.9069,97.7663
4542,-32.2026,-49.9069,98.0663
4543,-32.2026,-49.9069,98.3663
4544,-32.2026,-49.9069,98.6663
4545,-32.2026,-49.9069,98.9663
4546,-32.2026,-49.9069,99.2663
4547,-32.2026,-49.9069,99.5663
4548,-32.2026,-49.9069,99.8663
4549,-32.2026,-49.9069,100.1663
4550,-32.2026,-49.9069,100.4663
4551,-32.2026,-49.9069,100.7663
4552,-32.2026,-49.9069,101.0663
4553,-32.2026,-49.9069,101.3663
4554,-32.2026,-49.9069,101.6663
4555,-32.2026,-49.9069,101.9663
4556,-32.2026,-49.9069,102.2663
4557,-32.2026,-49.9069,102.5663
4558,-32.2026,-49.9069,102.8663
4559,-32.2026,-49.9069,103.1663
4560,-32.2026,-49.9069,103.4663
4561,-32.2026,-49.9069,103.7663
4562,-31.9026,-49.9069,104.0663
4563,-31.9026,-49.9069,104.3663
4564,-31.6026,-49.9069,104.6663
4565,-31.6026,-49.9069,104.9663
4566,-31.3026,-49.9069,105.2663
4567,-31.3026,-49.9069,105.5663
4568,-31.3026,-49.9069,105.8663
4569,-31.0026,-49.9069,106.1663
4570,-31.0026,-49.6069,106.1663
4571,-31.0026,-49.3069,106.1663
4572,-31.0026,-49.0069,106.1663
4573,-30.7026,-48.7069,105.8663
4574,-30.7026,-48.4069,105.8663
4575,-30.4026,-48.1069,105.5663
4576,-30.1026,-47.8069,105.2663
4577,-29.8026,-47.5069,104.9663
4578,-29.5026,-47.2069,104.6663
4579,-29.2026,-46.9069,104.3663
4580,-28.9026,-46.9069,104.3663
4581,-28.6026,-46.6069,104.0663
4582,-28.3026,-46.6069,104.0663
4583,-28.0026,-46.3069,103.7663
4584,-27.7026,-46.3069,103.7663
4585,-27.4026,-46.3069,103.7663
4586,-27.1026,-46.3069,103.7663
4587,-26.8026,-46.3069,103.7663
4588,-26.5026,-46.3069,103.7663
4589,-26.2026,-46.3069,103.7663
4590,-25.9026,-46.3069,103.7663
4591,-25.6026,-46.3069,103.7663
4592,-25.3026,-46.3069,103.7663
4593,-25.0026,-46.3069,103.7663
4594,-24.7026,-46.3069,103.7663
4595,-24.4026,-46.3069,103.7663
4596,-24.1026,-46.3069,103.7663
4597,-23.8026,-46.3069,103.7663
4598,-23.5026,-46.3069,103.7663
4599,-23.2026,-46.3069,103.7663
4600,-22.9026,-46.3069,103.7663
4601,-22.6026,-46.3069,103.7663
4602,-22.3026,-46.3069,103.7663
4603,-22.0026,-46.3069,103.7663
4604,-21.7026,-46.3069,103.7663
4605,-21.4026,-46.3069,103.7663
4606,-21.1026,-46.3069,103.7663
4607,-20.8026,-46.3069,103.7663
4608,-20.5026,-46.3069,103.7663
4609,-20.2026,-46.3069,103.7663
4610,-19.9026,-46.3069,103.7663
4611,-19.6026,-46.3069,103.7663
4612,-19.3026,-46.3069,103.7663
4613,-19.0026,-46.3069,103.7663
4614,-18.7026,-46.3069,103.7663
4615,-18.4026,-46.3069,103.7663
4616,-18.1026,-46.3069,103.7663
4617,-17.8026,-46.3069,103.7663
4618,-17.5026,-46.3069,103.7663
4619,-17.2026,-46.3069,103.7663
4620,-16.9026,-46.3069,103.7663
4621,-16.6026,-46.3069,103.7663
4622,-16.3026,-46.3069,103.7663
4623,-16.0026,-46.3069,103.7663
4624,-15.7026,-46.3069,103.7663
4625,-15.4026,-46.3069,103.7663
4626,-15.1026,-46.3069,103.7663
4627,-14.8026,-46.3069,103.7663
4628,-14.5026,-46.3069,103.7663
4629,-14.2026,-46.3069,103.7663
4630,-13.9026,-46.3069,103.7663
4631,-13.6026,-46.3069,103.7663
4632,-13.3026,-46.3069,103.7663
4633,-13.0026,-46.3069,103.7663
4634,-12.7026,-46.3069,103.7663
4635,-12.4026,-46.3069,103.7663
4636,-12.1026,-46.3069,103.7663
4637,-11.8026,-46.3069,103.7663
4638,-11.5026,-46.3069,103.7663
4639,-11.2026,-46.3069,103.7663
4640,-10.9026,-46.3069,103.7663
4641,-10.6026,-46.3069,103.7663
4642,-10.3026,-46.3069,103.7663
4643,-10.0026,-46.3069,103.7663
4644,-9.7026,-46.3069,103.7663
4645,-9.4026,-46.3069,103.7663
4646,-9.1026,-46.3069,103.7663
4647,-8.8026,-46.3069,103.7663
4648,-8.5026,-46.3069,103.7663
4649,-8.2026,-46.3069,103.7663
4650,-7.9026,-46.3069,103.7663
4651,-7.6026,-46.3069,103.7663
4652,-7.3026,-46.3069,103.7663
4653,-7.0026,-46.3069,103.7663
4654,-6.7026,-46.3069,103.7663
4655,-6.4026,-46.3069,103.7663
4656,-6.1026,-46.3069,103.7663
4657,-5.8026,-46.3069,103.7663
4658,-5.5026,-46.3069,103.7663
4659,-5.2026,-46.3069,103.7663
4660,-4.9026,-46.3069,103.7663
4661,-4.6026,-46.3069,103.7663
4662,-4.3026,-46.3069,103.7663
4663,-4.0026,-46.3069,103.7663
4664,-3.7026,-46.3069,103.7663
4665,-3.4026,-46.3069,103.7663
4666,-3.1026,-46.3069,103.7663
4667,-2.8026,-46.3069,103.7663
4668,-2.5026,-46.3069,103.7663
4669,-2.2026,-46.3069,103.7663
4670,-1.9026,-46.3069,103.7663
4671,-1.6026,-46.3069,103.7663
4672,-1.3026,-46.3069,103.7663
4673,-1.0026,-46.3069,103.7663
4674,-0.7026,-46.3069,103.7663
4675,-0.4026,-46.3069,103.7663
4676,-0.1026,-46.3069,103.7663
4677,0.1974,-46.3069,103.7663
4678,0.4974,-46.3069,103.7663
4679,0.7974,-46.3069,103.7663
4680,1.0974,-46.3069,103.7663
4681,1.3974,-46.3069,103.7663
4682,1.6974,-46.3069,103.7663
4683,1.9974,-46.3069,103.7663
4684,2.2974,-46.3069,103.7663
4685,2.5974,-46.3069,103.7663
4686,2.8974,-46.3069,103.4663
4687,3.1974,-46.3069,103.1663
4688,3.4974,-46.3069,102.8663
4689,3.7974,-46.3069,102.5663
4690,4.0974,-46.3069,102.5663
4691,4.3974,-46.3069,102.5663
4692,4.6974,-46.3069,102.5663
4693,4.9974,-46.3069,102.5663
4694,5.2974,-46.3069,102.5663
4695,5.5974,-46.3069,102.5663
4696,5.8974,-46.3069,102.5663
4697,6.1974,-46.3069,102.5663
4698,6.4974,-46.3069,102.5663
4699,6.7974,-46.3069,102.5663
4700,7.0974,-46.3069,102.5663
4701,7.3974,-46.3069,102.5663
4702,7.6974,-46.3069,102.5663
4703,7.9974,-46.3069,102.5663
4704,8.2974,-46.3069,102.5663
4705,8.5974,-46.3069,102.5663
4706,8.8974,-46.3069,102.5663
4707,9.1974,-46.3069,102.5663
4708,9.4974,-46.3069,102.5663
4709,9.7974,-46.3069,102.5663
4710,10.0974,-46.3069,102.5663
4711,10.3974,-46.3069,102.5663
4712,10.6974,-46.3069,102.5663
4713,10.9974,-46.3069,102.5663
4714,11.2974,-46.3069,102.5663
4715,11.5974,-46.3069,102.5663
4716,11.8974,-46.3069,102.5663
4717,12.1974,-46.3069,102.5663
4718,12.4974,-46.3069,102.5663
4719,12.7974,-46.3069,102.5663
4720,13.0974,-46.3069,102.5663
4721,13.3974,-46.3069,102.5663
4722,13.6974,-46.3069,102.5663
4723,13.9974,-46.3069,102.5663
4724,14.2974,-46.3069,102.5663
4725,14.5974,-46.3069,102.5663
4726,14.8974,-46.3069,102.5663
4727,15.1974,-46.3069,102.5663
4728,15.4974,-46.3069,102.5663
4729,15.7974,-46.3069,102.5663
4730,16.0974,-46.3069,102.5663
4731,16.3974,-46.3069,102.5663
4732,16.6974,-46.3069,102.5663
4733,16.9974,-46.3069,102.5663
4734,17.2974,-46.3069,102.5663
4735,17.5974,-46.3069,102.5663
4736,17.8974,-46.3069,102.5663
4737,18.1974,-46.3069,102.5663
4738,18.4974,-46.3069,102.5663
4739,18.7974,-46.3069,102.5663
4740,19.0974,-46.3069,102.5663
4741,19.3974,-46.3069,102.5663
4742,19.6974,-46.3069,102.5663
4743,19.9974,-46.3069,102.5663
4744,20.2974,-46.3069,102.5663
4745,20.5974,-46.6069,102.2663
4746,20.8974,-46.6069,102.2663
4747,72.7974,-56.5069,101.0663
4748,72.7974,-56.8069,101.0663
4749,72.7974,-57.1069,101.3663
4750,72.7974,-57.4069,101.3663
4751,72.7974,-57.7069,101.6663
4752,72.7974,-58.0069,101.6663
4753,72.7974,-58.3069,101.9663
4754,72.7974,-58.6069,101.9663
4755,72.7974,-58.9069,101.9663
4756,72.7974,-59.2069,101.9663
4757,72.4974,-59.5069,102.2663
4758,72.1974,-59.8069,102.5663
4759,71.8974,-60.1069,102.8663
4760,71.8974,-60.4069,103.1663
4761,71.8974,-60.7069,103.1663
4762,71.8974,-61.0069,103.1663
4763,71.8974,-61.3069,103.1663
4764,71.8974,-61.6069,103.1663
4765,71.8974,-61.9069,103.1663
4766,71.8974,-62.2069,103.1663
4767,71.8974,-62.5069,103.1663
4768,71.8974,-62.8069,103.1663
4769,71.8974,-63.1069,103.1663
4770,71.8974,-63.4069,103.1663
4771,71.8974,-63.7069,103.1663
4772,71.8974,-64.0069,103.1663
4773,71.8974,-64.3069,103.1663
4774,71.8974,-64.6069,103.1663
4775,71.8974,-64.9069,103.4663
4776,71.8974,-65.2069,103.7663
4777,71.8974,-65.5069,104.0663
4778,71.8974,-65.8069,104.3663
4779,71.5974,-66.1069,104.6663
4780,71.5974,-66.4069,104.9663
4781,71.2974,-66.7069,105.2663
4782,71.2974,-67.0069,105.5663
4783,71.2974,-67.3069,105.8663
4784,70.9974,-67.6069,106.1663
4785,71.2974,-67.9069,105.8663
4786,71.2974,-67.9069,105.5663
4787,71.2974,-67.9069,105.2663
4788,71.2974,-67.9069,104.9663
4789,71.2974,-67.9069,104.6663
4790,71.5974,-67.9069,104.3663
4791,71.5974,-67.9069,104.0663
4792,71.5974,-67.9069,103.7663
4793,71.5974,-67.9069,103.4663
4794,71.5974,-67.9069,103.1663
4795,71.5974,-67.9069,102.8663
4796,71.5974,-67.9069,102.5663
4797,71.5974,-67.9069,102.2663
4798,71.5974,-67.9069,101.9663
4799,71.5974,-67.9069,101.6663
4800,71.5974,-67.9069,101.3663
4801,71.5974,-67.9069,101.0663
4802,71.2974,-68.2069,100.7663
4803,71.2974,-68.2069,100.4663
4804,72.4974,-67.9069,86.9663
4805,72.4974,-67.9069,86.6663
4806,72.4974,-67.9069,86.3663
4807,72.4974,-67.9069,86.0663
4808,72.7974,-68.2069,85.7663
4809,72.7974,-68.2069,85.4663
4810,72.7974,-68.5069,85.1663
4811,72.7974,-68.5069,84.8663
4812,72.7974,-68.5069,84.5663
4813,72.7974,-68.5069,84.2663
4814,72.7974,-68.8069,83.9663
4815,72.7974,-69.1069,83.6663
4816,72.7974,-69.1069,83.3663
4817,72.7974,-69.1069,83.0663
4818,72.7974,-69.4069,82.7663
4819,72.7974,-69.4069,82.4663
4820,74.8974,-67.9069,76.7663
4821,57.1974,-58.0069,85.4663
4822,56.8974,-58.0069,85.1663
4823,56.5974,-58.0069,84.8663
4824,56.2974,-58.0069,84.5663
4825,55.9974,-58.0069,84.2663
4826,55.6974,-58.0069,83.9663
4827,55.3974,-58.0069,83.6663
4828,55.0974,-58.0069,83.3663
4829,54.7974,-58.0069,83.0663
4830,54.4974,-58.0069,82.7663
4831,54.1974,-58.0069,82.4663
4832,53.8974,-57.7069,82.1663
4833,53.5974,-57.7069,81.8663
4834,53.2974,-57.7069,81.5663
4835,52.9974,-57.7069,81.2663
4836,52.6974,-57.7069,80.9663
4837,52.3974,-57.7069,80.6663
4838,52.0974,-57.7069,80.3663
4839,51.7974,-57.7069,80.0663
4840,51.4974,-57.7069,79.7663
4841,51.1974,-57.7069,79.4663
4842,50.8974,-57.7069,79.1663
4843,50.5974,-57.7069,79.1663
4844,50.2974,-57.7069,79.1663
4845,49.9974,-57.7069,78.8663
4846,49.6974,-57.7069,78.5663
4847,49.3974,-57.7069,78.2663
4848,49.0974,-57.7069,77.9663
4849,48.7974,-57.7069,77.6663
4850,48.4974,-57.7069,77.3663
4851,48.1974,-57.7069,77.3663
4852,47.8974,-57.4069,77.0663
4853,47.5974,-57.4069,77.0663
4854,47.2974,-57.4069,76.7663
4855,46.9974,-57.4069,76.7663
4856,46.6974,-57.1069,77.0663
4857,46.3974,-57.1069,77.3663
4858,46.0974,-57.1069,77.6663
4859,45.7974,-57.1069,77.9663
4860,45.4974,-57.1069,78.2663
4861,45.1974,-57.1069,78.5663
4862,44.8974,-57.1069,78.8663
4863,44.8974,-57.1069,79.1663
4864,44.5974,-57.4069,79.4663
4865,44.2974,-57.4069,79.7663
4866,40.0974,-68.2069,81.8663
4867,39.7974,-67.9069,82.1663
4868,39.7974,-67.9069,82.4663
4869,39.7974,-67.9069,82.7663
4870,39.7974,-67.9069,83.0663
4871,39.7974,-67.9069,83.3663
4872,39.7974,-67.9069,83.6663
4873,39.7974,-67.9069,83.9663
4874,39.7974,-67.9069,84.2663
4875,39.7974,-67.9069,84.5663
4876,39.7974,-67.9069,84.8663
4877,39.7974,-67.9069,85.1663
4878,39.7974,-67.9069,85.4663
4879,39.7974,-67.9069,85.7663
4880,39.7974,-67.9069,86.0663
4881,39.7974,-67.9069,86.3663
4882,39.7974,-67.9069,86.6663
4883,39.7974,-67.9069,86.9663
4884,39.7974,-67.9069,87.2663
4885,39.7974,-67.9069,87.5663
4886,39.7974,-67.9069,87.8663
4887,39.7974,-67.9069,88.1663
4888,39.7974,-67.9069,88.4663
4889,39.7974,-67.9069,88.7663
4890,39.7974,-67.9069,89.0663
4891,39.7974,-67.9069,89.3663
4892,39.7974,-67.9069,89.6663
4893,39.7974,-67.9069,89.9663
4894,39.7974,-67.9069,90.2663
4895,39.7974,-67.9069,90.5663
4896,39.7974,-67.9069,90.8663
4897,39.7974,-67.6069,91.1663
4898,39.7974,-67.3069,91.4663
4899,39.7974,-67.0069,91.7663
4900,39.7974,-66.7069,92.0663
4901,39.7974,-66.4069,92.3663
4902,39.7974,-66.1069,92.6663
4903,39.4974,-65.8069,92.9663
4904,39.1974,-65.5069,93.2663
4905,38.8974,-65.2069,93.5663
4906,38.8974,-64.9069,93.8663
4907,38.8974,-64.6069,94.1663
4908,38.5974,-64.3069,94.4663
4909,38.5974,-64.0069,94.4663
4910,38.2974,-63.7069,94.7663
4911,38.2974,-63.4069,94.7663
4912,38.2974,-63.1069,94.7663
4913,37.9974,-62.8069,95.0663
4914,37.9974,-62.5069,95.0663
4915,37.9974,-62.2069,95.0663
4916,37.9974,-61.9069,95.0663
4917,37.9974,-61.6069,95.0663
4918,37.9974,-61.3069,95.0663
4919,37.9974,-61.0069,95.0663
4920,37.9974,-60.7069,95.0663
4921,37.9974,-60.4069,95.0663
4922,37.9974,-60.1069,95.0663
4923,37.9974,-59.8069,95.0663
4924,37.9974,-59.5069,95.0663
4925,37.9974,-59.2069,95.0663
4926,37.9974,-58.9069,95.0663
4927,37.9974,-58.6069,95.0663
4928,37.9974,-58.3069,95.0663
4929,37.9974,-58.0069,95.0663
4930,37.9974,-57.7069,95.0663
4931,37.9974,-57.4069,95.0663
4932,37.9974,-57.1069,95.0663
4933,37.9974,-56.8069,95.0663
4934,37.9974,-56.5069,95.0663
4935,37.9974,-56.2069,95.0663
4936,37.9974,-55.9069,95.0663
4937,37.9974,-55.6069,95.0663
4938,37.9974,-55.3069,95.0663
4939,37.9974,-55.0069,95.0663
4940,37.9974,-54.7069,95.0663
4941,37.9974,-54.4069,95.0663
4942,37.9974,-54.1069,95.0663
4943,37.9974,-53.8069,95.0663
4944,37.9974,-53.5069,95.0663
4945,37.9974,-53.2069,95.0663
4946,37.9974,-52.9069,95.0663
4947,37.9974,-52.6069,95.0663
4948,37.9974,-52.3069,95.0663
4949,37.9974,-52.0069,95.0663
4950,37.9974,-51.7069,95.0663
4951,37.9974,-51.4069,95.0663
4952,37.9974,-51.1069,94.7663
4953,37.9974,-50.8069,94.7663
4954,37.9974,-50.5069,94.4663
4955,37.9974,-50.2069,94.1663
4956,37.9974,-49.9069,93.8663
4957,37.9974,-49.6069,93.5663
4958,37.9974,-49.3069,93.2663
4959,37.9974,-49.3069,92.9663
4960,37.9974,-49.0069,92.6663
4961,37.9974,-49.0069,92.3663
4962,37.9974,-49.0069,92.0663
4963,37.9974,-49.0069,91.7663
4964,37.9974,-49.0069,91.4663
4965,37.9974,-49.0069,91.1663
4966,37.9974,-49.0069,90.8663
4967,37.9974,-49.0069,90.5663
4968,37.9974,-49.0069,90.2663
4969,37.9974,-49.0069,89.9663
4970,37.9974,-49.0069,89.6663
4971,37.9974,-49.0069,89.3663
4972,37.9974,-49.3069,89.0663
4973,38.2974,-49.6069,88.7663
4974,38.2974,-49.9069,88.4663
4975,38.2974,-50.2069,88.1663
4976,38.2974,-50.5069,87.8663
4977,38.2974,-50.8069,87.5663
4978,38.2974,-51.1069,87.5663
4979,38.2974,-51.4069,87.2663
4980,38.2974,-51.7069,87.2663
4981,38.2974,-52.0069,87.2663
4982,38.5974,-52.3069,86.9663
4983,38.5974,-52.6069,86.9663
4984,38.5974,-52.9069,86.9663
4985,38.8974,-53.2069,86.6663
4986,38.8974,-53.5069,86.6663
4987,38.8974,-53.8069,86.6663
4988,38.5974,-53.5069,86.6663
4989,38.2974,-53.5069,86.6663
4990,37.9974,-53.2069,86.6663
4991,37.6974,-52.9069,86.6663
4992,37.3974,-52.6069,86.6663
4993,37.0974,-52.3069,86.6663
4994,36.7974,-52.0069,86.6663
4995,36.4974,-51.7069,86.6663
4996,36.1974,-51.4069,86.6663
4997,35.8974,-51.4069,86.6663
4998,35.5974,-51.4069,86.6663
4999,35.2974,-51.4069,86.6663
5000,34.9974,-51.4069,86.6663
5001,34.6974,-51.4069,86.6663
5002,34.3974,-51.4069,86.6663
5003,34.0974,-51.4069,86.6663
5004,33.7974,-51.4069,86.6663
5005,33.4974,-51.4069,86.6663
5006,33.1974,-51.4069,86.6663
5007,32.8974,-51.1069,86.6663
5008,32.5974,-51.1069,86.6663
5009,32.2974,-50.8069,86.6663
5010,31.9974,-50.8069,86.6663
5011,31.6974,-50.5069,86.6663
5012,31.3974,-50.5069,86.6663
5013,31.0974,-50.5069,86.6663
5014,30.7974,-50.2069,86.9663
5015,30.4974,-50.2069,86.6663
5016,30.1974,-50.2069,86.6663
5017,29.8974,-50.2069,86.3663
5018,29.5974,-50.2069,86.0663
5019,29.2974,-50.2069,86.0663
5020,28.9974,-50.2069,86.0663
5021,28.6974,-50.2069,85.7663
5022,28.3974,-50.2069,85.7663
5023,28.0974,-50.2069,85.7663
5024,27.7974,-50.2069,85.7663
5025,27.4974,-50.2069,85.7663
5026,27.1974,-50.2069,85.7663
5027,26.8974,-50.5069,85.7663
5028,26.5974,-50.8069,85.7663
5029,26.2974,-51.1069,85.7663
5030,25.9974,-51.4069,85.7663
5031,25.6974,-51.4069,85.7663
5032,25.3974,-51.7069,86.0663
5033,25.6974,-52.0069,85.7663
5034,25.6974,-52.0069,85.4663
5035,25.6974,-52.0069,85.1663
5036,25.6974,-52.0069,84.8663
5037,25.9974,-52.3069,84.5663
5038,26.2974,-52.6069,84.2663
5039,26.5974,-52.9069,83.9663
5040,26.8974,-53.2069,83.6663
5041,27.1974,-53.5069,83.3663
5042,27.4974,-53.8069,83.0663
5043,27.7974,-54.1069,82.7663
5044,27.7974,-54.1069,82.4663
5045,27.7974,-54.1069,82.1663
5046,27.7974,-54.1069,81.8663
5047,27.7974,-54.1069,81.5663
5048,27.7974,-54.1069,81.2663
5049,27.7974,-54.1069,80.9663
5050,27.7974,-54.1069,80.6663
5051,27.7974,-54.1069,80.3663
5052,27.7974,-54.1069,80.0663
5053,28.0974,-54.4069,79.7663
5054,28.3974,-54.7069,79.4663
5055,28.6974,-54.7069,79.1663
5056,28.9974,-54.4069,78.8663
5057,29.2974,-54.4069,78.5663
5058,29.5974,-54.4069,78.2663
5059,29.8974,-54.4069,77.9663
5060,30.1974,-54.4069,77.6663
5061,30.4974,-54.4069,77.6663
5062,30.7974,-54.4069,77.6663
5063,31.0974,-54.4069,77.6663
5064,31.3974,-54.7069,77.3663
5065,31.6974,-54.7069,77.3663
5066,31.9974,-55.0069,77.0663
5067,32.2974,-55.3069,76.7663
5068,30.7974,-65.5069,82.1663
5069,30.4974,-65.5069,82.4663
5070,30.1974,-65.5069,82.7663
5071,29.8974,-65.5069,83.0663
5072,29.5974,-65.5069,83.0663
5073,29.2974,-65.5069,83.0663
5074,28.9974,-65.5069,83.3663
5075,28.6974,-65.5069,83.3663
5076,28.3974,-65.5069,83.3663
5077,28.0974,-65.5069,83.3663
5078,27.7974,-65.5069,83.3663
5079,27.4974,-65.5069,83.3663
5080,27.1974,-65.5069,83.3663
5081,26.8974,-65.2069,83.6663
5082,26.5974,-64.9069,83.6663
5083,26.2974,-64.9069,83.6663
5084,25.9974,-64.9069,83.6663
5085,25.6974,-64.9069,83.6663
5086,25.3974,-64.9069,83.6663
5087,25.0974,-64.9069,83.6663
5088,24.7974,-64.6069,83.6663
5089,24.4974,-64.6069,83.6663
5090,24.1974,-64.3069,83.6663
5091,23.8974,-64.3069,83.6663
5092,23.5974,-64.3069,83.6663
5093,23.2974,-64.0069,83.9663
5094,22.9974,-64.0069,83.9663
5095,22.6974,-63.7069,84.2663
5096,22.3974,-63.7069,84.2663
5097,22.0974,-63.4069,84.5663
5098,21.7974,-63.7069,84.2663
5099,21.4974,-63.7069,84.2663
5100,21.1974,-64.0069,83.9663
5101,20.8974,-64.0069,83.9663
5102,20.5974,-64.0069,83.9663
5103,20.2974,-64.0069,83.9663
5104,19.9974,-64.0069,83.9663
5105,19.6974,-64.0069,83.6663
5106,19.3974,-64.0069,83.3663
5107,19.0974,-64.0069,83.0663
5108,18.7974,-64.0069,82.7663
5109,18.4974,-64.0069,82.4663
5110,18.1974,-63.7069,82.1663
5111,17.8974,-63.7069,82.1663
5112,17.5974,-63.4069,81.8663
5113,17.2974,-63.4069,81.8663
5114,16.9974,-63.1069,81.5663
5115,16.6974,-62.8069,81.5663
5116,16.3974,-62.5069,81.8663
5117,16.3974,-62.2069,81.8663
5118,16.0974,-61.9069,82.1663
5119,16.0974,-61.6069,82.1663
5120,15.7974,-61.3069,81.8663
5121,15.7974,-61.0069,81.8663
5122,15.4974,-60.7069,81.5663
5123,15.4974,-60.4069,81.2663
5124,15.4974,-60.1069,80.9663
5125,15.4974,-60.1069,80.6663
5126,15.4974,-59.8069,80.3663
5127,15.4974,-59.8069,80.0663
5128,15.4974,-59.8069,79.7663
5129,15.4974,-59.8069,79.4663
5130,15.4974,-59.5069,79.1663
5131,15.4974,-59.5069,78.8663
5132,15.4974,-59.2069,78.5663
5133,15.4974,-59.2069,78.2663
5134,15.4974,-59.2069,77.9663
5135,15.4974,-59.2069,77.6663
5136,15.4974,-59.2069,77.3663
5137,15.4974,-59.2069,77.0663
5138,15.4974,-59.2069,76.7663
