path_id,x,y,z
0,-36.1159,-136.4841,77.3000
1,-35.8026,-136.6069,77.3663
2,-35.5026,-136.6069,77.3663
3,-35.2026,-136.9069,77.3663
4,-34.9026,-136.9069,77.3663
5,-34.6026,-137.2069,77.3663
6,-34.3026,-137.5069,77.3663
7,-34.0026,-137.5069,77.3663
8,-33.7026,-137.5069,77.3663
9,-33.4026,-137.5069,77.3663
10,-33.1026,-137.5069,77.3663
11,-32.8026,-137.5069,77.3663
12,-32.5026,-137.5069,77.3663
13,-32.2026,-137.5069,77.3663
14,-31.9026,-137.5069,77.3663
15,-31.6026,-137.5069,77.3663
16,-31.3026,-137.5069,77.3663
17,-31.0026,-137.8069,77.3663
18,-30.7026,-137.8069,77.3663
19,-30.4026,-138.1069,77.3663
20,-30.1026,-138.1069,77.3663
21,-29.8026,-138.1069,77.3663
22,-29.5026,-138.1069,77.3663
23,-29.2026,-138.1069,77.3663
24,-28.9026,-138.1069,77.3663
25,-28.6026,-138.1069,77.3663
26,-28.3026,-138.1069,77.3663
27,-28.0026,-138.1069,77.3663
28,-27.7026,-138.1069,77.3663
29,-27.4026,-138.1069,77.3663
30,-27.1026,-138.1069,77.3663
31,-26.8026,-138.1069,77.3663
32,-26.5026,-138.1069,77.3663
33,-26.2026,-138.1069,77.3663
34,-25.9026,-138.1069,77.3663
35,-25.6026,-138.1069,77.3663
36,-25.3026,-138.1069,77.3663
37,-25.0026,-138.1069,77.3663
38,-24.7026,-138.1069,77.3663
39,-24.4026,-138.1069,77.3663
40,-24.1026,-138.1069,77.3663
41,-23.8026,-138.1069,77.3663
42,-23.5026,-138.1069,77.3663
43,-23.2026,-138.1069,77.3663
44,-22.9026,-138.1069,77.3663
45,-22.6026,-138.1069,77.3663
46,-22.3026,-138.1069,77.3663
47,-22.0026,-138.1069,77.3663
48,-21.7026,-138.1069,77.3663
49,-21.4026,-138.1069,77.3663
50,-21.1026,-138.1069,77.3663
51,-20.8026,-138.1069,77.3663
52,-20.5026,-138.1069,77.3663
53,-20.2026,-138.1069,77.3663
54,-19.9026,-138.1069,77.3663
55,-19.6026,-138.1069,77.3663
56,-19.3026,-138.1069,77.3663
57,-19.0026,-138.1069,77.3663
58,-18.7026,-138.1069,77.3663
59,-18.4026,-138.1069,77.3663
60,-18.1026,-138.1069,77.3663
61,-17.8026,-138.1069,77.3663
62,-17.5026,-138.1069,77.3663
63,-17.2026,-138.1069,77.3663
64,-16.9026,-138.4069,77.3663
65,-16.6026,-138.7069,77.3663
66,-16.3026,-139.0069,77.3663
67,-16.0026,-139.3069,77.3663
68,-15.7026,-139.6069,77.3663
69,-15.4026,-139.9069,77.3663
70,-15.1026,-139.9069,77.3663
71,-14.8026,-140.2069,77.3663
72,-14.5026,-140.2069,77.3663
73,-14.2026,-140.5069,77.3663
74,-13.9026,-140.5069,77.3663
75,-13.6026,-140.5069,77.3663
76,-13.3026,-140.5069,77.3663
77,-13.0026,-140.5069,77.3663
78,-12.7026,-140.5069,77.3663
79,-12.4026,-140.5069,77.3663
80,-12.1026,-140.5069,77.3663
81,-11.8026,-140.5069,77.3663
82,-11.5026,-140.2069,77.3663
83,-11.2026,-140.2069,77.3663
84,-10.9026,-140.2069,77.3663
85,-10.6026,-139.9069,77.3663
86,-10.3026,-139.9069,77.3663
87,-10.0026,-139.6069,77.3663
88,-10.3026,-139.6069,77.3663
89,-10.6026,-139.9069,77.3663
90,-10.9026,-140.2069,77.3663
91,-11.2026,-140.2069,77.3663
92,-11.5026,-140.2069,77.3663
93,-11.8026,-140.5069,77.3663
94,-12.1026,-140.5069,77.3663
95,-12.4026,-140.5069,77.3663
96,-12.7026,-140.5069,77.3663
97,-13.0026,-140.5069,77.3663
98,-13.3026,-140.5069,77.3663
99,-13.6026,-140.5069,77.3663
100,-13.9026,-140.5069,77.3663
101,-14.2026,-140.5069,77.3663
102,-14.5026,-140.2069,77.3663
103,-14.8026,-140.2069,77.3663
104,-15.1026,-139.9069,77.3663
105,-15.4026,-139.9069,77.3663
106,-15.7026,-139.6069,77.3663
107,-16.0026,-139.3069,77.3663
108,-16.3026,-139.0069,77.3663
109,-16.6026,-138.7069,77.3663
110,-16.9026,-138.4069,77.3663
111,-16.9026,-138.1069,77.3663
112,-16.6026,-138.4069,77.3663
113,-16.6026,-138.7069,77.3663
114,-16.3026,-139.0069,77.3663
115,-16.0026,-139.3069,77.3663
116,-15.7026,-139.6069,77.3663
117,-15.4026,-139.9069,77.3663
118,-15.1026,-139.9069,77.3663
119,-14.8026,-140.2069,77.3663
120,-14.5026,-140.2069,77.3663
121,-14.2026,-140.5069,77.3663
122,-13.9026,-140.5069,77.3663
123,-13.6026,-140.5069,77.3663
124,-13.3026,-140.5069,77.3663
125,-13.0026,-140.5069,77.3663
126,-12.7026,-140.5069,77.3663
127,-12.4026,-140.5069,77.3663
128,-12.1026,-140.5069,77.3663
129,-11.8026,-140.5069,77.3663
130,-11.5026,-140.5069,77.3663
131,-11.2026,-140.5069,77.3663
132,-10.9026,-140.5069,77.3663
133,-10.6026,-140.5069,77.3663
134,-10.3026,-140.5069,77.3663
135,-10.0026,-140.5069,77.3663
136,-9.7026,-140.5069,77.3663
137,-9.4026,-140.5069,77.3663
138,-9.1026,-140.5069,77.3663
139,-8.8026,-140.5069,77.3663
140,-8.5026,-140.5069,77.3663
141,-8.2026,-140.5069,77.3663
142,-7.9026,-140.5069,77.3663
143,-7.6026,-140.5069,77.3663
144,-7.3026,-140.8069,77.3663
145,-7.0026,-140.8069,77.3663
146,-6.7026,-140.8069,77.3663
147,-6.4026,-140.8069,77.3663
148,-6.1026,-140.8069,77.3663
149,-5.8026,-140.8069,77.3663
150,-5.5026,-140.8069,77.3663
151,-5.2026,-140.8069,77.3663
152,-4.9026,-140.8069,77.3663
153,-4.6026,-140.8069,77.3663
154,-4.3026,-140.8069,77.3663
155,-4.0026,-140.8069,77.3663
156,-3.7026,-140.8069,77.3663
157,-3.4026,-140.8069,77.3663
158,-3.1026,-140.8069,77.3663
159,-2.8026,-140.8069,77.3663
160,-2.5026,-140.8069,77.3663
161,-2.2026,-140.8069,77.3663
162,-1.9026,-141.1069,77.3663
163,-1.6026,-141.4069,77.3663
164,-1.3026,-141.7069,77.3663
165,-1.0026,-142.0069,77.3663
166,-0.7026,-142.3069,77.3663
167,-0.4026,-142.6069,77.3663
168,-0.1026,-142.9069,77.3663
169,0.1974,-142.9069,77.3663
170,0.4974,-142.9069,77.3663
171,0.7974,-142.9069,77.3663
172,1.0974,-143.2069,77.3663
173,1.3974,-143.2069,77.3663
174,1.6974,-143.2069,77.3663
175,1.9974,-143.2069,77.3663
176,2.2974,-143.2069,77.3663
177,2.5974,-143.2069,77.3663
178,2.8974,-143.2069,77.3663
179,3.1974,-143.2069,77.3663
180,3.4974,-143.2069,77.3663
181,3.7974,-143.2069,77.3663
182,4.0974,-143.2069,77.3663
183,4.3974,-143.2069,77.3663
184,4.6974,-143.2069,77.3663
185,4.9974,-143.2069,77.3663
186,5.2974,-143.2069,77.3663
187,5.5974,-143.2069,77.3663
188,5.8974,-143.2069,77.3663
189,6.1974,-143.2069,77.3663
190,6.4974,-143.2069,77.3663
191,6.7974,-143.2069,77.3663
192,7.0974,-143.2069,77.3663
193,7.3974,-143.2069,77.3663
194,7.6974,-143.2069,77.3663
195,7.9974,-143.2069,77.3663
196,8.2974,-143.2069,77.3663
197,8.5974,-143.2069,77.3663
198,8.8974,-143.2069,77.3663
199,9.1974,-143.2069,77.3663
200,9.4974,-143.2069,77.3663
201,9.7974,-143.2069,77.3663
202,10.0974,-143.2069,77.3663
203,10.3974,-143.2069,77.3663
204,10.6974,-143.2069,77.3663
205,10.9974,-143.2069,77.3663
206,11.2974,-143.2069,77.3663
207,11.5974,-143.5069,77.3663
208,11.8974,-143.5069,77.3663
209,12.1974,-143.8069,77.3663
210,12.4974,-143.8069,77.3663
211,12.7974,-144.1069,77.3663
212,13.0974,-144.1069,77.3663
213,13.3974,-144.4069,77.3663
214,13.6974,-144.4069,77.3663
215,13.9974,-144.7069,77.3663
216,14.2974,-145.0069,77.3663
217,14.5974,-145.0069,77.3663
218,14.8974,-145.3069,77.3663
219,15.1974,-145.3069,77.3663
220,15.4974,-145.6069,77.3663
221,15.7974,-145.6069,77.3663
222,16.0974,-145.6069,77.3663
223,16.3974,-145.6069,77.3663
224,16.6974,-145.9069,77.3663
225,16.9974,-145.9069,77.3663
226,17.2974,-145.9069,77.3663
227,17.5974,-145.9069,77.3663
228,17.8974,-145.9069,77.3663
229,18.1974,-146.2069,77.3663
230,18.4974,-146.5069,77.3663
231,18.7974,-146.8069,77.3663
232,19.0974,-146.8069,77.3663
233,19.3974,-146.8069,77.3663
234,19.6974,-146.8069,77.3663
235,19.9974,-146.8069,77.3663
236,20.2974,-146.8069,77.3663
237,20.5974,-146.8069,77.3663
238,20.8974,-146.8069,77.3663
239,21.1974,-146.8069,77.3663
240,21.4974,-146.8069,77.3663
241,21.7974,-146.8069,77.3663
242,22.0974,-146.8069,77.3663
243,22.3974,-146.8069,77.3663
244,22.6974,-146.8069,77.3663
245,22.9974,-146.8069,77.3663
246,23.2974,-146.8069,77.3663
247,23.5974,-146.8069,77.3663
248,23.8974,-146.8069,77.3663
249,24.1974,-147.1069,77.3663
250,24.4974,-147.1069,77.3663
251,24.7974,-147.4069,77.3663
252,25.0974,-147.4069,77.3663
253,25.3974,-147.4069,77.3663
254,25.6974,-147.4069,77.3663
255,25.9974,-147.4069,77.3663
256,26.2974,-147.4069,77.3663
257,26.5974,-147.7069,77.3663
258,26.8974,-147.7069,77.3663
259,27.1974,-147.7069,77.3663
260,27.4974,-147.7069,77.3663
261,27.7974,-147.7069,77.3663
262,28.0974,-147.7069,77.3663
263,28.3974,-147.7069,77.3663
264,28.6974,-148.0069,77.3663
265,28.9974,-148.0069,77.3663
266,29.2974,-148.0069,77.3663
267,29.5974,-148.0069,77.3663
268,29.8974,-148.3069,77.3663
269,30.1974,-148.3069,77.3663
270,30.4974,-148.3069,77.3663
271,30.7974,-148.3069,77.3663
272,31.0974,-148.3069,77.3663
273,31.3974,-148.3069,77.3663
274,31.6974,-148.3069,77.3663
275,31.9974,-148.6069,77.3663
276,32.2974,-148.6069,77.3663
277,32.5974,-148.6069,77.3663
278,32.8974,-148.6069,77.3663
279,33.1974,-148.6069,77.3663
280,33.4974,-148.6069,77.3663
281,33.7974,-148.6069,77.3663
282,34.0974,-148.9069,77.3663
283,34.3974,-148.9069,77.3663
284,34.6974,-148.9069,77.3663
285,34.9974,-148.9069,77.3663
286,35.2974,-148.9069,77.3663
287,35.5974,-148.9069,77.3663
288,35.8974,-149.2069,77.3663
289,36.1974,-149.2069,77.3663
290,36.4974,-149.2069,77.3663
291,36.7974,-149.2069,77.3663
292,37.0974,-149.2069,77.3663
293,37.3974,-149.2069,77.3663
294,37.6974,-149.2069,77.3663
295,37.9974,-149.2069,77.3663
296,38.2974,-149.2069,77.3663
297,38.5974,-149.2069,77.3663
298,38.8974,-149.5069,77.3663
299,39.1974,-149.5069,77.3663
300,39.4974,-149.8069,77.3663
301,39.7974,-149.8069,77.3663
302,40.0974,-149.8069,77.3663
303,40.3974,-149.8069,77.3663
304,40.6974,-149.8069,77.3663
305,40.9974,-149.8069,77.3663
306,41.2974,-149.8069,77.3663
307,41.5974,-150.1069,77.3663
308,41.8974,-150.1069,77.3663
309,42.1974,-150.1069,77.3663
310,42.4974,-150.1069,77.3663
311,42.7974,-150.1069,77.3663
312,43.0974,-150.4069,77.3663
313,43.3974,-150.4069,77.3663
314,43.6974,-150.7069,77.3663
315,43.9974,-150.7069,77.3663
316,44.2974,-150.7069,77.3663
317,44.5974,-150.7069,77.3663
318,44.8974,-150.7069,77.3663
319,45.1974,-150.7069,77.3663
320,45.4974,-150.7069,77.3663
321,45.7974,-150.7069,77.3663
322,46.0974,-150.7069,77.3663
323,46.3974,-150.7069,77.3663
324,46.6974,-151.0069,77.3663
325,46.9974,-151.0069,77.3663
326,47.2974,-151.0069,77.3663
327,47.5974,-151.0069,77.3663
328,47.8974,-151.0069,77.3663
329,48.1974,-151.0069,77.3663
330,48.4974,-151.3069,77.3663
331,48.7974,-151.3069,77.3663
332,49.0974,-151.6069,77.3663
333,49.3974,-151.6069,77.3663
334,49.6974,-151.6069,77.3663
335,49.9974,-151.6069,77.3663
336,50.2974,-151.6069,77.3663
337,50.5974,-151.6069,77.3663
338,50.8974,-151.9069,77.3663
339,51.1974,-151.9069,77.3663
340,51.4974,-152.2069,77.3663
341,51.7974,-152.5069,77.3663
342,52.0974,-152.8069,77.3663
343,52.3974,-153.1069,77.3663
344,52.6974,-153.1069,77.3663
345,52.9974,-153.1069,77.3663
346,53.2974,-153.1069,77.3663
347,53.5974,-153.1069,77.3663
348,53.8974,-153.1069,77.3663
349,54.1974,-153.1069,77.3663
350,54.4974,-153.1069,77.3663
351,54.7974,-153.1069,77.3663
352,55.0974,-153.1069,77.3663
353,55.3974,-153.1069,77.3663
354,55.6974,-153.1069,77.3663
355,55.9974,-153.1069,77.3663
356,56.2974,-153.1069,77.3663
357,56.5974,-153.1069,77.3663
358,56.8974,-153.1069,77.3663
359,57.1974,-153.1069,77.3663
360,57.4974,-153.1069,77.3663
361,57.7974,-153.1069,77.3663
362,58.0974,-153.1069,77.3663
363,58.3974,-153.1069,77.3663
364,58.6974,-153.1069,77.3663
365,58.9974,-153.1069,77.3663
366,59.2974,-153.1069,77.3663
367,59.5974,-153.1069,77.3663
368,59.8974,-153.1069,77.3663
369,60.1974,-153.1069,77.3663
370,60.4974,-153.4069,77.3663
371,60.7974,-153.4069,77.3663
372,61.0974,-153.4069,77.3663
373,61.3974,-153.4069,77.3663
374,61.6974,-153.4069,77.3663
375,61.9974,-153.4069,77.3663
376,62.2974,-153.4069,77.3663
377,62.5974,-153.1069,77.3663
378,62.8974,-153.1069,77.3663
379,63.1974,-152.8069,77.0663
380,63.4974,-152.8069,77.0663
381,63.7974,-152.5069,77.0663
382,64.0974,-152.5069,77.0663
383,64.3974,-152.2069,77.0663
384,64.6974,-152.2069,77.0663
385,64.9974,-151.9069,77.0663
386,65.2974,-151.6069,76.7663
387,65.5974,-151.3069,76.7663
388,65.8974,-151.0069,76.7663
389,66.1974,-150.7069,76.7663
390,66.4974,-150.4069,76.7663
391,66.4974,-150.1069,76.7663
392,66.7974,-149.8069,76.7663
393,66.7974,-149.5069,76.7663
394,67.0974,-149.2069,76.7663
395,67.0974,-148.9069,76.7663
396,67.0974,-148.6069,76.7663
397,67.0974,-148.3069,76.7663
398,67.0974,-148.0069,76.7663
399,67.0974,-147.7069,76.7663
400,67.0974,-147.4069,76.7663
401,67.0974,-147.1069,76.7663
402,67.0974,-146.8069,76.7663
403,66.7974,-146.5069,76.7663
404,66.7974,-146.2069,76.7663
405,66.4974,-145.9069,76.7663
406,66.1974,-145.6069,76.7663
407,65.8974,-145.3069,76.7663
408,65.5974,-145.0069,76.7663
409,65.2974,-144.7069,76.7663
410,64.9974,-144.4069,77.0663
411,64.6974,-144.1069,77.0663
412,64.3974,-143.8069,77.3663
413,65.6841,-144.5159,77.5000
414,65.8974,-144.7069,77.0663
415,65.8974,-145.0069,77.0663
416,66.1974,-145.3069,77.0663
417,66.4974,-145.6069,77.0663
418,66.7974,-145.9069,77.0663
419,66.7974,-146.2069,77.0663
420,67.0974,-146.5069,76.7663
421,67.0974,-146.8069,76.7663
422,67.0974,-147.1069,76.7663
423,67.0974,-147.4069,76.7663
424,67.0974,-147.7069,76.7663
425,67.0974,-148.0069,76.7663
426,67.0974,-148.3069,76.7663
427,67.0974,-148.6069,76.7663
428,67.0974,-148.9069,76.7663
429,67.0974,-149.2069,76.7663
430,66.7974,-149.5069,76.7663
431,66.7974,-149.8069,76.7663
432,66.4974,-150.1069,76.7663
433,66.4974,-150.4069,76.7663
434,66.1974,-150.7069,76.7663
435,65.8974,-151.0069,76.7663
436,65.5974,-151.3069,76.7663
437,65.2974,-151.6069,76.7663
438,64.9974,-151.9069,76.7663
439,64.6974,-152.2069,76.7663
440,64.3974,-152.5069,76.7663
441,64.0974,-152.5069,76.7663
442,63.7974,-152.8069,77.0663
443,63.4974,-152.8069,77.0663
444,63.1974,-153.1069,77.3663
445,62.8974,-153.1069,77.3663
446,62.5974,-153.1069,77.3663
447,62.2974,-153.4069,77.3663
448,61.9974,-153.4069,77.3663
449,61.6974,-153.4069,77.3663
450,61.3974,-153.4069,77.3663
451,61.0974,-153.4069,77.3663
452,60.7974,-153.4069,77.3663
453,60.4974,-153.4069,77.3663
454,60.1974,-153.4069,77.3663
455,59.8974,-153.4069,77.3663
456,59.5974,-153.4069,77.3663
457,59.2974,-153.4069,77.3663
458,58.9974,-153.4069,77.3663
459,58.6974,-153.4069,77.3663
460,58.3974,-153.4069,77.3663
461,58.0974,-153.4069,77.3663
462,57.7974,-153.4069,77.3663
463,57.4974,-153.4069,77.3663
464,57.1974,-153.4069,77.3663
465,56.8974,-153.4069,77.3663
466,56.5974,-153.4069,77.3663
467,56.2974,-153.4069,77.3663
468,55.9974,-153.4069,77.3663
469,55.6974,-153.4069,77.3663
470,55.3974,-153.4069,77.3663
471,55.0974,-153.4069,77.3663
472,54.7974,-153.4069,77.3663
473,54.4974,-153.4069,77.3663
474,54.1974,-153.4069,77.3663
475,53.8974,-153.4069,77.3663
476,53.5974,-153.4069,77.3663
477,53.2974,-153.4069,77.3663
478,52.9974,-153.4069,77.3663
479,52.6974,-153.4069,77.3663
480,52.3974,-153.4069,77.3663
481,52.0974,-153.4069,77.3663
482,51.7974,-153.4069,77.3663
483,51.4974,-153.4069,77.3663
484,51.1974,-153.4069,77.3663
485,50.8974,-153.4069,77.3663
486,50.5974,-153.4069,77.3663
487,50.2974,-153.4069,77.3663
488,49.9974,-153.4069,77.3663
489,49.6974,-153.4069,77.3663
490,49.3974,-153.4069,77.3663
491,49.0974,-153.4069,77.3663
492,48.7974,-153.4069,77.3663
493,48.4974,-153.4069,77.3663
494,48.1974,-153.4069,77.3663
495,47.8974,-153.4069,77.3663
496,47.5974,-153.4069,77.3663
497,47.2974,-153.4069,77.3663
498,46.9974,-153.4069,77.3663
499,46.6974,-153.4069,77.3663
500,46.3974,-153.4069,77.3663
501,46.0974,-153.4069,77.3663
502,45.7974,-153.4069,77.3663
503,45.4974,-153.4069,77.3663
504,45.1974,-153.4069,77.3663
505,44.8974,-153.4069,77.3663
506,44.5974,-153.4069,77.3663
507,44.2974,-153.4069,77.3663
508,43.9974,-153.4069,77.3663
509,43.6974,-153.4069,77.3663
510,43.3974,-153.4069,77.3663
511,43.0974,-153.4069,77.3663
512,42.7974,-153.4069,77.3663
513,42.4974,-153.4069,77.3663
514,42.1974,-153.4069,77.3663
515,41.8974,-153.4069,77.3663
516,41.5974,-153.4069,77.3663
517,41.2974,-153.4069,77.3663
518,40.9974,-153.4069,77.3663
519,40.6974,-153.4069,77.3663
520,40.3974,-153.4069,77.3663
521,40.0974,-153.4069,77.3663
522,39.7974,-153.4069,77.3663
523,39.4974,-153.4069,77.3663
524,39.1974,-153.4069,77.3663
525,38.8974,-153.4069,77.3663
526,38.5974,-153.4069,77.3663
527,38.2974,-153.4069,77.3663
528,37.9974,-153.4069,77.3663
529,37.6974,-153.4069,77.3663
530,37.3974,-153.4069,77.3663
531,37.0974,-153.4069,77.3663
532,36.7974,-153.4069,77.3663
533,36.4974,-153.4069,77.3663
534,36.1974,-153.4069,77.3663
535,35.8974,-153.4069,77.3663
536,35.5974,-153.4069,77.3663
537,35.2974,-153.4069,77.3663
538,34.9974,-153.4069,77.3663
539,34.6974,-153.4069,77.3663
540,34.3974,-153.1069,77.3663
541,34.0974,-153.1069,77.3663
542,33.7974,-152.8069,77.3663
543,33.4974,-152.8069,77.3663
544,33.1974,-152.5069,77.3663
545,32.8974,-152.5069,77.3663
546,32.5974,-152.5069,77.3663
547,32.2974,-152.2069,77.3663
548,31.9974,-152.2069,77.3663
549,31.6974,-151.9069,77.3663
550,31.3974,-151.9069,77.3663
551,31.0974,-151.6069,77.3663
552,30.7974,-151.6069,77.3663
553,30.4974,-151.3069,77.3663
554,30.1974,-151.3069,77.3663
555,29.8974,-151.0069,77.3663
556,29.5974,-150.7069,77.3663
557,29.2974,-150.4069,77.3663
558,28.9974,-150.1069,77.3663
559,28.6974,-149.8069,77.3663
560,28.3974,-149.5069,77.3663
561,28.0974,-149.2069,77.3663
562,27.7974,-148.9069,77.3663
563,27.4974,-148.6069,77.3663
564,27.1974,-148.3069,77.3663
565,26.8974,-148.0069,77.3663
566,26.5974,-148.0069,77.3663
567,26.2974,-148.0069,77.3663
568,25.9974,-148.0069,77.3663
569,25.6974,-148.0069,77.3663
570,25.3974,-148.0069,77.3663
571,25.0974,-148.0069,77.3663
572,24.7974,-148.0069,77.3663
573,24.4974,-148.0069,77.3663
574,24.1974,-148.0069,77.3663
575,23.8974,-148.0069,77.3663
576,23.5974,-148.0069,77.3663
577,23.2974,-148.0069,77.3663
578,22.9974,-148.0069,77.3663
579,22.6974,-147.7069,77.3663
580,22.3974,-147.7069,77.3663
581,22.0974,-147.7069,77.3663
582,21.7974,-147.4069,77.3663
583,21.4974,-147.4069,77.3663
584,21.1974,-147.1069,77.3663
585,20.8974,-147.1069,77.3663
586,20.5974,-146.8069,77.3663
587,20.2974,-146.8069,77.3663
588,19.9974,-146.5069,77.3663
589,19.6974,-146.5069,77.3663
590,19.3974,-146.5069,77.3663
591,19.0974,-146.2069,77.3663
592,18.7974,-146.2069,77.3663
593,18.4974,-145.9069,77.3663
594,18.1974,-145.9069,77.3663
595,17.8974,-145.9069,77.3663
596,17.5974,-145.9069,77.3663
597,17.2974,-145.9069,77.3663
598,16.9974,-145.6069,77.3663
599,16.6974,-145.6069,77.3663
600,16.3974,-145.6069,77.3663
601,16.0974,-145.6069,77.3663
602,15.7974,-145.6069,77.3663
603,15.4974,-145.6069,77.3663
604,15.1974,-145.3069,77.3663
605,14.8974,-145.3069,77.3663
606,14.5974,-145.0069,77.3663
607,14.2974,-145.0069,77.3663
608,13.9974,-144.7069,77.3663
609,13.6974,-144.4069,77.3663
610,13.3974,-144.1069,77.3663
611,13.0974,-143.8069,77.3663
612,12.7974,-143.5069,77.3663
613,12.4974,-143.2069,77.3663
614,12.1974,-143.2069,77.3663
615,11.8974,-142.9069,77.3663
616,11.5974,-142.9069,77.3663
617,11.2974,-142.6069,77.3663
618,10.9974,-142.6069,77.3663
619,10.6974,-142.3069,77.3663
620,10.3974,-142.3069,77.3663
621,10.0974,-142.0069,77.3663
622,9.7974,-142.0069,77.3663
623,9.4974,-141.7069,77.3663
624,9.1974,-141.7069,77.3663
625,8.8974,-141.7069,77.3663
626,8.5974,-141.4069,77.3663
627,8.2974,-141.4069,77.3663
628,7.9974,-141.1069,77.3663
629,7.6974,-141.1069,77.3663
630,7.3974,-140.8069,77.3663
631,7.0974,-140.8069,77.3663
632,6.7974,-140.5069,77.3663
633,6.4974,-140.5069,77.3663
634,6.1974,-140.5069,77.3663
635,5.8974,-140.2069,77.3663
636,6.1974,-140.2069,77.3663
637,6.4974,-140.2069,77.3663
638,6.7974,-140.2069,77.3663
639,7.0974,-140.2069,77.3663
640,7.3974,-140.2069,77.3663
641,7.6974,-140.2069,77.3663
642,7.9974,-140.5069,77.3663
643,8.2974,-140.8069,77.3663
644,8.5974,-140.8069,77.3663
645,8.8974,-140.8069,77.3663
646,9.1974,-140.8069,77.3663
647,9.4974,-140.8069,77.3663
648,9.7974,-140.8069,77.3663
649,10.0974,-140.8069,77.3663
650,10.3974,-141.1069,77.3663
651,10.6974,-141.4069,77.3663
652,10.9974,-141.7069,77.3663
653,11.2974,-142.0069,77.3663
654,11.5974,-142.3069,77.3663
655,11.8974,-142.6069,77.3663
656,12.1974,-142.9069,77.3663
657,12.4974,-143.2069,77.3663
658,12.7974,-143.5069,77.3663
659,13.0974,-143.8069,77.3663
660,13.3974,-144.1069,77.3663
661,13.6974,-144.4069,77.3663
662,13.9974,-144.7069,77.3663
663,14.2974,-145.0069,77.3663
664,14.5974,-145.0069,77.3663
665,14.8974,-145.3069,77.3663
666,15.1974,-145.3069,77.3663
667,15.4974,-145.6069,77.3663
668,15.7974,-145.6069,77.3663
669,16.0974,-145.6069,77.3663
670,16.3974,-145.6069,77.3663
671,16.6974,-145.6069,77.3663
672,16.9974,-145.6069,77.3663
673,17.2974,-145.9069,77.3663
674,17.5974,-145.9069,77.3663
675,17.8974,-145.9069,77.3663
676,18.1974,-145.9069,77.3663
677,18.4974,-145.9069,77.3663
678,18.7974,-146.2069,77.3663
679,19.0974,-146.2069,77.3663
680,19.3974,-146.5069,77.3663
681,19.6974,-146.5069,77.3663
682,19.9974,-146.5069,77.3663
683,20.2974,-146.5069,77.3663
684,20.5974,-146.5069,77.3663
685,20.8974,-146.5069,77.3663
686,21.1974,-146.8069,77.3663
687,21.4974,-146.8069,77.3663
688,21.7974,-146.8069,77.3663
689,22.0974,-147.1069,77.3663
690,22.3974,-147.1069,77.3663
691,22.6974,-147.1069,77.3663
692,22.9974,-147.1069,77.3663
693,23.2974,-147.1069,77.3663
694,23.5974,-147.1069,77.3663
695,23.8974,-147.1069,77.3663
696,24.1974,-147.1069,77.3663
697,24.4974,-147.1069,77.3663
698,24.7974,-147.4069,77.3663
699,25.0974,-147.4069,77.3663
700,25.3974,-147.4069,77.3663
701,25.6974,-147.4069,77.3663
702,25.9974,-147.4069,77.3663
703,26.2974,-147.4069,77.3663
704,26.5974,-147.7069,77.3663
705,26.8974,-147.7069,77.3663
706,27.1974,-147.7069,77.3663
707,27.4974,-147.7069,77.3663
708,27.7974,-147.7069,77.3663
709,28.0974,-147.7069,77.3663
710,28.3974,-147.7069,77.3663
711,28.6974,-148.0069,77.3663
712,28.9974,-148.0069,77.3663
713,29.2974,-148.0069,77.3663
714,29.5974,-148.0069,77.3663
715,29.8974,-148.3069,77.3663
716,30.1974,-148.3069,77.3663
717,30.4974,-148.3069,77.3663
718,30.7974,-148.3069,77.3663
719,31.0974,-148.3069,77.3663
720,31.3974,-148.3069,77.3663
721,31.6974,-148.3069,77.3663
722,31.9974,-148.6069,77.3663
723,32.2974,-148.6069,77.3663
724,32.5974,-148.6069,77.3663
725,32.8974,-148.6069,77.3663
726,33.1974,-148.6069,77.3663
727,33.4974,-148.6069,77.3663
728,33.7974,-148.6069,77.3663
729,34.0974,-148.9069,77.3663
730,34.3974,-148.9069,77.3663
731,34.6974,-148.9069,77.3663
732,34.9974,-148.9069,77.3663
733,35.2974,-149.2069,77.3663
734,35.5974,-149.5069,77.3663
735,35.8974,-149.8069,77.3663
736,36.1974,-150.1069,77.3663
737,36.4974,-150.4069,77.3663
738,36.7974,-150.7069,77.3663
739,37.0974,-151.0069,77.3663
740,37.3974,-151.3069,77.3663
741,37.6974,-151.6069,77.3663
742,37.9974,-151.9069,77.3663
743,38.2974,-152.2069,77.3663
744,38.5974,-152.5069,77.3663
745,38.8974,-152.8069,77.3663
746,39.1974,-152.8069,77.3663
747,39.4974,-152.8069,77.3663
748,39.7974,-152.8069,77.3663
749,40.0974,-152.8069,77.3663
750,40.3974,-152.8069,77.3663
751,40.6974,-152.8069,77.3663
752,40.9974,-152.8069,77.3663
753,41.2974,-152.8069,77.3663
754,41.5974,-152.8069,77.3663
755,41.8974,-152.8069,77.3663
756,42.1974,-152.8069,77.3663
757,42.4974,-152.8069,77.3663
758,42.7974,-152.8069,77.3663
759,43.0974,-152.8069,77.3663
760,43.3974,-152.8069,77.3663
761,43.6974,-152.8069,77.3663
762,43.9974,-152.8069,77.3663
763,44.2974,-152.8069,77.3663
764,44.5974,-152.8069,77.3663
765,44.8974,-152.8069,77.3663
766,45.1974,-152.8069,77.3663
767,45.4974,-152.8069,77.3663
768,45.7974,-152.8069,77.3663
769,46.0974,-152.8069,77.3663
770,46.3974,-152.8069,77.3663
771,46.6974,-152.8069,77.3663
772,46.9974,-152.8069,77.3663
773,47.2974,-152.8069,77.3663
774,47.5974,-152.8069,77.3663
775,47.8974,-152.8069,77.3663
776,48.1974,-152.8069,77.3663
777,48.4974,-152.8069,77.3663
778,48.7974,-152.8069,77.3663
779,49.0974,-152.8069,77.3663
780,49.3974,-152.8069,77.3663
781,49.6974,-152.8069,77.3663
782,49.9974,-152.8069,77.3663
783,50.2974,-152.8069,77.3663
784,50.5974,-152.8069,77.3663
785,50.8974,-152.8069,77.3663
786,51.1974,-152.8069,77.3663
787,51.4974,-152.8069,77.3663
788,51.7974,-152.8069,77.3663
789,52.0974,-152.8069,77.3663
790,52.3974,-152.8069,77.3663
791,52.6974,-152.8069,77.3663
792,52.9974,-152.8069,77.3663
793,53.2974,-152.8069,77.3663
794,53.5974,-152.8069,77.3663
795,53.8974,-152.8069,77.3663
796,54.1974,-152.8069,77.3663
797,54.4974,-152.8069,77.3663
798,54.7974,-152.8069,77.3663
799,55.0974,-152.8069,77.3663
800,55.3974,-152.8069,77.3663
801,55.6974,-152.8069,77.3663
802,55.9974,-152.8069,77.3663
803,56.2974,-152.8069,77.3663
804,56.5974,-152.8069,77.3663
805,56.8974,-152.8069,77.3663
806,57.1974,-152.8069,77.3663
807,57.4974,-152.8069,77.3663
808,57.7974,-152.8069,77.3663
809,58.0974,-153.1069,77.3663
810,58.3974,-153.1069,77.3663
811,58.6974,-153.1069,77.3663
812,58.9974,-153.1069,77.3663
813,59.2974,-153.1069,77.3663
814,59.5974,-153.1069,77.3663
815,59.8974,-153.1069,77.3663
816,60.1974,-153.1069,77.3663
817,60.4974,-153.4069,77.3663
818,60.7974,-153.4069,77.3663
819,61.0974,-153.4069,77.3663
820,61.3974,-153.4069,77.3663
821,61.6974,-153.4069,77.3663
822,61.9974,-153.4069,77.3663
823,62.2974,-153.4069,77.3663
824,62.5974,-153.4069,77.3663
825,62.8974,-153.4069,77.3663
826,63.1974,-153.4069,77.3663
827,63.4974,-153.1069,77.3663
828,63.1974,-153.1069,77.3663
829,62.8974,-153.1069,77.3663
830,62.5974,-153.1069,77.3663
831,62.2974,-153.4069,77.3663
832,61.9974,-153.4069,77.3663
833,61.6974,-153.4069,77.3663
834,61.3974,-153.4069,77.3663
835,61.0974,-153.4069,77.3663
836,60.7974,-153.4069,77.3663
837,60.4974,-153.4069,77.3663
838,60.1974,-153.4069,77.3663
839,59.8974,-153.4069,77.3663
840,59.5974,-153.4069,77.3663
841,59.2974,-153.4069,77.3663
842,58.9974,-153.4069,77.3663
843,58.6974,-153.4069,77.3663
844,58.3974,-153.4069,77.3663
845,58.0974,-153.4069,77.3663
846,57.7974,-153.4069,77.3663
847,57.4974,-153.4069,77.3663
848,57.1974,-153.4069,77.3663
849,56.8974,-153.4069,77.3663
850,56.5974,-153.4069,77.3663
851,56.2974,-153.4069,77.3663
852,55.9974,-153.4069,77.3663
853,55.6974,-153.4069,77.3663
854,55.3974,-153.4069,77.3663
855,55.0974,-153.4069,77.3663
856,54.7974,-153.4069,77.3663
857,54.4974,-153.4069,77.3663
858,54.1974,-153.4069,77.3663
859,53.8974,-153.4069,77.3663
860,53.5974,-153.4069,77.3663
861,53.2974,-153.4069,77.3663
862,52.9974,-153.4069,77.3663
863,52.6974,-153.4069,77.3663
864,52.3974,-153.4069,77.3663
865,52.0974,-153.4069,77.3663
866,51.7974,-153.4069,77.3663
867,51.4974,-153.4069,77.3663
868,51.1974,-153.4069,77.3663
869,50.8974,-153.4069,77.3663
870,50.5974,-153.4069,77.3663
871,50.2974,-153.4069,77.3663
872,49.9974,-153.4069,77.3663
873,49.6974,-153.4069,77.3663
874,49.3974,-153.4069,77.3663
875,49.0974,-153.4069,77.3663
876,48.7974,-153.4069,77.3663
877,48.4974,-153.4069,77.3663
878,48.1974,-153.4069,77.3663
879,47.8974,-153.4069,77.3663
880,47.5974,-153.4069,77.3663
881,47.2974,-153.4069,77.3663
882,46.9974,-153.4069,77.3663
883,46.6974,-153.4069,77.3663
884,46.3974,-153.4069,77.3663
885,46.0974,-153.4069,77.3663
886,45.7974,-153.4069,77.3663
887,45.4974,-153.4069,77.3663
888,45.1974,-153.4069,77.3663
889,44.8974,-153.4069,77.3663
890,44.5974,-153.4069,77.3663
891,44.2974,-153.4069,77.3663
892,43.9974,-153.4069,77.3663
893,43.6974,-153.4069,77.3663
894,43.3974,-153.4069,77.3663
895,43.0974,-153.4069,77.3663
896,42.7974,-153.4069,77.3663
897,42.4974,-153.4069,77.3663
898,42.1974,-153.4069,77.3663
899,41.8974,-153.4069,77.3663
900,41.5974,-153.4069,77.3663
901,41.2974,-153.4069,77.3663
902,40.9974,-153.4069,77.3663
903,40.6974,-153.4069,77.3663
904,40.3974,-153.4069,77.3663
905,40.0974,-153.4069,77.3663
906,39.7974,-153.4069,77.3663
907,39.4974,-153.4069,77.3663
908,39.1974,-153.4069,77.3663
909,38.8974,-153.4069,77.3663
910,38.5974,-153.4069,77.3663
911,38.2974,-153.4069,77.3663
912,37.9974,-153.4069,77.3663
913,37.6974,-153.4069,77.3663
914,37.3974,-153.4069,77.3663
915,37.0974,-153.4069,77.3663
916,36.7974,-153.4069,77.3663
917,36.4974,-153.4069,77.3663
918,36.1974,-153.4069,77.3663
919,35.8974,-153.4069,77.3663
920,35.5974,-153.4069,77.3663
921,35.2974,-153.4069,77.3663
922,34.9974,-153.4069,77.3663
923,34.6974,-153.4069,77.3663
924,34.3974,-153.4069,77.3663
925,34.0974,-153.4069,77.3663
926,33.7974,-153.4069,77.3663
927,33.4974,-153.4069,77.3663
928,33.1974,-153.4069,77.3663
929,32.8974,-153.4069,77.3663
930,32.5974,-153.1069,77.3663
931,32.2974,-152.8069,77.3663
932,31.9974,-152.5069,77.3663
933,31.6974,-152.2069,77.3663
934,31.3974,-151.9069,77.3663
935,31.0974,-151.6069,77.3663
936,30.7974,-151.3069,77.3663
937,30.4974,-151.0069,77.3663
938,30.1974,-150.7069,77.3663
939,29.8974,-150.4069,77.3663
940,29.5974,-150.1069,77.3663
941,29.2974,-149.8069,77.3663
942,28.9974,-149.5069,77.3663
943,28.6974,-149.2069,77.3663
944,28.3974,-148.9069,77.3663
945,28.0974,-148.6069,77.3663
946,27.7974,-148.3069,77.3663
947,27.4974,-148.0069,77.3663
948,27.1974,-148.0069,77.3663
949,26.8974,-148.0069,77.3663
950,26.5974,-148.0069,77.3663
951,26.2974,-148.0069,77.3663
952,25.9974,-148.0069,77.3663
953,25.6974,-148.0069,77.3663
954,25.3974,-148.0069,77.3663
955,25.0974,-148.0069,77.3663
956,24.7974,-148.0069,77.3663
957,24.4974,-148.0069,77.3663
958,24.1974,-148.0069,77.3663
959,23.8974,-148.0069,77.3663
960,23.5974,-148.0069,77.3663
961,23.2974,-148.0069,77.3663
962,22.9974,-148.0069,77.3663
963,22.6974,-148.0069,77.3663
964,22.3974,-148.0069,77.3663
965,22.0974,-148.0069,77.3663
966,21.7974,-148.0069,77.3663
967,21.4974,-148.0069,77.3663
968,21.1974,-148.0069,77.3663
969,20.8974,-148.0069,77.3663
970,20.5974,-148.0069,77.3663
971,20.2974,-148.0069,77.3663
972,19.9974,-148.0069,77.3663
973,19.6974,-148.0069,77.3663
974,19.3974,-148.0069,77.3663
975,19.0974,-148.0069,77.3663
976,18.7974,-148.0069,77.3663
977,18.4974,-148.0069,77.3663
978,18.1974,-148.0069,77.3663
979,17.8974,-148.0069,77.3663
980,17.5974,-148.0069,77.3663
981,17.2974,-148.0069,77.3663
982,16.9974,-148.0069,77.3663
983,16.6974,-148.0069,77.3663
984,16.3974,-148.0069,77.3663
985,16.0974,-148.0069,77.3663
986,15.7974,-148.0069,77.3663
987,15.4974,-148.0069,77.3663
988,15.1974,-148.0069,77.3663
989,14.8974,-148.0069,77.3663
990,14.5974,-148.0069,77.3663
991,14.2974,-147.7069,77.3663
992,13.9974,-147.7069,77.3663
993,13.6974,-147.4069,77.3663
994,13.3974,-147.4069,77.3663
995,13.0974,-147.4069,77.3663
996,12.7974,-147.1069,77.3663
997,12.4974,-147.1069,77.3663
998,12.1974,-146.8069,77.3663
999,11.8974,-146.8069,77.3663
1000,11.5974,-146.5069,77.3663
1001,11.2974,-146.5069,77.3663
1002,10.9974,-146.2069,77.3663
1003,10.6974,-146.2069,77.3663
1004,10.3974,-145.9069,77.3663
1005,10.0974,-145.9069,77.3663
1006,9.7974,-145.9069,77.3663
1007,9.4974,-145.6069,77.3663
1008,9.1974,-145.6069,77.3663
1009,8.8974,-145.3069,77.3663
1010,8.5974,-145.3069,77.3663
1011,8.2974,-145.0069,77.3663
1012,7.9974,-145.0069,77.3663
1013,7.6974,-144.7069,77.3663
1014,7.3974,-144.7069,77.3663
1015,7.0974,-144.4069,77.3663
1016,6.7974,-144.4069,77.3663
1017,6.4974,-144.4069,77.3663
1018,6.1974,-144.1069,77.3663
1019,5.8974,-144.1069,77.3663
1020,5.5974,-143.8069,77.3663
1021,5.2974,-143.8069,77.3663
1022,4.9974,-143.5069,77.3663
1023,4.6974,-143.5069,77.3663
1024,4.3974,-143.2069,77.3663
1025,4.0974,-143.2069,77.3663
1026,3.7974,-143.2069,77.3663
1027,3.4974,-142.9069,77.3663
1028,3.7974,-142.9069,77.3663
1029,4.0974,-142.9069,77.3663
1030,4.3974,-142.9069,77.3663
1031,4.6974,-142.9069,77.3663
1032,4.9974,-142.9069,77.3663
1033,5.2974,-142.9069,77.3663
1034,5.5974,-142.9069,77.3663
1035,5.8974,-142.9069,77.3663
1036,6.1974,-142.9069,77.3663
1037,6.4974,-142.9069,77.3663
1038,6.7974,-142.9069,77.3663
1039,7.0974,-142.9069,77.3663
1040,7.3974,-142.9069,77.3663
1041,7.6974,-142.9069,77.3663
1042,7.9974,-142.9069,77.3663
1043,8.2974,-142.9069,77.3663
1044,8.5974,-142.9069,77.3663
1045,8.8974,-142.9069,77.3663
1046,9.1974,-142.9069,77.3663
1047,9.4974,-142.9069,77.3663
1048,9.7974,-142.9069,77.3663
1049,10.0974,-142.9069,77.3663
1050,10.3974,-142.9069,77.3663
1051,10.6974,-142.9069,77.3663
1052,10.9974,-142.9069,77.3663
1053,11.2974,-142.9069,77.3663
1054,11.5974,-142.9069,77.3663
1055,11.8974,-142.9069,77.3663
1056,12.1974,-142.9069,77.3663
1057,12.4974,-143.2069,77.3663
1058,12.7974,-143.5069,77.3663
1059,13.0974,-143.8069,77.3663
1060,13.3974,-144.1069,77.3663
1061,13.6974,-144.4069,77.3663
1062,13.9974,-144.7069,77.3663
1063,14.2974,-145.0069,77.3663
1064,14.5974,-145.0069,77.3663
1065,14.8974,-145.3069,77.3663
1066,15.1974,-145.3069,77.3663
1067,15.4974,-145.6069,77.3663
1068,15.7974,-145.6069,77.3663
1069,16.0974,-145.6069,77.3663
1070,16.3974,-145.6069,77.3663
1071,16.6974,-145.6069,77.3663
1072,16.9974,-145.6069,77.3663
1073,17.2974,-145.9069,77.3663
1074,17.5974,-145.9069,77.3663
1075,17.8974,-145.9069,77.3663
1076,18.1974,-145.9069,77.3663
1077,18.4974,-145.9069,77.3663
1078,18.7974,-146.2069,77.3663
1079,19.0974,-146.2069,77.3663
1080,19.3974,-146.5069,77.3663
1081,19.6974,-146.5069,77.3663
1082,19.9974,-146.5069,77.3663
1083,20.2974,-146.5069,77.3663
1084,20.5974,-146.8069,77.3663
1085,20.8974,-147.1069,77.3663
1086,21.1974,-147.1069,77.3663
1087,21.4974,-147.1069,77.3663
1088,21.7974,-147.1069,77.3663
1089,22.0974,-147.1069,77.3663
1090,22.3974,-147.1069,77.3663
1091,22.6974,-147.1069,77.3663
1092,22.9974,-147.1069,77.3663
1093,23.2974,-147.1069,77.3663
1094,23.5974,-147.1069,77.3663
1095,23.8974,-147.1069,77.3663
1096,24.1974,-147.1069,77.3663
1097,24.4974,-147.1069,77.3663
1098,24.7974,-147.4069,77.3663
1099,25.0974,-147.4069,77.3663
1100,25.3974,-147.4069,77.3663
1101,25.6974,-147.4069,77.3663
1102,25.9974,-147.4069,77.3663
1103,26.2974,-147.4069,77.3663
1104,26.5974,-147.7069,77.3663
1105,26.8974,-147.7069,77.3663
1106,27.1974,-147.7069,77.3663
1107,27.4974,-147.7069,77.3663
1108,27.7974,-148.0069,77.3663
1109,28.0974,-148.0069,77.3663
1110,28.3974,-148.0069,77.3663
1111,28.6974,-148.0069,77.3663
1112,28.9974,-148.0069,77.3663
1113,29.2974,-148.0069,77.3663
1114,29.5974,-148.0069,77.3663
1115,29.8974,-148.3069,77.3663
1116,30.1974,-148.3069,77.3663
1117,30.4974,-148.3069,77.3663
1118,30.7974,-148.3069,77.3663
1119,31.0974,-148.3069,77.3663
1120,31.3974,-148.3069,77.3663
1121,31.6974,-148.3069,77.3663
1122,31.9974,-148.6069,77.3663
1123,32.2974,-148.6069,77.3663
1124,32.5974,-148.6069,77.3663
1125,32.8974,-148.6069,77.3663
1126,33.1974,-148.6069,77.3663
1127,33.4974,-148.6069,77.3663
1128,33.7974,-148.6069,77.3663
1129,34.0974,-148.9069,77.3663
1130,34.3974,-148.9069,77.3663
1131,34.6974,-148.9069,77.3663
1132,34.9974,-148.9069,77.3663
1133,35.2974,-148.9069,77.3663
1134,35.5974,-148.9069,77.3663
1135,35.8974,-149.2069,77.3663
1136,36.1974,-149.2069,77.3663
1137,36.4974,-149.2069,77.3663
1138,36.7974,-149.2069,77.3663
1139,37.0974,-149.2069,77.3663
1140,37.3974,-149.2069,77.3663
1141,37.6974,-149.2069,77.3663
1142,37.9974,-149.2069,77.3663
1143,38.2974,-149.2069,77.3663
1144,38.5974,-149.2069,77.3663
1145,38.8974,-149.5069,77.3663
1146,39.1974,-149.5069,77.3663
1147,39.4974,-149.8069,77.3663
1148,39.7974,-149.8069,77.3663
1149,40.0974,-149.8069,77.3663
1150,40.3974,-149.8069,77.3663
1151,40.6974,-149.8069,77.3663
1152,40.9974,-149.8069,77.3663
1153,41.2974,-149.8069,77.3663
1154,41.5974,-150.1069,77.3663
1155,41.8974,-150.1069,77.3663
1156,42.1974,-150.1069,77.3663
1157,42.4974,-150.1069,77.3663
1158,42.7974,-150.1069,77.3663
1159,43.0974,-150.4069,77.3663
1160,43.3974,-150.4069,77.3663
1161,43.6974,-150.7069,77.3663
1162,43.9974,-150.7069,77.3663
1163,44.2974,-150.7069,77.3663
1164,44.5974,-150.7069,77.3663
1165,44.8974,-150.7069,77.3663
1166,45.1974,-150.7069,77.3663
1167,45.4974,-150.7069,77.3663
1168,45.7974,-150.7069,77.3663
1169,46.0974,-150.7069,77.3663
1170,46.3974,-150.7069,77.3663
1171,46.6974,-151.0069,77.3663
1172,46.9974,-151.0069,77.3663
1173,47.2974,-151.0069,77.3663
1174,47.5974,-151.0069,77.3663
1175,47.8974,-151.0069,77.3663
1176,48.1974,-151.0069,77.3663
1177,48.4974,-151.3069,77.3663
1178,48.7974,-151.3069,77.3663
1179,49.0974,-151.6069,77.3663
1180,49.3974,-151.6069,77.3663
1181,49.0974,-151.6069,77.3663
1182,48.7974,-151.6069,77.3663
1183,48.4974,-151.6069,77.3663
1184,48.1974,-151.6069,77.3663
1185,47.8974,-151.6069,77.3663
1186,47.5974,-151.6069,77.3663
1187,47.2974,-151.6069,77.3663
1188,46.9974,-151.6069,77.3663
1189,46.6974,-151.6069,77.3663
1190,46.3974,-151.6069,77.3663
1191,46.0974,-151.6069,77.3663
1192,45.7974,-151.6069,77.3663
1193,45.4974,-151.6069,77.3663
1194,45.1974,-151.6069,77.3663
1195,44.8974,-151.6069,77.3663
1196,44.5974,-151.6069,77.3663
1197,44.2974,-151.6069,77.3663
1198,43.9974,-151.6069,77.3663
1199,43.6974,-151.6069,77.3663
1200,43.3974,-151.6069,77.3663
1201,43.0974,-151.6069,77.3663
1202,42.7974,-151.6069,77.3663
1203,42.4974,-151.6069,77.3663
1204,42.1974,-151.6069,77.3663
1205,41.8974,-151.6069,77.3663
1206,41.5974,-151.6069,77.3663
1207,41.2974,-151.6069,77.3663
1208,40.9974,-151.6069,77.3663
1209,40.6974,-151.6069,77.3663
1210,40.3974,-151.6069,77.3663
1211,40.0974,-151.6069,77.3663
1212,39.7974,-151.6069,77.3663
1213,39.4974,-151.6069,77.3663
1214,39.1974,-151.6069,77.3663
1215,38.8974,-151.6069,77.3663
1216,38.5974,-151.6069,77.3663
1217,38.2974,-151.3069,77.3663
1218,37.9974,-151.3069,77.3663
1219,37.6974,-151.3069,77.3663
1220,37.3974,-151.0069,77.3663
1221,37.0974,-151.0069,77.3663
1222,36.7974,-150.7069,77.3663
1223,36.4974,-150.7069,77.3663
1224,36.1974,-150.4069,77.3663
1225,35.8974,-150.4069,77.3663
1226,35.5974,-150.1069,77.3663
1227,35.2974,-150.1069,77.3663
1228,34.9974,-149.8069,77.3663
1229,34.6974,-149.8069,77.3663
1230,34.3974,-149.8069,77.3663
1231,34.0974,-149.5069,77.3663
1232,33.7974,-149.5069,77.3663
1233,33.4974,-149.2069,77.3663
1234,33.1974,-149.2069,77.3663
1235,32.8974,-148.9069,77.3663
1236,32.5974,-148.9069,77.3663
1237,32.2974,-148.6069,77.3663
1238,31.9974,-148.6069,77.3663
1239,31.6974,-148.6069,77.3663
1240,31.3974,-148.3069,77.3663
1241,31.6974,-148.3069,77.3663
1242,31.9974,-148.6069,77.3663
1243,32.2974,-148.6069,77.3663
1244,32.5974,-148.6069,77.3663
1245,32.8974,-148.6069,77.3663
1246,33.1974,-148.6069,77.3663
1247,33.4974,-148.6069,77.3663
1248,33.7974,-148.9069,77.3663
1249,34.0974,-148.9069,77.3663
1250,34.3974,-148.9069,77.3663
1251,34.6974,-148.9069,77.3663
1252,34.9974,-148.9069,77.3663
1253,35.2974,-148.9069,77.3663
1254,35.5974,-148.9069,77.3663
1255,35.8974,-149.2069,77.3663
1256,36.1974,-149.2069,77.3663
1257,36.4974,-149.2069,77.3663
1258,36.7974,-149.2069,77.3663
1259,37.0974,-149.2069,77.3663
1260,37.3974,-149.2069,77.3663
1261,37.6974,-149.2069,77.3663
1262,37.9974,-149.2069,77.3663
1263,38.2974,-149.2069,77.3663
1264,38.5974,-149.2069,77.3663
1265,38.8974,-149.5069,77.3663
1266,39.1974,-149.5069,77.3663
1267,39.4974,-149.8069,77.3663
1268,39.7974,-149.8069,77.3663
1269,40.0974,-149.8069,77.3663
1270,40.3974,-149.8069,77.3663
1271,40.6974,-149.8069,77.3663
1272,40.9974,-149.8069,77.3663
1273,41.2974,-149.8069,77.3663
1274,41.5974,-150.1069,77.3663
1275,41.8974,-150.1069,77.3663
1276,42.1974,-150.1069,77.3663
1277,42.4974,-150.1069,77.3663
1278,42.7974,-150.1069,77.3663
1279,43.0974,-150.4069,77.3663
1280,43.3974,-150.4069,77.3663
1281,43.6974,-150.7069,77.3663
1282,43.9974,-150.7069,77.3663
1283,44.2974,-150.7069,77.3663
1284,44.5974,-150.7069,77.3663
1285,44.8974,-150.7069,77.3663
1286,45.1974,-150.7069,77.3663
1287,45.4974,-150.7069,77.3663
1288,45.7974,-150.7069,77.3663
1289,46.0974,-150.7069,77.3663
1290,46.3974,-150.7069,77.3663
1291,46.6974,-151.0069,77.3663
1292,46.9974,-151.3069,77.3663
1293,47.2974,-151.3069,77.3663
1294,47.5974,-151.3069,77.3663
1295,47.8974,-151.3069,77.3663
1296,48.1974,-151.3069,77.3663
1297,48.4974,-151.3069,77.3663
1298,48.7974,-151.3069,77.3663
1299,49.0974,-151.6069,77.3663
1300,49.3974,-151.6069,77.3663
1301,49.6974,-151.6069,77.3663
1302,49.9974,-151.6069,77.3663
1303,50.2974,-151.6069,77.3663
1304,50.5974,-151.6069,77.3663
1305,50.8974,-151.9069,77.3663
1306,51.1974,-151.9069,77.3663
1307,51.4974,-151.9069,77.3663
1308,51.7974,-151.9069,77.3663
1309,52.0974,-151.9069,77.3663
1310,52.3974,-151.9069,77.3663
1311,52.6974,-151.9069,77.3663
1312,52.9974,-151.9069,77.3663
1313,53.2974,-151.9069,77.3663
1314,53.5974,-152.2069,77.3663
1315,53.8974,-152.2069,77.3663
1316,54.1974,-152.5069,77.3663
1317,54.4974,-152.5069,77.3663
1318,54.7974,-152.5069,77.3663
1319,55.0974,-152.5069,77.3663
1320,55.3974,-152.5069,77.3663
1321,55.6974,-152.5069,77.3663
1322,55.9974,-152.5069,77.3663
1323,56.2974,-152.5069,77.3663
1324,56.5974,-152.8069,77.3663
1325,56.8974,-152.8069,77.3663
1326,57.1974,-152.8069,77.3663
1327,57.4974,-152.8069,77.3663
1328,57.7974,-152.8069,77.3663
1329,58.0974,-153.1069,77.3663
1330,58.3974,-153.1069,77.3663
1331,58.6974,-153.1069,77.3663
1332,58.9974,-153.1069,77.3663
1333,59.2974,-153.1069,77.3663
1334,59.5974,-153.1069,77.3663
1335,59.8974,-153.1069,77.3663
1336,-43.8307,-135.3955,77.5000
1337,-43.6026,-135.7069,77.3663
1338,-43.3026,-135.7069,77.3663
1339,-43.0026,-135.7069,77.3663
1340,-42.7026,-135.7069,77.3663
1341,-42.4026,-136.0069,77.3663
1342,-42.1026,-136.3069,77.3663
1343,-41.8026,-136.3069,77.3663
1344,-41.5026,-136.3069,77.3663
1345,-41.2026,-136.3069,77.3663
1346,-40.9026,-136.3069,77.3663
1347,-40.6026,-136.3069,77.3663
1348,-40.3026,-136.3069,77.3663
1349,-40.0026,-136.3069,77.3663
1350,-39.7026,-136.3069,77.3663
1351,-39.4026,-136.3069,77.3663
1352,-39.1026,-136.3069,77.3663
1353,-38.8026,-136.3069,77.3663
1354,-38.5026,-136.3069,77.3663
1355,-38.2026,-136.3069,77.3663
1356,-37.9026,-136.6069,77.3663
1357,-37.6026,-136.6069,77.3663
1358,-37.3026,-136.6069,77.3663
1359,-37.0026,-136.6069,77.3663
1360,-36.7026,-136.6069,77.3663
1361,-36.4026,-136.6069,77.3663
1362,-36.1026,-136.6069,77.3663
1363,-35.8026,-136.6069,77.3663
1364,-35.5026,-136.6069,77.3663
1365,-35.2026,-136.9069,77.3663
1366,-34.9026,-136.9069,77.3663
1367,-34.6026,-136.9069,77.3663
1368,-34.3026,-137.2069,77.3663
1369,-34.0026,-137.2069,77.3663
1370,-33.7026,-137.2069,77.3663
1371,-33.4026,-137.2069,77.3663
1372,-33.1026,-137.2069,77.3663
1373,-32.8026,-137.2069,77.3663
1374,-32.5026,-137.5069,77.3663
1375,-32.2026,-137.5069,77.3663
1376,-31.9026,-137.5069,77.3663
1377,-31.6026,-137.5069,77.3663
1378,-31.3026,-137.5069,77.3663
1379,-31.0026,-137.8069,77.3663
1380,-30.7026,-137.8069,77.3663
1381,-30.4026,-138.1069,77.3663
1382,-30.1026,-138.1069,77.3663
1383,-29.8026,-138.1069,77.3663
1384,-29.5026,-138.1069,77.3663
1385,-29.2026,-138.1069,77.3663
1386,-28.9026,-138.1069,77.3663
1387,-28.6026,-138.1069,77.3663
1388,-28.3026,-138.1069,77.3663
1389,-28.0026,-138.1069,77.3663
1390,-27.7026,-138.1069,77.3663
1391,-27.4026,-138.1069,77.3663
1392,-27.1026,-138.1069,77.3663
1393,-26.8026,-138.1069,77.3663
1394,-26.5026,-138.1069,77.3663
1395,-26.2026,-138.1069,77.3663
1396,-25.9026,-138.1069,77.3663
1397,-25.6026,-138.1069,77.3663
1398,-25.3026,-138.1069,77.3663
1399,-25.0026,-138.1069,77.3663
1400,-24.7026,-138.1069,77.3663
1401,-24.4026,-138.1069,77.3663
1402,-24.1026,-138.1069,77.3663
1403,-23.8026,-138.1069,77.3663
1404,-23.5026,-138.1069,77.3663
1405,-23.2026,-138.1069,77.3663
1406,-22.9026,-138.1069,77.3663
1407,-22.6026,-138.1069,77.3663
1408,-22.3026,-138.1069,77.3663
1409,-22.0026,-138.1069,77.3663
1410,-21.7026,-138.1069,77.3663
1411,-21.4026,-138.1069,77.3663
1412,-21.1026,-138.1069,77.3663
1413,-20.8026,-138.1069,77.3663
1414,-20.5026,-138.1069,77.3663
1415,-20.2026,-138.1069,77.3663
1416,-19.9026,-138.1069,77.3663
1417,-19.6026,-138.4069,77.3663
1418,-19.3026,-138.7069,77.3663
1419,-19.0026,-139.0069,77.3663
1420,-18.7026,-139.3069,77.3663
1421,-18.4026,-139.6069,77.3663
1422,-18.1026,-139.9069,77.3663
1423,-17.8026,-140.2069,77.3663
1424,-17.5026,-140.5069,77.3663
1425,-17.2026,-140.8069,77.3663
1426,-16.9026,-141.1069,77.3663
1427,-16.6026,-141.4069,77.3663
1428,-16.3026,-141.7069,77.3663
1429,-16.0026,-142.0069,77.3663
1430,-15.7026,-142.3069,77.3663
1431,-15.4026,-142.6069,77.3663
1432,-15.1026,-142.9069,77.3663
1433,-14.8026,-143.2069,77.3663
1434,-14.5026,-143.5069,77.3663
1435,-14.2026,-143.8069,77.3663
1436,-13.9026,-144.1069,77.3663
1437,-13.6026,-144.4069,77.3663
1438,-13.3026,-144.7069,77.3663
1439,-13.0026,-145.0069,77.3663
1440,-12.7026,-145.3069,77.3663
1441,-12.4026,-145.6069,77.3663
1442,-12.1026,-145.9069,77.3663
1443,-11.8026,-146.2069,77.3663
1444,-11.5026,-146.5069,77.3663
1445,-11.2026,-146.8069,77.3663
1446,-10.9026,-147.1069,77.3663
1447,-10.6026,-147.4069,77.3663
1448,-10.3026,-147.4069,77.3663
1449,-10.0026,-147.4069,77.3663
1450,-9.7026,-147.4069,77.3663
1451,-9.4026,-147.4069,77.3663
1452,-9.1026,-147.4069,77.3663
1453,-8.8026,-147.4069,77.3663
1454,-8.5026,-147.4069,77.3663
1455,-8.2026,-147.4069,77.3663
1456,-7.9026,-147.4069,77.3663
1457,-7.6026,-147.4069,77.3663
1458,-7.3026,-147.4069,77.3663
1459,-7.0026,-147.4069,77.3663
1460,-6.7026,-147.4069,77.3663
1461,-6.4026,-147.4069,77.3663
1462,-6.1026,-147.4069,77.3663
1463,-5.8026,-147.4069,77.3663
1464,-5.5026,-147.4069,77.3663
1465,-5.2026,-147.4069,77.3663
1466,-4.9026,-147.4069,77.3663
1467,-4.6026,-147.4069,77.3663
1468,-4.3026,-147.4069,77.3663
1469,-4.0026,-147.4069,77.3663
1470,-3.7026,-147.4069,77.3663
1471,-3.4026,-147.4069,77.3663
1472,-3.1026,-147.4069,77.3663
1473,-2.8026,-147.4069,77.3663
1474,-2.5026,-147.4069,77.3663
1475,-2.2026,-147.4069,77.3663
1476,-1.9026,-147.4069,77.3663
1477,-1.6026,-147.4069,77.3663
1478,-1.3026,-147.4069,77.3663
1479,-1.0026,-147.4069,77.3663
1480,-0.7026,-147.4069,77.3663
1481,-0.4026,-147.4069,77.3663
1482,-0.1026,-147.4069,77.3663
1483,0.1974,-147.4069,77.3663
1484,0.4974,-147.4069,77.3663
1485,0.7974,-147.4069,77.3663
1486,1.0974,-147.4069,77.3663
1487,1.3974,-147.4069,77.3663
1488,1.6974,-147.4069,77.3663
1489,1.9974,-147.4069,77.3663
1490,2.2974,-147.4069,77.3663
1491,2.5974,-147.4069,77.3663
1492,2.8974,-147.4069,77.3663
1493,3.1974,-147.4069,77.3663
1494,3.4974,-147.4069,77.3663
1495,3.7974,-147.4069,77.3663
1496,4.0974,-147.4069,77.3663
1497,4.3974,-147.4069,77.3663
1498,4.6974,-147.4069,77.3663
1499,4.9974,-147.4069,77.3663
1500,5.2974,-147.4069,77.3663
1501,5.5974,-147.4069,77.3663
1502,5.8974,-147.4069,77.3663
1503,6.1974,-147.4069,77.3663
1504,6.4974,-147.4069,77.3663
1505,6.7974,-147.4069,77.3663
1506,7.0974,-147.4069,77.3663
1507,7.3974,-147.4069,77.3663
1508,7.6974,-147.4069,77.3663
1509,7.9974,-147.4069,77.3663
1510,8.2974,-147.4069,77.3663
1511,8.5974,-147.4069,77.3663
1512,8.8974,-147.4069,77.3663
1513,9.1974,-147.4069,77.3663
1514,9.4974,-147.4069,77.3663
1515,9.7974,-147.4069,77.3663
1516,10.0974,-147.4069,77.3663
1517,10.3974,-147.4069,77.3663
1518,10.6974,-147.4069,77.3663
1519,10.9974,-147.4069,77.3663
1520,11.2974,-147.4069,77.3663
1521,11.5974,-147.4069,77.3663
1522,11.8974,-147.4069,77.3663
1523,12.1974,-147.4069,77.3663
1524,12.4974,-147.4069,77.3663
1525,12.7974,-147.4069,77.3663
1526,13.0974,-147.4069,77.3663
1527,13.3974,-147.4069,77.3663
1528,13.6974,-147.4069,77.3663
1529,13.9974,-147.4069,77.3663
1530,14.2974,-147.4069,77.3663
1531,14.5974,-147.4069,77.3663
1532,14.8974,-147.4069,77.3663
1533,15.1974,-147.4069,77.3663
1534,15.4974,-147.4069,77.3663
1535,15.7974,-147.4069,77.3663
1536,16.0974,-147.4069,77.3663
1537,16.3974,-147.4069,77.3663
1538,16.6974,-147.4069,77.3663
1539,16.9974,-147.4069,77.3663
1540,17.2974,-147.4069,77.3663
1541,17.5974,-147.4069,77.3663
1542,17.8974,-147.4069,77.3663
1543,18.1974,-147.4069,77.3663
1544,18.4974,-147.4069,77.3663
1545,18.7974,-147.4069,77.3663
1546,19.0974,-147.4069,77.3663
1547,19.3974,-147.4069,77.3663
1548,19.6974,-147.4069,77.3663
1549,19.9974,-147.4069,77.3663
1550,20.2974,-147.4069,77.3663
1551,20.5974,-147.4069,77.3663
1552,20.8974,-147.4069,77.3663
1553,21.1974,-147.4069,77.3663
1554,21.4974,-147.4069,77.3663
1555,21.7974,-147.4069,77.3663
1556,22.0974,-147.4069,77.3663
1557,22.3974,-147.4069,77.3663
1558,22.6974,-147.4069,77.3663
1559,22.9974,-147.4069,77.3663
1560,23.2974,-147.4069,77.3663
1561,23.5974,-147.4069,77.3663
1562,23.8974,-147.4069,77.3663
1563,24.1974,-147.4069,77.3663
1564,24.4974,-147.4069,77.3663
1565,24.7974,-147.4069,77.3663
1566,25.0974,-147.4069,77.3663
1567,25.3974,-147.4069,77.3663
1568,25.6974,-147.4069,77.3663
1569,25.9974,-147.4069,77.3663
1570,26.2974,-147.4069,77.3663
1571,26.5974,-147.7069,77.3663
1572,26.8974,-147.7069,77.3663
1573,27.1974,-147.7069,77.3663
1574,27.4974,-147.7069,77.3663
1575,27.7974,-147.7069,77.3663
1576,28.0974,-147.7069,77.3663
1577,28.3974,-147.7069,77.3663
1578,28.6974,-148.0069,77.3663
1579,28.9974,-148.0069,77.3663
1580,29.2974,-148.0069,77.3663
1581,29.5974,-148.3069,77.3663
1582,29.8974,-148.3069,77.3663
1583,30.1974,-148.3069,77.3663
1584,30.4974,-148.3069,77.3663
1585,30.7974,-148.3069,77.3663
1586,31.0974,-148.3069,77.3663
1587,31.3974,-148.3069,77.3663
1588,31.6974,-148.3069,77.3663
1589,31.9974,-148.6069,77.3663
1590,32.2974,-148.6069,77.3663
1591,32.5974,-148.6069,77.3663
1592,32.2974,-148.6069,77.3663
1593,31.9974,-148.6069,77.3663
1594,31.6974,-148.6069,77.3663
1595,31.3974,-148.6069,77.3663
1596,31.0974,-148.6069,77.3663
1597,30.7974,-148.6069,77.3663
1598,30.4974,-148.6069,77.3663
1599,30.1974,-148.6069,77.3663
1600,29.8974,-148.6069,77.3663
1601,29.5974,-148.6069,77.3663
1602,29.2974,-148.6069,77.3663
1603,28.9974,-148.6069,77.3663
1604,28.6974,-148.6069,77.3663
1605,28.3974,-148.6069,77.3663
1606,28.0974,-148.6069,77.3663
1607,27.7974,-148.6069,77.3663
1608,27.4974,-148.6069,77.3663
1609,27.1974,-148.6069,77.3663
1610,26.8974,-148.6069,77.3663
1611,26.5974,-148.6069,77.3663
1612,26.2974,-148.6069,77.3663
1613,25.9974,-148.6069,77.3663
1614,25.6974,-148.6069,77.3663
1615,25.3974,-148.6069,77.3663
1616,25.0974,-148.6069,77.3663
1617,24.7974,-148.6069,77.3663
1618,24.4974,-148.3069,77.3663
1619,24.1974,-148.3069,77.3663
1620,23.8974,-148.3069,77.3663
1621,23.5974,-148.3069,77.3663
1622,23.2974,-148.3069,77.3663
1623,22.9974,-148.3069,77.3663
1624,22.6974,-148.0069,77.3663
1625,22.3974,-147.7069,77.3663
1626,22.0974,-147.4069,77.3663
1627,21.7974,-147.1069,77.3663
1628,21.4974,-147.1069,77.3663
1629,21.1974,-146.8069,77.3663
1630,20.8974,-146.8069,77.3663
1631,20.5974,-146.8069,77.3663
1632,20.2974,-146.5069,77.3663
1633,20.5974,-146.5069,77.3663
1634,20.8974,-146.5069,77.3663
1635,21.1974,-146.8069,77.3663
1636,21.4974,-146.8069,77.3663
1637,21.7974,-146.8069,77.3663
1638,22.0974,-146.8069,77.3663
1639,22.3974,-146.8069,77.3663
1640,22.6974,-147.1069,77.3663
1641,22.9974,-147.1069,77.3663
1642,23.2974,-147.1069,77.3663
1643,23.5974,-147.1069,77.3663
1644,23.8974,-147.1069,77.3663
1645,24.1974,-147.1069,77.3663
1646,24.4974,-147.1069,77.3663
1647,24.7974,-147.4069,77.3663
1648,25.0974,-147.4069,77.3663
1649,25.3974,-147.4069,77.3663
1650,25.6974,-147.4069,77.3663
1651,25.9974,-147.4069,77.3663
1652,26.2974,-147.4069,77.3663
1653,26.5974,-147.7069,77.3663
1654,26.8974,-147.7069,77.3663
1655,27.1974,-147.7069,77.3663
1656,27.4974,-147.7069,77.3663
1657,27.7974,-147.7069,77.3663
1658,28.0974,-147.7069,77.3663
1659,28.3974,-147.7069,77.3663
1660,28.6974,-148.0069,77.3663
1661,28.9974,-148.0069,77.3663
1662,29.2974,-148.0069,77.3663
1663,29.5974,-148.0069,77.3663
1664,29.8974,-148.3069,77.3663
1665,30.1974,-148.3069,77.3663
1666,30.4974,-148.3069,77.3663
1667,30.7974,-148.3069,77.3663
1668,31.0974,-148.3069,77.3663
1669,31.3974,-148.3069,77.3663
1670,31.6974,-148.3069,77.3663
1671,31.9974,-148.6069,77.3663
1672,32.2974,-148.6069,77.3663
1673,32.5974,-148.6069,77.3663
1674,32.8974,-148.6069,77.3663
1675,33.1974,-148.6069,77.3663
1676,33.4974,-148.6069,77.3663
1677,33.7974,-148.6069,77.3663
1678,34.0974,-148.9069,77.3663
1679,34.3974,-148.9069,77.3663
1680,34.6974,-148.9069,77.3663
1681,34.9974,-148.9069,77.3663
1682,35.2974,-148.9069,77.3663
1683,35.5974,-148.9069,77.3663
1684,35.8974,-149.2069,77.3663
1685,36.1974,-149.2069,77.3663
1686,36.4974,-149.2069,77.3663
1687,36.7974,-149.2069,77.3663
1688,37.0974,-149.2069,77.3663
1689,37.3974,-149.2069,77.3663
1690,37.6974,-149.2069,77.3663
1691,37.9974,-149.2069,77.3663
1692,38.2974,-149.2069,77.3663
1693,38.5974,-149.2069,77.3663
1694,38.8974,-149.5069,77.3663
1695,39.1974,-149.5069,77.3663
1696,39.4974,-149.8069,77.3663
1697,39.7974,-149.8069,77.3663
1698,40.0974,-149.8069,77.3663
1699,39.7974,-149.8069,77.3663
1700,39.4974,-149.8069,77.3663
1701,39.1974,-149.8069,77.3663
1702,38.8974,-149.8069,77.3663
1703,38.5974,-149.8069,77.3663
1704,38.2974,-149.8069,77.3663
1705,37.9974,-149.8069,77.3663
1706,37.6974,-149.8069,77.3663
1707,37.3974,-149.8069,77.3663
1708,37.0974,-149.8069,77.3663
1709,36.7974,-149.8069,77.3663
1710,36.4974,-149.8069,77.3663
1711,36.1974,-149.8069,77.3663
1712,35.8974,-149.8069,77.3663
1713,35.5974,-149.8069,77.3663
1714,35.2974,-149.8069,77.3663
1715,34.9974,-149.8069,77.3663
1716,34.6974,-149.8069,77.3663
1717,34.3974,-149.8069,77.3663
1718,34.0974,-149.8069,77.3663
1719,33.7974,-149.8069,77.3663
1720,33.4974,-149.8069,77.3663
1721,33.1974,-149.8069,77.3663
1722,32.8974,-149.8069,77.3663
1723,32.5974,-149.8069,77.3663
1724,32.2974,-149.8069,77.3663
1725,31.9974,-149.8069,77.3663
1726,31.6974,-149.5069,77.3663
1727,31.3974,-149.5069,77.3663
1728,31.0974,-149.5069,77.3663
1729,30.7974,-149.5069,77.3663
1730,30.4974,-149.5069,77.3663
1731,30.1974,-149.2069,77.3663
1732,29.8974,-148.9069,77.3663
1733,29.5974,-148.6069,77.3663
1734,29.2974,-148.6069,77.3663
1735,28.9974,-148.3069,77.3663
1736,28.6974,-148.3069,77.3663
1737,28.3974,-148.0069,77.3663
1738,28.0974,-148.0069,77.3663
1739,27.7974,-148.0069,77.3663
1740,27.4974,-147.7069,77.3663
1741,27.1974,-147.7069,77.3663
1742,26.8974,-147.7069,77.3663
1743,26.5974,-147.7069,77.3663
1744,26.2974,-147.7069,77.3663
1745,25.9974,-147.7069,77.3663
1746,25.6974,-147.7069,77.3663
1747,25.3974,-147.7069,77.3663
1748,25.0974,-147.7069,77.3663
1749,24.7974,-147.7069,77.3663
1750,24.4974,-147.7069,77.3663
1751,24.1974,-147.7069,77.3663
1752,23.8974,-147.7069,77.3663
1753,23.5974,-147.7069,77.3663
1754,23.2974,-147.7069,77.3663
1755,22.9974,-147.7069,77.3663
1756,22.6974,-147.7069,77.3663
1757,22.3974,-147.7069,77.3663
1758,22.0974,-147.7069,77.3663
1759,21.7974,-147.7069,77.3663
1760,21.4974,-147.7069,77.3663
1761,21.1974,-147.7069,77.3663
1762,20.8974,-147.7069,77.3663
1763,20.5974,-147.7069,77.3663
1764,20.2974,-147.7069,77.3663
1765,19.9974,-147.7069,77.3663
1766,19.6974,-147.7069,77.3663
1767,19.3974,-147.7069,77.3663
1768,19.0974,-147.7069,77.3663
1769,18.7974,-147.7069,77.3663
1770,18.4974,-147.7069,77.3663
1771,18.1974,-147.7069,77.3663
1772,17.8974,-147.7069,77.3663
1773,17.5974,-147.7069,77.3663
1774,17.2974,-147.7069,77.3663
1775,16.9974,-147.7069,77.3663
1776,16.6974,-147.7069,77.3663
1777,16.3974,-147.7069,77.3663
1778,16.0974,-147.7069,77.3663
1779,15.7974,-147.7069,77.3663
1780,15.4974,-147.7069,77.3663
1781,15.1974,-147.7069,77.3663
1782,14.8974,-147.7069,77.3663
1783,14.5974,-147.7069,77.3663
1784,14.2974,-147.7069,77.3663
1785,13.9974,-147.7069,77.3663
1786,13.6974,-147.7069,77.3663
1787,13.3974,-147.7069,77.3663
1788,13.0974,-147.7069,77.3663
1789,12.7974,-147.7069,77.3663
1790,12.4974,-147.7069,77.3663
1791,12.1974,-147.7069,77.3663
1792,11.8974,-147.7069,77.3663
1793,11.5974,-147.7069,77.3663
1794,11.2974,-147.7069,77.3663
1795,10.9974,-147.7069,77.3663
1796,10.6974,-147.7069,77.3663
1797,10.3974,-147.7069,77.3663
1798,10.0974,-147.7069,77.3663
1799,9.7974,-147.7069,77.3663
1800,9.4974,-147.7069,77.3663
1801,9.1974,-147.7069,77.3663
1802,8.8974,-147.7069,77.3663
1803,8.5974,-147.7069,77.3663
1804,8.2974,-147.7069,77.3663
1805,7.9974,-147.7069,77.3663
1806,7.6974,-147.7069,77.3663
1807,7.3974,-147.7069,77.3663
1808,7.0974,-147.7069,77.3663
1809,6.7974,-147.7069,77.3663
1810,6.4974,-147.7069,77.3663
1811,6.1974,-147.7069,77.3663
1812,5.8974,-147.7069,77.3663
1813,5.5974,-147.7069,77.3663
1814,5.2974,-147.7069,77.3663
1815,4.9974,-147.7069,77.3663
1816,4.6974,-147.7069,77.3663
1817,4.3974,-147.7069,77.3663
1818,4.0974,-147.7069,77.3663
1819,3.7974,-147.7069,77.3663
1820,3.4974,-147.7069,77.3663
1821,3.1974,-147.7069,77.3663
1822,2.8974,-147.7069,77.3663
1823,2.5974,-147.7069,77.3663
1824,2.2974,-147.7069,77.3663
1825,1.9974,-147.7069,77.3663
1826,1.6974,-147.7069,77.3663
1827,1.3974,-147.7069,77.3663
1828,1.0974,-147.7069,77.3663
1829,0.7974,-147.7069,77.3663
1830,0.4974,-147.7069,77.3663
1831,0.1974,-147.7069,77.3663
1832,-0.1026,-147.7069,77.3663
1833,-0.4026,-147.7069,77.3663
1834,-0.7026,-147.7069,77.3663
1835,-1.0026,-147.7069,77.3663
1836,-1.3026,-147.4069,77.3663
1837,-1.6026,-147.1069,77.3663
1838,-1.9026,-146.8069,77.3663
1839,-2.2026,-146.5069,77.3663
1840,-2.5026,-146.2069,77.3663
1841,-2.8026,-145.9069,77.3663
1842,-3.1026,-145.6069,77.3663
1843,-3.4026,-145.3069,77.3663
1844,-3.7026,-145.0069,77.3663
1845,-4.0026,-144.7069,77.3663
1846,-4.3026,-144.4069,77.3663
1847,-4.6026,-144.1069,77.3663
1848,-4.9026,-143.8069,77.3663
1849,-5.2026,-143.5069,77.3663
1850,-5.5026,-143.2069,77.3663
1851,-5.8026,-142.9069,77.3663
1852,-6.1026,-142.6069,77.3663
1853,-6.4026,-142.3069,77.3663
1854,-6.7026,-142.0069,77.3663
1855,-7.0026,-141.7069,77.3663
1856,-7.3026,-141.4069,77.3663
1857,-7.6026,-141.1069,77.3663
1858,-7.9026,-140.8069,77.3663
1859,-8.2026,-140.8069,77.3663
1860,-8.5026,-140.8069,77.3663
1861,-8.8026,-140.8069,77.3663
1862,-9.1026,-140.8069,77.3663
1863,-9.4026,-140.8069,77.3663
1864,-9.7026,-140.8069,77.3663
1865,-10.0026,-140.8069,77.3663
1866,-10.3026,-140.8069,77.3663
1867,-10.6026,-140.8069,77.3663
1868,-10.9026,-140.8069,77.3663
1869,-11.2026,-140.8069,77.3663
1870,-11.5026,-140.8069,77.3663
1871,-11.8026,-140.8069,77.3663
1872,-12.1026,-140.8069,77.3663
1873,-12.4026,-140.8069,77.3663
1874,-12.7026,-140.8069,77.3663
1875,-13.0026,-140.8069,77.3663
1876,-13.3026,-140.8069,77.3663
1877,-13.6026,-140.8069,77.3663
1878,-13.9026,-140.8069,77.3663
1879,-14.2026,-140.8069,77.3663
1880,-14.5026,-140.8069,77.3663
1881,-14.8026,-140.8069,77.3663
1882,-15.1026,-140.8069,77.3663
1883,-15.4026,-140.8069,77.3663
1884,-15.7026,-140.8069,77.3663
1885,-16.0026,-140.8069,77.3663
1886,-16.3026,-140.8069,77.3663
1887,-16.6026,-140.8069,77.3663
1888,-16.9026,-140.8069,77.3663
1889,-17.2026,-140.8069,77.3663
1890,-17.5026,-140.8069,77.3663
1891,-17.8026,-140.8069,77.3663
1892,-18.1026,-140.8069,77.3663
1893,-18.4026,-140.8069,77.3663
1894,-18.7026,-140.8069,77.3663
1895,-19.0026,-140.8069,77.3663
1896,-19.3026,-140.8069,77.3663
1897,-19.6026,-140.8069,77.3663
1898,-19.9026,-140.8069,77.3663
1899,-20.2026,-140.8069,77.3663
1900,-20.5026,-140.8069,77.3663
1901,-20.8026,-140.8069,77.3663
1902,-21.1026,-140.8069,77.3663
1903,-21.4026,-140.8069,77.3663
1904,-21.7026,-140.8069,77.3663
1905,-22.0026,-140.8069,77.3663
1906,-22.3026,-140.8069,77.3663
1907,-22.6026,-140.8069,77.3663
1908,-22.9026,-140.8069,77.3663
1909,-23.2026,-140.8069,77.3663
1910,-23.5026,-140.8069,77.3663
1911,-23.8026,-140.8069,77.3663
1912,-24.1026,-140.5069,77.3663
1913,-24.4026,-140.5069,77.3663
1914,-24.7026,-140.2069,77.3663
1915,-25.0026,-140.2069,77.3663
1916,-25.3026,-139.9069,77.3663
1917,-25.6026,-139.9069,77.3663
1918,-25.9026,-139.6069,77.3663
1919,-26.2026,-139.6069,77.3663
1920,-26.5026,-139.6069,77.3663
1921,-26.8026,-139.3069,77.3663
1922,-27.1026,-139.3069,77.3663
1923,-27.4026,-139.0069,77.3663
1924,-27.7026,-139.0069,77.3663
1925,-28.0026,-138.7069,77.3663
1926,-28.3026,-138.7069,77.3663
1927,-28.6026,-138.4069,77.3663
1928,-28.9026,-138.4069,77.3663
1929,-29.2026,-138.4069,77.3663
1930,-29.5026,-138.1069,77.3663
1931,-29.8026,-138.1069,77.3663
1932,-30.1026,-138.1069,77.3663
1933,-30.4026,-138.1069,77.3663
1934,-30.7026,-138.1069,77.3663
1935,-31.0026,-138.1069,77.3663
1936,-31.3026,-137.8069,77.3663
1937,-31.6026,-137.8069,77.3663
1938,-31.9026,-137.5069,77.3663
1939,-32.2026,-137.5069,77.3663
1940,-32.5026,-137.5069,77.3663
1941,-32.8026,-137.5069,77.3663
1942,-33.1026,-137.5069,77.3663
1943,-33.4026,-137.5069,77.3663
1944,-33.7026,-137.5069,77.3663
1945,-34.0026,-137.5069,77.3663
1946,-34.3026,-137.2069,77.3663
1947,-34.6026,-136.9069,77.3663
1948,-34.9026,-136.9069,77.3663
1949,-35.2026,-136.9069,77.3663
1950,-35.5026,-136.9069,77.3663
1951,-35.8026,-136.9069,77.3663
1952,-36.1026,-136.9069,77.3663
1953,-36.4026,-136.9069,77.3663
1954,-36.7026,-136.9069,77.3663
1955,-37.0026,-136.6069,77.3663
1956,-36.7026,-136.6069,77.3663
1957,-36.4026,-136.6069,77.3663
1958,-36.1026,-136.6069,77.3663
1959,-35.8026,-136.6069,77.3663
1960,-35.5026,-136.6069,77.3663
1961,-35.2026,-136.9069,77.3663
1962,-34.9026,-136.9069,77.3663
1963,-34.6026,-137.2069,77.3663
1964,-34.3026,-137.2069,77.3663
1965,-34.0026,-137.2069,77.3663
1966,-33.7026,-137.2069,77.3663
1967,-33.4026,-137.2069,77.3663
1968,-33.1026,-137.2069,77.3663
1969,-32.8026,-137.2069,77.3663
1970,-32.5026,-137.5069,77.3663
1971,-32.2026,-137.5069,77.3663
1972,-31.9026,-137.5069,77.3663
1973,-31.6026,-137.5069,77.3663
1974,-31.3026,-137.5069,77.3663
1975,-31.0026,-137.8069,77.3663
1976,-30.7026,-137.8069,77.3663
1977,-30.4026,-138.1069,77.3663
1978,-30.1026,-138.1069,77.3663
1979,-29.8026,-138.1069,77.3663
1980,-29.5026,-138.1069,77.3663
1981,-29.2026,-138.1069,77.3663
1982,-28.9026,-138.1069,77.3663
1983,-28.6026,-138.1069,77.3663
1984,-28.3026,-138.1069,77.3663
1985,-28.0026,-138.1069,77.3663
1986,-27.7026,-138.1069,77.3663
1987,-27.4026,-138.1069,77.3663
1988,-27.1026,-138.1069,77.3663
1989,-26.8026,-138.1069,77.3663
1990,-26.5026,-138.1069,77.3663
1991,-26.2026,-138.1069,77.3663
1992,-25.9026,-138.1069,77.3663
1993,-25.6026,-138.1069,77.3663
1994,-25.3026,-138.1069,77.3663
1995,-25.0026,-138.1069,77.3663
1996,-24.7026,-138.1069,77.3663
1997,-24.4026,-138.1069,77.3663
1998,-24.1026,-138.1069,77.3663
1999,-23.8026,-138.1069,77.3663
2000,-23.5026,-138.1069,77.3663
2001,-23.2026,-138.1069,77.3663
2002,-22.9026,-138.1069,77.3663
2003,-22.6026,-138.1069,77.3663
2004,-22.3026,-138.1069,77.3663
2005,-22.0026,-138.1069,77.3663
2006,-21.7026,-138.1069,77.3663
2007,-21.4026,-138.1069,77.3663
2008,-21.1026,-138.1069,77.3663
2009,-20.8026,-138.1069,77.3663
2010,-20.5026,-138.1069,77.3663
2011,-20.2026,-138.1069,77.3663
2012,-19.9026,-138.1069,77.3663
2013,-19.6026,-138.1069,77.3663
2014,-19.3026,-138.1069,77.3663
2015,-19.0026,-138.1069,77.3663
2016,-18.7026,-138.1069,77.3663
2017,-18.4026,-138.1069,77.3663
2018,-18.1026,-138.1069,77.3663
2019,-17.8026,-138.1069,77.3663
2020,-17.5026,-138.1069,77.3663
2021,-17.2026,-138.4069,77.3663
2022,-16.9026,-138.4069,77.3663
2023,-16.6026,-138.7069,77.3663
2024,-16.3026,-139.0069,77.3663
2025,-16.0026,-139.3069,77.3663
2026,-15.7026,-139.6069,77.3663
2027,-15.4026,-139.9069,77.3663
2028,-15.1026,-139.9069,77.3663
2029,-14.8026,-140.2069,77.3663
2030,-14.5026,-140.2069,77.3663
2031,-14.2026,-140.5069,77.3663
2032,-13.9026,-140.5069,77.3663
2033,-13.6026,-140.5069,77.3663
2034,-13.3026,-140.5069,77.3663
2035,-13.0026,-140.5069,77.3663
2036,-12.7026,-140.5069,77.3663
2037,-12.4026,-140.5069,77.3663
2038,-12.1026,-140.5069,77.3663
2039,-11.8026,-140.5069,77.3663
2040,-11.5026,-140.5069,77.3663
2041,-11.2026,-140.5069,77.3663
2042,-10.9026,-140.5069,77.3663
2043,-10.6026,-140.5069,77.3663
2044,-10.3026,-140.5069,77.3663
2045,-10.0026,-140.5069,77.3663
2046,-9.7026,-140.5069,77.3663
2047,-9.4026,-140.5069,77.3663
2048,-9.1026,-140.5069,77.3663
2049,-8.8026,-140.5069,77.3663
2050,-8.5026,-140.5069,77.3663
2051,-8.2026,-140.5069,77.3663
2052,-7.9026,-140.5069,77.3663
2053,-7.6026,-140.5069,77.3663
2054,-7.3026,-140.8069,77.3663
2055,-7.0026,-140.8069,77.3663
2056,-6.7026,-140.8069,77.3663
2057,-6.4026,-140.8069,77.3663
2058,-6.1026,-140.8069,77.3663
2059,-5.8026,-140.8069,77.3663
2060,-5.5026,-140.8069,77.3663
2061,-5.2026,-140.8069,77.3663
2062,-4.9026,-140.8069,77.3663
2063,-4.6026,-140.8069,77.3663
2064,-4.3026,-140.8069,77.3663
2065,-4.0026,-140.8069,77.3663
2066,-3.7026,-140.8069,77.3663
2067,-3.4026,-140.8069,77.3663
2068,-3.1026,-140.8069,77.3663
2069,-2.8026,-140.8069,77.3663
2070,-2.5026,-140.8069,77.3663
2071,-2.2026,-140.8069,77.3663
2072,-1.9026,-141.1069,77.3663
2073,-1.6026,-141.4069,77.3663
2074,-1.3026,-141.7069,77.3663
2075,-1.0026,-142.0069,77.3663
2076,-0.7026,-142.3069,77.3663
2077,-0.4026,-142.6069,77.3663
2078,-0.1026,-142.6069,77.3663
2079,0.1974,-142.9069,77.3663
2080,0.4974,-142.9069,77.3663
2081,0.7974,-142.9069,77.3663
2082,1.0974,-143.2069,77.3663
2083,1.3974,-143.2069,77.3663
2084,1.6974,-143.2069,77.3663
2085,1.9974,-143.2069,77.3663
2086,2.2974,-143.2069,77.3663
2087,2.5974,-143.2069,77.3663
2088,2.8974,-143.2069,77.3663
2089,3.1974,-143.2069,77.3663
2090,3.4974,-143.2069,77.3663
2091,3.7974,-143.2069,77.3663
2092,4.0974,-143.2069,77.3663
2093,4.3974,-143.2069,77.3663
2094,4.6974,-143.2069,77.3663
2095,4.9974,-143.2069,77.3663
2096,5.2974,-143.2069,77.3663
2097,5.5974,-143.2069,77.3663
2098,5.8974,-143.2069,77.3663
2099,6.1974,-143.2069,77.3663
2100,6.4974,-143.2069,77.3663
2101,6.7974,-143.2069,77.3663
2102,7.0974,-143.2069,77.3663
2103,7.3974,-143.2069,77.3663
2104,7.6974,-143.2069,77.3663
2105,7.9974,-143.2069,77.3663
2106,8.2974,-143.2069,77.3663
2107,8.5974,-143.2069,77.3663
2108,8.8974,-143.2069,77.3663
2109,9.1974,-143.2069,77.3663
2110,9.4974,-143.2069,77.3663
2111,9.7974,-143.2069,77.3663
2112,10.0974,-143.2069,77.3663
2113,10.3974,-143.2069,77.3663
2114,10.6974,-143.2069,77.3663
2115,10.9974,-143.2069,77.3663
2116,11.2974,-143.2069,77.3663
2117,11.5974,-143.2069,77.3663
2118,11.8974,-143.2069,77.3663
2119,12.1974,-143.5069,77.3663
2120,12.4974,-143.8069,77.3663
2121,12.7974,-144.1069,77.3663
2122,13.0974,-144.4069,77.3663
2123,13.3974,-144.7069,77.3663
2124,13.6974,-145.0069,77.3663
2125,13.9974,-145.3069,77.3663
2126,14.2974,-145.6069,77.3663
2127,14.5974,-145.9069,77.3663
2128,14.8974,-146.2069,77.3663
2129,15.1974,-146.5069,77.3663
2130,15.4974,-146.8069,77.3663
2131,15.7974,-147.1069,77.3663
2132,16.0974,-147.4069,77.3663
2133,16.3974,-147.7069,77.3663
2134,16.6974,-148.0069,77.3663
2135,16.9974,-148.3069,77.3663
2136,17.2974,-148.6069,77.3663
2137,17.5974,-148.9069,77.3663
2138,17.8974,-149.2069,77.3663
2139,18.1974,-149.5069,77.3663
2140,18.4974,-149.8069,77.3663
2141,18.7974,-150.1069,77.3663
2142,19.0974,-150.4069,77.3663
2143,19.3974,-150.7069,77.3663
2144,19.6974,-151.0069,77.3663
2145,19.9974,-151.3069,77.3663
2146,20.2974,-151.6069,77.3663
2147,20.5974,-151.9069,77.3663
2148,20.8974,-152.2069,77.3663
2149,21.1974,-152.2069,77.3663
2150,21.4974,-152.2069,77.3663
2151,21.7974,-152.2069,77.3663
2152,22.0974,-152.2069,77.3663
2153,22.3974,-152.2069,77.3663
2154,22.6974,-152.2069,77.3663
2155,22.9974,-152.2069,77.3663
2156,23.2974,-152.2069,77.3663
2157,23.5974,-152.2069,77.3663
2158,23.8974,-152.2069,77.3663
2159,24.1974,-152.2069,77.3663
2160,24.4974,-152.2069,77.3663
2161,24.7974,-152.2069,77.3663
2162,25.0974,-152.2069,77.3663
2163,25.3974,-152.2069,77.3663
2164,25.6974,-152.2069,77.3663
2165,25.9974,-152.2069,77.3663
2166,26.2974,-152.2069,77.3663
2167,26.5974,-152.2069,77.3663
2168,26.8974,-152.2069,77.3663
2169,27.1974,-152.2069,77.3663
2170,27.4974,-152.2069,77.3663
2171,27.7974,-152.2069,77.3663
2172,28.0974,-152.2069,77.3663
2173,28.3974,-152.2069,77.3663
2174,28.6974,-152.2069,77.3663
2175,28.9974,-152.2069,77.3663
2176,29.2974,-152.2069,77.3663
2177,29.5974,-152.2069,77.3663
2178,29.8974,-152.2069,77.3663
2179,30.1974,-152.2069,77.3663
2180,30.4974,-152.2069,77.3663
2181,30.7974,-152.2069,77.3663
2182,31.0974,-152.2069,77.3663
2183,31.3974,-152.2069,77.3663
2184,31.6974,-152.2069,77.3663
2185,31.9974,-152.2069,77.3663
2186,32.2974,-152.2069,77.3663
2187,32.5974,-152.2069,77.3663
2188,32.8974,-152.2069,77.3663
2189,33.1974,-152.2069,77.3663
2190,33.4974,-152.2069,77.3663
2191,33.7974,-152.2069,77.3663
2192,34.0974,-152.2069,77.3663
2193,34.3974,-152.2069,77.3663
2194,34.6974,-152.2069,77.3663
2195,34.9974,-152.2069,77.3663
2196,35.2974,-152.2069,77.3663
2197,35.5974,-152.2069,77.3663
2198,35.8974,-152.2069,77.3663
2199,36.1974,-152.2069,77.3663
2200,36.4974,-152.2069,77.3663
2201,36.7974,-152.2069,77.3663
2202,37.0974,-152.2069,77.3663
2203,37.3974,-152.2069,77.3663
2204,37.6974,-152.2069,77.3663
2205,37.9974,-152.2069,77.3663
2206,38.2974,-152.2069,77.3663
2207,38.5974,-152.2069,77.3663
2208,38.8974,-152.2069,77.3663
2209,39.1974,-152.2069,77.3663
2210,39.4974,-152.2069,77.3663
2211,39.7974,-152.2069,77.3663
2212,40.0974,-152.2069,77.3663
2213,40.3974,-152.2069,77.3663
2214,40.6974,-152.2069,77.3663
2215,40.9974,-152.2069,77.3663
2216,41.2974,-152.2069,77.3663
2217,41.5974,-152.2069,77.3663
2218,41.8974,-152.2069,77.3663
2219,42.1974,-152.2069,77.3663
2220,42.4974,-152.2069,77.3663
2221,42.7974,-152.2069,77.3663
2222,43.0974,-152.2069,77.3663
2223,43.3974,-152.2069,77.3663
2224,43.6974,-152.2069,77.3663
2225,43.9974,-152.2069,77.3663
2226,44.2974,-152.2069,77.3663
2227,44.5974,-152.2069,77.3663
2228,44.8974,-152.2069,77.3663
2229,45.1974,-152.2069,77.3663
2230,45.4974,-152.2069,77.3663
2231,45.7974,-152.2069,77.3663
2232,46.0974,-152.2069,77.3663
2233,46.3974,-152.2069,77.3663
2234,46.6974,-152.2069,77.3663
2235,46.9974,-152.2069,77.3663
2236,47.2974,-152.2069,77.3663
2237,47.5974,-152.2069,77.3663
2238,47.8974,-152.2069,77.3663
2239,48.1974,-152.2069,77.3663
2240,48.4974,-152.2069,77.3663
2241,48.7974,-152.2069,77.3663
2242,49.0974,-152.2069,77.3663
2243,49.3974,-152.2069,77.3663
2244,49.6974,-152.2069,77.3663
2245,49.9974,-152.2069,77.3663
2246,50.2974,-152.2069,77.3663
2247,50.5974,-152.2069,77.3663
2248,50.8974,-152.2069,77.3663
2249,51.1974,-152.2069,77.3663
2250,51.4974,-152.2069,77.3663
2251,51.7974,-152.2069,77.3663
2252,52.0974,-152.2069,77.3663
2253,52.3974,-152.2069,77.3663
2254,52.6974,-152.2069,77.3663
2255,52.9974,-152.2069,77.3663
2256,53.2974,-152.2069,77.3663
2257,53.5974,-152.2069,77.3663
2258,53.2974,-152.2069,77.3663
2259,52.9974,-152.2069,77.3663
2260,52.6974,-152.2069,77.3663
2261,52.3974,-152.2069,77.3663
2262,52.0974,-152.2069,77.3663
2263,51.7974,-152.2069,77.3663
2264,51.4974,-152.2069,77.3663
2265,51.1974,-152.2069,77.3663
2266,50.8974,-152.2069,77.3663
2267,50.5974,-152.2069,77.3663
2268,50.2974,-152.2069,77.3663
2269,49.9974,-152.2069,77.3663
2270,49.6974,-152.2069,77.3663
2271,49.3974,-152.2069,77.3663
2272,49.0974,-152.2069,77.3663
2273,48.7974,-152.2069,77.3663
2274,48.4974,-152.2069,77.3663
2275,48.1974,-152.2069,77.3663
2276,47.8974,-152.2069,77.3663
2277,47.5974,-152.2069,77.3663
2278,47.2974,-152.2069,77.3663
2279,46.9974,-152.2069,77.3663
2280,46.6974,-152.2069,77.3663
2281,46.3974,-151.9069,77.3663
2282,46.0974,-151.9069,77.3663
2283,45.7974,-151.6069,77.3663
2284,45.4974,-151.6069,77.3663
2285,45.1974,-151.6069,77.3663
2286,44.8974,-151.6069,77.3663
2287,44.5974,-151.6069,77.3663
2288,44.2974,-151.3069,77.3663
2289,43.9974,-151.0069,77.3663
2290,43.6974,-150.7069,77.3663
2291,43.3974,-150.7069,77.3663
2292,43.0974,-150.4069,77.3663
2293,42.7974,-150.4069,77.3663
2294,42.4974,-150.4069,77.3663
2295,42.1974,-150.1069,77.3663
2296,41.8974,-150.1069,77.3663
2297,41.5974,-150.1069,77.3663
2298,41.2974,-150.1069,77.3663
2299,40.9974,-150.1069,77.3663
2300,40.6974,-150.1069,77.3663
2301,40.3974,-150.1069,77.3663
2302,40.0974,-150.1069,77.3663
2303,39.7974,-150.1069,77.3663
2304,39.4974,-150.1069,77.3663
2305,39.1974,-150.1069,77.3663
2306,38.8974,-150.1069,77.3663
2307,38.5974,-150.1069,77.3663
2308,38.2974,-150.1069,77.3663
2309,37.9974,-150.1069,77.3663
2310,37.6974,-150.1069,77.3663
2311,37.3974,-150.1069,77.3663
2312,37.0974,-150.1069,77.3663
2313,36.7974,-150.1069,77.3663
2314,36.4974,-150.1069,77.3663
2315,36.1974,-150.1069,77.3663
2316,35.8974,-149.8069,77.3663
2317,35.5974,-149.8069,77.3663
2318,35.2974,-149.5069,77.3663
2319,34.9974,-149.5069,77.3663
2320,34.6974,-149.2069,77.3663
2321,34.3974,-149.2069,77.3663
2322,34.0974,-148.9069,77.3663
2323,33.7974,-148.9069,77.3663
2324,33.4974,-148.9069,77.3663
2325,33.1974,-148.6069,77.3663
2326,32.8974,-148.6069,77.3663
2327,32.5974,-148.6069,77.3663
2328,32.2974,-148.6069,77.3663
2329,31.9974,-148.6069,77.3663
2330,31.6974,-148.6069,77.3663
2331,31.3974,-148.6069,77.3663
2332,31.0974,-148.6069,77.3663
2333,30.7974,-148.6069,77.3663
2334,30.4974,-148.6069,77.3663
2335,30.1974,-148.6069,77.3663
2336,29.8974,-148.6069,77.3663
2337,29.5974,-148.6069,77.3663
2338,29.2974,-148.6069,77.3663
2339,28.9974,-148.6069,77.3663
2340,28.6974,-148.6069,77.3663
2341,28.3974,-148.6069,77.3663
2342,28.0974,-148.6069,77.3663
2343,27.7974,-148.6069,77.3663
2344,27.4974,-148.6069,77.3663
2345,27.1974,-148.6069,77.3663
2346,26.8974,-148.6069,77.3663
2347,26.5974,-148.6069,77.3663
2348,26.2974,-148.6069,77.3663
2349,25.9974,-148.6069,77.3663
2350,25.6974,-148.6069,77.3663
2351,25.3974,-148.6069,77.3663
2352,25.0974,-148.6069,77.3663
2353,24.7974,-148.6069,77.3663
2354,24.4974,-148.6069,77.3663
2355,24.1974,-148.6069,77.3663
2356,23.8974,-148.6069,77.3663
2357,23.5974,-148.6069,77.3663
2358,23.2974,-148.6069,77.3663
2359,22.9974,-148.6069,77.3663
2360,22.6974,-148.6069,77.3663
2361,22.3974,-148.6069,77.3663
2362,22.0974,-148.3069,77.3663
2363,21.7974,-148.3069,77.3663
2364,21.4974,-148.0069,77.3663
2365,21.1974,-148.0069,77.3663
2366,20.8974,-148.0069,77.3663
2367,20.5974,-147.7069,77.3663
2368,20.2974,-147.7069,77.3663
2369,19.9974,-147.4069,77.3663
2370,19.6974,-147.4069,77.3663
2371,19.3974,-147.1069,77.3663
2372,19.0974,-147.1069,77.3663
2373,18.7974,-146.8069,77.3663
2374,18.4974,-146.8069,77.3663
2375,18.1974,-146.5069,77.3663
2376,17.8974,-146.5069,77.3663
2377,17.5974,-146.5069,77.3663
2378,17.2974,-146.2069,77.3663
2379,16.9974,-146.2069,77.3663
2380,16.6974,-145.9069,77.3663
2381,16.3974,-145.9069,77.3663
2382,16.0974,-145.6069,77.3663
2383,15.7974,-145.6069,77.3663
2384,15.4974,-145.6069,77.3663
2385,15.1974,-145.3069,77.3663
2386,14.8974,-145.3069,77.3663
2387,14.5974,-145.0069,77.3663
2388,14.2974,-145.0069,77.3663
2389,13.9974,-144.7069,77.3663
2390,13.6974,-144.4069,77.3663
2391,13.3974,-144.1069,77.3663
2392,13.0974,-143.8069,77.3663
2393,12.7974,-143.5069,77.3663
2394,12.4974,-143.2069,77.3663
2395,12.1974,-142.9069,77.3663
2396,11.8974,-142.6069,77.3663
2397,11.5974,-142.3069,77.3663
2398,11.5974,-142.0069,77.3663
2399,11.2974,-142.0069,77.3663
2400,10.9974,-142.0069,77.3663
2401,10.6974,-142.0069,77.3663
2402,10.3974,-142.0069,77.3663
2403,10.0974,-142.0069,77.3663
2404,9.7974,-142.0069,77.3663
2405,9.4974,-142.3069,77.3663
2406,9.1974,-142.6069,77.3663
2407,8.8974,-142.6069,77.3663
2408,8.5974,-142.6069,77.3663
2409,8.2974,-142.6069,77.3663
2410,7.9974,-142.6069,77.3663
2411,7.6974,-142.6069,77.3663
2412,7.3974,-142.6069,77.3663
2413,7.0974,-142.6069,77.3663
2414,6.7974,-142.9069,77.3663
2415,6.4974,-142.9069,77.3663
2416,6.1974,-142.9069,77.3663
2417,5.8974,-142.9069,77.3663
2418,5.5974,-142.9069,77.3663
2419,5.2974,-142.9069,77.3663
2420,4.9974,-142.9069,77.3663
2421,4.6974,-142.9069,77.3663
2422,4.3974,-142.9069,77.3663
2423,4.0974,-142.9069,77.3663
2424,3.7974,-142.9069,77.3663
2425,3.4974,-142.9069,77.3663
2426,3.1974,-142.9069,77.3663
2427,2.8974,-143.2069,77.3663
2428,2.5974,-143.2069,77.3663
2429,2.2974,-143.2069,77.3663
2430,1.9974,-143.2069,77.3663
2431,1.6974,-143.2069,77.3663
2432,1.3974,-143.2069,77.3663
2433,1.0974,-143.2069,77.3663
2434,0.7974,-143.2069,77.3663
2435,0.4974,-143.2069,77.3663
2436,0.1974,-143.2069,77.3663
2437,-0.1026,-143.2069,77.3663
2438,-0.4026,-143.2069,77.3663
2439,-0.7026,-143.2069,77.3663
2440,-1.0026,-143.2069,77.3663
2441,-1.3026,-143.2069,77.3663
2442,-1.6026,-143.2069,77.3663
2443,-1.9026,-143.2069,77.3663
2444,-2.2026,-143.2069,77.3663
2445,-2.5026,-143.2069,77.3663
2446,-2.8026,-143.2069,77.3663
2447,-3.1026,-143.2069,77.3663
2448,-3.4026,-143.2069,77.3663
2449,-3.7026,-143.2069,77.3663
2450,-4.0026,-143.2069,77.3663
2451,-4.3026,-143.2069,77.3663
2452,-4.6026,-143.2069,77.3663
2453,-4.9026,-143.2069,77.3663
2454,-5.2026,-143.2069,77.3663
2455,-5.5026,-143.2069,77.3663
2456,-5.8026,-143.2069,77.3663
2457,-6.1026,-143.2069,77.3663
2458,-6.4026,-143.2069,77.3663
2459,-6.7026,-143.2069,77.3663
2460,-7.0026,-143.2069,77.3663
2461,-7.3026,-143.2069,77.3663
2462,-7.6026,-143.2069,77.3663
2463,-7.9026,-143.2069,77.3663
2464,-8.2026,-143.2069,77.3663
2465,-8.5026,-143.2069,77.3663
2466,-8.8026,-143.2069,77.3663
2467,-9.1026,-143.2069,77.3663
2468,-9.4026,-143.2069,77.3663
2469,-9.7026,-143.2069,77.3663
2470,-10.0026,-143.2069,77.3663
2471,-10.3026,-143.2069,77.3663
2472,-10.6026,-143.2069,77.3663
2473,-10.9026,-143.2069,77.3663
2474,-11.2026,-143.2069,77.3663
2475,-11.5026,-143.2069,77.3663
2476,-11.8026,-143.2069,77.3663
2477,-12.1026,-143.2069,77.3663
2478,-12.4026,-143.2069,77.3663
2479,-12.7026,-143.2069,77.3663
2480,-13.0026,-143.2069,77.3663
2481,-13.3026,-143.2069,77.3663
2482,-13.6026,-143.2069,77.3663
2483,-13.9026,-143.2069,77.3663
2484,-14.2026,-143.2069,77.3663
2485,-14.5026,-143.2069,77.3663
2486,-14.8026,-143.2069,77.3663
2487,-15.1026,-143.2069,77.3663
2488,-15.4026,-143.2069,77.3663
2489,-15.7026,-143.2069,77.3663
2490,-16.0026,-143.2069,77.3663
2491,-16.3026,-143.2069,77.3663
2492,-16.6026,-143.2069,77.3663
2493,-16.9026,-143.2069,77.3663
2494,-17.2026,-143.2069,77.3663
2495,-17.5026,-143.2069,77.3663
2496,-17.8026,-143.2069,77.3663
2497,-18.1026,-143.2069,77.3663
2498,-18.4026,-143.2069,77.3663
2499,-18.7026,-143.2069,77.3663
2500,-19.0026,-143.2069,77.3663
2501,-19.3026,-143.2069,77.3663
2502,-19.6026,-142.9069,77.3663
2503,-19.9026,-142.6069,77.3663
2504,-20.2026,-142.3069,77.3663
2505,-20.5026,-142.0069,77.3663
2506,-20.8026,-141.7069,77.3663
2507,-21.1026,-141.4069,77.3663
2508,-21.4026,-141.1069,77.3663
2509,-21.7026,-140.8069,77.3663
2510,-22.0026,-140.5069,77.3663
2511,-22.3026,-140.2069,77.3663
2512,-22.6026,-139.9069,77.3663
2513,-22.9026,-139.6069,77.3663
2514,-23.2026,-139.3069,77.3663
2515,-23.5026,-139.0069,77.3663
2516,-23.8026,-138.7069,77.3663
2517,-24.1026,-138.4069,77.3663
2518,-24.4026,-138.4069,77.3663
2519,-24.7026,-138.4069,77.3663
2520,-25.0026,-138.4069,77.3663
2521,-25.3026,-138.4069,77.3663
2522,-25.6026,-138.4069,77.3663
2523,-25.9026,-138.4069,77.3663
2524,-26.2026,-138.4069,77.3663
2525,-26.5026,-138.4069,77.3663
2526,-26.8026,-138.4069,77.3663
2527,-27.1026,-138.4069,77.3663
2528,-27.4026,-138.4069,77.3663
2529,-27.7026,-138.4069,77.3663
2530,-28.0026,-138.4069,77.3663
2531,-28.3026,-138.4069,77.3663
2532,-28.6026,-138.4069,77.3663
2533,-28.9026,-138.4069,77.3663
2534,-29.2026,-138.4069,77.3663
2535,-29.5026,-138.4069,77.3663
2536,-29.8026,-138.4069,77.3663
2537,-30.1026,-138.4069,77.3663
2538,-30.4026,-138.4069,77.3663
2539,-30.7026,-138.4069,77.3663
2540,-31.0026,-138.4069,77.3663
2541,-31.3026,-138.4069,77.3663
2542,-31.6026,-138.4069,77.3663
2543,-31.9026,-138.4069,77.3663
2544,-32.2026,-138.4069,77.3663
2545,-32.5026,-138.4069,77.3663
2546,-32.8026,-138.4069,77.3663
2547,-33.1026,-138.4069,77.3663
2548,-33.4026,-138.4069,77.3663
2549,-33.7026,-138.4069,77.3663
2550,-34.0026,-138.4069,77.3663
2551,-34.3026,-138.4069,77.3663
2552,-34.6026,-138.4069,77.3663
2553,-34.9026,-138.4069,77.3663
2554,-35.2026,-138.4069,77.3663
2555,-35.5026,-138.4069,77.3663
2556,-35.8026,-138.4069,77.3663
2557,-36.1026,-138.4069,77.3663
2558,-36.4026,-138.4069,77.3663
2559,-36.7026,-138.4069,77.3663
2560,-37.0026,-138.4069,77.3663
2561,-37.3026,-138.1069,77.3663
2562,-37.6026,-138.1069,77.3663
2563,-37.9026,-137.8069,77.3663
2564,-38.2026,-137.8069,77.3663
2565,-38.5026,-137.5069,77.3663
2566,-38.8026,-137.5069,77.3663
2567,-39.1026,-137.2069,77.3663
2568,-39.4026,-137.2069,77.3663
2569,-39.7026,-137.2069,77.3663
2570,-40.0026,-136.9069,77.3663
2571,-40.3026,-136.9069,77.3663
2572,-40.6026,-136.6069,77.3663
2573,-40.9026,-136.6069,77.3663
2574,-41.2026,-136.3069,77.3663
2575,-41.5026,-136.3069,77.3663
2576,-41.8026,-136.0069,77.3663
2577,-42.1026,-136.0069,77.3663
2578,-42.4026,-135.7069,77.3663
2579,-42.7026,-135.7069,77.3663
2580,-43.0026,-135.7069,77.3663
2581,-43.3026,-135.7069,77.3663
2582,-43.6026,-135.7069,77.3663
2583,-43.9026,-135.4069,77.3663
2584,-44.2026,-135.4069,77.3663
2585,-44.5026,-135.1069,77.3663
2586,-44.8026,-135.1069,77.3663
2587,-45.1026,-134.8069,77.3663
2588,-45.4026,-134.5069,77.3663
2589,-45.7026,-134.5069,77.3663
2590,-46.0026,-134.2069,77.3663
2591,56.8230,-152.7770,77.5000
2592,56.5974,-152.8069,77.3663
2593,56.2974,-152.8069,77.3663
2594,55.9974,-152.8069,77.3663
2595,55.6974,-152.8069,77.3663
2596,55.3974,-152.8069,77.3663
2597,55.0974,-152.8069,77.3663
2598,54.7974,-152.8069,77.3663
2599,54.4974,-152.8069,77.3663
2600,54.1974,-152.8069,77.3663
2601,53.8974,-152.8069,77.3663
2602,53.5974,-152.8069,77.3663
2603,53.2974,-152.8069,77.3663
2604,52.9974,-152.8069,77.3663
2605,52.6974,-152.8069,77.3663
2606,52.3974,-152.8069,77.3663
2607,52.0974,-152.8069,77.3663
2608,51.7974,-152.8069,77.3663
2609,51.4974,-152.8069,77.3663
2610,51.1974,-152.8069,77.3663
2611,50.8974,-152.8069,77.3663
2612,50.5974,-152.8069,77.3663
2613,50.2974,-152.8069,77.3663
2614,49.9974,-152.8069,77.3663
2615,49.6974,-152.8069,77.3663
2616,49.3974,-152.8069,77.3663
2617,49.0974,-152.8069,77.3663
2618,48.7974,-152.8069,77.3663
2619,48.4974,-152.8069,77.3663
2620,48.1974,-152.8069,77.3663
2621,47.8974,-152.8069,77.3663
2622,47.5974,-152.8069,77.3663
2623,47.2974,-152.8069,77.3663
2624,46.9974,-152.8069,77.3663
2625,46.6974,-152.8069,77.3663
2626,46.3974,-152.8069,77.3663
2627,46.0974,-152.8069,77.3663
2628,45.7974,-152.8069,77.3663
2629,45.4974,-152.8069,77.3663
2630,45.1974,-152.8069,77.3663
2631,44.8974,-152.8069,77.3663
2632,44.5974,-152.8069,77.3663
2633,44.2974,-152.8069,77.3663
2634,43.9974,-152.8069,77.3663
2635,43.6974,-152.8069,77.3663
2636,43.3974,-152.8069,77.3663
2637,43.0974,-152.8069,77.3663
2638,42.7974,-152.8069,77.3663
2639,42.4974,-152.8069,77.3663
2640,42.1974,-152.8069,77.3663
2641,41.8974,-152.8069,77.3663
2642,41.5974,-152.8069,77.3663
2643,41.2974,-152.8069,77.3663
2644,40.9974,-152.8069,77.3663
2645,40.6974,-152.8069,77.3663
2646,40.3974,-152.8069,77.3663
2647,40.0974,-152.8069,77.3663
2648,39.7974,-152.8069,77.3663
2649,39.4974,-152.8069,77.3663
2650,39.1974,-152.8069,77.3663
2651,38.8974,-152.8069,77.3663
2652,38.5974,-152.8069,77.3663
2653,38.2974,-152.8069,77.3663
2654,37.9974,-152.8069,77.3663
2655,37.6974,-152.8069,77.3663
2656,37.3974,-152.8069,77.3663
2657,37.0974,-152.8069,77.3663
2658,36.7974,-152.8069,77.3663
2659,36.4974,-152.8069,77.3663
2660,36.1974,-152.8069,77.3663
2661,35.8974,-152.8069,77.3663
2662,35.5974,-152.8069,77.3663
2663,35.2974,-152.8069,77.3663
2664,34.9974,-152.8069,77.3663
2665,34.6974,-152.8069,77.3663
2666,34.3974,-152.8069,77.3663
2667,34.0974,-152.8069,77.3663
2668,33.7974,-152.8069,77.3663
2669,33.4974,-152.8069,77.3663
2670,33.1974,-152.8069,77.3663
2671,32.8974,-152.5069,77.3663
2672,32.5974,-152.5069,77.3663
2673,32.2974,-152.2069,77.3663
2674,31.9974,-152.2069,77.3663
2675,31.6974,-152.2069,77.3663
2676,31.3974,-151.9069,77.3663
2677,31.0974,-151.9069,77.3663
2678,30.7974,-151.6069,77.3663
2679,30.4974,-151.6069,77.3663
2680,30.1974,-151.3069,77.3663
2681,29.8974,-151.3069,77.3663
2682,29.5974,-151.0069,77.3663
2683,29.2974,-151.0069,77.3663
2684,28.9974,-150.7069,77.3663
2685,28.6974,-150.7069,77.3663
2686,28.3974,-150.7069,77.3663
2687,28.0974,-150.4069,77.3663
2688,27.7974,-150.4069,77.3663
2689,27.4974,-150.1069,77.3663
2690,27.1974,-150.1069,77.3663
2691,26.8974,-149.8069,77.3663
2692,26.5974,-149.8069,77.3663
2693,26.2974,-149.5069,77.3663
2694,25.9974,-149.5069,77.3663
2695,25.6974,-149.2069,77.3663
2696,25.3974,-149.2069,77.3663
2697,25.0974,-149.2069,77.3663
2698,24.7974,-148.9069,77.3663
2699,24.4974,-148.9069,77.3663
2700,24.1974,-148.6069,77.3663
2701,23.8974,-148.6069,77.3663
2702,23.5974,-148.3069,77.3663
2703,23.2974,-148.3069,77.3663
2704,22.9974,-148.0069,77.3663
2705,22.6974,-148.0069,77.3663
2706,22.3974,-147.7069,77.3663
2707,22.0974,-147.7069,77.3663
2708,21.7974,-147.7069,77.3663
2709,21.4974,-147.4069,77.3663
2710,21.1974,-147.4069,77.3663
2711,20.8974,-147.1069,77.3663
2712,20.5974,-147.1069,77.3663
2713,20.2974,-146.8069,77.3663
2714,19.9974,-146.8069,77.3663
2715,19.6974,-146.5069,77.3663
2716,19.3974,-146.5069,77.3663
2717,19.0974,-146.2069,77.3663
2718,18.7974,-146.2069,77.3663
2719,18.4974,-146.2069,77.3663
2720,18.1974,-145.9069,77.3663
2721,17.8974,-145.9069,77.3663
2722,17.5974,-145.9069,77.3663
2723,17.2974,-145.9069,77.3663
2724,16.9974,-145.6069,77.3663
2725,16.6974,-145.6069,77.3663
2726,16.3974,-145.6069,77.3663
2727,16.0974,-145.6069,77.3663
2728,15.7974,-145.6069,77.3663
2729,15.4974,-145.6069,77.3663
2730,15.1974,-145.3069,77.3663
2731,14.8974,-145.3069,77.3663
2732,14.5974,-145.0069,77.3663
2733,14.2974,-145.0069,77.3663
2734,13.9974,-144.7069,77.3663
2735,13.6974,-144.4069,77.3663
2736,13.3974,-144.1069,77.3663
2737,13.0974,-143.8069,77.3663
2738,12.7974,-143.5069,77.3663
2739,12.4974,-143.5069,77.3663
2740,12.1974,-143.2069,77.3663
2741,11.8974,-143.2069,77.3663
2742,11.5974,-143.2069,77.3663
2743,11.2974,-143.2069,77.3663
2744,10.9974,-143.2069,77.3663
2745,10.6974,-143.2069,77.3663
2746,10.3974,-143.2069,77.3663
2747,10.0974,-143.2069,77.3663
2748,9.7974,-143.2069,77.3663
2749,9.4974,-143.2069,77.3663
2750,9.1974,-143.2069,77.3663
2751,8.8974,-143.2069,77.3663
2752,8.5974,-143.2069,77.3663
2753,8.2974,-143.2069,77.3663
2754,7.9974,-143.2069,77.3663
2755,7.6974,-143.2069,77.3663
2756,7.3974,-143.2069,77.3663
2757,7.0974,-143.2069,77.3663
2758,6.7974,-143.2069,77.3663
2759,6.4974,-143.2069,77.3663
2760,6.1974,-143.2069,77.3663
2761,5.8974,-143.2069,77.3663
2762,5.5974,-143.2069,77.3663
2763,5.2974,-143.2069,77.3663
2764,4.9974,-143.2069,77.3663
2765,4.6974,-143.2069,77.3663
2766,4.3974,-143.2069,77.3663
2767,4.0974,-143.2069,77.3663
2768,3.7974,-143.2069,77.3663
2769,3.4974,-143.2069,77.3663
2770,3.1974,-143.2069,77.3663
2771,2.8974,-143.2069,77.3663
2772,2.5974,-143.2069,77.3663
2773,2.2974,-143.2069,77.3663
2774,1.9974,-143.2069,77.3663
2775,1.6974,-143.2069,77.3663
2776,1.3974,-143.2069,77.3663
2777,1.0974,-143.2069,77.3663
2778,0.7974,-142.9069,77.3663
2779,0.4974,-142.9069,77.3663
2780,0.1974,-142.9069,77.3663
2781,-0.1026,-142.6069,77.3663
2782,-0.4026,-142.6069,77.3663
2783,-0.7026,-142.3069,77.3663
2784,-1.0026,-142.0069,77.3663
2785,-1.3026,-141.7069,77.3663
2786,-1.6026,-141.4069,77.3663
2787,-1.9026,-141.1069,77.3663
2788,-2.2026,-140.8069,77.3663
2789,-2.5026,-140.8069,77.3663
2790,-2.8026,-140.8069,77.3663
2791,-3.1026,-140.8069,77.3663
2792,-3.4026,-140.8069,77.3663
2793,-3.7026,-140.8069,77.3663
2794,-4.0026,-140.8069,77.3663
2795,-4.3026,-140.8069,77.3663
2796,-4.6026,-140.8069,77.3663
2797,-4.9026,-140.8069,77.3663
2798,-5.2026,-140.8069,77.3663
2799,-5.5026,-140.8069,77.3663
2800,-5.8026,-140.8069,77.3663
2801,-6.1026,-140.8069,77.3663
2802,-6.4026,-140.8069,77.3663
2803,-6.7026,-140.8069,77.3663
2804,-7.0026,-140.8069,77.3663
2805,-7.3026,-140.8069,77.3663
2806,-7.6026,-140.5069,77.3663
2807,-7.9026,-140.5069,77.3663
2808,-8.2026,-140.5069,77.3663
2809,-8.5026,-140.5069,77.3663
2810,-8.8026,-140.5069,77.3663
2811,-9.1026,-140.5069,77.3663
2812,-9.4026,-140.5069,77.3663
2813,-9.7026,-140.5069,77.3663
2814,-10.0026,-140.5069,77.3663
2815,-10.3026,-140.5069,77.3663
2816,-10.6026,-140.5069,77.3663
2817,-10.9026,-140.5069,77.3663
2818,-11.2026,-140.5069,77.3663
2819,-11.5026,-140.5069,77.3663
2820,-11.8026,-140.5069,77.3663
2821,-12.1026,-140.5069,77.3663
2822,-12.4026,-140.5069,77.3663
2823,-12.7026,-140.5069,77.3663
2824,-13.0026,-140.5069,77.3663
2825,-13.3026,-140.5069,77.3663
2826,-13.6026,-140.5069,77.3663
2827,-13.9026,-140.5069,77.3663
2828,-14.2026,-140.5069,77.3663
2829,-14.5026,-140.2069,77.3663
2830,-14.8026,-140.2069,77.3663
2831,-15.1026,-139.9069,77.3663
2832,-15.4026,-139.9069,77.3663
2833,-15.7026,-139.6069,77.3663
2834,-16.0026,-139.3069,77.3663
2835,-16.3026,-139.0069,77.3663
2836,-16.6026,-138.7069,77.3663
2837,-16.6026,-138.4069,77.3663
2838,-16.9026,-138.1069,77.3663
2839,-16.9026,-137.8069,77.3663
2840,-17.2026,-137.5069,77.3663
2841,-17.2026,-137.2069,77.3663
2842,-17.2026,-136.9069,77.3663
2843,-17.2026,-136.6069,77.3663
2844,-17.2026,-136.3069,77.3663
2845,-17.2026,-136.0069,77.3663
2846,-17.2026,-135.7069,77.3663
2847,-17.2026,-135.4069,77.3663
2848,-17.2026,-135.1069,77.3663
2849,-17.2026,-134.8069,77.3663
2850,-17.2026,-134.5069,77.3663
2851,-16.9026,-134.2069,77.3663
2852,-17.2026,-134.2069,77.3663
2853,-17.5026,-134.2069,77.3663
2854,-17.8026,-134.2069,77.3663
2855,-18.1026,-134.5069,77.3663
2856,-18.4026,-134.8069,77.3663
2857,-18.7026,-135.1069,77.3663
2858,-19.0026,-135.1069,77.3663
2859,-19.3026,-135.1069,77.3663
2860,-19.6026,-135.4069,77.3663
2861,-19.9026,-135.7069,77.3663
2862,-20.2026,-136.0069,77.3663
2863,-20.5026,-136.3069,77.3663
2864,-20.8026,-136.6069,77.3663
2865,-21.1026,-136.9069,77.3663
2866,-21.4026,-137.2069,77.3663
2867,-21.7026,-137.2069,77.3663
2868,-22.0026,-137.5069,77.3663
2869,-22.3026,-137.5069,77.3663
2870,-22.6026,-137.5069,77.3663
2871,-22.9026,-137.8069,77.3663
2872,-23.2026,-137.8069,77.3663
2873,-23.5026,-137.8069,77.3663
2874,-23.8026,-137.8069,77.3663
2875,-24.1026,-137.8069,77.3663
2876,-24.4026,-137.8069,77.3663
2877,-24.7026,-137.8069,77.3663
2878,-25.0026,-137.8069,77.3663
2879,-25.3026,-137.8069,77.3663
2880,-25.6026,-137.8069,77.3663
2881,-25.9026,-137.8069,77.3663
2882,-26.2026,-138.1069,77.3663
2883,-26.5026,-138.1069,77.3663
2884,-26.8026,-138.1069,77.3663
2885,-27.1026,-138.1069,77.3663
2886,-27.4026,-138.1069,77.3663
2887,-27.7026,-138.1069,77.3663
2888,-28.0026,-138.1069,77.3663
2889,-28.3026,-138.1069,77.3663
2890,-28.6026,-138.1069,77.3663
2891,-28.9026,-138.1069,77.3663
2892,-29.2026,-138.1069,77.3663
2893,-29.5026,-138.1069,77.3663
2894,-29.8026,-138.1069,77.3663
2895,-30.1026,-138.1069,77.3663
2896,-30.4026,-138.1069,77.3663
2897,-30.7026,-138.1069,77.3663
2898,-31.0026,-138.1069,77.3663
2899,-31.3026,-138.1069,77.3663
2900,-31.6026,-138.1069,77.3663
2901,-31.9026,-138.1069,77.3663
2902,-32.2026,-138.1069,77.3663
2903,-32.5026,-138.1069,77.3663
2904,-32.8026,-138.1069,77.3663
2905,-33.1026,-138.1069,77.3663
2906,-33.4026,-138.1069,77.3663
2907,-33.7026,-138.1069,77.3663
2908,-34.0026,-138.1069,77.3663
2909,-34.3026,-138.1069,77.3663
2910,-34.6026,-137.8069,77.3663
2911,-34.9026,-137.8069,77.3663
2912,-35.2026,-137.8069,77.3663
2913,-35.5026,-137.5069,77.3663
2914,-35.8026,-137.5069,77.3663
2915,-36.1026,-137.2069,77.3663
2916,-36.4026,-137.2069,77.3663
2917,-36.7026,-136.9069,77.3663
2918,-37.0026,-136.9069,77.3663
2919,-37.3026,-136.6069,77.3663
2920,-37.6026,-136.6069,77.3663
2921,-37.9026,-136.6069,77.3663
2922,-38.2026,-136.3069,77.3663
2923,-38.5026,-136.3069,77.3663
2924,-38.8026,-136.3069,77.3663
2925,-39.1026,-136.3069,77.3663
2926,-39.4026,-136.3069,77.3663
2927,-39.7026,-136.3069,77.3663
2928,-40.0026,-136.3069,77.3663
2929,-40.3026,-136.0069,77.3663
2930,-40.6026,-136.0069,77.3663
2931,-40.9026,-136.0069,77.3663
2932,-41.2026,-136.0069,77.3663
2933,-41.5026,-136.0069,77.3663
2934,-41.8026,-136.0069,77.3663
2935,-42.1026,-135.7069,77.3663
2936,-42.4026,-135.7069,77.3663
2937,-42.7026,-135.7069,77.3663
2938,-43.0026,-135.7069,77.3663
2939,-43.3026,-135.7069,77.3663
2940,-43.6026,-135.7069,77.3663
2941,-43.9026,-135.4069,77.3663
2942,-44.2026,-135.4069,77.3663
2943,-44.5026,-135.1069,77.3663
2944,-44.8026,-135.1069,77.3663
2945,-45.1026,-134.8069,77.3663
2946,-45.4026,-134.5069,77.3663
2947,-45.7026,-134.2069,77.3663
2948,-46.0026,-134.2069,77.3663
2949,-46.3026,-133.9069,77.3663
2950,-46.6026,-133.6069,77.3663
2951,-46.9026,-133.3069,77.3663
2952,-47.2026,-133.0069,77.3663
2953,-47.5026,-132.7069,77.3663
2954,-47.8026,-132.4069,77.3663
2955,-48.1026,-132.1069,77.3663
2956,-48.1026,-131.8069,77.3663
2957,-48.1026,-131.5069,77.3663
2958,-48.4026,-131.2069,77.3663
2959,-48.4026,-130.9069,77.3663
2960,-48.4026,-130.6069,77.3663
2961,-48.4026,-130.3069,77.3663
2962,-48.4026,-130.0069,77.3663
2963,-48.4026,-129.7069,77.3663
2964,-48.4026,-129.4069,77.3663
2965,-48.4026,-129.1069,77.3663
2966,-48.4026,-129.4069,77.3663
2967,-48.4026,-129.7069,77.3663
2968,-48.4026,-130.0069,77.3663
2969,-48.4026,-130.3069,77.3663
2970,-48.4026,-130.6069,77.3663
2971,-48.4026,-130.9069,77.3663
2972,-48.4026,-131.2069,77.3663
2973,-48.1026,-131.5069,77.3663
2974,-48.1026,-131.8069,77.3663
2975,-47.8026,-132.1069,77.3663
2976,-47.8026,-132.4069,77.3663
2977,-47.5026,-132.7069,77.3663
2978,-47.2026,-133.0069,77.3663
2979,-46.9026,-133.3069,77.3663
2980,-46.6026,-133.6069,77.3663
2981,-46.3026,-133.9069,77.3663
2982,-46.0026,-134.2069,77.3663
2983,-45.7026,-134.2069,77.3663
2984,-45.4026,-134.5069,77.3663
2985,-45.1026,-134.8069,77.3663
2986,-44.8026,-135.1069,77.3663
2987,-44.5026,-135.1069,77.3663
2988,-44.2026,-135.4069,77.3663
2989,-43.9026,-135.4069,77.3663
2990,-43.6026,-135.7069,77.3663
2991,-43.3026,-135.7069,77.3663
2992,-43.0026,-135.7069,77.3663
2993,-42.7026,-135.7069,77.3663
2994,-42.4026,-135.7069,77.3663
2995,-42.1026,-135.7069,77.3663
2996,-41.8026,-136.0069,77.3663
2997,-41.5026,-136.0069,77.3663
2998,-41.2026,-136.0069,77.3663
2999,-40.9026,-136.0069,77.3663
3000,-40.6026,-136.0069,77.3663
3001,-40.3026,-136.0069,77.3663
3002,-40.0026,-136.3069,77.3663
3003,-39.7026,-136.3069,77.3663
3004,-39.4026,-136.3069,77.3663
3005,-39.1026,-136.3069,77.3663
3006,-38.8026,-136.3069,77.3663
3007,-38.5026,-136.3069,77.3663
3008,-38.2026,-136.3069,77.3663
3009,-37.9026,-136.6069,77.3663
3010,-37.6026,-136.6069,77.3663
3011,-37.3026,-136.6069,77.3663
3012,-37.0026,-136.6069,77.3663
3013,-36.7026,-136.6069,77.3663
3014,-36.4026,-136.6069,77.3663
3015,-36.1026,-136.6069,77.3663
3016,-35.8026,-136.6069,77.3663
3017,-35.5026,-136.6069,77.3663
3018,-35.2026,-136.9069,77.3663
3019,-34.9026,-136.9069,77.3663
3020,-34.6026,-136.9069,77.3663
3021,-34.3026,-137.2069,77.3663
3022,-34.0026,-137.2069,77.3663
3023,-33.7026,-137.2069,77.3663
3024,-33.4026,-137.2069,77.3663
3025,-33.1026,-137.2069,77.3663
3026,-32.8026,-137.2069,77.3663
3027,-32.5026,-137.5069,77.3663
3028,-32.2026,-137.5069,77.3663
3029,-31.9026,-137.5069,77.3663
3030,-31.6026,-137.5069,77.3663
3031,-31.3026,-137.5069,77.3663
3032,-31.0026,-137.8069,77.3663
3033,-30.7026,-137.8069,77.3663
3034,-30.4026,-138.1069,77.3663
3035,-30.1026,-138.1069,77.3663
3036,-29.8026,-138.1069,77.3663
3037,-29.5026,-138.1069,77.3663
3038,-29.2026,-138.1069,77.3663
3039,-28.9026,-138.1069,77.3663
3040,-28.6026,-138.1069,77.3663
3041,-28.3026,-138.1069,77.3663
3042,-28.0026,-138.1069,77.3663
3043,-27.7026,-138.1069,77.3663
3044,-27.4026,-138.1069,77.3663
3045,-27.1026,-138.1069,77.3663
3046,-26.8026,-138.1069,77.3663
3047,-26.5026,-138.1069,77.3663
3048,-26.2026,-138.1069,77.3663
3049,-25.9026,-138.1069,77.3663
3050,-25.6026,-138.1069,77.3663
3051,-25.3026,-138.1069,77.3663
3052,-25.0026,-138.1069,77.3663
3053,-24.7026,-138.1069,77.3663
3054,-24.4026,-138.1069,77.3663
3055,-24.1026,-138.1069,77.3663
3056,-23.8026,-137.8069,77.3663
3057,-23.5026,-137.8069,77.3663
3058,-23.2026,-137.8069,77.3663
3059,-22.9026,-137.8069,77.3663
3060,-22.6026,-137.5069,77.3663
3061,-22.3026,-137.5069,77.3663
3062,-22.0026,-137.5069,77.3663
3063,-21.7026,-137.2069,77.3663
3064,-21.4026,-137.2069,77.3663
3065,-21.1026,-136.9069,77.3663
3066,-20.8026,-136.6069,77.3663
3067,-20.5026,-136.3069,77.3663
3068,-20.2026,-136.3069,77.3663
3069,-19.9026,-136.3069,77.3663
3070,-19.6026,-136.0069,77.3663
3071,-19.3026,-136.0069,77.3663
3072,-19.0026,-135.7069,77.3663
3073,-18.7026,-135.7069,77.3663
3074,-18.4026,-135.4069,77.3663
3075,-18.1026,-135.4069,77.3663
3076,-17.8026,-135.1069,77.3663
3077,-17.5026,-135.1069,77.3663
3078,-17.2026,-135.1069,77.3663
3079,-16.9026,-134.8069,77.3663
3080,-17.2026,-134.8069,77.3663
3081,-17.5026,-134.8069,77.3663
3082,-17.8026,-134.8069,77.3663
3083,-18.1026,-135.1069,77.3663
3084,-18.4026,-135.4069,77.3663
3085,-18.7026,-135.7069,77.3663
3086,-19.0026,-135.7069,77.3663
3087,-19.3026,-135.7069,77.3663
3088,-19.6026,-135.7069,77.3663
3089,-19.9026,-135.7069,77.3663
3090,-20.2026,-136.0069,77.3663
3091,-20.5026,-136.3069,77.3663
3092,-20.8026,-136.6069,77.3663
3093,-21.1026,-136.9069,77.3663
3094,-21.4026,-137.2069,77.3663
3095,-21.7026,-137.2069,77.3663
3096,-22.0026,-137.5069,77.3663
3097,-22.3026,-137.5069,77.3663
3098,-22.6026,-137.5069,77.3663
3099,-22.9026,-137.8069,77.3663
3100,-23.2026,-137.8069,77.3663
3101,-23.5026,-137.8069,77.3663
3102,-23.8026,-137.8069,77.3663
3103,-24.1026,-137.8069,77.3663
3104,-24.4026,-137.8069,77.3663
3105,-24.7026,-137.8069,77.3663
3106,-25.0026,-137.8069,77.3663
3107,-25.3026,-137.8069,77.3663
3108,-25.6026,-137.8069,77.3663
3109,-25.9026,-137.8069,77.3663
3110,-26.2026,-138.1069,77.3663
3111,-26.5026,-138.1069,77.3663
3112,-26.8026,-138.1069,77.3663
3113,-27.1026,-138.1069,77.3663
3114,-27.4026,-138.1069,77.3663
3115,-27.7026,-138.1069,77.3663
3116,-28.0026,-138.1069,77.3663
3117,-28.3026,-138.1069,77.3663
3118,-28.6026,-138.1069,77.3663
3119,-28.9026,-138.1069,77.3663
3120,-29.2026,-138.1069,77.3663
3121,-29.5026,-138.1069,77.3663
3122,-29.8026,-138.1069,77.3663
3123,-30.1026,-138.1069,77.3663
3124,-30.4026,-138.1069,77.3663
3125,-30.7026,-138.1069,77.3663
3126,-31.0026,-138.1069,77.3663
3127,-31.3026,-138.1069,77.3663
3128,-31.6026,-138.1069,77.3663
3129,-31.9026,-138.1069,77.3663
3130,-32.2026,-138.1069,77.3663
3131,-32.5026,-138.1069,77.3663
3132,-32.8026,-138.1069,77.3663
3133,-33.1026,-138.1069,77.3663
3134,-33.4026,-138.1069,77.3663
3135,-33.7026,-138.1069,77.3663
3136,-34.0026,-137.8069,77.3663
3137,-34.3026,-137.8069,77.3663
3138,-34.6026,-137.5069,77.3663
3139,-34.9026,-137.5069,77.3663
3140,-35.2026,-137.5069,77.3663
3141,-35.5026,-137.2069,77.3663
3142,-35.8026,-137.2069,77.3663
3143,-36.1026,-136.9069,77.3663
3144,-36.4026,-136.9069,77.3663
3145,-36.7026,-136.6069,77.3663
3146,-37.0026,-136.6069,77.3663
3147,-37.3026,-136.6069,77.3663
3148,-37.6026,-136.6069,77.3663
3149,-37.9026,-136.6069,77.3663
3150,-38.2026,-136.3069,77.3663
3151,-38.5026,-136.3069,77.3663
3152,-38.8026,-136.3069,77.3663
3153,-39.1026,-136.3069,77.3663
3154,-39.4026,-136.3069,77.3663
3155,-39.7026,-136.3069,77.3663
3156,-40.0026,-136.3069,77.3663
3157,-40.3026,-136.0069,77.3663
3158,-40.6026,-136.0069,77.3663
3159,-40.9026,-136.0069,77.3663
3160,-41.2026,-136.0069,77.3663
3161,-41.5026,-136.0069,77.3663
3162,-41.8026,-136.0069,77.3663
3163,-42.1026,-135.7069,77.3663
3164,-42.4026,-135.7069,77.3663
3165,-42.7026,-135.7069,77.3663
3166,-43.0026,-135.7069,77.3663
3167,-43.3026,-135.7069,77.3663
3168,-43.6026,-135.7069,77.3663
3169,-43.9026,-135.4069,77.3663
3170,-44.2026,-135.4069,77.3663
3171,-44.5026,-135.1069,77.3663
3172,-44.8026,-135.1069,77.3663
3173,-45.1026,-134.8069,77.3663
3174,-45.4026,-134.5069,77.3663
3175,-45.7026,-134.2069,77.3663
3176,-46.0026,-134.2069,77.3663
3177,-46.3026,-133.9069,77.3663
3178,-46.6026,-133.6069,77.3663
3179,-46.9026,-133.3069,77.3663
3180,-47.2026,-133.0069,77.3663
3181,-47.5026,-132.7069,77.3663
3182,-47.8026,-132.4069,77.3663
3183,-47.8026,-132.1069,77.3663
3184,-48.1026,-131.8069,77.3663
3185,-48.1026,-131.5069,77.3663
3186,-48.1026,-131.8069,77.3663
3187,-47.8026,-132.1069,77.3663
3188,-47.8026,-132.4069,77.3663
3189,-47.5026,-132.7069,77.3663
3190,-47.2026,-133.0069,77.3663
3191,-46.9026,-133.3069,77.3663
3192,-46.6026,-133.6069,77.3663
3193,-46.3026,-133.9069,77.3663
3194,-46.0026,-134.2069,77.3663
3195,-45.7026,-134.5069,77.3663
3196,-45.4026,-134.8069,77.6663
3197,-45.1026,-135.1069,77.6663
3198,-44.8026,-135.1069,77.6663
3199,-44.5026,-135.1069,77.6663
3200,-44.2026,-135.4069,77.6663
3201,-43.9026,-135.4069,77.6663
3202,-43.6026,-135.4069,77.6663
3203,-43.3026,-135.7069,77.6663
3204,-43.0026,-135.7069,77.6663
3205,-42.7026,-135.7069,77.6663
3206,-42.4026,-135.7069,77.6663
3207,-42.1026,-135.7069,77.6663
3208,-41.8026,-136.0069,77.6663
3209,-41.5026,-136.0069,77.6663
3210,-41.2026,-136.0069,77.6663
3211,-40.9026,-136.0069,77.6663
3212,-40.6026,-136.0069,77.6663
3213,-40.3026,-136.0069,77.6663
3214,-40.0026,-136.3069,77.6663
3215,-39.7026,-136.3069,77.6663
3216,-39.4026,-136.3069,77.6663
3217,-39.1026,-136.3069,77.6663
3218,-38.8026,-136.3069,77.6663
3219,-38.5026,-136.3069,77.6663
3220,-38.2026,-136.3069,77.6663
3221,-37.9026,-136.6069,77.6663
3222,-37.6026,-136.6069,77.6663
3223,-37.3026,-136.6069,77.6663
3224,-37.0026,-136.6069,77.6663
3225,-36.7026,-136.6069,77.6663
3226,-36.4026,-136.6069,77.6663
3227,-36.1026,-136.6069,77.6663
3228,-35.8026,-136.6069,77.6663
3229,-35.5026,-136.6069,77.6663
3230,-35.2026,-136.9069,77.6663
3231,-34.9026,-136.9069,77.6663
3232,-34.6026,-137.2069,77.6663
3233,-34.3026,-137.2069,77.6663
3234,-34.0026,-137.2069,77.6663
3235,-33.7026,-137.2069,77.6663
3236,-33.4026,-137.2069,77.6663
3237,-33.1026,-137.2069,77.6663
3238,-32.8026,-137.2069,77.6663
3239,-32.5026,-137.5069,77.6663
3240,-32.2026,-137.5069,77.6663
3241,-31.9026,-137.5069,77.6663
3242,-31.6026,-137.5069,77.6663
3243,-31.3026,-137.5069,77.6663
3244,-31.0026,-137.8069,77.6663
3245,-30.7026,-137.8069,77.6663
3246,-30.4026,-138.1069,77.6663
3247,-30.1026,-138.1069,77.6663
3248,-29.8026,-138.1069,77.6663
3249,-29.5026,-138.1069,77.6663
3250,-29.2026,-138.1069,77.6663
3251,-28.9026,-138.1069,77.6663
3252,-28.6026,-138.1069,77.6663
3253,-28.3026,-138.1069,77.6663
3254,-28.0026,-138.1069,77.6663
3255,-28.3026,-138.1069,77.6663
3256,-28.6026,-138.1069,77.6663
3257,-28.9026,-138.1069,77.6663
3258,-29.2026,-138.1069,77.6663
3259,-29.5026,-138.1069,77.6663
3260,-29.8026,-138.1069,77.6663
3261,-30.1026,-138.1069,77.6663
3262,-30.4026,-138.1069,77.6663
3263,-30.7026,-138.1069,77.6663
3264,-31.0026,-138.1069,77.6663
3265,-31.3026,-138.1069,77.6663
3266,-31.6026,-138.1069,77.6663
3267,-31.9026,-138.1069,77.6663
3268,-32.2026,-138.1069,77.6663
3269,-32.5026,-138.1069,77.6663
3270,-32.8026,-138.1069,77.6663
3271,-33.1026,-138.1069,77.6663
3272,-33.4026,-138.1069,77.6663
3273,-33.7026,-138.1069,77.6663
3274,-34.0026,-138.1069,77.6663
3275,-34.3026,-138.1069,77.6663
3276,-34.6026,-138.1069,77.6663
3277,-34.9026,-138.1069,77.6663
3278,-35.2026,-138.1069,77.6663
3279,-35.5026,-138.1069,77.6663
3280,-35.8026,-138.1069,77.6663
3281,-36.1026,-138.1069,77.6663
3282,-36.4026,-138.1069,77.6663
3283,-36.7026,-138.1069,77.6663
3284,-37.0026,-138.1069,77.6663
3285,-37.3026,-138.1069,77.6663
3286,-37.6026,-138.1069,77.6663
3287,-37.9026,-138.1069,77.6663
3288,-38.2026,-138.1069,77.6663
3289,-38.5026,-137.8069,77.6663
3290,-38.8026,-137.8069,77.6663
3291,-39.1026,-137.5069,77.6663
3292,-39.4026,-137.5069,77.6663
3293,-39.7026,-137.2069,77.6663
3294,-40.0026,-137.2069,77.6663
3295,-40.3026,-137.2069,77.6663
3296,-40.6026,-136.9069,77.6663
3297,-40.9026,-136.9069,77.6663
3298,-41.2026,-136.6069,77.6663
3299,-41.5026,-136.6069,77.6663
3300,-41.8026,-136.3069,77.6663
3301,-42.1026,-136.3069,77.6663
3302,-42.4026,-136.0069,77.6663
3303,-42.7026,-136.0069,77.6663
3304,-43.0026,-135.7069,77.6663
3305,-43.3026,-135.7069,77.6663
3306,-43.6026,-135.7069,77.6663
3307,-43.9026,-135.4069,77.6663
3308,-44.2026,-135.4069,77.6663
3309,-44.5026,-135.1069,77.6663
3310,-44.8026,-135.1069,77.6663
3311,-45.1026,-134.8069,77.6663
3312,-45.4026,-134.8069,77.6663
3313,-45.7026,-134.8069,77.6663
3314,-46.0026,-134.5069,77.6663
3315,-46.3026,-134.5069,77.6663
3316,-46.6026,-134.2069,77.6663
3317,-46.3026,-134.5069,77.6663
3318,-46.0026,-134.5069,77.6663
3319,-45.7026,-134.8069,77.6663
3320,-45.4026,-134.8069,77.6663
3321,-45.1026,-134.8069,77.6663
3322,-44.8026,-135.1069,77.6663
3323,-44.5026,-135.1069,77.6663
3324,-44.2026,-135.4069,77.6663
3325,-43.9026,-135.4069,77.6663
3326,-43.6026,-135.4069,77.6663
3327,-43.3026,-135.7069,77.6663
3328,-43.0026,-135.7069,77.6663
3329,-42.7026,-135.7069,77.6663
3330,-42.4026,-135.7069,77.6663
3331,-42.1026,-135.7069,77.6663
3332,-41.8026,-136.0069,77.6663
3333,-41.5026,-136.0069,77.6663
3334,-41.2026,-136.0069,77.6663
3335,-40.9026,-136.0069,77.6663
3336,-40.6026,-136.0069,77.6663
3337,-40.3026,-136.0069,77.6663
3338,-40.0026,-136.3069,77.6663
3339,-39.7026,-136.3069,77.6663
3340,-39.4026,-136.3069,77.6663
3341,-39.1026,-136.3069,77.6663
3342,-38.8026,-136.3069,77.6663
3343,-38.5026,-136.3069,77.6663
3344,-38.2026,-136.3069,77.6663
3345,-37.9026,-136.6069,77.6663
3346,-37.6026,-136.6069,77.6663
3347,-37.3026,-136.6069,77.6663
3348,-37.0026,-136.6069,77.6663
3349,-36.7026,-136.6069,77.6663
3350,-36.4026,-136.6069,77.6663
3351,-36.1026,-136.6069,77.6663
3352,-35.8026,-136.6069,77.6663
3353,-35.5026,-136.6069,77.6663
3354,-35.2026,-136.9069,77.6663
3355,-34.9026,-136.9069,77.6663
3356,-34.6026,-137.2069,77.6663
3357,-34.3026,-137.2069,77.6663
3358,-34.0026,-137.2069,77.6663
3359,-33.7026,-137.2069,77.6663
3360,-33.4026,-137.2069,77.6663
3361,-33.1026,-137.2069,77.6663
3362,-32.8026,-137.2069,77.6663
3363,-32.5026,-137.5069,77.6663
3364,-32.2026,-137.5069,77.6663
3365,-31.9026,-137.5069,77.6663
3366,-31.6026,-137.5069,77.6663
3367,-31.3026,-137.5069,77.6663
3368,-31.0026,-137.8069,77.6663
3369,-30.7026,-137.8069,77.6663
3370,-30.4026,-138.1069,77.6663
3371,-30.1026,-138.1069,77.6663
3372,-29.8026,-138.1069,77.6663
3373,-29.5026,-138.1069,77.6663
3374,-29.2026,-138.1069,77.6663
3375,-28.9026,-138.1069,77.6663
3376,-28.6026,-138.1069,77.6663
3377,-28.3026,-138.1069,77.6663
3378,-28.0026,-138.1069,77.6663
3379,-27.7026,-138.1069,77.6663
3380,-27.4026,-138.1069,77.6663
3381,-27.1026,-138.1069,77.6663
3382,-26.8026,-138.1069,77.6663
3383,-26.5026,-138.1069,77.6663
3384,-26.2026,-138.1069,77.6663
3385,-25.9026,-138.1069,77.6663
3386,-25.6026,-138.1069,77.6663
3387,-25.3026,-138.1069,77.6663
3388,-25.0026,-138.1069,77.6663
3389,-24.7026,-138.1069,77.6663
3390,-24.4026,-138.1069,77.6663
3391,-24.1026,-138.1069,77.6663
3392,-23.8026,-138.1069,77.6663
3393,-23.5026,-138.1069,77.6663
3394,-23.2026,-138.1069,77.6663
3395,-22.9026,-138.1069,77.6663
3396,-22.6026,-138.1069,77.6663
3397,-22.3026,-138.1069,77.6663
3398,-22.0026,-138.1069,77.6663
3399,-21.7026,-138.1069,77.6663
3400,-21.4026,-138.1069,77.6663
3401,-21.1026,-138.1069,77.6663
3402,-20.8026,-138.1069,77.6663
3403,-20.5026,-138.1069,77.6663
3404,-20.2026,-138.1069,77.6663
3405,-19.9026,-138.1069,77.6663
3406,-19.6026,-138.1069,77.6663
3407,-19.3026,-138.1069,77.6663
3408,-19.0026,-138.1069,77.6663
3409,-18.7026,-138.1069,77.6663
3410,-18.4026,-138.1069,77.6663
3411,-18.1026,-138.1069,77.6663
3412,-17.8026,-138.1069,77.6663
3413,-17.5026,-138.1069,77.6663
3414,-17.2026,-138.1069,77.6663
3415,-16.9026,-138.4069,77.6663
3416,-16.6026,-138.7069,77.6663
3417,-16.3026,-139.0069,77.6663
3418,-16.0026,-139.3069,77.6663
3419,-15.7026,-139.6069,77.6663
3420,-15.4026,-139.9069,77.6663
3421,-15.1026,-139.9069,77.6663
3422,-14.8026,-140.2069,77.6663
3423,-14.5026,-140.2069,77.6663
3424,-14.2026,-140.5069,77.6663
3425,-13.9026,-140.5069,77.6663
3426,-13.6026,-140.5069,77.6663
3427,-13.3026,-140.5069,77.6663
3428,-13.0026,-140.5069,77.6663
3429,-12.7026,-140.5069,77.6663
3430,-12.4026,-140.5069,77.6663
3431,-12.1026,-140.5069,77.6663
3432,-11.8026,-140.5069,77.6663
3433,-11.5026,-140.5069,77.6663
3434,-11.2026,-140.5069,77.6663
3435,-10.9026,-140.5069,77.6663
3436,-10.6026,-140.5069,77.6663
3437,-10.3026,-140.5069,77.6663
3438,-10.0026,-140.5069,77.6663
3439,-9.7026,-140.5069,77.6663
3440,-9.4026,-140.5069,77.6663
3441,-9.1026,-140.5069,77.6663
3442,-8.8026,-140.5069,77.6663
3443,-8.5026,-140.5069,77.6663
3444,-8.2026,-140.5069,77.6663
3445,-7.9026,-140.5069,77.6663
3446,-7.6026,-140.5069,77.6663
3447,-7.3026,-140.5069,77.6663
3448,-7.0026,-140.8069,77.6663
3449,-6.7026,-140.8069,77.6663
3450,-6.4026,-140.8069,77.6663
3451,-6.1026,-140.8069,77.6663
3452,-5.8026,-140.8069,77.6663
3453,-5.5026,-140.8069,77.6663
3454,-5.2026,-140.8069,77.6663
3455,-4.9026,-140.8069,77.6663
3456,-4.6026,-140.8069,77.6663
3457,-4.3026,-140.8069,77.6663
3458,-4.0026,-140.8069,77.6663
3459,-3.7026,-140.8069,77.6663
3460,-3.4026,-140.8069,77.6663
3461,-3.1026,-140.8069,77.6663
3462,-2.8026,-140.8069,77.6663
3463,-2.5026,-140.8069,77.6663
3464,-2.2026,-140.5069,77.6663
3465,-1.9026,-140.8069,77.6663
3466,-1.9026,-141.1069,77.6663
3467,-1.6026,-141.4069,77.6663
3468,-1.3026,-141.7069,77.6663
3469,-1.0026,-142.0069,77.6663
3470,-0.7026,-142.3069,77.6663
3471,-0.4026,-142.3069,77.6663
3472,-0.1026,-142.6069,77.6663
3473,0.1974,-142.9069,77.6663
3474,0.4974,-142.9069,77.6663
3475,0.7974,-142.9069,77.6663
3476,1.0974,-142.9069,77.6663
3477,1.3974,-143.2069,77.6663
3478,1.6974,-143.2069,77.6663
3479,1.9974,-143.2069,77.6663
3480,2.2974,-143.2069,77.6663
3481,2.5974,-143.2069,77.6663
3482,2.8974,-143.2069,77.6663
3483,3.1974,-143.2069,77.6663
3484,3.4974,-143.2069,77.6663
3485,3.7974,-143.2069,77.6663
3486,4.0974,-143.2069,77.6663
3487,4.3974,-143.2069,77.6663
3488,4.6974,-143.2069,77.6663
3489,4.9974,-143.2069,77.6663
3490,5.2974,-143.2069,77.6663
3491,5.5974,-143.2069,77.6663
3492,5.8974,-143.2069,77.6663
3493,6.1974,-143.2069,77.6663
3494,6.4974,-143.2069,77.6663
3495,6.7974,-143.2069,77.6663
3496,7.0974,-143.2069,77.6663
3497,7.3974,-143.2069,77.6663
3498,7.6974,-143.2069,77.6663
3499,7.9974,-143.2069,77.6663
3500,8.2974,-143.2069,77.6663
3501,8.5974,-143.2069,77.6663
3502,8.8974,-143.2069,77.6663
3503,9.1974,-143.2069,77.6663
3504,9.4974,-143.2069,77.6663
3505,9.7974,-143.2069,77.6663
3506,10.0974,-143.2069,77.6663
3507,10.3974,-143.2069,77.6663
3508,10.6974,-143.2069,77.6663
3509,10.9974,-143.2069,77.6663
3510,11.2974,-143.2069,77.6663
3511,11.5974,-143.2069,77.6663
3512,11.8974,-143.2069,77.6663
3513,12.1974,-143.2069,77.6663
3514,12.4974,-143.2069,77.6663
3515,12.7974,-143.5069,77.6663
3516,13.0974,-143.8069,77.6663
3517,13.3974,-144.1069,77.6663
3518,13.6974,-144.4069,77.6663
3519,13.9974,-144.7069,77.6663
3520,14.2974,-145.0069,77.6663
3521,14.5974,-145.0069,77.6663
3522,14.8974,-145.3069,77.6663
3523,15.1974,-145.3069,77.6663
3524,15.4974,-145.6069,77.6663
3525,15.7974,-145.6069,77.6663
3526,16.0974,-145.6069,77.6663
3527,16.3974,-145.6069,77.6663
3528,16.6974,-145.6069,77.6663
3529,16.9974,-145.6069,77.6663
3530,17.2974,-145.9069,77.6663
3531,17.5974,-145.9069,77.6663
3532,17.8974,-145.9069,77.6663
3533,18.1974,-145.9069,77.6663
3534,18.4974,-145.9069,77.6663
3535,18.7974,-146.2069,77.6663
3536,19.0974,-146.2069,77.6663
3537,19.3974,-146.5069,77.6663
3538,19.6974,-146.5069,77.6663
3539,19.9974,-146.5069,77.6663
3540,20.2974,-146.5069,77.6663
3541,20.5974,-146.5069,77.6663
3542,20.8974,-146.5069,77.6663
3543,21.1974,-146.8069,77.6663
3544,21.4974,-146.8069,77.6663
3545,21.7974,-146.8069,77.6663
3546,22.0974,-146.8069,77.6663
3547,22.3974,-146.8069,77.6663
3548,22.6974,-146.8069,77.6663
3549,22.9974,-146.8069,77.6663
3550,23.2974,-146.8069,77.6663
3551,23.5974,-146.8069,77.6663
3552,23.8974,-146.8069,77.6663
3553,24.1974,-147.1069,77.6663
3554,24.4974,-147.1069,77.6663
3555,24.7974,-147.4069,77.6663
3556,25.0974,-147.4069,77.6663
3557,25.3974,-147.7069,77.6663
3558,25.6974,-148.0069,77.6663
3559,25.9974,-148.3069,77.6663
3560,26.2974,-148.6069,77.6663
3561,26.5974,-148.9069,77.6663
3562,26.8974,-149.2069,77.6663
3563,27.1974,-149.5069,77.6663
3564,27.4974,-149.8069,77.6663
3565,27.7974,-150.1069,77.6663
3566,28.0974,-150.4069,77.6663
3567,28.3974,-150.7069,77.6663
3568,28.6974,-151.0069,77.6663
3569,28.9974,-151.3069,77.6663
3570,29.2974,-151.6069,77.6663
3571,29.5974,-151.9069,77.6663
3572,29.8974,-152.2069,77.6663
3573,30.1974,-152.5069,77.6663
3574,30.4974,-152.8069,77.6663
3575,30.7974,-153.1069,77.6663
3576,31.0974,-153.1069,77.6663
3577,31.3974,-153.1069,77.6663
3578,31.6974,-153.1069,77.6663
3579,31.9974,-153.1069,77.6663
3580,32.2974,-153.1069,77.6663
3581,32.5974,-153.1069,77.6663
3582,32.8974,-153.1069,77.6663
3583,33.1974,-153.1069,77.6663
3584,33.4974,-153.1069,77.6663
3585,33.7974,-153.1069,77.6663
3586,34.0974,-153.1069,77.6663
3587,34.3974,-153.1069,77.6663
3588,34.6974,-153.1069,77.6663
3589,34.9974,-153.1069,77.6663
3590,35.2974,-153.1069,77.6663
3591,35.5974,-153.1069,77.6663
3592,35.8974,-153.1069,77.6663
3593,36.1974,-153.1069,77.6663
3594,36.4974,-153.1069,77.6663
3595,36.7974,-153.1069,77.6663
3596,37.0974,-153.1069,77.6663
3597,37.3974,-153.1069,77.6663
3598,37.6974,-153.1069,77.6663
3599,37.9974,-153.1069,77.6663
3600,38.2974,-153.1069,77.6663
3601,38.5974,-153.1069,77.6663
3602,38.8974,-153.1069,77.6663
3603,39.1974,-153.1069,77.6663
3604,39.4974,-153.1069,77.6663
3605,39.7974,-153.1069,77.6663
3606,40.0974,-153.1069,77.6663
3607,40.3974,-153.1069,77.6663
3608,40.6974,-153.1069,77.6663
3609,40.9974,-153.1069,77.6663
3610,41.2974,-153.1069,77.6663
3611,41.5974,-153.1069,77.6663
3612,41.8974,-153.1069,77.6663
3613,42.1974,-153.1069,77.6663
3614,42.4974,-153.1069,77.6663
3615,42.7974,-153.1069,77.6663
3616,43.0974,-153.1069,77.6663
3617,43.3974,-153.1069,77.6663
3618,43.6974,-153.1069,77.6663
3619,43.9974,-153.1069,77.6663
3620,44.2974,-153.1069,77.6663
3621,44.5974,-153.1069,77.6663
3622,44.8974,-153.1069,77.6663
3623,45.1974,-153.1069,77.6663
3624,45.4974,-153.1069,77.6663
3625,45.7974,-153.1069,77.6663
3626,46.0974,-153.1069,77.6663
3627,46.3974,-153.1069,77.6663
3628,46.6974,-153.1069,77.6663
3629,46.9974,-153.1069,77.6663
3630,47.2974,-153.1069,77.6663
3631,47.5974,-153.1069,77.6663
3632,47.8974,-153.1069,77.6663
3633,48.1974,-153.1069,77.6663
3634,48.4974,-153.1069,77.6663
3635,48.7974,-153.1069,77.6663
3636,49.0974,-153.1069,77.6663
3637,49.3974,-153.1069,77.6663
3638,49.6974,-153.1069,77.6663
3639,49.9974,-153.1069,77.6663
3640,50.2974,-153.1069,77.6663
3641,50.5974,-153.1069,77.6663
3642,50.8974,-153.1069,77.6663
3643,51.1974,-153.1069,77.6663
3644,51.4974,-153.1069,77.6663
3645,51.7974,-153.1069,77.6663
3646,52.0974,-153.1069,77.6663
3647,52.3974,-153.1069,77.6663
3648,52.6974,-153.1069,77.6663
3649,52.9974,-153.1069,77.6663
3650,53.2974,-153.1069,77.6663
3651,53.5974,-153.1069,77.6663
3652,53.8974,-153.1069,77.6663
3653,54.1974,-153.1069,77.6663
3654,54.4974,-153.1069,77.6663
3655,54.7974,-153.1069,77.6663
3656,55.0974,-153.1069,77.6663
3657,55.3974,-153.1069,77.6663
3658,55.6974,-153.1069,77.6663
3659,55.9974,-153.1069,77.6663
3660,56.2974,-153.1069,77.6663
3661,56.5974,-153.1069,77.6663
3662,56.8974,-153.1069,77.6663
3663,57.1974,-153.1069,77.6663
3664,57.4974,-153.1069,77.6663
3665,57.7974,-153.1069,77.6663
3666,58.0974,-153.1069,77.6663
3667,58.3974,-153.1069,77.6663
3668,58.6974,-153.1069,77.6663
3669,58.9974,-153.1069,77.6663
3670,59.2974,-153.1069,77.6663
3671,59.5974,-153.1069,77.6663
3672,59.8974,-153.1069,77.6663
3673,60.1974,-153.1069,77.6663
3674,60.4974,-153.4069,77.6663
3675,60.7974,-153.4069,77.6663
3676,61.0974,-153.4069,77.6663
3677,61.3974,-153.4069,77.6663
3678,61.6974,-153.4069,77.6663
3679,61.9974,-153.4069,77.6663
3680,62.2974,-153.4069,77.6663
3681,62.5974,-153.4069,77.6663
3682,62.8974,-153.4069,77.6663
3683,63.1974,-153.4069,77.6663
3684,63.4974,-153.4069,77.6663
3685,63.7974,-153.4069,77.6663
3686,64.0974,-153.4069,77.6663
3687,64.3974,-153.1069,77.6663
3688,64.6974,-153.1069,77.6663
3689,64.9974,-152.8069,77.6663
3690,65.2974,-152.5069,77.6663
3691,65.5974,-152.2069,77.6663
3692,65.8974,-151.9069,77.6663
3693,65.8974,-151.6069,77.6663
3694,65.8974,-151.9069,77.6663
3695,65.5974,-152.2069,77.6663
3696,65.2974,-152.5069,77.6663
3697,64.9974,-152.8069,77.6663
3698,64.6974,-153.1069,77.6663
3699,64.3974,-153.1069,77.6663
3700,64.0974,-153.4069,77.6663
3701,63.7974,-153.4069,77.6663
3702,63.4974,-153.4069,77.6663
3703,63.1974,-153.4069,77.6663
3704,62.8974,-153.4069,77.6663
3705,62.5974,-153.4069,77.6663
3706,62.2974,-153.4069,77.6663
3707,61.9974,-153.4069,77.6663
3708,61.6974,-153.4069,77.6663
3709,61.3974,-153.4069,77.6663
3710,61.0974,-153.4069,77.6663
3711,60.7974,-153.4069,77.6663
3712,60.4974,-153.4069,77.6663
3713,60.1974,-153.4069,77.6663
3714,59.8974,-153.4069,77.6663
3715,59.5974,-153.4069,77.6663
3716,59.2974,-153.4069,77.6663
3717,58.9974,-153.4069,77.6663
3718,58.6974,-153.4069,77.6663
3719,58.3974,-153.4069,77.6663
3720,58.0974,-153.4069,77.6663
3721,57.7974,-153.4069,77.6663
3722,57.4974,-153.4069,77.6663
3723,57.1974,-153.4069,77.6663
3724,56.8974,-153.4069,77.6663
3725,56.5974,-153.4069,77.6663
3726,56.2974,-153.4069,77.6663
3727,55.9974,-153.4069,77.6663
3728,55.6974,-153.4069,77.6663
3729,55.3974,-153.1069,77.6663
3730,55.0974,-153.1069,77.6663
3731,54.7974,-152.8069,77.6663
3732,54.4974,-152.8069,77.6663
3733,54.1974,-152.5069,77.6663
3734,53.8974,-152.5069,77.6663
3735,53.5974,-152.2069,77.6663
3736,53.2974,-152.2069,77.6663
3737,52.9974,-152.2069,77.6663
3738,52.6974,-151.9069,77.6663
3739,52.6974,-151.9069,77.9663
3740,52.3974,-151.9069,78.2663
3741,52.3974,-151.9069,78.5663
3742,52.0974,-151.9069,78.8663
3743,52.0974,-151.9069,79.1663
3744,51.7974,-151.6069,79.4663
3745,51.7974,-151.6069,79.7663
3746,51.7974,-151.6069,80.0663
3747,51.4974,-151.3069,80.3663
3748,51.1974,-151.3069,80.3663
3749,50.8974,-151.3069,80.3663
3750,50.5974,-151.3069,80.3663
3751,50.2974,-151.3069,80.3663
3752,49.9974,-151.3069,80.3663
3753,49.6974,-151.3069,80.3663
3754,49.3974,-151.3069,80.3663
3755,49.0974,-151.3069,80.3663
3756,48.7974,-151.3069,80.3663
3757,48.4974,-151.3069,80.3663
3758,48.1974,-151.3069,80.3663
3759,47.8974,-151.3069,80.3663
3760,47.5974,-151.3069,80.3663
3761,47.2974,-151.3069,80.3663
3762,46.9974,-151.3069,80.3663
3763,46.6974,-151.3069,80.3663
3764,46.3974,-151.3069,80.3663
3765,46.0974,-151.3069,80.3663
3766,45.7974,-151.3069,80.3663
3767,45.4974,-151.3069,80.3663
3768,45.1974,-151.3069,80.3663
3769,44.8974,-151.3069,80.3663
3770,44.5974,-151.3069,80.3663
3771,44.2974,-151.3069,80.3663
3772,43.9974,-151.3069,80.3663
3773,43.6974,-151.3069,80.3663
3774,43.3974,-151.3069,80.3663
3775,43.0974,-151.3069,80.3663
3776,42.7974,-151.3069,80.3663
3777,42.4974,-151.3069,80.3663
3778,42.1974,-151.3069,80.3663
3779,41.8974,-151.3069,80.3663
3780,41.5974,-151.3069,80.3663
3781,41.2974,-151.3069,80.3663
3782,40.9974,-151.3069,80.3663
3783,40.6974,-151.3069,80.3663
3784,40.3974,-151.3069,80.3663
3785,40.0974,-151.3069,80.3663
3786,39.7974,-151.3069,80.3663
3787,39.4974,-151.3069,80.3663
3788,39.1974,-151.3069,80.3663
3789,38.8974,-151.3069,80.3663
3790,38.5974,-151.3069,80.3663
3791,38.2974,-151.3069,80.3663
3792,37.9974,-151.3069,80.3663
3793,37.6974,-151.3069,80.3663
3794,37.3974,-151.3069,80.3663
3795,37.0974,-151.3069,80.3663
3796,36.7974,-151.3069,80.3663
3797,36.4974,-151.3069,80.3663
3798,36.1974,-151.3069,80.3663
3799,35.8974,-151.3069,80.3663
3800,35.5974,-151.3069,80.3663
3801,35.2974,-151.3069,80.3663
3802,34.9974,-151.3069,80.3663
3803,34.6974,-151.3069,80.3663
3804,34.3974,-151.3069,80.3663
3805,34.0974,-151.3069,80.3663
3806,33.7974,-151.3069,80.3663
3807,33.4974,-151.3069,80.3663
3808,33.1974,-151.3069,80.3663
3809,32.8974,-151.3069,80.3663
3810,32.5974,-151.3069,80.3663
3811,32.2974,-151.3069,80.3663
3812,31.9974,-151.3069,80.3663
3813,31.6974,-151.3069,80.3663
3814,31.3974,-151.0069,80.3663
3815,31.0974,-151.0069,80.3663
3816,30.7974,-150.7069,80.3663
3817,30.4974,-150.7069,80.3663
3818,30.1974,-150.7069,80.3663
3819,29.8974,-150.4069,80.3663
3820,29.5974,-150.4069,80.3663
3821,29.2974,-150.1069,80.3663
3822,28.9974,-150.1069,80.3663
3823,28.6974,-149.8069,80.3663
3824,28.3974,-149.8069,80.3663
3825,28.0974,-149.5069,80.3663
3826,27.7974,-149.5069,80.3663
3827,27.4974,-149.2069,80.3663
3828,27.1974,-149.2069,80.3663
3829,26.8974,-149.2069,80.3663
3830,26.5974,-148.9069,80.3663
3831,26.2974,-148.9069,80.3663
3832,25.9974,-148.6069,80.3663
3833,25.6974,-148.6069,80.3663
3834,25.3974,-148.3069,80.3663
3835,25.0974,-148.3069,80.3663
3836,24.7974,-148.0069,80.3663
3837,24.4974,-148.0069,80.3663
3838,24.1974,-147.7069,80.3663
3839,23.8974,-147.7069,80.3663
3840,23.5974,-147.7069,80.3663
3841,23.2974,-147.4069,80.3663
3842,22.9974,-147.4069,80.3663
3843,22.6974,-147.1069,80.3663
3844,22.3974,-147.1069,80.3663
3845,22.0974,-146.8069,80.3663
3846,21.7974,-146.8069,80.3663
3847,21.4974,-146.5069,80.3663
3848,21.1974,-146.5069,80.3663
3849,20.8974,-146.5069,80.3663
3850,20.5974,-146.2069,80.3663
3851,20.8974,-146.2069,80.3663
3852,21.1974,-146.2069,80.3663
3853,21.4974,-146.2069,80.3663
3854,21.7974,-146.5069,80.3663
3855,22.0974,-146.5069,80.3663
3856,22.3974,-146.5069,80.3663
3857,22.6974,-146.5069,80.3663
3858,22.9974,-146.8069,80.3663
3859,23.2974,-146.8069,80.3663
3860,23.5974,-146.8069,80.3663
3861,23.8974,-146.8069,80.3663
3862,24.1974,-146.8069,80.3663
3863,24.4974,-146.8069,80.3663
3864,24.7974,-146.8069,80.3663
3865,25.0974,-146.8069,80.3663
3866,25.3974,-147.1069,80.3663
3867,25.6974,-147.1069,80.3663
3868,25.9974,-147.1069,80.3663
3869,26.2974,-147.1069,80.3663
3870,26.5974,-147.1069,80.3663
3871,26.8974,-147.1069,80.3663
3872,27.1974,-147.4069,80.3663
3873,27.4974,-147.4069,80.3663
3874,27.7974,-147.4069,80.3663
3875,28.0974,-147.4069,80.3663
3876,28.3974,-147.4069,80.3663
3877,28.6974,-147.4069,80.3663
3878,28.9974,-147.7069,80.3663
3879,29.2974,-147.7069,80.3663
3880,29.5974,-147.7069,80.3663
3881,29.8974,-147.7069,80.3663
3882,30.1974,-147.7069,80.3663
3883,30.4974,-147.7069,80.3663
3884,30.7974,-147.7069,80.3663
3885,31.0974,-147.7069,80.3663
3886,31.3974,-148.0069,80.3663
3887,31.6974,-148.0069,80.3663
3888,31.9974,-148.0069,80.3663
3889,32.2974,-148.0069,80.3663
3890,32.5974,-148.3069,80.3663
3891,32.8974,-148.3069,80.3663
3892,33.1974,-148.3069,80.3663
3893,33.4974,-148.3069,80.3663
3894,33.7974,-148.3069,80.3663
3895,34.0974,-148.3069,80.3663
3896,34.3974,-148.6069,80.3663
3897,34.6974,-148.6069,80.3663
3898,34.9974,-148.6069,80.3663
3899,35.2974,-148.6069,80.3663
3900,35.5974,-148.6069,80.3663
3901,35.8974,-148.6069,80.3663
3902,36.1974,-148.6069,80.3663
3903,36.4974,-148.9069,80.3663
3904,36.7974,-148.9069,80.3663
3905,37.0974,-148.9069,80.3663
3906,37.3974,-148.9069,80.3663
3907,37.6974,-148.9069,80.3663
3908,37.9974,-148.9069,80.3663
3909,38.2974,-148.9069,80.3663
3910,38.5974,-148.9069,80.3663
3911,38.8974,-149.2069,80.3663
3912,39.1974,-149.2069,80.3663
3913,39.4974,-149.2069,80.3663
3914,39.7974,-149.2069,80.3663
3915,40.0974,-149.5069,80.3663
3916,40.3974,-149.5069,80.3663
3917,40.6974,-149.5069,80.3663
3918,40.9974,-149.5069,80.3663
3919,41.2974,-149.5069,80.3663
3920,41.5974,-149.5069,80.3663
3921,41.8974,-149.5069,80.3663
3922,42.1974,-149.8069,80.3663
3923,42.4974,-149.8069,80.3663
3924,42.7974,-149.8069,80.3663
3925,43.0974,-149.8069,80.3663
3926,43.3974,-149.8069,80.3663
3927,43.6974,-149.8069,80.3663
3928,43.9974,-150.1069,80.3663
3929,44.2974,-150.1069,80.3663
3930,44.5974,-150.1069,80.3663
3931,44.8974,-150.1069,80.3663
3932,45.1974,-150.1069,80.3663
3933,45.4974,-150.4069,80.3663
3934,45.7974,-150.4069,80.3663
3935,46.0974,-150.4069,80.3663
3936,46.3974,-150.7069,80.3663
3937,46.6974,-150.7069,80.3663
3938,46.9974,-150.7069,80.3663
3939,47.2974,-150.7069,80.3663
3940,47.5974,-150.7069,80.3663
3941,47.8974,-150.7069,80.3663
3942,48.1974,-150.7069,80.3663
3943,48.4974,-151.0069,80.3663
3944,48.7974,-151.0069,80.3663
3945,49.0974,-151.0069,80.3663
3946,49.3974,-151.0069,80.3663
3947,49.6974,-151.3069,80.3663
3948,49.9974,-151.3069,80.3663
3949,50.2974,-151.3069,80.3663
3950,50.5974,-151.3069,80.3663
3951,50.8974,-151.3069,80.3663
3952,51.1974,-151.3069,80.3663
3953,51.4974,-151.3069,80.3663
3954,51.7974,-151.3069,80.3663
3955,52.0974,-151.3069,80.3663
3956,52.3974,-151.3069,80.3663
3957,52.6974,-151.3069,80.3663
3958,52.9974,-151.3069,80.3663
3959,53.2974,-151.6069,80.3663
3960,53.5974,-151.6069,80.3663
3961,53.8974,-151.9069,80.3663
3962,54.1974,-151.9069,80.3663
3963,54.4974,-151.9069,80.3663
3964,54.7974,-151.9069,80.3663
3965,55.0974,-152.2069,80.6663
3966,55.3974,-152.2069,80.6663
3967,55.6974,-152.2069,80.6663
3968,55.9974,-152.2069,80.9663
3969,56.2974,-152.2069,80.9663
3970,56.5974,-152.2069,80.9663
3971,56.8974,-152.2069,80.9663
3972,57.1974,-152.5069,81.2663
3973,57.4974,-152.8069,81.5663
3974,57.7974,-153.1069,81.8663
3975,58.0974,-153.1069,81.8663
3976,58.3974,-153.1069,81.8663
3977,58.6974,-153.1069,81.8663
3978,58.9974,-153.1069,81.8663
3979,59.2974,-153.1069,81.8663
3980,59.5974,-153.1069,82.1663
3981,59.8974,-153.4069,82.4663
3982,60.1974,-153.4069,82.7663
3983,60.4974,-153.4069,83.0663
3984,60.7974,-153.4069,83.3663
3985,61.0974,-153.4069,83.6663
3986,61.3974,-153.4069,83.9663
3987,61.6974,-153.4069,83.9663
3988,61.9974,-153.4069,84.2663
3989,62.2974,-153.1069,84.5663
3990,62.5974,-152.8069,84.8663
3991,62.8974,-152.5069,85.1663
3992,63.1974,-152.2069,85.4663
3993,63.4974,-151.9069,85.4663
3994,63.7974,-151.9069,85.4663
3995,64.0974,-151.9069,85.4663
3996,64.3974,-151.6069,85.4663
3997,64.6974,-151.3069,85.4663
3998,64.9974,-151.0069,85.4663
3999,64.9974,-150.7069,85.4663
4000,64.9974,-150.4069,85.4663
4001,65.2974,-150.1069,85.4663
4002,65.2974,-149.8069,85.4663
4003,65.5974,-149.5069,85.1663
4004,65.5974,-149.2069,85.1663
4005,65.5974,-148.9069,85.1663
4006,65.8974,-148.6069,84.8663
4007,66.1974,-148.3069,84.5663
4008,66.1974,-148.0069,84.2663
4009,66.1974,-147.7069,83.9663
4010,66.1974,-147.4069,83.9663
4011,66.1974,-147.1069,83.9663
4012,66.1974,-146.8069,83.6663
4013,66.1974,-146.5069,83.3663
4014,66.1974,-146.2069,83.0663
4015,66.1974,-145.9069,82.7663
4016,66.1974,-145.6069,82.4663
4017,65.8974,-145.3069,82.1663
4018,65.5974,-145.0069,81.8663
4019,65.2974,-144.7069,81.5663
4020,64.9974,-144.4069,81.2663
4021,64.6974,-144.1069,80.9663
4022,64.6974,-144.1069,80.6663
4023,64.6974,-143.8069,80.3663
4024,64.6974,-143.8069,80.6663
4025,64.6974,-144.1069,80.9663
4026,64.9974,-144.4069,81.2663
4027,65.2974,-144.7069,81.5663
4028,65.5974,-145.0069,81.8663
4029,65.8974,-145.3069,82.1663
4030,66.1974,-145.6069,82.4663
4031,66.1974,-145.9069,82.7663
4032,66.1974,-146.2069,83.0663
4033,66.1974,-146.5069,83.3663
4034,66.1974,-146.8069,83.6663
4035,66.1974,-147.1069,83.9663
4036,66.1974,-147.4069,84.2663
4037,65.8974,-147.7069,84.5663
4038,65.8974,-148.0069,84.5663
4039,65.8974,-148.3069,84.8663
4040,65.8974,-148.6069,84.8663
4041,65.5974,-148.9069,85.1663
4042,65.5974,-149.2069,85.1663
4043,65.5974,-149.5069,85.1663
4044,65.2974,-149.8069,85.4663
4045,65.2974,-150.1069,85.4663
4046,65.2974,-150.4069,85.4663
4047,64.9974,-150.7069,85.4663
4048,64.9974,-151.0069,85.4663
4049,64.6974,-151.3069,85.4663
4050,64.3974,-151.6069,85.4663
4051,64.0974,-151.9069,85.4663
4052,63.7974,-151.9069,85.4663
4053,63.4974,-151.9069,85.4663
4054,63.1974,-152.2069,85.4663
4055,62.8974,-152.2069,85.4663
4056,62.5974,-152.5069,85.1663
4057,62.2974,-152.5069,85.1663
4058,61.9974,-152.5069,85.1663
4059,61.6974,-152.8069,84.8663
4060,61.3974,-153.1069,84.5663
4061,61.0974,-153.4069,84.2663
4062,60.7974,-153.4069,83.9663
4063,60.4974,-153.4069,83.6663
4064,60.1974,-153.4069,83.3663
4065,59.8974,-153.4069,83.0663
4066,59.5974,-153.4069,83.0663
4067,59.2974,-153.4069,82.7663
4068,58.9974,-153.4069,82.7663
4069,58.6974,-153.4069,82.7663
4070,58.3974,-153.4069,82.7663
4071,58.0974,-153.4069,82.7663
4072,57.7974,-153.4069,82.7663
4073,57.4974,-153.4069,82.7663
4074,57.1974,-153.4069,82.7663
4075,56.8974,-153.4069,82.7663
4076,56.5974,-153.4069,82.7663
4077,56.2974,-153.4069,82.7663
4078,55.9974,-153.4069,82.7663
4079,55.6974,-153.4069,82.7663
4080,55.3974,-153.4069,82.7663
4081,55.0974,-153.4069,82.7663
4082,54.7974,-153.4069,82.7663
4083,54.4974,-153.4069,82.7663
4084,54.1974,-153.4069,82.7663
4085,53.8974,-153.4069,82.7663
4086,53.5974,-153.4069,82.7663
4087,53.2974,-153.4069,82.7663
4088,52.9974,-153.4069,82.7663
4089,52.6974,-153.4069,82.7663
4090,52.3974,-153.4069,82.7663
4091,52.0974,-153.4069,82.7663
4092,51.7974,-153.4069,82.7663
4093,51.4974,-153.4069,82.7663
4094,51.1974,-153.4069,82.7663
4095,50.8974,-153.4069,82.7663
4096,50.5974,-153.4069,82.7663
4097,50.2974,-153.4069,82.7663
4098,49.9974,-153.4069,82.7663
4099,49.6974,-153.4069,82.7663
4100,49.3974,-153.4069,82.7663
4101,49.0974,-153.4069,82.7663
4102,48.7974,-153.4069,82.7663
4103,48.4974,-153.4069,82.7663
4104,48.1974,-153.4069,82.7663
4105,47.8974,-153.4069,82.7663
4106,47.5974,-153.4069,82.7663
4107,47.2974,-153.4069,82.7663
4108,46.9974,-153.4069,82.7663
4109,46.6974,-153.4069,82.7663
4110,46.3974,-153.4069,82.7663
4111,46.0974,-153.4069,82.7663
4112,45.7974,-153.4069,82.7663
4113,45.4974,-153.4069,82.7663
4114,45.1974,-153.4069,82.7663
4115,44.8974,-153.4069,82.7663
4116,44.5974,-153.4069,82.7663
4117,44.2974,-153.4069,82.7663
4118,43.9974,-153.4069,82.7663
4119,43.6974,-153.4069,82.7663
4120,43.3974,-153.4069,82.7663
4121,43.0974,-153.1069,82.7663
4122,42.7974,-152.8069,82.7663
4123,42.4974,-152.5069,82.7663
4124,42.1974,-152.2069,82.7663
4125,41.8974,-151.9069,82.7663
4126,41.5974,-151.6069,82.7663
4127,41.2974,-151.3069,82.7663
4128,40.9974,-151.0069,82.7663
4129,40.6974,-150.7069,82.7663
4130,40.3974,-150.4069,82.7663
4131,40.0974,-150.4069,82.7663
4132,39.7974,-150.4069,82.7663
4133,39.4974,-150.4069,82.7663
4134,39.1974,-150.4069,82.7663
4135,38.8974,-150.4069,82.7663
4136,38.5974,-150.4069,82.7663
4137,38.2974,-150.4069,82.7663
4138,37.9974,-150.4069,82.7663
4139,37.6974,-150.4069,82.7663
4140,37.3974,-150.4069,82.7663
4141,37.0974,-150.4069,82.7663
4142,36.7974,-150.4069,82.7663
4143,36.4974,-150.4069,82.7663
4144,36.1974,-150.4069,82.7663
4145,35.8974,-150.4069,82.7663
4146,35.5974,-150.4069,82.7663
4147,35.2974,-150.4069,82.7663
4148,34.9974,-150.4069,82.7663
4149,34.6974,-150.4069,82.7663
4150,34.3974,-150.4069,82.7663
4151,34.0974,-150.4069,82.7663
4152,33.7974,-150.4069,82.7663
4153,33.4974,-150.4069,82.7663
4154,33.1974,-150.4069,82.7663
4155,32.8974,-150.4069,82.7663
4156,32.5974,-150.4069,82.7663
4157,32.2974,-150.4069,82.7663
4158,31.9974,-150.4069,82.7663
4159,31.6974,-150.4069,82.7663
4160,31.3974,-150.4069,82.7663
4161,31.0974,-150.4069,82.7663
4162,30.7974,-150.4069,82.7663
4163,30.4974,-150.4069,82.7663
4164,30.1974,-150.4069,82.7663
4165,29.8974,-150.4069,82.7663
4166,29.5974,-150.4069,82.7663
4167,29.2974,-150.4069,82.7663
4168,28.9974,-150.4069,82.7663
4169,28.6974,-150.4069,82.7663
4170,28.3974,-150.1069,82.7663
4171,28.0974,-150.1069,82.7663
4172,27.7974,-149.8069,82.7663
4173,27.4974,-149.8069,82.7663
4174,27.1974,-149.5069,82.7663
4175,26.8974,-149.5069,82.7663
4176,26.5974,-149.5069,82.7663
4177,26.2974,-149.2069,82.7663
4178,25.9974,-149.2069,82.7663
4179,25.6974,-149.2069,82.7663
4180,25.3974,-148.9069,82.4663
4181,25.0974,-148.6069,82.4663
4182,24.7974,-148.6069,82.4663
4183,24.4974,-148.3069,82.1663
4184,24.1974,-148.3069,82.1663
4185,23.8974,-148.0069,81.8663
4186,23.5974,-148.0069,81.8663
4187,23.2974,-147.7069,81.8663
4188,22.9974,-147.7069,81.8663
4189,22.6974,-147.4069,81.5663
4190,22.3974,-147.4069,81.5663
4191,22.0974,-147.1069,81.2663
4192,21.7974,-147.1069,81.2663
4193,21.4974,-147.1069,81.2663
4194,21.1974,-146.8069,80.9663
4195,20.8974,-146.8069,80.9663
4196,20.5974,-146.5069,80.6663
4197,20.2974,-146.5069,80.6663
4198,19.9974,-146.2069,80.3663
4199,19.6974,-146.2069,80.3663
4200,19.3974,-145.9069,80.3663
4201,19.0974,-145.9069,80.3663
4202,18.7974,-145.9069,80.3663
4203,18.4974,-145.9069,80.3663
4204,18.1974,-145.9069,80.3663
4205,17.8974,-145.9069,80.3663
4206,17.5974,-145.9069,80.3663
4207,17.2974,-145.9069,80.3663
4208,16.9974,-145.9069,80.3663
4209,16.6974,-145.9069,80.3663
4210,16.3974,-145.9069,80.3663
4211,16.0974,-145.9069,80.3663
4212,15.7974,-145.9069,80.3663
4213,15.4974,-145.9069,80.3663
4214,15.1974,-145.9069,80.3663
4215,14.8974,-145.9069,80.3663
4216,14.5974,-145.9069,80.3663
4217,14.2974,-145.9069,80.3663
4218,13.9974,-145.9069,80.3663
4219,13.6974,-145.9069,80.3663
4220,13.3974,-145.9069,80.3663
4221,13.0974,-145.9069,80.3663
4222,12.7974,-145.9069,80.3663
4223,12.4974,-145.9069,80.3663
4224,12.1974,-145.9069,80.3663
4225,11.8974,-145.9069,80.3663
4226,11.5974,-145.9069,80.3663
4227,11.2974,-145.9069,80.3663
4228,10.9974,-145.9069,80.3663
4229,10.6974,-145.9069,80.3663
4230,10.3974,-145.9069,80.3663
4231,10.0974,-145.9069,80.3663
4232,9.7974,-145.9069,80.3663
4233,9.4974,-145.9069,80.3663
4234,9.1974,-145.9069,80.3663
4235,8.8974,-145.9069,80.3663
4236,8.5974,-145.9069,80.3663
4237,8.2974,-145.9069,80.3663
4238,7.9974,-145.9069,80.3663
4239,7.6974,-145.9069,80.3663
4240,7.3974,-145.9069,80.3663
4241,7.0974,-145.9069,80.3663
4242,6.7974,-145.9069,80.3663
4243,6.4974,-145.9069,80.3663
4244,6.1974,-145.9069,80.3663
4245,5.8974,-145.9069,80.3663
4246,5.5974,-145.9069,80.3663
4247,5.2974,-145.9069,80.3663
4248,4.9974,-145.9069,80.3663
4249,4.6974,-145.9069,80.3663
4250,4.3974,-145.9069,80.3663
4251,4.0974,-145.9069,80.3663
4252,3.7974,-145.9069,80.3663
4253,3.4974,-145.9069,80.3663
4254,3.1974,-145.9069,80.3663
4255,2.8974,-145.9069,80.3663
4256,2.5974,-145.9069,80.3663
4257,2.2974,-145.9069,80.3663
4258,1.9974,-145.9069,80.3663
4259,1.6974,-145.9069,80.3663
4260,1.3974,-145.9069,80.3663
4261,1.0974,-145.9069,80.3663
4262,0.7974,-145.9069,80.3663
4263,0.4974,-145.9069,80.3663
4264,0.1974,-145.9069,80.3663
4265,-0.1026,-145.9069,80.3663
4266,-0.4026,-145.9069,80.3663
4267,-0.7026,-145.9069,80.3663
4268,-1.0026,-145.9069,80.3663
4269,-1.3026,-145.9069,80.3663
4270,-1.6026,-145.9069,80.3663
4271,-1.9026,-145.9069,80.3663
4272,-2.2026,-145.9069,80.3663
4273,-2.5026,-145.9069,80.3663
4274,-2.8026,-145.9069,80.3663
4275,-3.1026,-145.9069,80.3663
4276,-3.4026,-145.9069,80.3663
4277,-3.7026,-145.9069,80.3663
4278,-4.0026,-145.9069,80.3663
4279,-4.3026,-145.9069,80.3663
4280,-4.6026,-145.9069,80.3663
4281,-4.9026,-145.9069,80.3663
4282,-5.2026,-145.9069,80.3663
4283,-5.5026,-145.9069,80.3663
4284,-5.8026,-145.9069,80.3663
4285,-6.1026,-145.9069,80.3663
4286,-6.4026,-145.9069,80.3663
4287,-6.7026,-145.9069,80.3663
4288,-7.0026,-145.9069,80.3663
4289,-7.3026,-145.9069,80.3663
4290,-7.6026,-145.9069,80.3663
4291,-7.9026,-145.9069,80.3663
4292,-8.2026,-145.9069,80.3663
4293,-8.5026,-145.9069,80.3663
4294,-8.8026,-145.6069,80.3663
4295,-9.1026,-145.6069,80.3663
4296,-9.4026,-145.3069,80.3663
4297,-9.7026,-145.3069,80.3663
4298,-10.0026,-145.0069,80.3663
4299,-10.3026,-144.7069,80.3663
4300,-10.6026,-144.4069,80.3663
4301,-10.9026,-144.1069,80.3663
4302,-11.2026,-143.8069,80.3663
4303,-11.5026,-143.5069,80.3663
4304,-11.8026,-143.2069,80.3663
4305,-12.1026,-142.9069,80.3663
4306,-12.4026,-142.6069,80.3663
4307,-12.7026,-142.3069,80.3663
4308,-13.0026,-142.0069,80.3663
4309,-13.3026,-141.7069,80.3663
4310,-13.6026,-141.4069,80.3663
4311,-13.9026,-141.1069,80.3663
4312,-14.2026,-140.8069,80.3663
4313,-14.5026,-140.5069,80.3663
4314,-14.8026,-140.2069,80.3663
4315,-15.1026,-139.9069,80.3663
4316,-15.4026,-139.6069,80.3663
4317,-15.7026,-139.3069,80.3663
4318,-16.0026,-139.0069,80.3663
4319,-16.3026,-139.0069,80.3663
4320,-16.6026,-139.0069,80.3663
4321,-16.9026,-139.0069,80.3663
4322,-17.2026,-139.0069,80.3663
4323,-17.5026,-139.0069,80.3663
4324,-17.8026,-139.0069,80.3663
4325,-18.1026,-139.0069,80.3663
4326,-18.4026,-139.0069,80.3663
4327,-18.7026,-139.0069,80.3663
4328,-19.0026,-139.0069,80.3663
4329,-19.3026,-139.0069,80.3663
4330,-19.6026,-139.0069,80.3663
4331,-19.9026,-139.0069,80.3663
4332,-20.2026,-139.0069,80.3663
4333,-20.5026,-139.0069,80.3663
4334,-20.8026,-139.0069,80.3663
4335,-21.1026,-139.0069,80.3663
4336,-21.4026,-139.0069,80.3663
4337,-21.7026,-139.0069,80.3663
4338,-22.0026,-139.0069,80.3663
4339,-22.3026,-139.0069,80.3663
4340,-22.6026,-139.0069,80.3663
4341,-22.9026,-139.0069,80.3663
4342,-23.2026,-139.0069,80.3663
4343,-23.5026,-139.0069,80.3663
4344,-23.8026,-139.0069,80.3663
4345,-24.1026,-138.7069,80.3663
4346,-24.4026,-138.7069,80.3663
4347,-24.7026,-138.4069,80.3663
4348,-25.0026,-138.4069,80.3663
4349,-25.3026,-138.1069,80.3663
4350,-25.6026,-138.1069,80.3663
4351,-25.9026,-138.1069,80.3663
4352,-26.2026,-137.8069,80.3663
4353,-25.9026,-137.5069,80.3663
4354,-25.6026,-137.5069,80.3663
4355,-25.3026,-137.2069,80.3663
4356,-25.0026,-136.9069,80.3663
4357,-24.7026,-136.6069,80.3663
4358,-24.4026,-136.3069,80.3663
4359,-24.1026,-136.0069,80.3663
4360,-23.8026,-135.7069,80.6663
4361,-23.8026,-135.4069,80.6663
4362,-23.5026,-135.1069,80.9663
4363,-23.5026,-134.8069,80.9663
4364,-23.2026,-134.5069,80.9663
4365,-23.2026,-134.2069,80.9663
4366,-23.2026,-133.9069,80.9663
4367,-23.2026,-133.6069,80.9663
4368,-23.2026,-133.3069,80.9663
4369,-22.9026,-133.0069,80.9663
4370,-22.9026,-132.7069,80.9663
4371,-22.9026,-132.4069,80.6663
4372,-22.9026,-132.1069,80.6663
4373,-22.9026,-131.8069,80.6663
4374,-22.9026,-131.5069,80.3663
4375,-22.6026,-131.5069,80.3663
4376,-22.3026,-131.5069,80.3663
4377,-22.0026,-131.5069,80.3663
4378,-21.7026,-131.5069,80.3663
4379,-21.4026,-131.5069,80.3663
4380,-21.1026,-131.5069,80.3663
4381,-20.8026,-131.5069,80.3663
4382,-20.5026,-131.5069,80.3663
4383,-20.2026,-131.5069,80.3663
4384,-19.9026,-131.5069,80.3663
4385,-19.6026,-131.5069,80.3663
4386,-19.3026,-131.5069,80.3663
4387,-19.0026,-131.5069,80.3663
4388,-18.7026,-131.5069,80.3663
4389,-18.4026,-131.2069,80.6663
4390,-18.1026,-131.2069,80.6663
4391,-17.8026,-131.2069,80.6663
4392,-17.5026,-131.2069,80.6663
4393,-17.2026,-131.2069,80.6663
4394,-16.9026,-131.2069,80.6663
4395,-16.6026,-131.2069,80.6663
4396,-16.3026,-131.2069,80.6663
4397,-16.0026,-131.2069,80.6663
4398,-15.7026,-131.2069,80.6663
4399,-15.4026,-131.2069,80.6663
4400,-15.1026,-130.9069,80.9663
4401,-14.8026,-130.9069,80.9663
4402,-14.5026,-130.6069,81.2663
4403,-14.2026,-130.6069,81.2663
4404,-13.9026,-130.3069,81.2663
4405,-13.6026,-130.3069,81.2663
4406,-13.3026,-130.3069,81.2663
4407,-13.0026,-130.3069,81.2663
4408,-12.7026,-130.3069,81.2663
4409,-12.4026,-130.3069,81.2663
4410,-12.1026,-130.3069,81.2663
4411,-11.8026,-130.3069,81.2663
4412,-11.5026,-130.3069,81.2663
4413,-11.2026,-130.3069,81.2663
4414,-10.9026,-130.6069,81.2663
4415,-10.6026,-130.6069,81.2663
4416,-10.3026,-130.9069,81.2663
4417,-10.0026,-130.9069,81.2663
4418,-9.7026,-131.2069,81.2663
4419,-9.4026,-131.5069,81.2663
4420,-9.1026,-131.8069,81.2663
4421,-8.8026,-132.1069,80.9663
4422,-8.5026,-132.4069,80.6663
4423,-8.5026,-132.7069,80.6663
4424,-8.2026,-133.0069,80.3663
4425,-8.2026,-133.3069,80.3663
4426,-8.2026,-133.6069,80.3663
4427,-8.2026,-133.9069,80.3663
4428,-7.9026,-134.2069,80.3663
4429,-7.9026,-134.5069,80.3663
4430,-7.9026,-134.8069,80.3663
4431,-7.9026,-135.1069,80.3663
4432,-8.2026,-135.4069,80.3663
4433,-8.2026,-135.7069,80.3663
4434,-8.2026,-136.0069,80.3663
4435,-7.9026,-135.7069,80.6663
4436,-7.6026,-135.4069,80.6663
4437,-7.3026,-135.1069,80.6663
4438,-7.0026,-134.8069,80.6663
4439,-6.7026,-134.5069,80.9663
4440,-6.4026,-134.2069,81.2663
4441,-6.1026,-133.9069,81.5663
4442,-5.8026,-133.6069,81.8663
4443,-5.5026,-133.6069,81.8663
4444,-5.2026,-133.3069,82.1663
4445,-4.9026,-133.0069,82.4663
4446,-4.6026,-133.0069,82.4663
4447,-4.3026,-133.0069,82.4663
4448,-4.0026,-133.0069,82.4663
4449,-3.7026,-132.7069,82.7663
4450,-3.4026,-132.7069,82.7663
4451,-3.1026,-132.7069,82.7663
4452,-2.8026,-132.7069,82.7663
4453,-2.5026,-132.7069,82.7663
4454,-2.2026,-132.7069,82.7663
4455,-1.9026,-132.7069,82.7663
4456,-1.6026,-132.7069,82.7663
4457,-1.3026,-132.7069,82.7663
4458,-1.0026,-132.7069,82.7663
4459,-0.7026,-132.7069,82.7663
4460,-0.4026,-132.7069,82.7663
4461,-0.1026,-132.7069,82.7663
4462,0.1974,-132.7069,82.7663
4463,0.4974,-132.7069,82.7663
4464,0.7974,-132.7069,82.7663
4465,1.0974,-132.7069,82.7663
4466,1.3974,-132.7069,82.7663
4467,1.6974,-132.7069,82.7663
4468,1.9974,-132.7069,82.7663
4469,2.2974,-132.7069,82.7663
4470,2.5974,-132.7069,82.7663
4471,2.8974,-132.7069,82.7663
4472,3.1974,-133.0069,82.4663
4473,3.4974,-133.0069,82.4663
4474,3.7974,-133.0069,82.4663
4475,4.0974,-133.3069,82.1663
4476,4.3974,-133.3069,82.1663
4477,4.6974,-133.6069,82.1663
4478,4.9974,-133.9069,82.1663
4479,5.2974,-134.2069,82.1663
4480,5.5974,-134.5069,81.8663
4481,5.8974,-134.8069,81.5663
4482,6.1974,-135.1069,81.2663
4483,6.1974,-135.4069,80.9663
4484,6.4974,-135.7069,80.6663
4485,6.4974,-136.0069,80.6663
4486,6.4974,-136.3069,80.3663
4487,6.4974,-136.6069,80.3663
4488,6.7974,-136.6069,80.3663
4489,7.0974,-136.6069,80.3663
4490,7.3974,-136.6069,80.3663
4491,7.6974,-136.6069,80.6663
4492,7.9974,-136.6069,80.9663
4493,8.2974,-136.6069,81.2663
4494,8.5974,-136.6069,81.2663
4495,8.8974,-136.6069,81.5663
4496,9.1974,-136.3069,81.8663
4497,9.4974,-136.3069,81.8663
4498,9.7974,-136.0069,82.1663
4499,10.0974,-135.7069,82.4663
4500,10.3974,-135.7069,82.4663
4501,10.6974,-135.7069,82.4663
4502,10.9974,-135.4069,82.7663
4503,11.2974,-135.4069,82.7663
4504,11.5974,-135.4069,82.7663
4505,11.8974,-135.4069,82.7663
4506,12.1974,-135.4069,82.7663
4507,12.4974,-135.4069,82.7663
4508,12.7974,-135.4069,82.7663
4509,13.0974,-135.4069,82.7663
4510,13.3974,-135.4069,82.7663
4511,13.6974,-135.4069,82.7663
4512,13.9974,-135.4069,82.7663
4513,14.2974,-135.4069,82.7663
4514,14.5974,-135.4069,82.7663
4515,14.8974,-135.4069,82.7663
4516,15.1974,-135.4069,82.7663
4517,15.4974,-135.4069,82.7663
4518,15.7974,-135.4069,82.7663
4519,16.0974,-135.4069,82.7663
4520,16.3974,-135.4069,82.7663
4521,16.6974,-135.4069,82.7663
4522,16.9974,-135.4069,82.7663
4523,17.2974,-135.4069,82.7663
4524,17.5974,-135.4069,82.7663
4525,17.8974,-135.4069,82.7663
4526,18.1974,-135.4069,82.7663
4527,18.4974,-135.4069,82.7663
4528,18.7974,-135.4069,82.7663
4529,19.0974,-135.4069,82.7663
4530,19.3974,-135.4069,83.0663
4531,19.6974,-135.4069,83.3663
4532,19.9974,-135.4069,83.3663
4533,20.2974,-135.4069,83.3663
4534,20.5974,-135.4069,83.3663
4535,20.8974,-135.4069,83.3663
4536,21.1974,-135.4069,83.3663
4537,21.4974,-135.4069,83.3663
4538,21.7974,-135.4069,83.3663
4539,22.0974,-135.4069,83.3663
4540,22.3974,-135.4069,83.3663
4541,22.6974,-135.4069,83.3663
4542,22.9974,-135.4069,83.3663
4543,23.2974,-135.4069,83.3663
4544,23.5974,-135.4069,83.3663
4545,23.8974,-135.4069,83.3663
4546,24.1974,-135.4069,83.3663
4547,24.4974,-135.4069,83.3663
4548,24.7974,-135.4069,83.3663
4549,25.0974,-135.4069,83.3663
4550,25.3974,-135.4069,83.3663
4551,25.6974,-135.4069,83.3663
4552,25.9974,-135.4069,83.3663
4553,26.2974,-135.4069,83.3663
4554,26.5974,-135.4069,83.3663
4555,26.8974,-135.4069,83.3663
4556,27.1974,-135.4069,83.3663
4557,27.4974,-135.4069,83.3663
4558,27.7974,-135.4069,83.3663
4559,28.0974,-135.4069,83.3663
4560,28.3974,-135.4069,83.3663
4561,28.6974,-135.4069,83.3663
4562,28.9974,-135.4069,83.3663
4563,29.2974,-135.4069,83.3663
4564,29.5974,-135.4069,83.3663
4565,29.8974,-135.4069,83.3663
4566,30.1974,-135.4069,83.3663
4567,30.4974,-135.4069,83.3663
4568,30.7974,-135.4069,83.3663
4569,31.0974,-135.4069,83.3663
4570,31.3974,-135.4069,83.3663
4571,31.6974,-135.4069,83.3663
4572,31.9974,-135.4069,83.3663
4573,32.2974,-135.4069,83.3663
4574,32.5974,-135.4069,83.3663
4575,32.8974,-135.4069,83.3663
4576,33.1974,-135.4069,83.3663
4577,33.4974,-135.4069,83.3663
4578,33.7974,-135.4069,83.3663
4579,34.0974,-135.4069,83.3663
4580,34.3974,-135.4069,83.3663
4581,34.6974,-135.4069,83.3663
4582,34.9974,-135.4069,83.3663
4583,35.2974,-135.4069,83.3663
4584,35.5974,-135.4069,83.3663
4585,35.8974,-135.4069,83.3663
4586,36.1974,-135.4069,83.3663
4587,36.4974,-135.4069,83.3663
4588,36.7974,-135.4069,83.3663
4589,37.0974,-135.4069,83.3663
4590,37.3974,-135.7069,83.3663
4591,37.6974,-135.7069,83.3663
4592,37.9974,-136.0069,83.3663
4593,38.2974,-136.0069,83.3663
4594,38.5974,-136.3069,83.3663
4595,38.8974,-136.3069,83.3663
4596,39.1974,-136.6069,83.3663
4597,39.4974,-136.9069,83.3663
4598,39.7974,-137.2069,83.3663
4599,40.0974,-137.5069,83.3663
4600,40.3974,-137.8069,83.3663
4601,40.6974,-138.1069,83.3663
4602,40.9974,-138.4069,83.3663
4603,41.2974,-138.7069,83.3663
4604,41.5974,-139.0069,83.3663
4605,41.8974,-139.0069,83.3663
4606,42.1974,-139.0069,83.3663
4607,42.4974,-139.0069,83.3663
4608,42.7974,-139.0069,83.3663
4609,43.0974,-139.0069,83.3663
4610,43.3974,-139.0069,83.3663
4611,43.6974,-139.0069,83.3663
4612,43.9974,-139.0069,83.3663
4613,44.2974,-139.0069,83.3663
4614,44.5974,-139.0069,83.3663
4615,44.8974,-139.0069,83.3663
4616,45.1974,-139.0069,83.3663
4617,45.4974,-139.0069,83.3663
4618,45.7974,-139.0069,83.3663
4619,46.0974,-139.0069,83.3663
4620,46.3974,-139.0069,83.3663
4621,46.6974,-139.0069,83.3663
4622,46.9974,-139.0069,83.3663
4623,47.2974,-139.0069,83.3663
4624,47.5974,-139.0069,83.3663
4625,47.8974,-139.0069,83.3663
4626,48.1974,-139.0069,83.3663
4627,48.4974,-139.0069,83.3663
4628,48.7974,-139.0069,83.3663
4629,49.0974,-139.0069,83.3663
4630,49.3974,-139.0069,83.3663
4631,49.6974,-139.0069,83.3663
4632,49.9974,-139.0069,83.3663
4633,50.2974,-139.0069,83.3663
4634,50.5974,-139.0069,83.3663
4635,50.8974,-139.0069,83.3663
4636,51.1974,-139.0069,83.3663
4637,51.4974,-139.0069,83.3663
4638,51.7974,-139.0069,83.3663
4639,52.0974,-139.0069,83.3663
4640,52.3974,-139.0069,83.3663
4641,52.6974,-139.0069,83.3663
4642,52.9974,-139.0069,83.3663
4643,53.2974,-139.0069,83.3663
4644,53.5974,-139.0069,83.3663
4645,53.8974,-139.0069,83.3663
4646,54.1974,-139.3069,83.3663
4647,54.4974,-139.3069,83.3663
4648,54.7974,-139.6069,83.3663
4649,55.0974,-139.6069,83.3663
4650,55.3974,-139.6069,83.3663
4651,55.6974,-139.9069,83.3663
4652,55.9974,-139.9069,83.3663
4653,56.2974,-140.2069,83.3663
4654,56.5974,-140.2069,83.3663
4655,56.8974,-140.5069,83.3663
4656,57.1974,-140.5069,83.3663
4657,57.4974,-140.5069,83.3663
4658,57.7974,-140.5069,83.3663
4659,58.0974,-140.8069,83.0663
4660,58.3974,-140.8069,83.0663
4661,58.6974,-140.8069,83.0663
4662,58.9974,-141.1069,82.7663
4663,59.2974,-141.1069,82.7663
4664,59.5974,-141.1069,82.7663
4665,59.8974,-141.1069,82.7663
4666,60.1974,-141.4069,82.4663
4667,60.4974,-141.4069,82.4663
4668,60.7974,-141.7069,82.4663
4669,61.0974,-142.0069,82.1663
4670,61.3974,-142.3069,82.1663
4671,61.6974,-142.6069,81.8663
4672,61.9974,-142.6069,81.8663
4673,62.2974,-142.9069,81.5663
4674,62.5974,-142.9069,81.5663
4675,62.8974,-142.9069,81.5663
4676,63.1974,-143.2069,81.2663
4677,63.4974,-143.5069,81.2663
4678,63.7974,-143.5069,81.2663
4679,64.0974,-143.8069,80.9663
4680,64.3974,-143.8069,80.9663
4681,64.6974,-144.1069,80.6663
4682,64.9974,-144.1069,80.6663
4683,65.2974,-144.4069,80.3663
4684,65.5974,-144.4069,80.3663
4685,65.8974,-144.7069,80.3663
4686,63.2430,-142.9263,80.5000
4687,62.8974,-142.9069,80.3663
4688,62.5974,-142.9069,80.3663
4689,62.2974,-142.6069,80.6663
4690,61.9974,-142.3069,80.9663
4691,61.6974,-142.0069,81.2663
4692,61.3974,-141.7069,81.5663
4693,61.0974,-141.4069,81.8663
4694,60.7974,-141.1069,82.1663
4695,60.4974,-140.8069,82.4663
4696,60.1974,-140.5069,82.7663
4697,59.8974,-140.5069,82.7663
4698,59.5974,-140.5069,82.7663
4699,59.2974,-140.5069,82.7663
4700,58.9974,-140.5069,82.7663
4701,58.6974,-140.5069,82.7663
4702,58.3974,-140.5069,82.7663
4703,58.0974,-140.5069,82.7663
4704,57.7974,-140.5069,82.7663
4705,57.4974,-140.5069,82.7663
4706,57.1974,-140.5069,82.7663
4707,56.8974,-140.5069,82.7663
4708,56.5974,-140.5069,82.7663
4709,56.2974,-140.5069,82.7663
4710,55.9974,-140.5069,82.7663
4711,55.6974,-140.5069,82.7663
4712,55.3974,-140.5069,82.7663
4713,55.0974,-140.5069,82.7663
4714,54.7974,-140.5069,82.7663
4715,54.4974,-140.5069,82.7663
4716,54.1974,-140.5069,82.7663
4717,53.8974,-140.5069,82.7663
4718,53.5974,-140.5069,82.7663
4719,53.2974,-140.5069,82.7663
4720,52.9974,-140.5069,82.7663
4721,52.6974,-140.2069,83.0663
4722,52.3974,-140.2069,83.0663
4723,52.0974,-140.2069,83.0663
4724,51.7974,-139.9069,83.0663
4725,51.4974,-139.9069,83.0663
4726,51.1974,-139.9069,83.0663
4727,50.8974,-139.6069,83.0663
4728,50.5974,-139.6069,83.0663
4729,50.2974,-139.6069,83.0663
4730,49.9974,-139.6069,83.0663
4731,49.6974,-139.6069,83.0663
4732,49.3974,-139.6069,83.0663
4733,49.0974,-139.6069,83.0663
4734,48.7974,-139.6069,83.0663
4735,48.4974,-139.6069,83.0663
4736,48.1974,-139.6069,83.0663
4737,47.8974,-139.6069,83.0663
4738,47.5974,-139.6069,83.0663
4739,47.2974,-139.6069,83.0663
4740,46.9974,-139.6069,83.0663
4741,46.6974,-139.6069,83.0663
4742,46.3974,-139.3069,83.0663
4743,46.0974,-139.3069,83.0663
4744,45.7974,-139.3069,83.0663
4745,45.4974,-139.3069,83.0663
4746,45.1974,-139.3069,83.0663
4747,44.8974,-139.0069,83.0663
4748,44.5974,-139.0069,83.0663
4749,44.2974,-139.0069,83.0663
4750,43.9974,-138.7069,83.0663
4751,43.6974,-138.7069,83.0663
4752,43.3974,-138.7069,83.0663
4753,43.0974,-138.7069,83.0663
4754,42.7974,-138.7069,83.0663
4755,42.4974,-138.7069,83.0663
4756,42.1974,-138.7069,83.0663
4757,41.8974,-138.7069,83.0663
4758,41.5974,-138.7069,83.0663
4759,41.2974,-138.7069,83.0663
4760,40.9974,-138.7069,83.0663
4761,40.6974,-138.7069,83.0663
4762,40.3974,-138.7069,83.0663
4763,40.0974,-138.7069,83.0663
4764,39.7974,-138.7069,83.0663
4765,39.4974,-138.7069,83.0663
4766,39.1974,-138.7069,83.0663
4767,38.8974,-138.7069,83.0663
4768,38.5974,-138.7069,83.0663
4769,38.2974,-138.7069,83.0663
4770,37.9974,-138.4069,83.0663
4771,37.6974,-138.1069,83.0663
4772,37.3974,-137.8069,83.0663
4773,37.0974,-137.5069,83.0663
4774,36.7974,-137.5069,83.0663
4775,36.4974,-137.5069,83.0663
4776,36.1974,-137.2069,83.0663
4777,35.8974,-137.2069,83.0663
4778,35.5974,-137.2069,83.0663
4779,35.2974,-137.2069,83.0663
4780,34.9974,-137.2069,83.0663
4781,34.6974,-137.2069,83.0663
4782,34.3974,-137.2069,83.0663
4783,34.0974,-137.2069,83.0663
4784,33.7974,-137.2069,83.0663
4785,33.4974,-137.2069,83.0663
4786,33.1974,-137.2069,83.0663
4787,32.8974,-137.2069,83.0663
4788,32.5974,-137.2069,83.0663
4789,32.2974,-137.2069,83.0663
4790,31.9974,-137.2069,83.0663
4791,31.6974,-137.2069,83.0663
4792,31.3974,-137.2069,83.0663
4793,31.0974,-137.2069,83.0663
4794,30.7974,-137.2069,83.0663
4795,30.4974,-136.9069,83.0663
4796,30.1974,-136.6069,83.0663
4797,29.8974,-136.3069,83.0663
4798,29.5974,-136.3069,83.0663
4799,29.2974,-136.3069,83.0663
4800,28.9974,-136.0069,83.0663
4801,28.6974,-136.0069,83.0663
4802,28.3974,-136.0069,83.0663
4803,28.0974,-136.0069,83.0663
4804,27.7974,-136.0069,83.0663
4805,27.4974,-136.0069,83.0663
4806,27.1974,-136.0069,83.0663
4807,26.8974,-136.0069,83.0663
4808,26.5974,-136.0069,83.0663
4809,26.2974,-136.0069,83.0663
4810,25.9974,-136.0069,83.0663
4811,25.6974,-136.0069,83.0663
4812,25.3974,-136.0069,83.0663
4813,25.0974,-136.0069,83.0663
4814,24.7974,-136.0069,83.0663
4815,24.4974,-136.0069,83.0663
4816,24.1974,-136.0069,83.0663
4817,23.8974,-136.0069,83.0663
4818,23.5974,-136.0069,83.0663
4819,23.2974,-135.7069,83.3663
4820,22.9974,-135.7069,83.3663
4821,22.6974,-135.7069,83.3663
4822,22.3974,-135.4069,83.3663
4823,22.0974,-135.4069,83.3663
4824,21.7974,-135.4069,83.3663
4825,21.4974,-135.4069,83.3663
4826,21.1974,-135.4069,83.3663
4827,20.8974,-135.4069,83.3663
4828,20.5974,-135.4069,83.3663
4829,20.2974,-135.4069,83.3663
4830,19.9974,-135.4069,83.3663
4831,19.6974,-135.4069,83.3663
4832,19.3974,-135.4069,83.3663
4833,19.0974,-135.4069,83.3663
4834,18.7974,-135.4069,83.3663
4835,18.4974,-135.4069,83.3663
4836,18.1974,-135.4069,83.3663
4837,17.8974,-135.4069,83.3663
4838,17.5974,-135.4069,83.3663
4839,17.2974,-135.4069,83.3663
4840,16.9974,-135.4069,83.3663
4841,16.6974,-135.4069,83.3663
4842,16.3974,-135.4069,83.3663
4843,16.0974,-135.4069,83.0663
4844,15.7974,-135.4069,83.0663
4845,15.4974,-135.4069,83.0663
4846,15.1974,-135.4069,83.0663
4847,14.8974,-135.4069,83.0663
4848,14.5974,-135.4069,82.7663
4849,14.2974,-135.4069,82.7663
4850,13.9974,-135.4069,82.7663
4851,13.6974,-135.4069,82.7663
4852,13.3974,-135.4069,82.7663
4853,13.0974,-135.4069,82.7663
4854,12.7974,-135.4069,82.7663
4855,12.4974,-135.4069,82.7663
4856,12.1974,-135.4069,82.7663
4857,11.8974,-135.4069,82.7663
4858,11.5974,-135.4069,82.7663
4859,11.2974,-135.4069,82.7663
4860,10.9974,-135.4069,82.7663
4861,10.6974,-135.7069,82.4663
4862,10.3974,-135.7069,82.4663
4863,10.0974,-135.7069,82.4663
4864,9.7974,-136.0069,82.1663
4865,9.4974,-136.3069,81.8663
4866,9.1974,-136.3069,81.8663
4867,8.8974,-136.6069,81.5663
4868,8.8974,-136.9069,81.5663
4869,8.8974,-137.2069,81.5663
4870,8.8974,-137.5069,81.2663
4871,8.8974,-137.8069,81.2663
4872,8.8974,-138.1069,81.2663
4873,9.1974,-138.4069,81.2663
4874,9.4974,-138.7069,81.2663
4875,9.7974,-139.0069,81.2663
4876,10.0974,-139.3069,81.2663
4877,10.3974,-139.6069,81.2663
4878,10.6974,-139.9069,80.9663
4879,10.9974,-139.9069,80.9663
4880,11.2974,-139.9069,80.9663
4881,11.5974,-140.2069,80.6663
4882,11.8974,-140.2069,80.6663
4883,12.1974,-140.5069,80.3663
4884,12.4974,-140.5069,80.3663
4885,12.1974,-140.5069,80.3663
4886,11.8974,-140.5069,80.3663
4887,11.5974,-140.5069,80.3663
4888,11.2974,-140.5069,80.3663
4889,10.9974,-140.5069,80.3663
4890,10.6974,-140.5069,80.3663
4891,10.3974,-140.8069,80.3663
4892,10.0974,-141.1069,80.3663
4893,9.7974,-141.1069,80.3663
4894,9.4974,-141.1069,80.3663
4895,9.1974,-141.1069,80.3663
4896,8.8974,-141.1069,80.3663
4897,8.5974,-141.1069,80.3663
4898,8.2974,-141.1069,80.3663
4899,7.9974,-141.1069,80.3663
4900,7.6974,-141.4069,80.3663
4901,7.3974,-141.4069,80.3663
4902,7.0974,-141.4069,80.3663
4903,6.7974,-141.4069,80.3663
4904,6.4974,-141.4069,80.3663
4905,6.1974,-141.4069,80.3663
4906,5.8974,-141.4069,80.3663
4907,5.5974,-141.4069,80.3663
4908,5.2974,-141.4069,80.3663
4909,4.9974,-141.4069,80.3663
4910,4.6974,-141.7069,80.3663
4911,4.3974,-142.0069,80.3663
4912,4.0974,-142.0069,80.3663
4913,3.7974,-142.3069,80.3663
4914,3.4974,-142.3069,80.3663
4915,3.1974,-142.6069,80.3663
4916,2.8974,-142.6069,80.3663
4917,2.5974,-142.6069,80.3663
4918,2.2974,-142.6069,80.3663
4919,1.9974,-142.6069,80.3663
4920,1.6974,-142.6069,80.3663
4921,1.3974,-142.6069,80.3663
4922,1.0974,-142.6069,80.3663
4923,0.7974,-142.6069,80.3663
4924,0.4974,-142.3069,80.3663
4925,0.1974,-142.3069,80.3663
4926,-0.1026,-142.0069,80.3663
4927,-0.4026,-142.0069,80.3663
4928,-0.7026,-142.0069,80.3663
4929,-1.0026,-141.7069,80.3663
4930,-1.3026,-141.7069,80.3663
4931,-1.6026,-141.4069,80.3663
4932,-1.9026,-141.4069,80.3663
4933,-2.2026,-141.1069,80.3663
4934,-2.5026,-141.1069,80.3663
4935,-2.8026,-140.8069,80.3663
4936,-3.1026,-140.8069,80.3663
4937,-3.4026,-140.5069,80.3663
4938,-3.7026,-140.5069,80.3663
4939,-4.0026,-140.5069,80.3663
4940,-4.3026,-140.2069,80.3663
4941,-4.6026,-140.2069,80.3663
4942,-4.9026,-140.2069,80.3663
4943,-5.2026,-140.2069,80.3663
4944,-5.5026,-140.2069,80.3663
4945,-5.8026,-140.2069,80.3663
4946,-6.1026,-140.2069,80.3663
4947,-6.4026,-140.2069,80.3663
4948,-6.7026,-140.2069,80.3663
4949,-7.0026,-140.2069,80.3663
4950,-7.3026,-140.2069,80.3663
4951,-7.6026,-140.2069,80.3663
4952,-7.9026,-140.2069,80.3663
4953,-8.2026,-140.2069,80.3663
4954,-8.5026,-140.2069,80.3663
4955,-8.8026,-140.2069,80.3663
4956,-9.1026,-140.2069,80.3663
4957,-9.4026,-140.2069,80.3663
4958,-9.7026,-140.2069,80.3663
4959,-10.0026,-140.2069,80.3663
4960,-10.3026,-140.2069,80.3663
4961,-10.6026,-140.2069,80.3663
4962,-10.9026,-140.2069,80.3663
4963,-11.2026,-140.2069,80.3663
4964,-11.5026,-140.2069,80.3663
4965,-11.8026,-140.2069,80.3663
4966,-12.1026,-140.2069,80.3663
4967,-12.4026,-140.2069,80.3663
4968,-12.7026,-140.2069,80.3663
4969,-13.0026,-140.2069,80.3663
4970,-13.3026,-140.2069,80.3663
4971,-13.6026,-140.2069,80.3663
4972,-13.9026,-140.2069,80.3663
4973,-14.2026,-139.9069,80.3663
4974,-14.5026,-139.9069,80.3663
4975,-14.8026,-139.6069,80.3663
4976,-15.1026,-139.6069,80.3663
4977,-15.4026,-139.3069,80.3663
4978,-15.7026,-139.0069,80.3663
4979,-16.0026,-138.7069,80.3663
4980,-16.3026,-138.4069,80.3663
4981,-16.3026,-138.1069,80.3663
4982,-16.6026,-137.8069,80.3663
4983,-16.6026,-137.5069,80.3663
4984,-16.9026,-137.2069,80.3663
4985,-16.9026,-136.9069,80.3663
4986,-16.9026,-136.6069,80.3663
4987,-16.9026,-136.3069,80.3663
4988,-16.9026,-136.0069,80.3663
4989,-16.9026,-135.7069,80.3663
4990,-16.9026,-135.4069,80.3663
4991,-16.9026,-135.1069,80.3663
4992,-16.9026,-134.8069,80.3663
4993,-16.9026,-134.5069,80.3663
4994,-16.9026,-134.8069,80.3663
4995,-16.9026,-135.1069,80.3663
4996,-16.9026,-135.4069,80.3663
4997,-16.9026,-135.7069,80.3663
4998,-16.9026,-136.0069,80.3663
4999,-16.9026,-136.3069,80.3663
5000,-16.9026,-136.6069,80.3663
5001,-16.9026,-136.9069,80.3663
5002,-16.9026,-137.2069,80.3663
5003,-16.6026,-137.5069,80.3663
5004,-16.6026,-137.8069,80.3663
5005,-16.3026,-138.1069,80.3663
5006,-16.3026,-138.4069,80.3663
5007,-16.0026,-138.7069,80.3663
5008,-15.7026,-139.0069,80.3663
5009,-15.4026,-139.3069,80.3663
5010,-15.1026,-139.6069,80.3663
5011,-14.8026,-139.6069,80.3663
5012,-14.5026,-139.9069,80.3663
5013,-14.2026,-139.9069,80.3663
5014,-13.9026,-140.2069,80.3663
5015,-13.6026,-140.2069,80.3663
5016,-13.3026,-140.2069,80.3663
5017,-13.0026,-140.2069,80.3663
5018,-12.7026,-140.2069,80.3663
5019,-12.4026,-140.2069,80.3663
5020,-12.1026,-140.2069,80.3663
5021,-11.8026,-140.2069,80.3663
5022,-11.5026,-140.2069,80.3663
5023,-11.2026,-140.2069,80.3663
5024,-10.9026,-140.2069,80.3663
5025,-10.6026,-140.2069,80.3663
5026,-10.3026,-140.2069,80.3663
5027,-10.0026,-140.2069,80.3663
5028,-9.7026,-140.2069,80.3663
5029,-9.4026,-140.2069,80.3663
5030,-9.1026,-140.2069,80.3663
5031,-8.8026,-140.2069,80.3663
5032,-8.5026,-140.2069,80.3663
5033,-8.2026,-140.2069,80.3663
5034,-7.9026,-140.2069,80.3663
5035,-7.6026,-140.2069,80.3663
5036,-7.3026,-140.2069,80.3663
5037,-7.0026,-140.2069,80.3663
5038,-6.7026,-140.2069,80.3663
5039,-6.4026,-140.2069,80.3663
5040,-6.1026,-140.2069,80.3663
5041,-5.8026,-140.2069,80.3663
5042,-5.5026,-140.2069,80.3663
5043,-5.2026,-140.2069,80.3663
5044,-4.9026,-140.2069,80.3663
5045,-4.6026,-140.2069,80.3663
5046,-4.3026,-140.2069,80.3663
5047,-4.0026,-140.2069,80.3663
5048,-3.7026,-140.2069,80.3663
5049,-3.4026,-140.2069,80.3663
5050,-3.1026,-140.2069,80.3663
5051,-2.8026,-140.2069,80.3663
5052,-2.5026,-140.2069,80.3663
5053,-2.2026,-140.2069,80.3663
5054,-1.9026,-140.5069,80.3663
5055,-1.6026,-140.8069,80.3663
5056,-1.3026,-141.1069,80.3663
5057,-1.0026,-141.4069,80.3663
5058,-0.7026,-141.7069,80.3663
5059,-0.4026,-142.0069,80.3663
5060,-0.1026,-142.0069,80.3663
5061,0.1974,-142.3069,80.3663
5062,0.4974,-142.3069,80.3663
5063,0.7974,-142.6069,80.3663
5064,1.0974,-142.6069,80.3663
5065,1.3974,-142.6069,80.3663
5066,1.6974,-142.6069,80.3663
5067,1.9974,-142.6069,80.3663
5068,2.2974,-142.6069,80.3663
5069,2.5974,-142.6069,80.3663
5070,2.8974,-142.6069,80.3663
5071,3.1974,-142.6069,80.3663
5072,3.4974,-142.6069,80.3663
5073,3.7974,-142.6069,80.3663
5074,4.0974,-142.6069,80.3663
5075,4.3974,-142.6069,80.3663
5076,4.6974,-142.6069,80.3663
5077,4.9974,-142.6069,80.3663
5078,5.2974,-142.6069,80.3663
5079,5.5974,-142.6069,80.3663
5080,5.8974,-142.6069,80.3663
5081,6.1974,-142.6069,80.3663
5082,6.4974,-142.6069,80.3663
5083,6.7974,-142.6069,80.3663
5084,7.0974,-142.6069,80.3663
5085,7.3974,-142.6069,80.3663
5086,7.6974,-142.6069,80.3663
5087,7.9974,-142.6069,80.3663
5088,8.2974,-142.6069,80.3663
5089,8.5974,-142.6069,80.3663
5090,8.8974,-142.3069,80.3663
5091,9.1974,-142.3069,80.3663
5092,9.4974,-142.3069,80.3663
5093,9.7974,-142.0069,80.3663
5094,10.0974,-142.0069,80.3663
5095,10.3974,-141.7069,80.3663
5096,10.6974,-141.7069,80.3663
5097,10.9974,-141.4069,80.3663
5098,11.2974,-141.4069,80.3663
5099,11.5974,-141.1069,80.3663
5100,11.8974,-141.1069,80.3663
5101,12.1974,-141.1069,80.3663
5102,12.4974,-140.8069,80.3663
5103,12.1974,-140.8069,80.3663
5104,11.8974,-140.8069,80.3663
5105,11.5974,-140.8069,80.3663
5106,11.2974,-140.8069,80.3663
5107,10.9974,-140.8069,80.3663
5108,10.6974,-140.8069,80.3663
5109,10.3974,-141.1069,80.3663
5110,10.0974,-141.4069,80.3663
5111,9.7974,-141.4069,80.3663
5112,9.4974,-141.4069,80.3663
5113,9.1974,-141.4069,80.3663
5114,8.8974,-141.4069,80.3663
5115,8.5974,-141.4069,80.3663
5116,8.2974,-141.4069,80.3663
5117,7.9974,-141.4069,80.3663
5118,7.6974,-141.7069,80.3663
5119,7.3974,-141.7069,80.3663
5120,7.0974,-141.7069,80.3663
5121,6.7974,-141.7069,80.3663
5122,6.4974,-141.7069,80.3663
5123,6.1974,-141.7069,80.3663
5124,5.8974,-141.7069,80.3663
5125,5.5974,-141.7069,80.3663
5126,5.2974,-141.7069,80.3663
5127,4.9974,-141.7069,80.3663
5128,4.6974,-141.7069,80.3663
5129,4.3974,-142.0069,80.3663
5130,4.0974,-142.0069,80.3663
5131,3.7974,-142.3069,80.3663
5132,3.4974,-142.3069,80.3663
5133,3.1974,-142.6069,80.3663
5134,2.8974,-142.6069,80.3663
5135,2.5974,-142.6069,80.3663
5136,2.2974,-142.6069,80.3663
5137,1.9974,-142.6069,80.3663
5138,1.6974,-142.6069,80.3663
5139,1.3974,-142.6069,80.3663
5140,1.0974,-142.6069,80.3663
5141,0.7974,-142.6069,80.3663
5142,0.4974,-142.3069,80.3663
5143,0.1974,-142.3069,80.3663
5144,-0.1026,-142.0069,80.3663
5145,-0.4026,-142.0069,80.3663
5146,-0.7026,-141.7069,80.3663
5147,-1.0026,-141.4069,80.3663
5148,-1.3026,-141.1069,80.3663
5149,-1.6026,-140.8069,80.3663
5150,-1.6026,-140.5069,80.3663
5151,-1.9026,-140.2069,80.3663
5152,-1.9026,-139.9069,80.3663
5153,-2.2026,-139.6069,80.3663
5154,-2.2026,-139.3069,80.3663
5155,-2.2026,-139.0069,80.3663
5156,-2.2026,-138.7069,80.3663
5157,-2.2026,-138.4069,80.3663
5158,-2.5026,-138.4069,80.3663
5159,-2.8026,-138.4069,80.3663
5160,-3.1026,-138.4069,80.3663
5161,-3.4026,-138.4069,80.3663
5162,-3.7026,-138.4069,80.3663
5163,-4.0026,-138.4069,80.3663
5164,-4.3026,-138.7069,80.3663
5165,-4.6026,-139.0069,80.3663
5166,-4.9026,-139.0069,80.3663
5167,-5.2026,-139.0069,80.3663
5168,-5.5026,-139.0069,80.3663
5169,-5.8026,-139.0069,80.3663
5170,-6.1026,-139.0069,80.3663
5171,-6.4026,-139.0069,80.3663
5172,-6.7026,-139.0069,80.3663
5173,-7.0026,-139.3069,80.3663
5174,-7.3026,-139.3069,80.3663
5175,-7.6026,-139.3069,80.3663
5176,-7.9026,-139.3069,80.3663
5177,-8.2026,-139.3069,80.3663
5178,-8.5026,-139.3069,80.3663
5179,-8.8026,-139.3069,80.3663
5180,-9.1026,-139.3069,80.3663
5181,-9.4026,-139.3069,80.3663
5182,-9.7026,-139.3069,80.3663
5183,-10.0026,-139.3069,80.3663
5184,-10.3026,-139.3069,80.3663
5185,-10.6026,-139.6069,80.3663
5186,-10.9026,-139.6069,80.3663
5187,-11.2026,-139.9069,80.3663
5188,-11.5026,-139.9069,80.3663
5189,-11.8026,-140.2069,80.3663
5190,-12.1026,-140.2069,80.3663
5191,-12.4026,-140.2069,80.3663
5192,-12.7026,-140.2069,80.3663
5193,-13.0026,-140.2069,80.3663
5194,-13.3026,-140.2069,80.3663
5195,-13.6026,-140.2069,80.3663
5196,-13.9026,-140.2069,80.3663
5197,-14.2026,-139.9069,80.3663
5198,-14.5026,-139.9069,80.3663
5199,-14.8026,-139.6069,80.3663
5200,-15.1026,-139.6069,80.3663
5201,-15.4026,-139.3069,80.3663
5202,-15.7026,-139.0069,80.3663
5203,-16.0026,-138.7069,80.3663
5204,-16.3026,-138.4069,80.3663
5205,-16.3026,-138.1069,80.3663
5206,-16.6026,-137.8069,80.3663
5207,-16.6026,-137.5069,80.3663
5208,-16.9026,-137.2069,80.3663
5209,-16.9026,-136.9069,80.3663
5210,-16.9026,-136.6069,80.3663
5211,-17.2026,-136.3069,80.3663
5212,-17.2026,-136.0069,80.3663
5213,-16.9000,-134.7000,80.5000
5214,-16.9026,-135.1069,80.3663
5215,-16.9026,-135.4069,80.3663
5216,-16.9026,-135.7069,80.3663
5217,-16.9026,-136.0069,80.3663
5218,-16.9026,-136.3069,80.3663
5219,-16.9026,-136.6069,80.3663
5220,-16.9026,-136.9069,80.3663
5221,-16.9026,-137.2069,80.3663
5222,-16.6026,-137.5069,80.3663
5223,-16.6026,-137.8069,80.3663
5224,-16.3026,-138.1069,80.3663
5225,-16.3026,-138.4069,80.3663
5226,-16.0026,-138.7069,80.3663
5227,-15.7026,-139.0069,80.3663
5228,-15.4026,-139.3069,80.3663
5229,-15.1026,-139.6069,80.3663
5230,-14.8026,-139.6069,80.3663
5231,-14.5026,-139.9069,80.3663
5232,-14.2026,-139.9069,80.3663
5233,-13.9026,-140.2069,80.3663
5234,-13.6026,-140.2069,80.3663
5235,-13.3026,-140.2069,80.3663
5236,-13.0026,-140.2069,80.3663
5237,-12.7026,-140.2069,80.3663
5238,-12.4026,-140.2069,80.3663
5239,-12.1026,-140.2069,80.3663
5240,-11.8026,-140.2069,80.3663
5241,-11.5026,-140.2069,80.3663
5242,-11.2026,-140.2069,80.3663
5243,-10.9026,-140.2069,80.3663
5244,-10.6026,-140.2069,80.3663
5245,-10.3026,-140.2069,80.3663
5246,-10.0026,-140.2069,80.3663
5247,-9.7026,-140.2069,80.3663
5248,-9.4026,-140.2069,80.3663
5249,-9.1026,-140.2069,80.3663
5250,-8.8026,-140.2069,80.3663
5251,-8.5026,-140.2069,80.3663
5252,-8.2026,-140.2069,80.3663
5253,-7.9026,-140.2069,80.3663
5254,-7.6026,-140.2069,80.3663
5255,-7.3026,-140.2069,80.3663
5256,-7.0026,-140.2069,80.3663
5257,-6.7026,-140.2069,80.3663
5258,-6.4026,-140.2069,80.3663
5259,-6.1026,-140.2069,80.3663
5260,-5.8026,-140.2069,80.3663
5261,-5.5026,-140.2069,80.3663
5262,-5.2026,-140.2069,80.3663
5263,-4.9026,-140.2069,80.3663
5264,-4.6026,-140.2069,80.3663
5265,-4.3026,-140.2069,80.3663
5266,-4.0026,-140.2069,80.3663
5267,-3.7026,-140.2069,80.3663
5268,-3.4026,-140.2069,80.3663
5269,-3.1026,-140.2069,80.3663
5270,-2.8026,-140.2069,80.3663
5271,-2.5026,-140.2069,80.3663
5272,-2.2026,-140.2069,80.3663
5273,-1.9026,-140.5069,80.3663
5274,-1.6026,-140.8069,80.3663
5275,-1.3026,-141.1069,80.3663
5276,-1.0026,-141.4069,80.3663
5277,-0.7026,-141.7069,80.3663
5278,-0.4026,-142.0069,80.3663
5279,-0.1026,-142.0069,80.3663
5280,0.1974,-142.3069,80.3663
5281,0.4974,-142.3069,80.3663
5282,0.7974,-142.6069,80.3663
5283,1.0974,-142.6069,80.3663
5284,1.3974,-142.6069,80.3663
5285,1.6974,-142.6069,80.3663
5286,1.9974,-142.6069,80.3663
5287,2.2974,-142.6069,80.3663
5288,2.5974,-142.6069,80.3663
5289,2.8974,-142.6069,80.3663
5290,3.1974,-142.6069,80.3663
5291,3.4974,-142.6069,80.3663
5292,3.7974,-142.6069,80.3663
5293,4.0974,-142.6069,80.3663
5294,4.3974,-142.6069,80.3663
5295,4.6974,-142.6069,80.3663
5296,4.9974,-142.6069,80.3663
5297,5.2974,-142.6069,80.3663
5298,5.5974,-142.6069,80.3663
5299,5.8974,-142.6069,80.3663
5300,6.1974,-142.6069,80.3663
5301,6.4974,-142.6069,80.3663
5302,6.7974,-142.6069,80.3663
5303,7.0974,-142.6069,80.3663
5304,7.3974,-142.6069,80.3663
5305,7.6974,-142.6069,80.3663
5306,7.9974,-142.6069,80.3663
5307,8.2974,-142.6069,80.3663
5308,8.5974,-142.6069,80.3663
5309,8.8974,-142.6069,80.3663
5310,9.1974,-142.6069,80.3663
5311,9.4974,-142.6069,80.3663
5312,9.7974,-142.6069,80.3663
5313,10.0974,-142.6069,80.3663
5314,10.3974,-142.6069,80.3663
5315,10.6974,-142.6069,80.3663
5316,10.9974,-142.6069,80.3663
5317,11.2974,-142.6069,80.3663
5318,11.5974,-142.9069,80.3663
5319,11.8974,-142.9069,80.3663
5320,12.1974,-143.2069,80.3663
5321,12.4974,-143.2069,80.3663
5322,12.7974,-143.5069,80.3663
5323,13.0974,-143.5069,80.3663
5324,13.3974,-143.8069,80.3663
5325,13.6974,-143.8069,80.3663
5326,13.9974,-144.1069,80.3663
5327,14.2974,-144.4069,80.3663
5328,14.5974,-144.7069,80.3663
5329,14.8974,-144.7069,80.3663
5330,15.1974,-145.0069,80.3663
5331,15.4974,-145.0069,80.3663
5332,15.7974,-145.3069,80.3663
5333,16.0974,-145.3069,80.3663
5334,16.3974,-145.3069,80.3663
5335,16.6974,-145.3069,80.3663
5336,16.9974,-145.6069,80.3663
5337,17.2974,-145.6069,80.3663
5338,17.5974,-145.6069,80.3663
5339,17.8974,-145.6069,80.3663
5340,18.1974,-145.9069,80.3663
5341,18.4974,-145.9069,80.3663
5342,18.7974,-145.9069,80.3663
5343,19.0974,-145.9069,80.3663
5344,19.3974,-145.9069,80.3663
5345,19.6974,-145.9069,80.3663
5346,19.9974,-146.2069,80.3663
5347,20.2974,-146.2069,80.3663
5348,20.5974,-146.2069,80.3663
5349,20.8974,-146.2069,80.3663
5350,21.1974,-146.2069,80.3663
5351,21.4974,-146.2069,80.3663
5352,21.7974,-146.5069,80.3663
5353,22.0974,-146.5069,80.3663
5354,22.3974,-146.5069,80.3663
5355,22.6974,-146.5069,80.3663
5356,22.9974,-146.5069,80.3663
5357,23.2974,-146.5069,80.3663
5358,23.5974,-146.5069,80.3663
5359,23.8974,-146.5069,80.3663
5360,24.1974,-146.8069,80.3663
5361,24.4974,-146.8069,80.3663
5362,24.7974,-146.8069,80.3663
5363,25.0974,-146.8069,80.3663
5364,25.3974,-147.1069,80.3663
5365,25.6974,-147.1069,80.3663
5366,25.9974,-147.1069,80.3663
5367,26.2974,-147.1069,80.3663
5368,26.5974,-147.1069,80.3663
5369,26.8974,-147.1069,80.3663
5370,27.1974,-147.4069,80.3663
5371,27.4974,-147.4069,80.3663
5372,27.7974,-147.4069,80.3663
5373,28.0974,-147.4069,80.3663
5374,28.3974,-147.4069,80.3663
5375,28.6974,-147.4069,80.3663
5376,28.9974,-147.7069,80.3663
5377,29.2974,-147.7069,80.3663
5378,29.5974,-147.7069,80.3663
5379,29.8974,-147.7069,80.3663
5380,30.1974,-147.7069,80.3663
5381,30.4974,-147.7069,80.3663
5382,30.7974,-147.7069,80.3663
5383,31.0974,-147.7069,80.3663
5384,31.3974,-148.0069,80.3663
5385,31.6974,-148.0069,80.3663
5386,31.9974,-148.0069,80.3663
5387,32.2974,-148.0069,80.3663
5388,32.5974,-148.3069,80.3663
5389,32.8974,-148.3069,80.3663
5390,33.1974,-148.3069,80.3663
5391,33.4974,-148.3069,80.3663
5392,33.7974,-148.3069,80.3663
5393,34.0974,-148.3069,80.3663
5394,34.3974,-148.6069,80.3663
5395,34.6974,-148.6069,80.3663
5396,34.9974,-148.6069,80.3663
5397,35.2974,-148.6069,80.3663
5398,35.5974,-148.6069,80.3663
5399,35.8974,-148.6069,80.3663
5400,36.1974,-148.6069,80.3663
5401,36.4974,-148.9069,80.3663
5402,36.7974,-148.9069,80.3663
5403,37.0974,-148.9069,80.3663
5404,37.3974,-148.9069,80.3663
5405,37.6974,-148.9069,80.3663
5406,37.9974,-148.9069,80.3663
5407,38.2974,-148.9069,80.3663
5408,38.5974,-148.9069,80.3663
5409,38.8974,-149.2069,80.3663
5410,39.1974,-149.2069,80.3663
5411,39.4974,-149.2069,80.3663
5412,39.7974,-149.2069,80.3663
5413,40.0974,-149.5069,80.3663
5414,40.3974,-149.5069,80.3663
5415,40.6974,-149.5069,80.3663
5416,40.9974,-149.5069,80.3663
5417,41.2974,-149.5069,80.3663
5418,41.5974,-149.5069,80.3663
5419,41.8974,-149.5069,80.3663
5420,42.1974,-149.8069,80.3663
5421,42.4974,-149.8069,80.3663
5422,42.7974,-149.8069,80.3663
5423,43.0974,-149.8069,80.3663
5424,43.3974,-149.8069,80.3663
5425,43.6974,-149.8069,80.3663
5426,43.9974,-150.1069,80.3663
5427,44.2974,-150.1069,80.3663
5428,44.5974,-150.1069,80.3663
5429,44.8974,-150.1069,80.3663
5430,45.1974,-150.1069,80.3663
5431,45.4974,-150.4069,80.3663
5432,45.7974,-150.4069,80.3663
5433,46.0974,-150.4069,80.3663
5434,46.3974,-150.7069,80.3663
5435,46.6974,-150.7069,80.3663
5436,46.9974,-150.7069,80.3663
5437,47.2974,-150.7069,80.3663
5438,47.5974,-151.0069,80.3663
5439,47.8974,-151.3069,80.3663
5440,48.1974,-151.6069,80.3663
5441,48.4974,-151.9069,80.3663
5442,48.7974,-152.2069,80.3663
5443,49.0974,-152.2069,80.3663
5444,49.3974,-152.2069,80.3663
5445,49.6974,-152.2069,80.3663
5446,49.9974,-152.2069,80.3663
5447,50.2974,-152.2069,80.3663
5448,50.5974,-152.2069,80.3663
5449,50.8974,-152.2069,80.3663
5450,51.1974,-152.2069,80.3663
5451,51.4974,-152.2069,80.3663
5452,51.7974,-152.2069,80.3663
5453,52.0974,-152.2069,80.3663
5454,52.3974,-152.2069,80.3663
5455,52.6974,-152.2069,80.3663
5456,52.9974,-152.2069,80.3663
5457,53.2974,-152.2069,80.3663
5458,53.5974,-152.2069,80.3663
5459,53.8974,-152.2069,80.3663
5460,54.1974,-152.2069,80.3663
5461,54.4974,-152.2069,80.3663
5462,54.7974,-152.2069,80.3663
5463,55.0974,-152.2069,80.3663
5464,55.3974,-152.2069,80.3663
5465,55.6974,-152.2069,80.3663
5466,55.9974,-152.2069,80.3663
5467,56.2974,-152.2069,80.3663
5468,56.5974,-152.2069,80.3663
5469,56.8974,-152.2069,80.3663
5470,57.1974,-152.2069,80.3663
5471,57.4974,-152.2069,80.3663
5472,-41.7022,-135.5458,80.5000
5473,-41.5026,-135.7069,80.3663
5474,-41.2026,-135.7069,80.3663
5475,-40.9026,-135.7069,80.3663
5476,-40.6026,-135.7069,80.3663
5477,-40.3026,-136.0069,80.3663
5478,-40.0026,-136.3069,80.3663
5479,-39.7026,-136.3069,80.3663
5480,-39.4026,-136.3069,80.3663
5481,-39.1026,-136.3069,80.3663
5482,-38.8026,-136.3069,80.3663
5483,-38.5026,-136.3069,80.3663
5484,-38.2026,-136.3069,80.3663
5485,-37.9026,-136.3069,80.3663
5486,-37.6026,-136.3069,80.3663
5487,-37.3026,-136.3069,80.3663
5488,-37.0026,-136.3069,80.3663
5489,-36.7026,-136.3069,80.3663
5490,-36.4026,-136.3069,80.3663
5491,-36.1026,-136.3069,80.3663
5492,-35.8026,-136.3069,80.3663
5493,-35.5026,-136.3069,80.3663
5494,-35.2026,-136.6069,80.3663
5495,-34.9026,-136.6069,80.3663
5496,-34.6026,-136.9069,80.3663
5497,-34.3026,-136.9069,80.3663
5498,-34.0026,-136.9069,80.3663
5499,-33.7026,-136.9069,80.3663
5500,-33.4026,-136.9069,80.3663
5501,-33.1026,-136.9069,80.3663
5502,-32.8026,-137.2069,80.3663
5503,-32.5026,-137.2069,80.3663
5504,-32.2026,-137.2069,80.3663
5505,-31.9026,-137.2069,80.3663
5506,-31.6026,-137.5069,80.3663
5507,-31.3026,-137.5069,80.3663
5508,-31.0026,-137.5069,80.3663
5509,-30.7026,-137.5069,80.3663
5510,-30.4026,-137.5069,80.3663
5511,-30.1026,-137.5069,80.3663
5512,-29.8026,-137.8069,80.3663
5513,-29.5026,-137.8069,80.3663
5514,-29.2026,-137.8069,80.3663
5515,-28.9026,-137.8069,80.3663
5516,-28.6026,-137.8069,80.3663
5517,-28.3026,-137.8069,80.3663
5518,-28.0026,-137.8069,80.3663
5519,-27.7026,-137.8069,80.3663
5520,-27.4026,-137.8069,80.3663
5521,-27.1026,-137.8069,80.3663
5522,-26.8026,-137.8069,80.3663
5523,-26.5026,-137.8069,80.3663
5524,-26.2026,-137.8069,80.3663
5525,-25.9026,-137.8069,80.3663
5526,-25.6026,-137.8069,80.3663
5527,-25.3026,-137.8069,80.3663
5528,-25.0026,-137.8069,80.3663
5529,-24.7026,-137.8069,80.3663
5530,-24.4026,-137.8069,80.3663
5531,-24.1026,-137.8069,80.3663
5532,-23.8026,-137.8069,80.3663
5533,-23.5026,-137.8069,80.3663
5534,-23.2026,-137.8069,80.3663
5535,-22.9026,-137.8069,80.3663
5536,-22.6026,-137.8069,80.3663
5537,-22.3026,-137.8069,80.3663
5538,-22.0026,-137.8069,80.3663
5539,-21.7026,-137.8069,80.3663
5540,-21.4026,-137.8069,80.3663
5541,-21.1026,-137.8069,80.3663
5542,-20.8026,-137.8069,80.3663
5543,-20.5026,-137.8069,80.3663
5544,-20.2026,-137.8069,80.3663
5545,-19.9026,-137.8069,80.3663
5546,-19.6026,-137.8069,80.3663
5547,-19.3026,-137.8069,80.3663
5548,-19.0026,-137.8069,80.3663
5549,-18.7026,-137.8069,80.3663
5550,-18.4026,-137.8069,80.3663
5551,-18.1026,-137.8069,80.3663
5552,-17.8026,-137.8069,80.3663
5553,-17.5026,-137.8069,80.3663
5554,-17.2026,-137.8069,80.3663
5555,-16.9026,-137.8069,80.3663
5556,-16.6026,-138.1069,80.3663
5557,-16.3026,-138.4069,80.3663
5558,-16.0026,-138.7069,80.3663
5559,-15.7026,-139.0069,80.3663
5560,-15.4026,-139.3069,80.3663
5561,-15.1026,-139.6069,80.3663
5562,-14.8026,-139.6069,80.3663
5563,-14.5026,-139.9069,80.3663
5564,-14.2026,-139.9069,80.3663
5565,-13.9026,-140.2069,80.3663
5566,-13.6026,-140.2069,80.3663
5567,-13.3026,-140.2069,80.3663
5568,-13.0026,-140.2069,80.3663
5569,-12.7026,-140.2069,80.3663
5570,-12.4026,-140.2069,80.3663
5571,-12.1026,-140.2069,80.3663
5572,-11.8026,-140.2069,80.3663
5573,-11.5026,-140.2069,80.3663
5574,-11.2026,-140.2069,80.3663
5575,-10.9026,-140.2069,80.3663
5576,-10.6026,-140.2069,80.3663
5577,-10.3026,-140.2069,80.3663
5578,-10.0026,-140.2069,80.3663
5579,-9.7026,-140.2069,80.3663
5580,-9.4026,-140.2069,80.3663
5581,-9.1026,-140.2069,80.3663
5582,-8.8026,-140.2069,80.3663
5583,-8.5026,-140.5069,80.3663
5584,-8.2026,-140.8069,80.3663
5585,-7.9026,-141.1069,80.3663
5586,-7.6026,-141.4069,80.3663
5587,-7.3026,-141.7069,80.3663
5588,-7.0026,-142.0069,80.3663
5589,-6.7026,-142.3069,80.3663
5590,-6.4026,-142.6069,80.3663
5591,-6.1026,-142.6069,80.3663
5592,-5.8026,-142.6069,80.3663
5593,-5.5026,-142.6069,80.3663
5594,-5.2026,-142.6069,80.3663
5595,-4.9026,-142.6069,80.3663
5596,-4.6026,-142.6069,80.3663
5597,-4.3026,-142.6069,80.3663
5598,-4.0026,-142.6069,80.3663
5599,-3.7026,-142.6069,80.3663
5600,-3.4026,-142.6069,80.3663
5601,-3.1026,-142.6069,80.3663
5602,-2.8026,-142.6069,80.3663
5603,-2.5026,-142.6069,80.3663
5604,-2.2026,-142.6069,80.3663
5605,-1.9026,-142.6069,80.3663
5606,-1.6026,-142.6069,80.3663
5607,-1.3026,-142.6069,80.3663
5608,-1.0026,-142.6069,80.3663
5609,-0.7026,-142.6069,80.3663
5610,-0.4026,-142.6069,80.3663
5611,-0.1026,-142.6069,80.3663
5612,0.1974,-142.6069,80.3663
5613,0.4974,-142.6069,80.3663
5614,0.7974,-142.6069,80.3663
5615,1.0974,-142.6069,80.3663
5616,1.3974,-142.6069,80.3663
5617,1.6974,-142.6069,80.3663
5618,1.9974,-142.6069,80.3663
5619,2.2974,-142.6069,80.3663
5620,2.5974,-142.6069,80.3663
5621,2.8974,-142.6069,80.3663
5622,3.1974,-142.6069,80.3663
5623,3.4974,-142.6069,80.3663
5624,3.7974,-142.6069,80.3663
5625,4.0974,-142.6069,80.3663
5626,4.3974,-142.6069,80.3663
5627,4.6974,-142.6069,80.3663
5628,4.9974,-142.6069,80.3663
5629,5.2974,-142.6069,80.3663
5630,5.5974,-142.6069,80.3663
5631,5.8974,-142.6069,80.3663
5632,6.1974,-142.6069,80.3663
5633,6.4974,-142.6069,80.3663
5634,6.7974,-142.6069,80.3663
5635,7.0974,-142.6069,80.3663
5636,7.3974,-142.6069,80.3663
5637,7.6974,-142.6069,80.3663
5638,7.9974,-142.6069,80.3663
5639,8.2974,-142.6069,80.3663
5640,8.5974,-142.6069,80.3663
5641,8.8974,-142.6069,80.3663
5642,9.1974,-142.6069,80.3663
5643,9.4974,-142.6069,80.3663
5644,9.7974,-142.6069,80.3663
5645,10.0974,-142.6069,80.3663
5646,10.3974,-142.6069,80.3663
5647,10.6974,-142.6069,80.3663
5648,10.9974,-142.6069,80.3663
5649,11.2974,-142.6069,80.3663
5650,11.5974,-142.6069,80.3663
5651,11.8974,-142.6069,80.3663
5652,12.1974,-142.6069,80.3663
5653,12.4974,-142.6069,80.3663
5654,12.7974,-142.9069,80.3663
5655,13.0974,-143.2069,80.3663
5656,13.3974,-143.5069,80.3663
5657,13.6974,-143.8069,80.3663
5658,13.9974,-144.1069,80.3663
5659,14.2974,-144.4069,80.3663
5660,14.5974,-144.7069,80.3663
5661,14.8974,-144.7069,80.3663
5662,15.1974,-145.0069,80.3663
5663,15.4974,-145.0069,80.3663
5664,15.7974,-145.3069,80.3663
5665,16.0974,-145.3069,80.3663
5666,16.3974,-145.3069,80.3663
5667,16.6974,-145.3069,80.3663
5668,16.9974,-145.6069,80.3663
5669,17.2974,-145.6069,80.3663
5670,17.5974,-145.6069,80.3663
5671,17.8974,-145.6069,80.3663
5672,18.1974,-145.9069,80.3663
5673,18.4974,-145.9069,80.3663
5674,18.7974,-145.9069,80.3663
5675,19.0974,-145.9069,80.3663
5676,19.3974,-145.9069,80.3663
5677,19.6974,-145.9069,80.3663
5678,19.9974,-146.2069,80.3663
5679,20.2974,-146.2069,80.3663
5680,20.5974,-146.2069,80.3663
5681,20.8974,-146.2069,80.3663
5682,21.1974,-146.2069,80.3663
5683,21.4974,-146.2069,80.3663
5684,21.7974,-146.5069,80.3663
5685,22.0974,-146.5069,80.3663
5686,22.3974,-146.5069,80.3663
5687,22.6974,-146.5069,80.3663
5688,22.9974,-146.5069,80.3663
5689,23.2974,-146.5069,80.3663
5690,23.5974,-146.5069,80.3663
5691,23.8974,-146.5069,80.3663
5692,24.1974,-146.8069,80.3663
5693,24.4974,-146.8069,80.3663
5694,24.7974,-146.8069,80.3663
5695,25.0974,-146.8069,80.3663
5696,25.3974,-147.1069,80.3663
5697,25.6974,-147.1069,80.3663
5698,25.9974,-147.1069,80.3663
5699,26.2974,-147.1069,80.3663
5700,26.5974,-147.1069,80.3663
5701,26.8974,-147.1069,80.3663
5702,27.1974,-147.4069,80.3663
5703,27.4974,-147.4069,80.3663
5704,27.7974,-147.4069,80.3663
5705,28.0974,-147.4069,80.3663
5706,28.3974,-147.4069,80.3663
5707,28.6974,-147.4069,80.3663
5708,28.9974,-147.7069,80.3663
5709,29.2974,-147.7069,80.3663
5710,29.5974,-147.7069,80.3663
5711,29.8974,-147.7069,80.3663
5712,30.1974,-147.7069,80.3663
5713,30.4974,-147.7069,80.3663
5714,30.7974,-147.7069,80.3663
5715,31.0974,-147.7069,80.3663
5716,31.3974,-148.0069,80.3663
5717,31.6974,-148.0069,80.3663
5718,31.9974,-148.0069,80.3663
5719,32.2974,-148.0069,80.3663
5720,32.5974,-148.3069,80.3663
5721,32.8974,-148.3069,80.3663
5722,33.1974,-148.3069,80.3663
5723,33.4974,-148.3069,80.3663
5724,33.7974,-148.3069,80.3663
5725,34.0974,-148.3069,80.3663
5726,34.3974,-148.6069,80.3663
5727,34.6974,-148.6069,80.3663
5728,34.9974,-148.6069,80.3663
5729,35.2974,-148.6069,80.3663
5730,35.5974,-148.6069,80.3663
5731,35.8974,-148.6069,80.3663
5732,36.1974,-148.6069,80.3663
5733,36.4974,-148.9069,80.3663
5734,36.7974,-148.9069,80.3663
5735,37.0974,-148.9069,80.3663
5736,37.3974,-148.9069,80.3663
5737,37.6974,-148.9069,80.3663
5738,37.9974,-149.2069,80.3663
5739,38.2974,-149.2069,80.3663
5740,38.5974,-149.2069,80.3663
5741,38.8974,-149.2069,80.3663
5742,39.1974,-149.2069,80.3663
5743,39.4974,-149.2069,80.3663
5744,39.7974,-149.2069,80.3663
5745,39.4974,-149.2069,80.3663
5746,39.1974,-149.2069,80.3663
5747,38.8974,-149.2069,80.3663
5748,38.5974,-149.2069,80.3663
5749,38.2974,-149.2069,80.3663
5750,37.9974,-149.2069,80.3663
5751,37.6974,-149.2069,80.3663
5752,37.3974,-149.2069,80.3663
5753,37.0974,-149.2069,80.3663
5754,36.7974,-149.2069,80.3663
5755,36.4974,-149.2069,80.3663
5756,36.1974,-149.2069,80.3663
5757,35.8974,-149.2069,80.3663
5758,35.5974,-149.2069,80.3663
5759,35.2974,-149.2069,80.3663
5760,34.9974,-149.2069,80.3663
5761,34.6974,-149.2069,80.3663
5762,34.3974,-149.2069,80.3663
5763,34.0974,-149.2069,80.3663
5764,33.7974,-149.2069,80.3663
5765,33.4974,-149.2069,80.3663
5766,33.1974,-149.2069,80.3663
5767,32.8974,-149.2069,80.3663
5768,32.5974,-149.2069,80.3663
5769,32.2974,-149.2069,80.3663
5770,31.9974,-149.2069,80.3663
5771,31.6974,-149.2069,80.3663
5772,31.3974,-149.2069,80.3663
5773,31.0974,-149.2069,80.3663
5774,30.7974,-149.2069,80.3663
5775,30.4974,-149.2069,80.3663
5776,30.1974,-149.2069,80.3663
5777,29.8974,-149.2069,80.3663
5778,29.5974,-149.2069,80.3663
5779,29.2974,-149.2069,80.3663
5780,28.9974,-149.2069,80.3663
5781,28.6974,-149.2069,80.3663
5782,28.3974,-149.2069,80.3663
5783,28.0974,-149.2069,80.3663
5784,27.7974,-149.2069,80.3663
5785,27.4974,-149.2069,80.3663
5786,27.1974,-149.2069,80.3663
5787,26.8974,-149.2069,80.3663
5788,26.5974,-149.2069,80.3663
5789,26.2974,-149.2069,80.3663
5790,25.9974,-149.2069,80.3663
5791,25.6974,-149.2069,80.3663
5792,25.3974,-149.2069,80.3663
5793,25.0974,-149.2069,80.3663
5794,24.7974,-149.2069,80.3663
5795,24.4974,-149.2069,80.3663
5796,24.1974,-149.2069,80.3663
5797,23.8974,-149.2069,80.3663
5798,23.5974,-149.2069,80.3663
5799,23.2974,-149.2069,80.3663
5800,22.9974,-149.2069,80.3663
5801,22.6974,-149.2069,80.3663
5802,22.3974,-149.2069,80.3663
5803,22.0974,-149.2069,80.3663
5804,21.7974,-149.2069,80.3663
5805,21.4974,-149.2069,80.3663
5806,21.1974,-149.2069,80.3663
5807,20.8974,-149.2069,80.3663
5808,20.5974,-149.2069,80.3663
5809,20.2974,-149.2069,80.3663
5810,19.9974,-149.2069,80.3663
5811,19.6974,-149.2069,80.3663
5812,19.3974,-149.2069,80.3663
5813,19.0974,-149.2069,80.3663
5814,18.7974,-149.2069,80.3663
5815,18.4974,-149.2069,80.3663
5816,18.1974,-149.2069,80.3663
5817,17.8974,-149.2069,80.3663
5818,17.5974,-149.2069,80.3663
5819,17.2974,-149.2069,80.3663
5820,16.9974,-149.2069,80.3663
5821,16.6974,-149.2069,80.3663
5822,16.3974,-149.2069,80.3663
5823,16.0974,-149.2069,80.3663
5824,15.7974,-149.2069,80.3663
5825,15.4974,-149.2069,80.3663
5826,15.1974,-149.2069,80.3663
5827,14.8974,-149.2069,80.3663
5828,14.5974,-149.2069,80.3663
5829,14.2974,-149.2069,80.3663
5830,13.9974,-149.2069,80.3663
5831,13.6974,-149.2069,80.3663
5832,13.3974,-149.2069,80.3663
5833,13.0974,-149.2069,80.3663
5834,12.7974,-149.2069,80.3663
5835,12.4974,-149.2069,80.3663
5836,12.1974,-149.2069,80.3663
5837,11.8974,-149.2069,80.3663
5838,11.5974,-149.2069,80.3663
5839,11.2974,-149.2069,80.3663
5840,10.9974,-149.2069,80.3663
5841,10.6974,-149.2069,80.3663
5842,10.3974,-149.2069,80.3663
5843,10.0974,-148.9069,80.3663
5844,9.7974,-148.6069,80.3663
5845,9.4974,-148.3069,80.3663
5846,9.1974,-148.0069,80.3663
5847,8.8974,-147.7069,80.3663
5848,8.5974,-147.4069,80.3663
5849,8.2974,-147.1069,80.3663
5850,7.9974,-146.8069,80.3663
5851,7.6974,-146.5069,80.3663
5852,7.3974,-146.2069,80.3663
5853,7.0974,-145.9069,80.3663
5854,6.7974,-145.6069,80.3663
5855,6.4974,-145.3069,80.3663
5856,6.1974,-145.0069,80.3663
5857,5.8974,-144.7069,80.3663
5858,5.5974,-144.4069,80.3663
5859,5.2974,-144.1069,80.3663
5860,4.9974,-143.8069,80.3663
5861,4.6974,-143.5069,80.3663
5862,4.3974,-143.2069,80.3663
5863,4.0974,-142.9069,80.3663
5864,3.7974,-142.6069,80.3663
5865,3.4974,-142.6069,80.3663
5866,3.1974,-142.6069,80.3663
5867,2.8974,-142.6069,80.3663
5868,2.5974,-142.6069,80.3663
5869,2.2974,-142.6069,80.3663
5870,1.9974,-142.6069,80.3663
5871,1.6974,-142.6069,80.3663
5872,1.3974,-142.6069,80.3663
5873,1.0974,-142.6069,80.3663
5874,0.7974,-142.6069,80.3663
5875,0.4974,-142.6069,80.3663
5876,0.1974,-142.6069,80.3663
5877,-0.1026,-142.6069,80.3663
5878,-0.4026,-142.6069,80.3663
5879,-0.7026,-142.6069,80.3663
5880,-1.0026,-142.6069,80.3663
5881,-1.3026,-142.6069,80.3663
5882,-1.6026,-142.6069,80.3663
5883,-1.9026,-142.6069,80.3663
5884,-2.2026,-142.6069,80.3663
5885,-2.5026,-142.6069,80.3663
5886,-2.8026,-142.6069,80.3663
5887,-3.1026,-142.6069,80.3663
5888,-3.4026,-142.6069,80.3663
5889,-3.7026,-142.6069,80.3663
5890,-4.0026,-142.6069,80.3663
5891,-4.3026,-142.6069,80.3663
5892,-4.6026,-142.6069,80.3663
5893,-4.9026,-142.6069,80.3663
5894,-5.2026,-142.6069,80.3663
5895,-5.5026,-142.6069,80.3663
5896,-5.8026,-142.6069,80.3663
5897,-6.1026,-142.6069,80.3663
5898,-6.4026,-142.6069,80.3663
5899,-6.7026,-142.6069,80.3663
5900,-7.0026,-142.6069,80.3663
5901,-7.3026,-142.6069,80.3663
5902,-7.6026,-142.6069,80.3663
5903,-7.9026,-142.6069,80.3663
5904,-8.2026,-142.3069,80.3663
5905,-8.5026,-142.3069,80.3663
5906,-8.8026,-142.0069,80.3663
5907,-9.1026,-142.0069,80.3663
5908,-9.4026,-141.7069,80.3663
5909,-9.7026,-141.7069,80.3663
5910,-10.0026,-141.7069,80.3663
5911,-10.3026,-141.4069,80.3663
5912,-10.6026,-141.4069,80.3663
5913,-10.9026,-141.1069,80.3663
5914,-11.2026,-141.1069,80.3663
5915,-11.5026,-140.8069,80.3663
5916,-11.8026,-140.8069,80.3663
5917,-12.1026,-140.5069,80.3663
5918,-12.4026,-140.5069,80.3663
5919,-12.7026,-140.5069,80.3663
5920,-13.0026,-140.2069,80.3663
5921,-12.7026,-140.2069,80.3663
5922,-12.4026,-140.2069,80.3663
5923,-12.1026,-140.2069,80.3663
5924,-11.8026,-140.2069,80.3663
5925,-11.5026,-140.2069,80.3663
5926,-11.2026,-140.2069,80.3663
5927,-10.9026,-140.2069,80.3663
5928,-10.6026,-140.2069,80.3663
5929,-10.3026,-140.2069,80.3663
5930,-10.0026,-140.2069,80.3663
5931,-9.7026,-140.2069,80.3663
5932,-9.4026,-140.2069,80.3663
5933,-9.1026,-140.2069,80.3663
5934,-8.8026,-140.2069,80.3663
5935,-8.5026,-140.2069,80.3663
5936,-8.2026,-140.2069,80.3663
5937,-7.9026,-140.2069,80.3663
5938,-7.6026,-140.2069,80.3663
5939,-7.3026,-140.2069,80.3663
5940,-7.0026,-140.2069,80.3663
5941,-6.7026,-140.2069,80.3663
5942,-6.4026,-140.2069,80.3663
5943,-6.1026,-140.2069,80.3663
5944,-5.8026,-140.2069,80.3663
5945,-5.5026,-140.2069,80.3663
5946,-5.2026,-140.2069,80.3663
5947,-4.9026,-140.2069,80.3663
5948,-4.6026,-140.2069,80.3663
5949,-4.3026,-140.2069,80.3663
5950,-4.0026,-140.2069,80.3663
5951,-3.7026,-140.2069,80.3663
5952,-3.4026,-140.2069,80.3663
5953,-3.1026,-140.2069,80.3663
5954,-2.8026,-140.2069,80.3663
5955,-2.5026,-140.2069,80.3663
5956,-2.2026,-140.2069,80.3663
5957,-1.9026,-140.5069,80.3663
5958,-1.6026,-140.8069,80.3663
5959,-1.3026,-141.1069,80.3663
5960,-1.0026,-141.4069,80.3663
5961,-0.7026,-141.7069,80.3663
5962,-0.4026,-142.0069,80.3663
5963,-0.1026,-142.0069,80.3663
5964,0.1974,-142.3069,80.3663
5965,0.4974,-142.3069,80.3663
5966,0.7974,-142.6069,80.3663
5967,1.0974,-142.6069,80.3663
5968,1.3974,-142.6069,80.3663
5969,1.6974,-142.6069,80.3663
5970,1.9974,-142.6069,80.3663
5971,2.2974,-142.6069,80.3663
5972,2.5974,-142.6069,80.3663
5973,2.8974,-142.6069,80.3663
5974,3.1974,-142.6069,80.3663
5975,3.4974,-142.6069,80.3663
5976,3.7974,-142.6069,80.3663
5977,4.0974,-142.6069,80.3663
5978,4.3974,-142.6069,80.3663
5979,4.6974,-142.6069,80.3663
5980,4.9974,-142.6069,80.3663
5981,5.2974,-142.6069,80.3663
5982,5.5974,-142.6069,80.3663
5983,5.8974,-142.6069,80.3663
5984,6.1974,-142.6069,80.3663
5985,6.4974,-142.6069,80.3663
5986,6.7974,-142.6069,80.3663
5987,7.0974,-142.6069,80.3663
5988,7.3974,-142.6069,80.3663
5989,7.6974,-142.6069,80.3663
5990,7.9974,-142.6069,80.3663
5991,8.2974,-142.6069,80.3663
5992,8.5974,-142.6069,80.3663
5993,8.8974,-142.6069,80.3663
5994,9.1974,-142.6069,80.3663
5995,9.4974,-142.6069,80.3663
5996,9.7974,-142.6069,80.3663
5997,10.0974,-142.6069,80.3663
5998,10.3974,-142.6069,80.3663
5999,10.6974,-142.6069,80.3663
6000,10.9974,-142.6069,80.3663
6001,11.2974,-142.6069,80.3663
6002,11.5974,-142.6069,80.3663
6003,11.8974,-142.6069,80.3663
6004,12.1974,-142.6069,80.3663
6005,12.4974,-142.6069,80.3663
6006,12.7974,-142.9069,80.3663
6007,13.0974,-143.2069,80.3663
6008,13.3974,-143.5069,80.3663
6009,13.6974,-143.8069,80.3663
6010,13.9974,-144.1069,80.3663
6011,14.2974,-144.4069,80.3663
6012,14.5974,-144.7069,80.3663
6013,14.8974,-144.7069,80.3663
6014,15.1974,-145.0069,80.3663
6015,15.4974,-145.0069,80.3663
6016,15.7974,-145.3069,80.3663
6017,16.0974,-145.3069,80.3663
6018,16.3974,-145.3069,80.3663
6019,16.6974,-145.3069,80.3663
6020,16.9974,-145.6069,80.3663
6021,17.2974,-145.6069,80.3663
6022,17.5974,-145.6069,80.3663
6023,17.8974,-145.9069,80.3663
6024,18.1974,-146.2069,80.3663
6025,18.4974,-146.5069,80.3663
6026,18.7974,-146.8069,80.3663
6027,19.0974,-147.1069,80.3663
6028,19.3974,-147.4069,80.3663
6029,19.6974,-147.7069,80.3663
6030,19.9974,-148.0069,80.3663
6031,20.2974,-148.3069,80.3663
6032,20.5974,-148.6069,80.3663
6033,20.8974,-148.9069,80.3663
6034,21.1974,-149.2069,80.3663
6035,21.4974,-149.5069,80.3663
6036,21.7974,-149.5069,80.3663
6037,22.0974,-149.5069,80.3663
6038,22.3974,-149.5069,80.3663
6039,22.6974,-149.5069,80.3663
6040,22.9974,-149.5069,80.3663
6041,23.2974,-149.5069,80.3663
6042,23.5974,-149.5069,80.3663
6043,23.8974,-149.5069,80.3663
6044,24.1974,-149.5069,80.3663
6045,24.4974,-149.5069,80.3663
6046,24.7974,-149.5069,80.3663
6047,25.0974,-149.5069,80.3663
6048,25.3974,-149.5069,80.3663
6049,25.6974,-149.5069,80.3663
6050,25.9974,-149.5069,80.3663
6051,26.2974,-149.5069,80.3663
6052,26.5974,-149.5069,80.3663
6053,26.8974,-149.5069,80.3663
6054,27.1974,-149.5069,80.3663
6055,27.4974,-149.5069,80.3663
6056,27.7974,-149.5069,80.3663
6057,28.0974,-149.5069,80.3663
6058,28.3974,-149.5069,80.3663
6059,28.6974,-149.5069,80.3663
6060,28.9974,-149.5069,80.3663
6061,29.2974,-149.5069,80.3663
6062,29.5974,-149.5069,80.3663
6063,29.8974,-149.5069,80.3663
6064,30.1974,-149.5069,80.3663
6065,30.4974,-149.5069,80.3663
6066,30.7974,-149.5069,80.3663
6067,31.0974,-149.5069,80.3663
6068,31.3974,-149.5069,80.3663
6069,31.6974,-149.5069,80.3663
6070,31.9974,-149.5069,80.3663
6071,32.2974,-149.5069,80.3663
6072,32.5974,-149.5069,80.3663
6073,32.8974,-149.5069,80.3663
6074,33.1974,-149.5069,80.3663
6075,33.4974,-149.5069,80.3663
6076,33.7974,-149.5069,80.3663
6077,34.0974,-149.5069,80.3663
6078,34.3974,-149.5069,80.3663
6079,34.6974,-149.5069,80.3663
6080,34.9974,-149.5069,80.3663
6081,35.2974,-149.5069,80.3663
6082,35.5974,-149.5069,80.3663
6083,35.8974,-149.5069,80.3663
6084,36.1974,-149.5069,80.3663
6085,36.4974,-149.5069,80.3663
6086,36.7974,-149.5069,80.3663
6087,37.0974,-149.5069,80.3663
6088,37.3974,-149.5069,80.3663
6089,37.6974,-149.5069,80.3663
6090,37.9974,-149.5069,80.3663
6091,38.2974,-149.5069,80.3663
6092,38.5974,-149.5069,80.3663
6093,38.8974,-149.5069,80.3663
6094,39.1974,-149.5069,80.3663
6095,39.4974,-149.5069,80.3663
6096,39.7974,-149.5069,80.3663
6097,40.0974,-149.5069,80.3663
6098,40.3974,-149.5069,80.3663
6099,40.6974,-149.5069,80.3663
6100,40.9974,-149.5069,80.3663
6101,41.2974,-149.5069,80.3663
6102,41.5974,-149.5069,80.3663
6103,41.8974,-149.5069,80.3663
6104,42.1974,-149.8069,80.3663
6105,42.4974,-149.8069,80.3663
6106,42.7974,-149.8069,80.3663
6107,43.0974,-149.8069,80.3663
6108,43.3974,-149.8069,80.3663
6109,43.6974,-149.8069,80.3663
6110,43.9974,-150.1069,80.3663
6111,44.2974,-150.4069,80.3663
6112,44.5974,-150.7069,80.3663
6113,44.8974,-150.7069,80.3663
6114,45.1974,-150.7069,80.3663
6115,45.4974,-150.7069,80.3663
6116,45.7974,-150.7069,80.3663
6117,46.0974,-150.7069,80.3663
6118,46.3974,-150.7069,80.3663
6119,46.6974,-150.7069,80.3663
6120,46.9974,-150.7069,80.3663
6121,47.2974,-150.7069,80.3663
6122,47.5974,-150.7069,80.3663
6123,47.8974,-150.7069,80.3663
6124,48.1974,-150.7069,80.3663
6125,48.4974,-151.0069,80.3663
6126,48.7974,-151.0069,80.3663
6127,49.0974,-151.0069,80.3663
6128,48.7974,-151.0069,80.3663
6129,48.4974,-151.0069,80.3663
6130,48.1974,-151.0069,80.3663
6131,47.8974,-151.0069,80.3663
6132,47.5974,-151.0069,80.3663
6133,47.2974,-151.0069,80.3663
6134,46.9974,-151.0069,80.3663
6135,46.6974,-151.0069,80.3663
6136,46.3974,-151.0069,80.3663
6137,46.0974,-151.0069,80.3663
6138,45.7974,-150.7069,80.3663
6139,45.4974,-150.7069,80.3663
6140,45.1974,-150.4069,80.3663
6141,44.8974,-150.4069,80.3663
6142,44.5974,-150.4069,80.3663
6143,44.2974,-150.1069,80.3663
6144,43.9974,-150.1069,80.3663
6145,43.6974,-150.1069,80.3663
6146,43.3974,-150.1069,80.3663
6147,43.0974,-150.1069,80.3663
6148,42.7974,-150.1069,80.3663
6149,42.4974,-150.1069,80.3663
6150,42.1974,-150.1069,80.3663
6151,41.8974,-150.1069,80.3663
6152,41.5974,-150.1069,80.3663
6153,41.2974,-150.1069,80.3663
6154,40.9974,-150.1069,80.3663
6155,40.6974,-150.1069,80.3663
6156,40.3974,-150.1069,80.3663
6157,40.0974,-150.1069,80.3663
6158,39.7974,-150.1069,80.3663
6159,39.4974,-150.1069,80.3663
6160,39.1974,-150.1069,80.3663
6161,38.8974,-150.1069,80.3663
6162,38.5974,-150.1069,80.3663
6163,38.2974,-150.1069,80.3663
6164,37.9974,-150.1069,80.3663
6165,37.6974,-150.1069,80.3663
6166,37.3974,-150.1069,80.3663
6167,37.0974,-150.1069,80.3663
6168,36.7974,-150.1069,80.3663
6169,36.4974,-150.1069,80.3663
6170,36.1974,-150.1069,80.3663
6171,35.8974,-150.1069,80.3663
6172,35.5974,-150.1069,80.3663
6173,35.2974,-150.1069,80.3663
6174,34.9974,-150.1069,80.3663
6175,34.6974,-150.1069,80.3663
6176,34.3974,-150.1069,80.3663
6177,34.0974,-150.1069,80.3663
6178,33.7974,-150.1069,80.3663
6179,33.4974,-150.1069,80.3663
6180,33.1974,-150.1069,80.3663
6181,32.8974,-150.1069,80.3663
6182,32.5974,-150.1069,80.3663
6183,32.2974,-150.1069,80.3663
6184,31.9974,-150.1069,80.3663
6185,31.6974,-149.8069,80.3663
6186,31.3974,-149.8069,80.3663
6187,31.0974,-149.5069,80.3663
6188,30.7974,-149.5069,80.3663
6189,30.4974,-149.2069,80.3663
6190,30.1974,-149.2069,80.3663
6191,29.8974,-149.2069,80.3663
6192,29.5974,-148.9069,80.3663
6193,29.2974,-148.9069,80.3663
6194,28.9974,-148.6069,80.3663
6195,28.6974,-148.6069,80.3663
6196,28.3974,-148.3069,80.3663
6197,28.0974,-148.3069,80.3663
6198,27.7974,-148.0069,80.3663
6199,27.4974,-148.0069,80.3663
6200,27.1974,-147.7069,80.3663
6201,26.8974,-147.7069,80.3663
6202,26.5974,-147.7069,80.3663
6203,26.2974,-147.4069,80.3663
6204,25.9974,-147.4069,80.3663
6205,25.6974,-147.1069,80.3663
6206,25.3974,-147.1069,80.3663
6207,25.0974,-146.8069,80.3663
6208,24.7974,-146.8069,80.3663
6209,24.4974,-146.8069,80.3663
6210,24.1974,-146.8069,80.3663
6211,23.8974,-146.5069,80.3663
6212,23.5974,-146.2069,80.3663
6213,23.2974,-146.2069,80.3663
6214,22.9974,-146.5069,80.3663
6215,22.6974,-146.5069,80.3663
6216,22.3974,-146.5069,80.3663
6217,22.0974,-146.5069,80.3663
6218,21.7974,-146.5069,80.3663
6219,21.4974,-146.5069,80.3663
6220,21.1974,-146.5069,80.3663
6221,20.8974,-146.5069,80.3663
6222,20.5974,-146.5069,80.3663
6223,20.2974,-146.5069,80.3663
6224,19.9974,-146.5069,80.3663
6225,19.6974,-146.5069,80.3663
6226,19.3974,-146.5069,80.3663
6227,19.0974,-146.5069,80.3663
6228,18.7974,-146.5069,80.3663
6229,18.4974,-146.5069,80.3663
6230,18.1974,-146.5069,80.3663
6231,17.8974,-146.5069,80.3663
6232,17.5974,-146.5069,80.3663
6233,17.2974,-146.5069,80.3663
6234,16.9974,-146.5069,80.3663
6235,16.6974,-146.5069,80.3663
6236,16.3974,-146.5069,80.3663
6237,16.0974,-146.5069,80.3663
6238,15.7974,-146.5069,80.3663
6239,15.4974,-146.5069,80.3663
6240,15.1974,-146.5069,80.3663
6241,14.8974,-146.5069,80.3663
6242,14.5974,-146.5069,80.3663
6243,14.2974,-146.5069,80.3663
6244,13.9974,-146.5069,80.3663
6245,13.6974,-146.5069,80.3663
6246,13.3974,-146.5069,80.3663
6247,13.0974,-146.5069,80.3663
6248,12.7974,-146.5069,80.3663
6249,12.4974,-146.5069,80.3663
6250,12.1974,-146.5069,80.3663
6251,11.8974,-146.5069,80.3663
6252,11.5974,-146.5069,80.3663
6253,11.2974,-146.5069,80.3663
6254,10.9974,-146.5069,80.3663
6255,10.6974,-146.5069,80.3663
6256,10.3974,-146.5069,80.3663
6257,10.0974,-146.5069,80.3663
6258,9.7974,-146.5069,80.3663
6259,9.4974,-146.5069,80.3663
6260,9.1974,-146.5069,80.3663
6261,8.8974,-146.5069,80.3663
6262,8.5974,-146.5069,80.3663
6263,8.2974,-146.5069,80.3663
6264,7.9974,-146.5069,80.3663
6265,7.6974,-146.5069,80.3663
6266,7.3974,-146.5069,80.3663
6267,7.0974,-146.5069,80.3663
6268,6.7974,-146.5069,80.3663
6269,6.4974,-146.5069,80.3663
6270,6.1974,-146.5069,80.3663
6271,5.8974,-146.5069,80.3663
6272,5.5974,-146.5069,80.3663
6273,5.2974,-146.5069,80.3663
6274,4.9974,-146.5069,80.3663
6275,4.6974,-146.5069,80.3663
6276,4.3974,-146.5069,80.3663
6277,4.0974,-146.5069,80.3663
6278,3.7974,-146.5069,80.3663
6279,3.4974,-146.5069,80.3663
6280,3.1974,-146.5069,80.3663
6281,2.8974,-146.5069,80.3663
6282,2.5974,-146.5069,80.3663
6283,2.2974,-146.5069,80.3663
6284,1.9974,-146.5069,80.3663
6285,1.6974,-146.5069,80.3663
6286,1.3974,-146.5069,80.3663
6287,1.0974,-146.5069,80.3663
6288,0.7974,-146.5069,80.3663
6289,0.4974,-146.5069,80.3663
6290,0.1974,-146.5069,80.3663
6291,-0.1026,-146.5069,80.3663
6292,-0.4026,-146.5069,80.3663
6293,-0.7026,-146.5069,80.3663
6294,-1.0026,-146.5069,80.3663
6295,-1.3026,-146.5069,80.3663
6296,-1.6026,-146.5069,80.3663
6297,-1.9026,-146.5069,80.3663
6298,-2.2026,-146.5069,80.3663
6299,-2.5026,-146.5069,80.3663
6300,-2.8026,-146.5069,80.3663
6301,-3.1026,-146.5069,80.3663
6302,-3.4026,-146.5069,80.3663
6303,-3.7026,-146.5069,80.3663
6304,-4.0026,-146.5069,80.3663
6305,-4.3026,-146.2069,80.3663
6306,-4.6026,-146.2069,80.3663
6307,-4.9026,-145.9069,80.3663
6308,-5.2026,-145.9069,80.3663
6309,-5.5026,-145.9069,80.3663
6310,-5.8026,-145.6069,80.3663
6311,-6.1026,-145.6069,80.3663
6312,-6.4026,-145.3069,80.3663
6313,-6.7026,-145.3069,80.3663
6314,-7.0026,-145.0069,80.3663
6315,-7.3026,-145.0069,80.3663
6316,-7.6026,-144.7069,80.3663
6317,-7.9026,-144.7069,80.3663
6318,-8.2026,-144.4069,80.3663
6319,-8.5026,-144.1069,80.3663
6320,-8.8026,-143.8069,80.3663
6321,-9.1026,-143.5069,80.3663
6322,-9.4026,-143.2069,80.3663
6323,-9.7026,-142.9069,80.3663
6324,-10.0026,-142.6069,80.3663
6325,-10.3026,-142.3069,80.3663
6326,-10.6026,-142.0069,80.3663
6327,-10.9026,-141.7069,80.3663
6328,-11.2026,-141.4069,80.3663
6329,-11.5026,-141.1069,80.3663
6330,-11.8026,-140.8069,80.3663
6331,-12.1026,-140.5069,80.3663
6332,-12.4026,-140.2069,80.3663
6333,-12.7026,-140.2069,80.3663
6334,-13.0026,-140.2069,80.3663
6335,-13.3026,-140.2069,80.3663
6336,-13.6026,-140.2069,80.3663
6337,-13.9026,-140.2069,80.3663
6338,-14.2026,-140.2069,80.3663
6339,-14.5026,-140.2069,80.3663
6340,-14.8026,-140.2069,80.3663
6341,-15.1026,-140.2069,80.3663
6342,-15.4026,-140.2069,80.3663
6343,-15.7026,-140.2069,80.3663
6344,-16.0026,-140.2069,80.3663
6345,-16.3026,-140.2069,80.3663
6346,-16.6026,-140.2069,80.3663
6347,-16.9026,-140.2069,80.3663
6348,-17.2026,-140.2069,80.3663
6349,-17.5026,-140.2069,80.3663
6350,-17.8026,-140.2069,80.3663
6351,-18.1026,-139.9069,80.3663
6352,-18.4026,-139.9069,80.3663
6353,-18.7026,-139.9069,80.3663
6354,-19.0026,-139.6069,80.3663
6355,-19.3026,-139.6069,80.3663
6356,-19.6026,-139.3069,80.3663
6357,-19.9026,-139.3069,80.3663
6358,-20.2026,-139.0069,80.3663
6359,-20.5026,-139.0069,80.3663
6360,-20.8026,-138.7069,80.3663
6361,-21.1026,-138.7069,80.3663
6362,-21.4026,-138.4069,80.3663
6363,-21.7026,-138.4069,80.3663
6364,-22.0026,-138.4069,80.3663
6365,-22.3026,-138.1069,80.3663
6366,-22.6026,-138.1069,80.3663
6367,-22.9026,-137.8069,80.3663
6368,-23.2026,-137.8069,80.3663
6369,-23.5026,-137.5069,80.3663
6370,-23.8026,-137.5069,80.3663
6371,-24.1026,-137.2069,80.3663
6372,-24.4026,-137.2069,80.3663
6373,-24.7026,-137.2069,80.3663
6374,-25.0026,-136.9069,80.3663
6375,-25.3026,-137.2069,80.3663
6376,-25.6026,-137.2069,80.3663
6377,-25.9026,-137.5069,80.3663
6378,-26.2026,-137.5069,80.3663
6379,-26.5026,-137.8069,80.3663
6380,-26.8026,-137.8069,80.3663
6381,-27.1026,-137.8069,80.3663
6382,-27.4026,-137.8069,80.3663
6383,-27.7026,-137.8069,80.3663
6384,-28.0026,-137.8069,80.3663
6385,-28.3026,-137.8069,80.3663
6386,-28.6026,-137.8069,80.3663
6387,-28.9026,-137.8069,80.3663
6388,-29.2026,-137.8069,80.3663
6389,-29.5026,-137.8069,80.3663
6390,-29.8026,-137.8069,80.3663
6391,-30.1026,-137.8069,80.3663
6392,-30.4026,-137.8069,80.3663
6393,-30.7026,-137.8069,80.3663
6394,-31.0026,-137.8069,80.3663
6395,-31.3026,-137.8069,80.3663
6396,-31.6026,-137.8069,80.3663
6397,-31.9026,-137.8069,80.3663
6398,-32.2026,-137.8069,80.3663
6399,-32.5026,-137.8069,80.3663
6400,-32.8026,-137.8069,80.3663
6401,-33.1026,-137.8069,80.3663
6402,-33.4026,-137.8069,80.3663
6403,-33.7026,-137.8069,80.3663
6404,-34.0026,-137.8069,80.3663
6405,-34.3026,-137.8069,80.3663
6406,-34.6026,-137.8069,80.3663
6407,-34.9026,-137.8069,80.3663
6408,-35.2026,-137.8069,80.3663
6409,-35.5026,-137.8069,80.3663
6410,-35.8026,-137.8069,80.3663
6411,-36.1026,-137.8069,80.3663
6412,-36.4026,-137.8069,80.3663
6413,-36.7026,-137.8069,80.3663
6414,-37.0026,-137.8069,80.3663
6415,-37.3026,-137.8069,80.3663
6416,-37.6026,-137.5069,80.3663
6417,-37.9026,-137.5069,80.3663
6418,-38.2026,-137.2069,80.3663
6419,-38.5026,-137.2069,80.3663
6420,-38.8026,-136.9069,80.3663
6421,-39.1026,-136.9069,80.3663
6422,-39.4026,-136.9069,80.3663
6423,-39.7026,-136.6069,80.3663
6424,-40.0026,-136.6069,80.3663
6425,-40.3026,-136.3069,80.3663
6426,-40.6026,-136.3069,80.3663
6427,-40.9026,-136.0069,80.3663
6428,-41.2026,-136.0069,80.3663
6429,-41.5026,-135.7069,80.3663
6430,-41.8026,-135.7069,80.3663
6431,-42.1026,-135.7069,80.3663
6432,-42.4026,-135.4069,80.3663
6433,-42.1026,-135.4069,80.3663
6434,-41.8026,-135.4069,80.3663
6435,-41.5026,-135.7069,80.3663
6436,-41.2026,-135.7069,80.3663
6437,-40.9026,-135.7069,80.3663
6438,-40.6026,-135.7069,80.3663
6439,-40.3026,-135.7069,80.3663
6440,-40.0026,-136.0069,80.3663
6441,-39.7026,-136.0069,80.3663
6442,-39.4026,-136.0069,80.3663
6443,-39.1026,-136.0069,80.3663
6444,-38.8026,-136.0069,80.3663
6445,-38.5026,-136.0069,80.3663
6446,-38.2026,-136.0069,80.3663
6447,-37.9026,-136.3069,80.3663
6448,-37.6026,-136.3069,80.3663
6449,-37.3026,-136.3069,80.3663
6450,-37.0026,-136.3069,80.3663
6451,-36.7026,-136.3069,80.3663
6452,-36.4026,-136.3069,80.3663
6453,-36.1026,-136.3069,80.3663
6454,-35.8026,-136.3069,80.3663
6455,-35.5026,-136.3069,80.3663
6456,-35.2026,-136.6069,80.3663
6457,-34.9026,-136.6069,80.3663
6458,-34.6026,-136.9069,80.3663
6459,-34.3026,-136.9069,80.3663
6460,-34.0026,-136.9069,80.3663
6461,-33.7026,-136.9069,80.3663
6462,-33.4026,-136.9069,80.3663
6463,-33.1026,-136.9069,80.3663
6464,-32.8026,-137.2069,80.3663
6465,-32.5026,-137.2069,80.3663
6466,-32.2026,-137.2069,80.3663
6467,-31.9026,-137.2069,80.3663
6468,-31.6026,-137.5069,80.3663
6469,-31.3026,-137.5069,80.3663
6470,-31.0026,-137.5069,80.3663
6471,-30.7026,-137.5069,80.3663
6472,-30.4026,-137.5069,80.3663
6473,-30.1026,-137.5069,80.3663
6474,-29.8026,-137.8069,80.3663
6475,-29.5026,-137.8069,80.3663
6476,-29.2026,-137.8069,80.3663
6477,-28.9026,-137.8069,80.3663
6478,-28.6026,-137.8069,80.3663
6479,-28.3026,-137.8069,80.3663
6480,-28.0026,-137.8069,80.3663
6481,-27.7026,-137.8069,80.3663
6482,-27.4026,-137.8069,80.3663
6483,-27.1026,-137.8069,80.3663
6484,-26.8026,-137.8069,80.3663
6485,-26.5026,-137.8069,80.3663
6486,-26.2026,-137.8069,80.3663
6487,-25.9026,-137.8069,80.3663
6488,-25.6026,-137.8069,80.3663
6489,-25.3026,-137.8069,80.3663
6490,-25.0026,-137.8069,80.3663
6491,-24.7026,-137.8069,80.3663
6492,-24.4026,-137.8069,80.3663
6493,-24.1026,-137.8069,80.3663
6494,-23.8026,-137.8069,80.3663
6495,-23.5026,-137.8069,80.3663
6496,-23.2026,-137.8069,80.3663
6497,-22.9026,-137.8069,80.3663
6498,-22.6026,-137.8069,80.3663
6499,-22.3026,-137.8069,80.3663
6500,-22.0026,-137.8069,80.3663
6501,-21.7026,-137.8069,80.3663
6502,-21.4026,-137.8069,80.3663
6503,-21.1026,-137.8069,80.3663
6504,-20.8026,-137.8069,80.3663
6505,-20.5026,-137.8069,80.3663
6506,-20.2026,-137.8069,80.3663
6507,-19.9026,-137.8069,80.3663
6508,-19.6026,-137.8069,80.3663
6509,-19.3026,-137.8069,80.3663
6510,-19.0026,-137.8069,80.3663
6511,-18.7026,-137.8069,80.3663
6512,-18.4026,-137.8069,80.3663
6513,-18.1026,-137.8069,80.3663
6514,-17.8026,-137.8069,80.3663
6515,-17.5026,-137.8069,80.3663
6516,-17.2026,-137.8069,80.3663
6517,-16.9026,-137.8069,80.3663
6518,-16.6026,-138.1069,80.3663
6519,-16.3026,-138.4069,80.3663
6520,-16.0026,-138.7069,80.3663
6521,-15.7026,-139.0069,80.3663
6522,-15.4026,-139.3069,80.3663
6523,-15.1026,-139.6069,80.3663
6524,-14.8026,-139.6069,80.3663
6525,-14.5026,-139.9069,80.3663
6526,-14.2026,-139.9069,80.3663
6527,-13.9026,-140.2069,80.3663
6528,-13.6026,-140.2069,80.3663
6529,-13.3026,-140.2069,80.3663
6530,-13.0026,-140.2069,80.3663
6531,-12.7026,-140.2069,80.3663
6532,-12.4026,-140.2069,80.3663
6533,-12.1026,-140.2069,80.3663
6534,-11.8026,-140.2069,80.3663
6535,-11.5026,-140.2069,80.3663
6536,-11.2026,-140.2069,80.3663
6537,-10.9026,-140.2069,80.3663
6538,-10.6026,-140.2069,80.3663
6539,-10.3026,-140.2069,80.3663
6540,-10.0026,-140.2069,80.3663
6541,-9.7026,-140.2069,80.3663
6542,-9.4026,-140.2069,80.3663
6543,-9.1026,-140.5069,80.3663
6544,-8.8026,-140.8069,80.3663
6545,-8.5026,-141.1069,80.3663
6546,-8.2026,-141.4069,80.3663
6547,-7.9026,-141.7069,80.3663
6548,-7.6026,-142.0069,80.3663
6549,-7.3026,-142.3069,80.3663
6550,-7.0026,-142.6069,80.3663
6551,-6.7026,-142.6069,80.3663
6552,-6.4026,-142.6069,80.3663
6553,-6.1026,-142.6069,80.3663
6554,-5.8026,-142.6069,80.3663
6555,-5.5026,-142.6069,80.3663
6556,-5.2026,-142.6069,80.3663
6557,-4.9026,-142.6069,80.3663
6558,-4.6026,-142.6069,80.3663
6559,-4.3026,-142.6069,80.3663
6560,-4.0026,-142.6069,80.3663
6561,-3.7026,-142.6069,80.3663
6562,-3.4026,-142.6069,80.3663
6563,-3.1026,-142.6069,80.3663
6564,-2.8026,-142.6069,80.3663
6565,-2.5026,-142.6069,80.3663
6566,-2.2026,-142.6069,80.3663
6567,-1.9026,-142.6069,80.3663
6568,-1.6026,-142.6069,80.3663
6569,-1.3026,-142.6069,80.3663
6570,-1.0026,-142.6069,80.3663
6571,-0.7026,-142.6069,80.3663
6572,-0.4026,-142.6069,80.3663
6573,-0.1026,-142.6069,80.3663
6574,0.1974,-142.6069,80.3663
6575,0.4974,-142.6069,80.3663
6576,0.7974,-142.6069,80.3663
6577,1.0974,-142.6069,80.3663
6578,1.3974,-142.6069,80.3663
6579,1.6974,-142.6069,80.3663
6580,1.9974,-142.6069,80.3663
6581,2.2974,-142.6069,80.3663
6582,2.5974,-142.6069,80.3663
6583,2.8974,-142.6069,80.3663
6584,3.1974,-142.6069,80.3663
6585,3.4974,-142.3069,80.3663
6586,3.7974,-142.3069,80.3663
6587,4.0974,-142.0069,80.3663
6588,4.3974,-142.0069,80.3663
6589,4.6974,-142.0069,80.3663
6590,4.9974,-142.0069,80.3663
6591,5.2974,-142.0069,80.3663
6592,5.5974,-142.0069,80.3663
6593,5.8974,-142.0069,80.3663
6594,6.1974,-142.3069,80.3663
6595,6.4974,-142.6069,80.3663
6596,6.7974,-142.6069,80.3663
6597,7.0974,-142.6069,80.3663
6598,7.3974,-142.6069,80.3663
6599,7.6974,-142.6069,80.3663
6600,7.9974,-142.6069,80.3663
6601,8.2974,-142.6069,80.3663
6602,8.5974,-142.6069,80.3663
6603,8.8974,-142.9069,80.3663
6604,9.1974,-142.9069,80.3663
6605,9.4974,-142.9069,80.3663
6606,9.7974,-142.9069,80.3663
6607,10.0974,-142.9069,80.3663
6608,10.3974,-142.9069,80.3663
6609,10.6974,-142.9069,80.3663
6610,10.9974,-142.9069,80.3663
6611,11.2974,-142.9069,80.3663
6612,11.5974,-142.9069,80.3663
6613,11.8974,-142.9069,80.3663
6614,12.1974,-142.9069,80.3663
6615,12.4974,-142.9069,80.3663
6616,12.7974,-143.2069,80.3663
6617,13.0974,-143.2069,80.3663
6618,13.3974,-143.5069,80.3663
6619,13.6974,-143.8069,80.3663
6620,13.9974,-144.1069,80.3663
6621,14.2974,-144.4069,80.3663
6622,14.5974,-144.7069,80.3663
6623,14.8974,-144.7069,80.3663
6624,15.1974,-145.0069,80.3663
6625,15.4974,-145.0069,80.3663
6626,15.7974,-145.3069,80.3663
6627,16.0974,-145.3069,80.3663
6628,16.3974,-145.3069,80.3663
6629,16.6974,-145.3069,80.3663
6630,16.9974,-145.6069,80.3663
6631,17.2974,-145.6069,80.3663
6632,17.5974,-145.6069,80.3663
6633,17.8974,-145.6069,80.3663
6634,18.1974,-145.9069,80.3663
6635,18.4974,-145.9069,80.3663
6636,18.7974,-145.9069,80.3663
6637,19.0974,-145.9069,80.3663
6638,19.3974,-145.9069,80.3663
6639,19.6974,-145.9069,80.3663
6640,19.9974,-146.2069,80.3663
6641,20.2974,-146.5069,80.3663
6642,20.5974,-146.8069,80.3663
6643,20.8974,-146.8069,80.3663
6644,21.1974,-146.8069,80.3663
6645,21.4974,-146.8069,80.3663
6646,21.7974,-146.8069,80.3663
6647,22.0974,-146.8069,80.3663
6648,22.3974,-146.8069,80.3663
6649,22.6974,-146.8069,80.3663
6650,22.9974,-147.1069,80.0663
6651,23.2974,-147.1069,80.0663
6652,23.5974,-147.1069,80.0663
6653,23.8974,-147.1069,80.0663
6654,24.1974,-147.1069,80.0663
6655,24.4974,-147.1069,80.0663
6656,24.7974,-147.1069,80.0663
6657,25.0974,-147.1069,80.0663
6658,25.3974,-147.1069,80.0663
6659,25.6974,-147.1069,80.0663
6660,25.9974,-147.1069,80.0663
6661,26.2974,-147.1069,80.0663
6662,26.5974,-147.1069,80.0663
6663,26.8974,-147.4069,80.0663
6664,27.1974,-147.4069,80.0663
6665,27.4974,-147.4069,80.0663
6666,27.7974,-147.4069,80.0663
6667,28.0974,-147.4069,80.0663
6668,28.3974,-147.4069,80.0663
6669,28.6974,-147.7069,80.0663
6670,28.9974,-147.7069,80.0663
6671,29.2974,-147.7069,80.0663
6672,29.5974,-147.7069,80.0663
6673,29.8974,-147.7069,80.0663
6674,30.1974,-147.7069,80.0663
6675,30.4974,-147.7069,80.0663
6676,30.7974,-147.7069,80.0663
6677,31.0974,-147.7069,80.0663
6678,31.3974,-148.0069,80.0663
6679,31.6974,-148.0069,80.0663
6680,31.9974,-148.0069,80.0663
6681,32.2974,-148.3069,79.7663
6682,32.5974,-148.3069,79.7663
6683,32.8974,-148.3069,79.7663
6684,33.1974,-148.3069,79.7663
6685,33.4974,-148.3069,79.7663
6686,33.7974,-148.3069,79.7663
6687,34.0974,-148.6069,79.4663
6688,34.3974,-148.6069,79.4663
6689,34.6974,-148.6069,79.4663
6690,34.9974,-148.6069,79.4663
6691,35.2974,-148.6069,79.4663
6692,35.5974,-148.6069,79.4663
6693,35.8974,-148.9069,79.1663
6694,36.1974,-148.9069,79.1663
6695,36.4974,-148.9069,79.1663
6696,36.7974,-149.2069,79.1663
6697,37.0974,-149.2069,79.1663
6698,37.3974,-149.2069,79.1663
6699,37.6974,-149.2069,79.1663
6700,37.9974,-149.2069,79.1663
6701,38.2974,-149.2069,79.1663
6702,38.5974,-149.2069,79.1663
6703,38.8974,-149.2069,79.1663
6704,39.1974,-149.5069,79.1663
6705,39.4974,-149.5069,79.1663
6706,39.7974,-149.5069,79.1663
6707,40.0974,-149.5069,79.1663
6708,40.3974,-149.8069,79.1663
6709,40.6974,-149.8069,79.1663
6710,40.9974,-149.8069,79.1663
6711,41.2974,-149.8069,79.1663
6712,41.5974,-149.8069,79.1663
6713,41.8974,-150.1069,79.1663
6714,42.1974,-150.1069,79.1663
6715,42.4974,-150.1069,79.1663
6716,42.7974,-150.1069,79.1663
6717,43.0974,-150.1069,79.1663
6718,43.3974,-150.1069,79.1663
6719,43.6974,-150.4069,79.1663
6720,43.9974,-150.4069,79.1663
6721,44.2974,-150.4069,79.1663
6722,44.5974,-150.4069,79.1663
6723,44.8974,-150.4069,79.1663
6724,45.1974,-150.4069,79.1663
6725,45.4974,-150.4069,79.1663
6726,45.7974,-150.7069,79.1663
6727,46.0974,-150.7069,79.1663
6728,46.3974,-150.7069,79.1663
6729,46.6974,-151.0069,79.1663
6730,46.9974,-151.0069,79.1663
6731,47.2974,-151.0069,79.1663
6732,47.5974,-151.0069,79.1663
6733,47.8974,-151.0069,79.1663
6734,48.1974,-151.0069,79.1663
6735,48.4974,-151.0069,79.1663
6736,48.7974,-151.0069,79.1663
6737,49.0974,-151.3069,79.1663
6738,49.3974,-151.3069,79.1663
6739,49.6974,-151.3069,79.1663
6740,49.9974,-151.3069,79.1663
6741,50.2974,-151.3069,79.1663
6742,50.5974,-151.3069,79.1663
6743,50.8974,-151.6069,79.1663
6744,51.1974,-151.6069,79.1663
6745,51.4974,-151.6069,79.1663
6746,51.7974,-151.6069,79.1663
6747,52.0974,-151.6069,79.1663
6748,52.3974,-151.6069,79.1663
6749,52.6974,-151.6069,79.1663
6750,52.9974,-151.6069,79.1663
6751,53.2974,-151.6069,79.1663
6752,53.5974,-151.9069,79.1663
6753,53.8974,-151.9069,79.1663
6754,54.1974,-152.2069,79.1663
6755,54.4974,-152.2069,79.1663
6756,54.7974,-152.2069,79.1663
6757,55.0974,-152.2069,79.1663
6758,55.3974,-152.2069,79.1663
6759,55.6974,-152.2069,79.1663
6760,55.9974,-152.5069,78.8663
6761,56.2974,-152.5069,78.8663
6762,56.5974,-152.5069,78.8663
6763,56.8974,-152.8069,78.5663
6764,57.1974,-152.8069,78.5663
6765,57.4974,-152.8069,78.5663
6766,57.7974,-152.8069,78.5663
6767,58.0974,-152.8069,78.5663
6768,58.3974,-153.1069,78.2663
6769,58.6974,-153.1069,78.2663
6770,58.9974,-153.1069,78.2663
6771,59.2974,-153.1069,78.2663
6772,59.5974,-153.1069,78.2663
6773,59.8974,-153.1069,78.2663
6774,60.1974,-153.1069,78.2663
6775,60.4974,-153.1069,78.2663
6776,60.7974,-153.4069,77.9663
6777,61.0974,-153.4069,77.9663
6778,61.3974,-153.4069,77.9663
6779,61.6974,-153.4069,77.9663
6780,61.9974,-153.4069,77.9663
6781,62.2974,-153.7069,77.9663
6782,62.5974,-153.7069,77.9663
6783,62.8974,-153.7069,77.9663
6784,63.1974,-153.7069,77.9663
6785,63.4974,-153.7069,77.9663
6786,63.7974,-153.7069,77.9663
6787,64.0974,-153.7069,78.2663
6788,64.3974,-153.7069,78.2663
6789,64.6974,-153.7069,78.5663
6790,64.9974,-153.7069,78.5663
6791,65.2974,-153.7069,78.5663
6792,65.5974,-153.4069,78.8663
6793,65.8974,-153.4069,79.1663
6794,66.1974,-153.4069,79.4663
6795,66.4974,-153.1069,79.7663
6796,66.7974,-153.1069,80.0663
6797,67.0974,-152.8069,80.3663
6798,66.7974,-152.8069,80.0663
6799,66.4974,-153.1069,79.7663
6800,66.1974,-153.4069,79.4663
6801,65.8974,-153.4069,79.1663
6802,65.5974,-153.4069,78.8663
6803,65.2974,-153.4069,78.5663
6804,64.9974,-153.4069,78.2663
6805,64.6974,-153.4069,77.9663
6806,64.3974,-153.4069,77.9663
6807,64.0974,-153.4069,77.6663
6808,63.7974,-153.4069,77.6663
6809,63.4974,-153.4069,77.6663
6810,63.1974,-153.4069,77.6663
6811,62.8974,-153.4069,77.6663
6812,62.5974,-153.4069,77.6663
6813,62.2974,-153.4069,77.6663
6814,61.9974,-153.4069,77.6663
6815,61.6974,-153.4069,77.6663
6816,61.3974,-153.4069,77.6663
6817,61.0974,-153.4069,77.6663
6818,60.7974,-153.4069,77.6663
6819,60.4974,-153.4069,77.6663
6820,60.1974,-153.4069,77.6663
6821,59.8974,-153.4069,77.6663
6822,59.5974,-153.4069,77.6663
6823,59.2974,-153.4069,77.6663
6824,58.9974,-153.4069,77.6663
6825,58.6974,-153.4069,77.6663
6826,58.3974,-153.4069,77.6663
6827,58.0974,-153.4069,77.6663
6828,57.7974,-153.4069,77.6663
6829,57.4974,-153.4069,77.6663
6830,57.1974,-153.4069,77.6663
6831,56.8974,-153.4069,77.6663
6832,56.5974,-153.4069,77.6663
6833,56.2974,-153.4069,77.6663
6834,55.9974,-153.4069,77.6663
6835,55.6974,-153.4069,77.6663
6836,55.3974,-153.4069,77.6663
6837,55.0974,-153.4069,77.6663
6838,54.7974,-153.4069,77.6663
6839,54.4974,-153.4069,77.6663
6840,54.1974,-153.4069,77.6663
6841,53.8974,-153.4069,77.6663
6842,53.5974,-153.4069,77.6663
6843,53.2974,-153.4069,77.6663
6844,52.9974,-153.4069,77.6663
6845,52.6974,-153.4069,77.6663
6846,52.3974,-153.4069,77.6663
6847,52.0974,-153.4069,77.6663
6848,51.7974,-153.4069,77.6663
6849,51.4974,-153.4069,77.6663
6850,51.1974,-153.4069,77.6663
6851,50.8974,-153.4069,77.6663
6852,50.5974,-153.4069,77.6663
6853,50.2974,-153.4069,77.6663
6854,49.9974,-153.4069,77.6663
6855,49.6974,-153.4069,77.6663
6856,49.3974,-153.4069,77.6663
6857,49.0974,-153.4069,77.6663
6858,48.7974,-153.4069,77.6663
6859,48.4974,-153.4069,77.6663
6860,48.1974,-153.4069,77.6663
6861,47.8974,-153.4069,77.6663
6862,47.5974,-153.4069,77.6663
6863,47.2974,-153.4069,77.6663
6864,46.9974,-153.4069,77.6663
6865,46.6974,-153.4069,77.6663
6866,46.3974,-153.4069,77.6663
6867,46.0974,-153.4069,77.6663
6868,45.7974,-153.4069,77.6663
6869,45.4974,-153.4069,77.6663
6870,45.1974,-153.4069,77.6663
6871,44.8974,-153.4069,77.6663
6872,44.5974,-153.4069,77.6663
6873,44.2974,-153.4069,77.6663
6874,43.9974,-153.4069,77.6663
6875,43.6974,-153.4069,77.6663
6876,43.3974,-153.4069,77.6663
6877,43.0974,-153.4069,77.6663
6878,42.7974,-153.4069,77.6663
6879,42.4974,-153.4069,77.6663
6880,42.1974,-153.4069,77.6663
6881,41.8974,-153.4069,77.6663
6882,41.5974,-153.4069,77.6663
6883,41.2974,-153.4069,77.6663
6884,40.9974,-153.4069,77.6663
6885,40.6974,-153.4069,77.6663
6886,40.3974,-153.4069,77.6663
6887,40.0974,-153.4069,77.6663
6888,39.7974,-153.4069,77.6663
6889,39.4974,-153.4069,77.6663
6890,39.1974,-153.4069,77.6663
6891,38.8974,-153.4069,77.6663
6892,38.5974,-153.4069,77.6663
6893,38.2974,-153.4069,77.6663
6894,37.9974,-153.4069,77.6663
6895,37.6974,-153.4069,77.6663
6896,37.3974,-153.4069,77.6663
6897,37.0974,-153.4069,77.6663
6898,36.7974,-153.4069,77.6663
6899,36.4974,-153.4069,77.6663
6900,36.1974,-153.1069,77.6663
6901,35.8974,-152.8069,77.6663
6902,35.5974,-152.5069,77.6663
6903,35.2974,-152.2069,77.6663
6904,34.9974,-151.9069,77.6663
6905,34.6974,-151.6069,77.6663
6906,34.3974,-151.3069,77.6663
6907,34.0974,-151.0069,77.6663
6908,33.7974,-150.7069,77.6663
6909,33.4974,-150.4069,77.6663
6910,33.1974,-150.1069,77.6663
6911,32.8974,-149.8069,77.6663
6912,32.5974,-149.5069,77.6663
6913,32.2974,-149.2069,77.6663
6914,31.9974,-148.9069,77.6663
6915,31.6974,-148.9069,77.6663
6916,31.3974,-148.9069,77.6663
6917,31.0974,-148.9069,77.6663
6918,30.7974,-148.9069,77.6663
6919,30.4974,-148.9069,77.6663
6920,30.1974,-148.9069,77.6663
6921,29.8974,-148.9069,77.6663
6922,29.5974,-148.9069,77.6663
6923,29.2974,-148.9069,77.6663
6924,28.9974,-148.9069,77.6663
6925,28.6974,-148.9069,77.6663
6926,28.3974,-148.9069,77.6663
6927,28.0974,-148.9069,77.6663
6928,27.7974,-148.9069,77.6663
6929,27.4974,-148.9069,77.6663
6930,27.1974,-148.9069,77.6663
6931,26.8974,-148.9069,77.6663
6932,26.5974,-148.9069,77.6663
6933,26.2974,-148.9069,77.6663
6934,25.9974,-148.9069,77.6663
6935,25.6974,-148.9069,77.6663
6936,25.3974,-148.9069,77.6663
6937,25.0974,-148.9069,77.6663
6938,24.7974,-148.9069,77.6663
6939,24.4974,-148.9069,77.6663
6940,24.1974,-148.9069,77.6663
6941,23.8974,-148.9069,77.6663
6942,23.5974,-148.9069,77.6663
6943,23.2974,-148.9069,77.6663
6944,22.9974,-148.9069,77.6663
6945,22.6974,-148.9069,77.6663
6946,22.3974,-148.9069,77.6663
6947,22.0974,-148.9069,77.6663
6948,21.7974,-148.9069,77.6663
6949,21.4974,-148.9069,77.6663
6950,21.1974,-148.9069,77.6663
6951,20.8974,-148.9069,77.6663
6952,20.5974,-148.9069,77.6663
6953,20.2974,-148.9069,77.6663
6954,19.9974,-148.9069,77.6663
6955,19.6974,-148.9069,77.6663
6956,19.3974,-148.9069,77.6663
6957,19.0974,-148.9069,77.6663
6958,18.7974,-148.9069,77.6663
6959,18.4974,-148.9069,77.6663
6960,18.1974,-148.9069,77.6663
6961,17.8974,-148.9069,77.6663
6962,17.5974,-148.9069,77.6663
6963,17.2974,-148.9069,77.6663
6964,16.9974,-148.9069,77.6663
6965,16.6974,-148.9069,77.6663
6966,16.3974,-148.9069,77.6663
6967,16.0974,-148.9069,77.6663
6968,15.7974,-148.9069,77.6663
6969,15.4974,-148.9069,77.6663
6970,15.1974,-148.9069,77.6663
6971,14.8974,-148.9069,77.6663
6972,14.5974,-148.9069,77.6663
6973,14.2974,-148.9069,77.6663
6974,13.9974,-148.6069,77.6663
6975,13.6974,-148.6069,77.6663
6976,13.3974,-148.3069,77.6663
6977,13.0974,-148.3069,77.6663
6978,12.7974,-148.0069,77.6663
6979,12.4974,-148.0069,77.6663
6980,12.1974,-148.0069,77.6663
6981,11.8974,-147.7069,77.6663
6982,11.5974,-147.7069,77.6663
6983,11.2974,-147.4069,77.6663
6984,10.9974,-147.4069,77.6663
6985,10.6974,-147.1069,77.6663
6986,10.3974,-147.1069,77.6663
6987,10.0974,-146.8069,77.6663
6988,9.7974,-146.8069,77.6663
6989,9.4974,-146.8069,77.6663
6990,9.1974,-146.5069,77.6663
6991,8.8974,-146.5069,77.6663
6992,8.5974,-146.2069,77.6663
6993,8.2974,-146.2069,77.6663
6994,7.9974,-145.9069,77.6663
6995,7.6974,-145.9069,77.6663
6996,7.3974,-145.6069,77.6663
6997,7.0974,-145.6069,77.6663
6998,6.7974,-145.3069,77.6663
6999,6.4974,-145.3069,77.6663
7000,6.1974,-145.3069,77.6663
7001,5.8974,-145.0069,77.6663
7002,5.5974,-145.0069,77.6663
7003,5.2974,-144.7069,77.6663
7004,4.9974,-144.7069,77.6663
7005,4.6974,-144.4069,77.6663
7006,4.3974,-144.4069,77.6663
7007,4.0974,-144.1069,77.6663
7008,3.7974,-144.1069,77.6663
7009,3.4974,-144.1069,77.6663
7010,3.1974,-143.8069,77.6663
7011,2.8974,-143.8069,77.6663
7012,2.5974,-143.8069,77.6663
7013,2.2974,-143.8069,77.6663
7014,1.9974,-143.8069,77.6663
7015,1.6974,-143.8069,77.6663
7016,1.3974,-143.8069,77.6663
7017,1.0974,-143.8069,77.6663
7018,0.7974,-143.8069,77.6663
7019,0.4974,-143.8069,77.6663
7020,0.1974,-143.5069,77.9663
7021,-0.1026,-143.2069,78.2663
7022,-0.4026,-142.9069,78.5663
7023,-0.7026,-142.6069,78.8663
7024,-1.0026,-142.3069,79.1663
7025,-1.3026,-142.0069,79.4663
7026,-1.6026,-141.7069,79.7663
7027,-1.9026,-141.4069,80.0663
7028,-2.2026,-141.1069,80.3663
7029,-2.5026,-141.1069,80.3663
7030,-2.8026,-141.1069,80.3663
7031,-3.1026,-140.8069,80.3663
7032,-3.4026,-140.8069,80.3663
7033,-3.7026,-140.5069,80.3663
7034,-4.0026,-140.5069,80.3663
7035,-4.3026,-140.2069,80.3663
7036,-4.6026,-140.2069,80.3663
7037,-4.9026,-139.9069,80.3663
7038,-5.2026,-139.9069,80.3663
7039,-5.5026,-139.6069,80.3663
7040,-5.8026,-139.6069,80.3663
7041,-6.1026,-139.6069,80.3663
7042,-6.4026,-139.3069,80.3663
7043,-6.7026,-139.3069,80.3663
7044,-7.0026,-139.0069,80.3663
7045,-7.3026,-139.0069,80.3663
7046,-7.6026,-138.7069,80.3663
7047,-7.9026,-138.7069,80.3663
7048,-8.2026,-138.4069,80.3663
7049,-8.5026,-138.4069,80.3663
7050,-8.8026,-138.4069,80.3663
7051,-9.1026,-138.1069,80.3663
7052,-8.8026,-138.1069,80.3663
7053,-8.5026,-138.1069,80.3663
7054,-8.2026,-138.1069,80.3663
7055,-7.9026,-138.1069,80.3663
7056,-7.6026,-138.4069,80.3663
7057,-7.3026,-138.7069,80.3663
7058,-7.0026,-138.7069,80.3663
7059,-6.7026,-138.7069,80.3663
7060,-6.4026,-138.7069,80.3663
7061,-6.1026,-138.7069,80.3663
7062,-5.8026,-138.7069,80.3663
7063,-5.5026,-138.7069,80.3663
7064,-5.2026,-138.7069,80.3663
7065,-4.9026,-138.7069,80.3663
7066,-4.6026,-138.7069,80.3663
7067,-4.3026,-139.0069,80.3663
7068,-4.0026,-139.0069,80.3663
7069,-3.7026,-139.0069,80.3663
7070,-3.4026,-139.0069,80.3663
7071,-3.1026,-139.3069,80.3663
7072,-2.8026,-139.6069,80.3663
7073,-2.5026,-139.9069,80.3663
7074,-2.2026,-140.2069,80.3663
7075,-1.9026,-140.5069,80.3663
7076,-1.6026,-140.8069,80.3663
7077,-1.3026,-141.1069,80.3663
7078,-1.0026,-141.4069,80.3663
7079,-0.7026,-141.7069,80.3663
7080,-0.4026,-142.0069,80.3663
7081,-0.1026,-142.0069,80.3663
7082,0.1974,-142.3069,80.3663
7083,0.4974,-142.3069,80.3663
7084,0.7974,-142.6069,80.3663
7085,1.0974,-142.6069,80.3663
7086,1.3974,-142.6069,80.3663
7087,1.6974,-142.6069,80.3663
7088,1.9974,-142.6069,80.3663
7089,2.2974,-142.6069,80.3663
7090,2.5974,-142.6069,80.3663
7091,2.8974,-142.6069,80.3663
7092,3.1974,-142.6069,80.3663
7093,3.4974,-142.6069,80.3663
7094,3.7974,-142.6069,80.3663
7095,4.0974,-142.6069,80.3663
7096,4.3974,-142.6069,80.3663
7097,4.6974,-142.6069,80.3663
7098,4.9974,-142.6069,80.3663
7099,5.2974,-142.6069,80.3663
7100,5.5974,-142.6069,80.3663
7101,5.8974,-142.6069,80.3663
7102,6.1974,-142.6069,80.3663
7103,6.4974,-142.6069,80.3663
7104,6.7974,-142.6069,80.3663
7105,7.0974,-142.6069,80.3663
7106,7.3974,-142.6069,80.3663
7107,7.6974,-142.6069,80.3663
7108,7.9974,-142.9069,80.3663
7109,8.2974,-142.9069,80.3663
7110,8.5974,-142.9069,80.3663
7111,8.8974,-142.9069,80.3663
7112,9.1974,-142.9069,80.3663
7113,9.4974,-142.9069,80.3663
7114,9.7974,-142.9069,80.3663
7115,10.0974,-142.9069,80.3663
7116,10.3974,-142.9069,80.3663
7117,10.6974,-142.9069,80.3663
7118,10.9974,-142.9069,80.3663
7119,11.2974,-142.9069,80.3663
7120,11.5974,-142.9069,80.3663
7121,11.8974,-142.9069,80.3663
7122,12.1974,-142.9069,80.3663
7123,12.4974,-142.9069,80.3663
7124,12.7974,-142.9069,80.3663
7125,13.0974,-143.2069,80.3663
7126,13.3974,-143.5069,80.3663
7127,13.6974,-143.8069,80.3663
7128,13.9974,-144.1069,80.3663
7129,14.2974,-144.4069,80.3663
7130,14.5974,-144.7069,80.3663
7131,14.8974,-144.7069,80.3663
7132,15.1974,-145.0069,80.3663
7133,15.4974,-145.0069,80.3663
7134,15.7974,-145.3069,80.3663
7135,16.0974,-145.3069,80.3663
7136,16.3974,-145.3069,80.3663
7137,16.6974,-145.3069,80.3663
7138,16.9974,-145.6069,80.3663
7139,17.2974,-145.6069,80.3663
7140,17.5974,-145.6069,80.3663
7141,17.8974,-145.6069,80.3663
7142,18.1974,-145.9069,80.3663
7143,18.4974,-145.9069,80.3663
7144,18.7974,-145.9069,80.3663
7145,19.0974,-145.9069,80.3663
7146,19.3974,-145.9069,80.3663
7147,19.6974,-145.9069,80.3663
7148,19.9974,-146.2069,80.3663
7149,20.2974,-146.2069,80.3663
7150,20.5974,-146.2069,80.3663
7151,20.8974,-146.2069,80.3663
7152,21.1974,-146.2069,80.3663
7153,21.4974,-146.2069,80.3663
7154,21.7974,-146.5069,80.3663
7155,22.0974,-146.5069,80.3663
7156,22.3974,-146.5069,80.3663
7157,22.6974,-146.5069,80.3663
7158,22.9974,-146.8069,80.3663
7159,23.2974,-147.1069,80.3663
7160,23.5974,-147.4069,80.3663
7161,23.8974,-147.7069,80.3663
7162,24.1974,-148.0069,80.3663
7163,24.4974,-148.3069,80.3663
7164,24.7974,-148.6069,80.3663
7165,25.0974,-148.9069,80.3663
7166,25.3974,-148.9069,80.3663
7167,25.6974,-148.9069,80.3663
7168,25.9974,-148.9069,80.3663
7169,26.2974,-148.9069,80.3663
7170,26.5974,-148.9069,80.3663
7171,26.8974,-148.9069,80.3663
7172,27.1974,-148.9069,80.3663
7173,27.4974,-148.9069,80.3663
7174,27.7974,-148.9069,80.3663
7175,28.0974,-148.9069,80.3663
7176,28.3974,-148.9069,80.3663
7177,28.6974,-148.9069,80.3663
7178,28.9974,-148.9069,80.3663
7179,29.2974,-148.9069,80.3663
7180,29.5974,-148.9069,80.3663
7181,29.8974,-148.9069,80.3663
7182,30.1974,-148.9069,80.3663
7183,30.4974,-148.9069,80.3663
7184,30.7974,-148.9069,80.3663
7185,31.0974,-148.9069,80.3663
7186,31.3974,-148.9069,80.3663
7187,31.6974,-148.9069,80.3663
7188,31.9974,-148.9069,80.3663
7189,32.2974,-148.9069,80.3663
7190,32.5974,-148.9069,80.3663
7191,32.8974,-148.9069,80.3663
7192,33.1974,-148.9069,80.3663
7193,33.4974,-148.9069,80.3663
7194,33.7974,-148.9069,80.3663
7195,34.0974,-148.9069,80.3663
7196,34.3974,-148.9069,80.3663
7197,34.6974,-148.9069,80.3663
7198,34.9974,-148.9069,80.3663
7199,35.2974,-148.9069,80.3663
7200,35.5974,-148.9069,80.3663
7201,35.8974,-148.9069,80.3663
7202,36.1974,-148.9069,80.3663
7203,36.4974,-148.9069,80.3663
7204,36.7974,-148.9069,80.3663
7205,37.0974,-148.9069,80.3663
7206,37.3974,-148.9069,80.3663
7207,37.6974,-148.9069,80.3663
7208,37.9974,-149.2069,80.3663
7209,38.2974,-149.5069,80.3663
7210,38.5974,-149.8069,80.3663
7211,38.8974,-149.8069,80.3663
7212,39.1974,-149.8069,80.3663
7213,39.4974,-149.8069,80.3663
7214,39.7974,-149.8069,80.3663
7215,40.0974,-149.8069,80.3663
7216,40.3974,-149.8069,80.3663
7217,40.6974,-149.8069,80.3663
7218,40.9974,-150.1069,80.0663
7219,41.2974,-150.1069,80.0663
7220,41.5974,-150.1069,80.0663
7221,41.8974,-150.1069,80.0663
7222,42.1974,-150.1069,80.0663
7223,42.4974,-150.1069,80.0663
7224,42.7974,-150.1069,80.0663
7225,43.0974,-150.1069,80.0663
7226,43.3974,-150.1069,80.0663
7227,43.6974,-150.1069,80.0663
7228,43.9974,-150.1069,80.0663
7229,44.2974,-150.1069,80.0663
7230,44.5974,-150.1069,80.0663
7231,44.8974,-150.1069,80.0663
7232,45.1974,-150.1069,80.0663
7233,45.4974,-150.4069,80.0663
7234,45.7974,-150.4069,80.0663
7235,46.0974,-150.7069,79.7663
7236,46.3974,-150.7069,79.7663
7237,46.6974,-150.7069,79.7663
7238,46.9974,-151.0069,79.4663
7239,47.2974,-151.0069,79.4663
7240,47.5974,-151.0069,79.4663
7241,47.8974,-151.0069,79.4663
7242,48.1974,-151.0069,79.4663
7243,48.4974,-151.0069,79.4663
7244,48.7974,-151.0069,79.4663
7245,49.0974,-151.3069,79.1663
7246,49.3974,-151.3069,79.1663
7247,49.6974,-151.3069,79.1663
7248,49.9974,-151.3069,79.1663
7249,50.2974,-151.3069,79.1663
7250,50.5974,-151.3069,79.1663
7251,50.8974,-151.6069,78.8663
7252,51.1974,-151.6069,78.8663
7253,51.4974,-151.6069,78.8663
7254,51.7974,-151.6069,78.8663
7255,52.0974,-151.6069,78.8663
7256,52.3974,-151.6069,78.8663
7257,52.6974,-151.6069,78.8663
7258,52.9974,-151.9069,78.5663
7259,53.2974,-152.2069,78.2663
7260,53.5974,-152.5069,77.9663
7261,53.8974,-152.5069,77.9663
7262,54.1974,-152.5069,77.9663
7263,54.4974,-152.5069,77.9663
7264,54.7974,-152.5069,77.9663
7265,55.0974,-152.5069,77.9663
7266,55.3974,-152.5069,77.9663
7267,55.6974,-152.5069,77.9663
7268,55.9974,-152.5069,77.9663
7269,56.2974,-152.8069,77.9663
7270,56.5974,-152.8069,77.9663
7271,56.8974,-152.8069,77.9663
7272,57.1974,-152.8069,77.9663
7273,57.4974,-152.8069,77.9663
7274,57.7974,-152.8069,77.9663
7275,58.0974,-153.1069,77.9663
7276,58.3974,-153.1069,77.9663
7277,58.6974,-153.1069,77.9663
7278,58.9974,-153.1069,77.9663
7279,59.2974,-153.1069,77.9663
7280,59.5974,-153.1069,77.9663
7281,59.8974,-153.1069,77.9663
7282,60.1974,-153.1069,77.9663
7283,60.4974,-153.4069,77.6663
7284,60.7974,-153.4069,77.6663
7285,61.0974,-153.4069,77.6663
7286,61.3974,-153.4069,77.6663
7287,61.6974,-153.4069,77.6663
7288,61.9974,-153.4069,77.6663
7289,62.2974,-153.4069,77.6663
7290,62.5974,-153.4069,77.6663
7291,62.8974,-153.4069,77.6663
7292,63.1974,-153.4069,77.6663
7293,63.4974,-153.4069,77.6663
7294,63.7974,-153.4069,77.6663
7295,64.0974,-153.4069,77.6663
7296,64.3974,-153.4069,77.6663
7297,64.6974,-153.4069,77.6663
7298,64.9974,-153.1069,77.9663
7299,65.2974,-153.1069,77.9663
7300,65.5974,-152.8069,78.2663
7301,65.8974,-152.8069,78.2663
7302,66.1974,-152.5069,78.5663
7303,66.4974,-152.5069,78.8663
7304,66.7974,-152.2069,79.1663
7305,67.0974,-151.9069,79.4663
7306,67.3974,-151.6069,79.7663
7307,67.6974,-151.3069,80.0663
7308,67.6974,-151.3069,80.3663
7309,67.6974,-151.3069,80.0663
7310,67.3974,-151.6069,79.7663
7311,67.0974,-151.9069,79.4663
7312,66.7974,-152.2069,79.1663
7313,66.4974,-152.5069,78.8663
7314,66.1974,-152.8069,78.5663
7315,65.8974,-152.8069,78.5663
7316,65.5974,-153.1069,78.2663
7317,65.2974,-153.1069,78.2663
7318,64.9974,-153.4069,77.9663
7319,64.6974,-153.4069,77.9663
7320,64.3974,-153.4069,77.9663
7321,64.0974,-153.4069,77.6663
7322,63.7974,-153.4069,77.6663
7323,63.4974,-153.4069,77.6663
7324,63.1974,-153.4069,77.6663
7325,62.8974,-153.4069,77.6663
7326,62.5974,-153.4069,77.6663
7327,62.2974,-153.4069,77.6663
7328,61.9974,-153.4069,77.6663
7329,61.6974,-153.4069,77.6663
7330,61.3974,-153.4069,77.6663
7331,61.0974,-153.4069,77.6663
7332,60.7974,-153.4069,77.6663
7333,60.4974,-153.4069,77.6663
7334,60.1974,-153.4069,77.6663
7335,59.8974,-153.4069,77.6663
7336,59.5974,-153.4069,77.6663
7337,59.2974,-153.4069,77.6663
7338,58.9974,-153.4069,77.6663
7339,58.6974,-153.4069,77.6663
7340,58.3974,-153.4069,77.6663
7341,58.0974,-153.4069,77.6663
7342,57.7974,-153.4069,77.6663
7343,57.4974,-153.4069,77.6663
7344,57.1974,-153.4069,77.6663
7345,56.8974,-153.4069,77.6663
7346,56.5974,-153.4069,77.6663
7347,56.2974,-153.4069,77.6663
7348,55.9974,-153.4069,77.6663
7349,55.6974,-153.4069,77.6663
7350,55.3974,-153.4069,77.6663
7351,55.0974,-153.4069,77.6663
7352,54.7974,-153.4069,77.6663
7353,54.4974,-153.4069,77.6663
7354,54.1974,-153.4069,77.6663
7355,53.8974,-153.4069,77.6663
7356,53.5974,-153.4069,77.6663
7357,53.2974,-153.4069,77.6663
7358,52.9974,-153.4069,77.6663
7359,52.6974,-153.4069,77.6663
7360,52.3974,-153.4069,77.6663
7361,52.0974,-153.4069,77.6663
7362,51.7974,-153.4069,77.6663
7363,51.4974,-153.4069,77.6663
7364,51.1974,-153.4069,77.6663
7365,50.8974,-153.4069,77.6663
7366,50.5974,-153.4069,77.6663
7367,50.2974,-153.4069,77.6663
7368,49.9974,-153.4069,77.6663
7369,49.6974,-153.4069,77.6663
7370,49.3974,-153.4069,77.6663
7371,49.0974,-153.4069,77.6663
7372,48.7974,-153.4069,77.6663
7373,48.4974,-153.4069,77.6663
7374,48.1974,-153.4069,77.6663
7375,47.8974,-153.4069,77.6663
7376,47.5974,-153.4069,77.6663
7377,47.2974,-153.4069,77.6663
7378,46.9974,-153.4069,77.6663
7379,46.6974,-153.4069,77.6663
7380,46.3974,-153.4069,77.6663
7381,46.0974,-153.4069,77.6663
7382,45.7974,-153.4069,77.6663
7383,45.4974,-153.4069,77.6663
7384,45.1974,-153.4069,77.6663
7385,44.8974,-153.4069,77.6663
7386,44.5974,-153.4069,77.6663
7387,44.2974,-153.4069,77.6663
7388,43.9974,-153.4069,77.6663
7389,43.6974,-153.4069,77.6663
7390,43.3974,-153.4069,77.6663
7391,43.0974,-153.4069,77.6663
7392,42.7974,-153.4069,77.6663
7393,42.4974,-153.4069,77.6663
7394,42.1974,-153.4069,77.6663
7395,41.8974,-153.4069,77.6663
7396,41.5974,-153.4069,77.6663
7397,41.2974,-153.4069,77.6663
7398,40.9974,-153.4069,77.6663
7399,40.6974,-153.4069,77.6663
7400,40.3974,-153.4069,77.6663
7401,40.0974,-153.4069,77.6663
7402,39.7974,-153.4069,77.6663
7403,39.4974,-153.4069,77.6663
7404,39.1974,-153.1069,77.6663
7405,38.8974,-153.1069,77.6663
7406,38.5974,-152.8069,77.6663
7407,38.2974,-152.8069,77.6663
7408,37.9974,-152.5069,77.6663
7409,37.6974,-152.5069,77.6663
7410,37.3974,-152.2069,77.6663
7411,37.0974,-152.2069,77.6663
7412,36.7974,-152.2069,77.6663
7413,36.4974,-151.9069,77.6663
7414,36.1974,-151.9069,77.6663
7415,35.8974,-151.6069,77.6663
7416,35.5974,-151.3069,77.6663
7417,35.2974,-151.0069,77.6663
7418,34.9974,-150.7069,77.6663
7419,34.6974,-150.4069,77.6663
7420,34.3974,-150.1069,77.6663
7421,34.0974,-149.8069,77.6663
7422,33.7974,-149.5069,77.6663
7423,33.4974,-149.2069,77.6663
7424,33.1974,-148.9069,77.6663
7425,32.8974,-148.6069,77.6663
7426,32.5974,-148.6069,77.6663
7427,32.2974,-148.6069,77.6663
7428,31.9974,-148.6069,77.6663
7429,31.6974,-148.6069,77.6663
7430,31.3974,-148.6069,77.6663
7431,31.0974,-148.6069,77.6663
7432,30.7974,-148.6069,77.6663
7433,30.4974,-148.6069,77.6663
7434,30.1974,-148.6069,77.6663
7435,29.8974,-148.6069,77.6663
7436,29.5974,-148.6069,77.6663
7437,29.2974,-148.6069,77.6663
7438,28.9974,-148.6069,77.6663
7439,28.6974,-148.3069,77.6663
7440,28.3974,-148.3069,77.6663
7441,28.0974,-148.3069,77.6663
7442,27.7974,-148.0069,77.6663
7443,27.4974,-148.0069,77.6663
7444,27.1974,-147.7069,77.6663
7445,26.8974,-147.7069,77.6663
7446,26.5974,-147.7069,77.6663
7447,26.2974,-147.4069,77.6663
7448,25.9974,-147.4069,77.6663
7449,25.6974,-147.4069,77.6663
7450,25.3974,-147.4069,77.6663
7451,25.0974,-147.4069,77.6663
7452,24.7974,-147.4069,77.6663
7453,24.4974,-147.1069,77.6663
7454,24.1974,-147.1069,77.6663
7455,23.8974,-146.8069,77.6663
7456,23.5974,-146.8069,77.6663
7457,23.2974,-146.8069,77.6663
7458,22.9974,-146.8069,77.6663
7459,22.6974,-146.8069,77.6663
7460,22.3974,-146.8069,77.6663
7461,22.0974,-146.8069,77.6663
7462,21.7974,-146.8069,77.6663
7463,21.4974,-146.8069,77.6663
7464,21.1974,-146.8069,77.6663
7465,20.8974,-146.5069,77.9663
7466,20.5974,-146.5069,77.9663
7467,20.2974,-146.5069,77.9663
7468,19.9974,-146.5069,77.9663
7469,19.6974,-146.5069,77.9663
7470,19.3974,-146.2069,78.2663
7471,19.0974,-146.2069,78.2663
7472,18.7974,-146.2069,78.2663
7473,18.4974,-145.9069,78.5663
7474,18.1974,-145.9069,78.5663
7475,17.8974,-145.9069,78.5663
7476,17.5974,-145.9069,78.5663
7477,17.2974,-145.9069,78.5663
7478,16.9974,-145.6069,78.8663
7479,16.6974,-145.6069,78.8663
7480,16.3974,-145.6069,78.8663
7481,16.0974,-145.6069,78.8663
7482,15.7974,-145.6069,78.8663
7483,15.4974,-145.3069,79.1663
7484,15.1974,-145.3069,79.1663
7485,14.8974,-145.0069,79.4663
7486,14.5974,-144.7069,79.7663
7487,14.2974,-144.4069,80.0663
7488,13.9974,-144.1069,80.0663
7489,13.6974,-143.8069,80.0663
7490,13.3974,-143.5069,80.0663
7491,13.0974,-143.2069,80.0663
7492,13.0974,-142.9069,80.0663
7493,12.7974,-142.6069,80.0663
7494,12.7974,-142.3069,80.0663
7495,12.4974,-142.0069,80.3663
7496,12.4974,-141.7069,80.3663
7497,12.4974,-141.4069,80.3663
7498,12.1974,-141.1069,80.6663
7499,12.1974,-140.8069,80.6663
7500,12.4974,-141.1069,80.6663
7501,12.4974,-141.4069,80.6663
7502,12.4974,-141.7069,80.6663
7503,12.4974,-142.0069,80.6663
7504,12.7974,-142.3069,80.6663
7505,12.7974,-142.6069,80.6663
7506,13.0974,-142.9069,80.6663
7507,13.0974,-143.2069,80.6663
7508,13.3974,-143.5069,80.6663
7509,13.6974,-143.8069,80.6663
7510,13.9974,-144.1069,80.9663
7511,14.2974,-144.4069,81.2663
7512,14.5974,-144.7069,81.2663
7513,14.8974,-144.7069,81.2663
7514,15.1974,-145.0069,81.2663
7515,15.4974,-145.0069,81.2663
7516,15.7974,-145.0069,81.2663
7517,16.0974,-145.0069,81.2663
7518,16.3974,-145.3069,81.2663
7519,16.6974,-145.3069,81.2663
7520,16.9974,-145.3069,81.2663
7521,17.2974,-145.6069,81.2663
7522,17.5974,-145.6069,81.2663
7523,17.8974,-145.6069,81.2663
7524,18.1974,-145.6069,81.2663
7525,18.4974,-145.6069,81.2663
7526,18.7974,-145.6069,81.2663
7527,19.0974,-145.6069,81.2663
7528,19.3974,-145.6069,81.2663
7529,19.6974,-145.9069,81.2663
7530,19.9974,-145.9069,81.2663
7531,20.2974,-145.9069,81.2663
7532,20.5974,-145.9069,81.2663
7533,20.8974,-146.2069,81.2663
7534,21.1974,-146.2069,81.2663
7535,21.4974,-146.2069,81.2663
7536,21.7974,-146.2069,81.2663
7537,22.0974,-146.2069,81.2663
7538,22.3974,-146.2069,81.2663
7539,22.6974,-146.2069,81.2663
7540,22.9974,-146.2069,81.2663
7541,23.2974,-146.5069,81.2663
7542,23.5974,-146.8069,81.2663
7543,23.8974,-147.1069,81.2663
7544,24.1974,-147.4069,81.5663
7545,24.4974,-147.7069,81.8663
7546,24.7974,-148.0069,82.1663
7547,25.0974,-148.3069,82.4663
7548,25.3974,-148.6069,82.7663
7549,25.6974,-148.9069,83.0663
7550,25.9974,-149.2069,83.3663
7551,26.2974,-149.2069,83.3663
7552,26.5974,-149.2069,83.3663
7553,26.8974,-149.2069,83.3663
7554,27.1974,-149.2069,83.3663
7555,27.4974,-149.2069,83.3663
7556,27.7974,-149.2069,83.3663
7557,28.0974,-149.2069,83.3663
7558,28.3974,-149.2069,83.3663
7559,28.6974,-149.2069,83.3663
7560,28.9974,-149.2069,83.3663
7561,29.2974,-149.2069,83.3663
7562,29.5974,-149.2069,83.3663
7563,29.8974,-149.2069,83.3663
7564,30.1974,-149.2069,83.3663
7565,30.4974,-149.2069,83.3663
7566,30.7974,-149.2069,83.3663
7567,31.0974,-149.2069,83.3663
7568,31.3974,-149.2069,83.3663
7569,31.6974,-149.2069,83.3663
7570,31.9974,-149.5069,83.3663
7571,32.2974,-149.5069,83.3663
7572,32.5974,-149.5069,83.3663
7573,32.8974,-149.5069,83.3663
7574,33.1974,-149.5069,83.3663
7575,33.4974,-149.5069,83.3663
7576,33.7974,-149.5069,83.3663
7577,34.0974,-149.5069,83.3663
7578,34.3974,-149.5069,83.3663
7579,34.6974,-149.5069,83.3663
7580,34.9974,-149.8069,83.3663
7581,35.2974,-150.1069,83.3663
7582,35.5974,-150.1069,83.3663
7583,35.8974,-150.1069,83.3663
7584,36.1974,-150.4069,83.3663
7585,36.4974,-150.4069,83.3663
7586,36.7974,-150.4069,83.3663
7587,37.0974,-150.4069,83.3663
7588,37.3974,-150.4069,83.3663
7589,37.6974,-150.4069,83.3663
7590,37.9974,-150.4069,83.3663
7591,38.2974,-150.4069,83.3663
7592,38.5974,-150.4069,83.3663
7593,38.8974,-150.4069,83.3663
7594,39.1974,-150.7069,83.3663
7595,39.4974,-150.7069,83.3663
7596,39.7974,-150.7069,83.3663
7597,40.0974,-150.7069,83.3663
7598,40.3974,-151.0069,83.3663
7599,40.6974,-151.0069,83.3663
7600,40.9974,-151.3069,83.3663
7601,41.2974,-151.3069,83.3663
7602,41.5974,-151.6069,83.3663
7603,41.8974,-151.6069,83.3663
7604,41.8974,-151.6069,83.6663
7605,41.5974,-151.6069,83.9663
7606,41.2974,-151.6069,84.2663
7607,41.2974,-151.6069,84.5663
7608,41.2974,-151.6069,84.8663
7609,41.2974,-151.6069,85.1663
7610,41.2974,-151.6069,85.4663
7611,41.2974,-151.6069,85.7663
7612,41.2974,-151.6069,86.0663
7613,41.2974,-151.6069,86.3663
7614,41.2974,-151.6069,86.6663
7615,41.2974,-151.6069,86.9663
7616,41.2974,-151.6069,87.2663
7617,41.2974,-151.3069,87.5663
7618,41.2974,-151.3069,87.8663
7619,40.9974,-151.0069,88.1663
7620,40.6974,-150.7069,88.4663
7621,40.3974,-150.4069,88.7663
7622,40.3974,-150.1069,89.0663
7623,40.0974,-149.8069,89.3663
7624,40.0974,-149.5069,89.3663
7625,40.0974,-149.2069,89.6663
7626,40.0974,-148.9069,89.6663
7627,40.0974,-148.6069,89.9663
7628,40.0974,-148.3069,89.9663
7629,40.0974,-148.0069,89.9663
7630,40.0974,-147.7069,89.9663
7631,40.0974,-147.4069,89.9663
7632,40.0974,-147.1069,89.9663
7633,40.0974,-146.8069,89.9663
7634,40.0974,-146.5069,89.9663
7635,40.0974,-146.2069,89.9663
7636,40.0974,-145.9069,89.9663
7637,40.0974,-145.6069,89.9663
7638,40.0974,-145.3069,90.2663
7639,40.0974,-145.0069,90.2663
7640,40.0974,-144.7069,90.2663
7641,40.0974,-144.4069,90.2663
7642,40.0974,-144.1069,90.2663
7643,40.0974,-143.8069,90.2663
7644,40.0974,-143.5069,90.2663
7645,40.0974,-143.2069,90.2663
7646,40.0974,-142.9069,89.9663
7647,40.0974,-142.6069,89.9663
7648,40.0974,-142.3069,89.6663
7649,40.0974,-142.0069,89.6663
7650,40.0974,-141.7069,89.3663
7651,40.0974,-141.4069,89.0663
7652,40.0974,-141.1069,88.7663
7653,40.0974,-140.8069,88.4663
7654,40.0974,-140.5069,88.1663
7655,40.0974,-140.5069,87.8663
7656,40.0974,-140.2069,87.5663
7657,40.0974,-140.2069,87.2663
7658,40.0974,-139.9069,86.9663
7659,40.0974,-139.9069,86.6663
7660,39.7974,-139.6069,86.3663
7661,39.7974,-139.6069,86.0663
7662,39.7974,-139.6069,85.7663
7663,39.7974,-139.6069,85.4663
7664,39.7974,-139.6069,85.1663
7665,39.7974,-139.6069,84.8663
7666,39.7974,-139.6069,84.5663
7667,39.7974,-139.6069,84.2663
7668,39.7974,-139.6069,83.9663
7669,39.7974,-139.6069,83.6663
7670,39.4974,-139.9069,83.3663
7671,39.7974,-139.6069,83.6663
7672,39.7974,-139.6069,83.9663
7673,39.7974,-139.6069,84.2663
7674,39.7974,-139.6069,84.5663
7675,39.7974,-139.6069,84.8663
7676,39.7974,-139.6069,85.1663
7677,39.7974,-139.6069,85.4663
7678,39.7974,-139.6069,85.7663
7679,39.7974,-139.6069,86.0663
7680,39.7974,-139.6069,86.3663
7681,39.7974,-139.6069,86.6663
7682,39.7974,-139.6069,86.9663
7683,39.4974,-139.9069,87.2663
7684,39.4974,-139.9069,87.5663
7685,39.1974,-140.2069,87.8663
7686,38.8974,-140.5069,88.1663
7687,38.8974,-140.5069,88.4663
7688,38.5974,-140.8069,88.7663
7689,38.5974,-141.1069,89.0663
7690,38.5974,-141.4069,89.3663
7691,38.2974,-141.7069,89.6663
7692,38.2974,-142.0069,89.6663
7693,37.9974,-142.3069,89.9663
7694,37.9974,-142.6069,89.9663
7695,37.6974,-142.9069,90.2663
7696,37.6974,-143.2069,90.2663
7697,37.6974,-143.5069,90.2663
7698,37.6974,-143.8069,90.2663
7699,37.6974,-144.1069,90.2663
7700,37.6974,-144.4069,90.2663
7701,37.6974,-144.7069,90.2663
7702,37.6974,-145.0069,90.2663
7703,37.6974,-145.3069,89.9663
7704,37.6974,-145.6069,89.9663
7705,37.3974,-145.9069,89.6663
7706,37.3974,-146.2069,89.6663
7707,37.3974,-146.5069,89.6663
7708,37.3974,-146.8069,89.6663
7709,37.3974,-147.1069,89.6663
7710,37.3974,-147.4069,89.6663
7711,37.0974,-147.7069,89.3663
7712,37.0974,-148.0069,89.3663
7713,37.0974,-148.3069,89.3663
7714,37.0974,-148.6069,89.3663
7715,36.7974,-148.9069,89.0663
7716,36.7974,-149.2069,88.7663
7717,36.7974,-149.5069,88.4663
7718,36.4974,-149.8069,88.1663
7719,36.1974,-150.1069,87.8663
7720,35.8974,-150.4069,87.5663
7721,35.8974,-150.4069,87.2663
7722,35.5974,-150.7069,86.9663
7723,35.5974,-150.7069,86.6663
7724,35.5974,-150.7069,86.3663
7725,35.5974,-150.7069,86.0663
7726,35.5974,-150.7069,85.7663
7727,35.5974,-150.7069,85.4663
7728,35.5974,-150.7069,85.1663
7729,35.5974,-150.7069,84.8663
7730,35.5974,-150.7069,84.5663
7731,35.2974,-150.4069,84.2663
7732,34.9974,-150.1069,83.9663
7733,34.9974,-150.1069,83.6663
7734,34.9974,-149.8069,83.3663
7735,34.6974,-149.8069,83.3663
7736,34.3974,-149.8069,83.3663
7737,34.0974,-149.8069,83.3663
7738,33.7974,-149.8069,83.3663
7739,33.4974,-149.8069,83.3663
7740,33.1974,-149.8069,83.3663
7741,32.8974,-149.8069,83.3663
7742,32.5974,-149.8069,83.3663
7743,32.2974,-149.8069,83.3663
7744,31.9974,-149.8069,83.3663
7745,31.6974,-149.8069,83.3663
7746,31.3974,-149.8069,83.3663
7747,31.0974,-149.8069,83.3663
7748,30.7974,-149.8069,83.3663
7749,30.4974,-149.8069,83.3663
7750,30.1974,-149.8069,83.3663
7751,29.8974,-149.8069,83.3663
7752,29.5974,-149.8069,83.3663
7753,29.2974,-149.8069,83.3663
7754,28.9974,-149.8069,83.3663
7755,28.6974,-149.8069,83.3663
7756,28.3974,-149.8069,83.3663
7757,28.0974,-149.8069,83.3663
7758,27.7974,-149.8069,83.3663
7759,27.4974,-149.8069,83.3663
7760,27.1974,-149.8069,83.3663
7761,26.8974,-149.8069,83.3663
7762,26.5974,-149.8069,83.3663
7763,26.2974,-149.8069,83.3663
7764,25.9974,-149.8069,83.3663
7765,25.6974,-149.8069,83.3663
7766,25.3974,-149.8069,83.3663
7767,25.0974,-149.8069,83.3663
7768,24.7974,-149.8069,83.3663
7769,24.4974,-149.8069,83.3663
7770,24.1974,-149.8069,83.3663
7771,23.8974,-149.8069,83.3663
7772,23.5974,-149.8069,83.3663
7773,23.2974,-149.8069,83.3663
7774,22.9974,-149.8069,83.3663
7775,22.6974,-149.8069,83.3663
7776,22.3974,-149.8069,83.3663
7777,22.0974,-149.8069,83.3663
7778,21.7974,-149.8069,83.3663
7779,21.4974,-149.8069,83.3663
7780,21.1974,-149.8069,83.3663
7781,20.8974,-149.8069,83.3663
7782,20.5974,-149.8069,83.3663
7783,20.2974,-149.8069,83.3663
7784,19.9974,-149.8069,83.3663
7785,19.6974,-149.8069,83.3663
7786,19.3974,-149.8069,83.3663
7787,19.0974,-149.8069,83.3663
7788,18.7974,-149.8069,83.3663
7789,18.4974,-149.8069,83.3663
7790,18.1974,-149.8069,83.3663
7791,17.8974,-149.8069,83.3663
7792,17.5974,-149.8069,83.3663
7793,17.2974,-149.8069,83.3663
7794,16.9974,-149.8069,83.3663
7795,16.6974,-149.8069,83.3663
7796,16.3974,-149.8069,83.3663
7797,16.0974,-149.8069,83.3663
7798,15.7974,-149.8069,83.3663
7799,15.4974,-149.8069,83.3663
7800,15.1974,-149.8069,83.3663
7801,14.8974,-149.8069,83.3663
7802,14.5974,-149.8069,83.3663
7803,14.2974,-149.8069,83.3663
7804,13.9974,-149.8069,83.3663
7805,13.6974,-149.8069,83.3663
7806,13.3974,-149.8069,83.3663
7807,13.0974,-149.8069,83.3663
7808,12.7974,-149.8069,83.3663
7809,12.4974,-149.8069,83.3663
7810,12.1974,-149.8069,83.3663
7811,11.8974,-149.8069,83.3663
7812,11.5974,-149.8069,83.3663
7813,11.2974,-149.8069,83.3663
7814,10.9974,-149.8069,83.3663
7815,10.6974,-149.8069,83.3663
7816,10.3974,-149.8069,83.3663
7817,10.0974,-149.8069,83.3663
7818,9.7974,-149.8069,83.3663
7819,9.4974,-149.8069,83.3663
7820,9.1974,-149.8069,83.3663
7821,8.8974,-149.8069,83.3663
7822,8.5974,-149.8069,83.3663
7823,8.2974,-149.8069,83.3663
7824,7.9974,-149.8069,83.3663
7825,7.6974,-149.8069,83.3663
7826,7.3974,-149.8069,83.3663
7827,7.0974,-149.5069,83.3663
7828,6.7974,-149.2069,83.3663
7829,6.4974,-148.9069,83.3663
7830,6.1974,-148.6069,83.3663
7831,5.8974,-148.3069,83.3663
7832,5.5974,-148.0069,83.3663
7833,5.2974,-147.7069,83.3663
7834,4.9974,-147.4069,83.3663
7835,4.6974,-147.1069,83.3663
7836,4.3974,-146.8069,83.3663
7837,4.0974,-146.5069,83.3663
7838,3.7974,-146.2069,83.3663
7839,3.4974,-145.9069,83.3663
7840,3.1974,-145.6069,83.3663
7841,2.8974,-145.3069,83.3663
7842,2.5974,-145.0069,83.3663
7843,2.2974,-144.7069,83.3663
7844,1.9974,-144.4069,83.3663
7845,1.6974,-144.1069,83.3663
7846,1.3974,-143.8069,83.3663
7847,1.0974,-143.5069,83.3663
7848,0.7974,-143.2069,83.3663
7849,0.4974,-142.9069,83.3663
7850,0.1974,-142.6069,83.3663
7851,-0.1026,-142.3069,83.3663
7852,-0.4026,-142.0069,83.3663
7853,-0.7026,-142.0069,83.3663
7854,-1.0026,-142.0069,83.3663
7855,-1.3026,-142.0069,83.3663
7856,-1.6026,-142.0069,83.3663
7857,-1.9026,-142.0069,83.3663
7858,-2.2026,-142.0069,83.3663
7859,-2.5026,-142.0069,83.3663
7860,-2.8026,-142.0069,83.3663
7861,-3.1026,-142.0069,83.3663
7862,-3.4026,-142.0069,83.3663
7863,-3.7026,-142.0069,83.3663
7864,-4.0026,-142.0069,83.3663
7865,-4.3026,-142.0069,83.3663
7866,-4.6026,-142.0069,83.3663
7867,-4.9026,-142.0069,83.3663
7868,-5.2026,-142.0069,83.3663
7869,-5.5026,-142.0069,83.3663
7870,-5.8026,-142.0069,83.3663
7871,-6.1026,-142.0069,83.3663
7872,-6.4026,-142.0069,83.3663
7873,-6.7026,-142.0069,83.3663
7874,-7.0026,-142.0069,83.3663
7875,-7.3026,-142.0069,83.3663
7876,-7.6026,-142.0069,83.3663
7877,-7.9026,-142.0069,83.3663
7878,-8.2026,-142.0069,83.3663
7879,-8.5026,-142.0069,83.3663
7880,-8.8026,-142.0069,83.3663
7881,-9.1026,-142.0069,83.3663
7882,-9.4026,-142.0069,83.3663
7883,-9.7026,-142.0069,83.3663
7884,-10.0026,-142.0069,83.3663
7885,-10.3026,-142.0069,83.3663
7886,-10.6026,-142.0069,83.3663
7887,-10.9026,-142.0069,83.3663
7888,-11.2026,-142.0069,83.3663
7889,-11.5026,-142.0069,83.3663
7890,-11.8026,-142.0069,83.3663
7891,-12.1026,-142.0069,83.3663
7892,-12.4026,-142.0069,83.3663
7893,-12.7026,-142.0069,83.3663
7894,-13.0026,-142.0069,83.3663
7895,-13.3026,-142.0069,83.3663
7896,-13.6026,-142.0069,83.3663
7897,-13.9026,-142.0069,83.3663
7898,-14.2026,-142.0069,83.3663
7899,-14.5026,-142.0069,83.3663
7900,-14.8026,-142.0069,83.3663
7901,-15.1026,-142.0069,83.3663
7902,-15.4026,-142.0069,83.3663
7903,-15.7026,-142.0069,83.3663
7904,-16.0026,-142.0069,83.3663
7905,-16.3026,-142.0069,83.3663
7906,-16.6026,-142.0069,83.3663
7907,-16.9026,-142.0069,83.3663
7908,-17.2026,-142.0069,83.3663
7909,-17.5026,-142.0069,83.3663
7910,-17.8026,-142.0069,83.3663
7911,-18.1026,-142.0069,83.3663
7912,-18.4026,-142.0069,83.3663
7913,-18.7026,-142.0069,83.3663
7914,-19.0026,-142.0069,83.3663
7915,-19.3026,-142.0069,83.3663
7916,-19.6026,-141.7069,83.3663
7917,-19.9026,-141.7069,83.3663
7918,-20.2026,-141.4069,83.3663
7919,-20.5026,-141.4069,83.3663
7920,-20.8026,-141.4069,83.3663
7921,-21.1026,-141.1069,83.3663
7922,-21.4026,-141.1069,83.3663
7923,-21.7026,-140.8069,83.3663
7924,-22.0026,-140.8069,83.3663
7925,-22.3026,-140.5069,83.3663
7926,-22.6026,-140.5069,83.3663
7927,-22.9026,-140.2069,83.3663
7928,-23.2026,-140.2069,83.3663
7929,-23.5026,-139.9069,83.3663
7930,-23.8026,-139.9069,83.3663
7931,-24.1026,-139.9069,83.3663
7932,-24.4026,-139.6069,83.3663
7933,-24.7026,-139.6069,83.3663
7934,-25.0026,-139.3069,83.3663
7935,-25.3026,-139.3069,83.3663
7936,-25.6026,-139.0069,83.3663
7937,-25.9026,-139.0069,83.3663
7938,-26.2026,-138.7069,83.3663
7939,-26.5026,-138.7069,83.3663
7940,-26.8026,-138.7069,83.3663
7941,-27.1026,-138.4069,83.3663
7942,-26.8026,-138.4069,83.3663
7943,-26.5026,-138.4069,83.3663
7944,-26.2026,-138.4069,83.3663
7945,-25.9026,-138.4069,83.3663
7946,-25.6026,-138.4069,83.3663
7947,-25.3026,-138.4069,83.3663
7948,-25.0026,-138.4069,83.3663
7949,-24.7026,-138.4069,83.3663
7950,-24.4026,-138.4069,83.3663
7951,-24.1026,-138.4069,83.3663
7952,-23.8026,-138.4069,83.3663
7953,-23.5026,-138.4069,83.3663
7954,-23.2026,-138.4069,83.3663
7955,-22.9026,-138.4069,83.3663
7956,-22.6026,-138.4069,83.3663
7957,-22.3026,-138.4069,83.3663
7958,-22.0026,-138.4069,83.3663
7959,-21.7026,-138.4069,83.3663
7960,-21.4026,-138.4069,83.3663
7961,-21.1026,-138.4069,83.3663
7962,-20.8026,-138.4069,83.3663
7963,-20.5026,-138.4069,83.3663
7964,-20.2026,-138.4069,83.3663
7965,-19.9026,-138.4069,83.3663
7966,-19.6026,-138.4069,83.3663
7967,-19.3026,-138.4069,83.3663
7968,-19.0026,-138.4069,83.3663
7969,-18.7026,-138.4069,83.3663
7970,-18.4026,-138.7069,83.3663
7971,-18.1026,-138.7069,83.3663
7972,-17.8026,-138.7069,83.3663
7973,-17.5026,-138.7069,83.3663
7974,-17.2026,-138.7069,83.3663
7975,-16.9026,-138.7069,83.3663
7976,-16.6026,-138.7069,83.3663
7977,-16.3026,-139.0069,83.3663
7978,-16.0026,-139.0069,83.3663
7979,-15.7026,-139.0069,83.3663
7980,-15.4026,-139.0069,83.3663
7981,-15.1026,-139.3069,83.3663
7982,-14.8026,-139.3069,83.3663
7983,-14.5026,-139.6069,83.3663
7984,-14.2026,-139.6069,83.3663
7985,-13.9026,-139.9069,83.3663
7986,-13.6026,-139.9069,83.3663
7987,-13.3026,-139.9069,83.3663
7988,-13.0026,-139.9069,83.3663
7989,-12.7026,-139.9069,83.3663
7990,-12.4026,-139.9069,83.3663
7991,-12.1026,-139.9069,83.3663
7992,-11.8026,-139.9069,83.3663
7993,-11.5026,-139.9069,83.3663
7994,-11.2026,-139.9069,83.3663
7995,-10.9026,-139.9069,83.3663
7996,-10.6026,-139.9069,83.3663
7997,-10.3026,-139.9069,83.3663
7998,-10.0026,-139.9069,83.3663
7999,-9.7026,-139.9069,83.3663
8000,-9.4026,-140.2069,83.3663
8001,-9.1026,-140.2069,83.3663
8002,-8.8026,-140.2069,83.3663
8003,-8.5026,-140.2069,83.3663
8004,-8.2026,-140.2069,83.3663
8005,-7.9026,-140.2069,83.3663
8006,-7.6026,-140.5069,83.3663
8007,-7.3026,-140.5069,83.3663
8008,-7.0026,-140.5069,83.3663
8009,-6.7026,-140.5069,83.3663
8010,-6.4026,-140.5069,83.3663
8011,-6.1026,-140.5069,83.3663
8012,-5.8026,-140.8069,83.3663
8013,-5.5026,-140.8069,83.3663
8014,-5.2026,-140.8069,83.3663
8015,-4.9026,-140.8069,83.3663
8016,-4.6026,-140.8069,83.3663
8017,-4.3026,-140.8069,83.3663
8018,-4.0026,-141.1069,83.3663
8019,-3.7026,-141.1069,83.3663
8020,-3.4026,-141.1069,83.3663
8021,-3.1026,-141.1069,83.3663
8022,-2.8026,-141.1069,83.3663
8023,-2.5026,-141.1069,83.3663
8024,-2.2026,-141.1069,83.3663
8025,-1.9026,-141.1069,83.3663
8026,-1.6026,-141.4069,83.3663
8027,-1.3026,-141.4069,83.3663
8028,-1.0026,-141.4069,83.3663
8029,-0.7026,-141.4069,83.3663
8030,-0.4026,-141.7069,83.3663
8031,-0.1026,-141.7069,83.3663
8032,0.1974,-142.0069,83.3663
8033,0.4974,-142.0069,83.3663
8034,0.7974,-142.3069,83.3663
8035,1.0974,-142.3069,83.3663
8036,1.3974,-142.3069,83.3663
8037,1.6974,-142.3069,83.3663
8038,1.9974,-142.3069,83.3663
8039,2.2974,-142.3069,83.3663
8040,2.5974,-142.3069,83.3663
8041,2.8974,-142.3069,83.3663
8042,3.1974,-142.3069,83.3663
8043,3.4974,-142.3069,83.3663
8044,3.7974,-142.3069,83.3663
8045,4.0974,-142.3069,83.3663
8046,4.3974,-142.3069,83.3663
8047,4.6974,-142.3069,83.3663
8048,4.9974,-142.3069,83.3663
8049,5.2974,-142.6069,83.3663
8050,5.5974,-142.6069,83.3663
8051,5.8974,-142.6069,83.3663
8052,6.1974,-142.6069,83.3663
8053,6.4974,-142.6069,83.3663
8054,6.4974,-142.6069,83.0663
8055,6.7974,-142.3069,82.7663
8056,6.7974,-142.0069,82.4663
8057,7.0974,-141.7069,82.1663
8058,7.3974,-141.4069,81.8663
8059,7.6974,-141.1069,81.5663
8060,7.9974,-140.8069,81.5663
8061,8.2974,-140.5069,81.2663
8062,8.2974,-140.2069,81.2663
8063,8.2974,-139.9069,81.2663
8064,8.2974,-139.6069,81.2663
8065,8.5974,-139.3069,81.2663
8066,8.5974,-139.0069,81.2663
8067,8.5974,-138.7069,81.2663
8068,8.5974,-138.4069,81.2663
8069,8.5974,-138.1069,81.2663
8070,8.5974,-137.8069,81.2663
8071,8.5974,-137.5069,81.2663
8072,8.8974,-137.2069,81.5663
8073,8.8974,-136.9069,81.5663
8074,8.8974,-136.6069,81.5663
8075,9.1974,-136.3069,81.8663
8076,9.4974,-136.3069,81.8663
8077,9.7974,-136.0069,82.1663
8078,10.0974,-135.7069,82.4663
8079,10.3974,-135.7069,82.4663
8080,10.6974,-135.7069,82.4663
8081,10.9974,-135.4069,82.7663
8082,11.2974,-135.4069,82.7663
8083,11.5974,-135.4069,82.7663
8084,11.8974,-135.4069,82.7663
8085,12.1974,-135.4069,82.7663
8086,12.4974,-135.4069,82.7663
8087,12.7974,-135.4069,82.7663
8088,13.0974,-135.4069,82.7663
8089,13.3974,-135.4069,82.7663
8090,13.6974,-135.4069,82.7663
8091,13.9974,-135.4069,82.7663
8092,14.2974,-135.4069,82.7663
8093,14.5974,-135.4069,82.7663
8094,14.8974,-135.4069,82.7663
8095,15.1974,-135.4069,82.7663
8096,15.4974,-135.4069,82.7663
8097,15.7974,-135.4069,82.7663
8098,16.0974,-135.4069,82.7663
8099,16.3974,-135.4069,82.7663
8100,16.6974,-135.4069,82.7663
8101,16.9974,-135.4069,82.7663
8102,17.2974,-135.4069,82.7663
8103,17.5974,-135.4069,82.7663
8104,17.8974,-135.4069,82.7663
8105,18.1974,-135.4069,82.7663
8106,18.4974,-135.4069,82.7663
8107,18.7974,-135.4069,82.7663
8108,19.0974,-135.4069,82.7663
8109,19.3974,-135.4069,83.0663
8110,19.6974,-135.4069,83.3663
8111,19.9974,-135.4069,83.3663
8112,20.2974,-135.4069,83.3663
8113,20.5974,-135.4069,83.3663
8114,20.8974,-135.4069,83.3663
8115,21.1974,-135.4069,83.3663
8116,21.4974,-135.4069,83.3663
8117,21.7974,-135.4069,83.3663
8118,22.0974,-135.4069,83.3663
8119,22.3974,-135.4069,83.3663
8120,22.6974,-135.4069,83.3663
8121,22.9974,-135.4069,83.3663
8122,23.2974,-135.4069,83.3663
8123,23.5974,-135.4069,83.3663
8124,23.8974,-135.4069,83.3663
8125,24.1974,-135.4069,83.3663
8126,24.4974,-135.4069,83.3663
8127,24.7974,-135.4069,83.3663
8128,25.0974,-135.4069,83.3663
8129,25.3974,-135.4069,83.3663
8130,25.6974,-135.4069,83.3663
8131,25.9974,-135.4069,83.3663
8132,26.2974,-135.4069,83.3663
8133,26.5974,-135.4069,83.3663
8134,26.8974,-135.4069,83.3663
8135,27.1974,-135.4069,83.3663
8136,27.4974,-135.4069,83.3663
8137,27.7974,-135.4069,83.3663
8138,28.0974,-135.4069,83.3663
8139,28.3974,-135.4069,83.3663
8140,28.6974,-135.4069,83.3663
8141,28.9974,-135.4069,83.3663
8142,29.2974,-135.4069,83.3663
8143,29.5974,-135.4069,83.3663
8144,29.8974,-135.4069,83.3663
8145,30.1974,-135.4069,83.3663
8146,30.4974,-135.4069,83.3663
8147,30.7974,-135.4069,83.3663
8148,31.0974,-135.4069,83.3663
8149,31.3974,-135.4069,83.3663
8150,31.6974,-135.4069,83.3663
8151,31.9974,-135.4069,83.3663
8152,32.2974,-135.4069,83.3663
8153,32.5974,-135.4069,83.3663
8154,32.8974,-135.4069,83.3663
8155,33.1974,-135.4069,83.3663
8156,33.4974,-135.4069,83.3663
8157,33.7974,-135.4069,83.3663
8158,34.0974,-135.4069,83.3663
8159,34.3974,-135.4069,83.3663
8160,34.6974,-135.4069,83.3663
8161,34.9974,-135.4069,83.3663
8162,35.2974,-135.7069,83.3663
8163,35.5974,-136.0069,83.3663
8164,35.8974,-136.3069,83.3663
8165,36.1974,-136.6069,83.3663
8166,36.4974,-136.9069,83.3663
8167,36.7974,-137.2069,83.3663
8168,37.0974,-137.5069,83.3663
8169,37.3974,-137.8069,83.3663
8170,37.6974,-137.8069,83.3663
8171,37.9974,-137.8069,83.3663
8172,38.2974,-137.8069,83.3663
8173,38.5974,-137.8069,83.3663
8174,38.8974,-137.8069,83.3663
8175,39.1974,-137.8069,83.3663
8176,39.4974,-137.8069,83.3663
8177,39.7974,-137.8069,83.3663
8178,40.0974,-137.8069,83.3663
8179,40.3974,-137.8069,83.3663
8180,40.6974,-137.8069,83.3663
8181,40.9974,-137.8069,83.3663
8182,41.2974,-137.8069,83.3663
8183,41.5974,-138.1069,83.3663
8184,41.8974,-138.1069,83.3663
8185,42.1974,-138.4069,83.3663
8186,42.4974,-138.4069,83.3663
8187,42.7974,-138.7069,83.3663
8188,43.0974,-138.7069,83.3663
8189,43.3974,-139.0069,83.3663
8190,43.6974,-139.0069,83.3663
8191,43.9974,-139.0069,83.3663
8192,44.2974,-139.3069,83.3663
8193,44.5974,-139.3069,83.3663
8194,44.8974,-139.6069,83.3663
8195,45.1974,-139.6069,83.3663
8196,45.4974,-139.9069,83.3663
8197,45.7974,-139.9069,83.3663
8198,46.0974,-140.2069,83.3663
8199,46.3974,-140.2069,83.3663
8200,46.6974,-140.5069,83.3663
8201,46.9974,-140.5069,83.3663
8202,46.6974,-140.5069,83.3663
8203,46.3974,-140.5069,83.3663
8204,46.0974,-140.5069,83.3663
8205,45.7974,-140.5069,83.3663
8206,45.4974,-140.2069,83.6663
8207,45.1974,-139.9069,83.6663
8208,44.8974,-139.9069,83.6663
8209,44.5974,-139.9069,83.6663
8210,44.2974,-139.9069,83.6663
8211,43.9974,-139.6069,83.9663
8212,43.6974,-139.6069,83.9663
8213,43.3974,-139.6069,83.9663
8214,43.0974,-139.6069,83.9663
8215,42.7974,-139.6069,83.9663
8216,42.4974,-139.3069,83.9663
8217,42.1974,-139.3069,83.9663
8218,41.8974,-139.3069,83.9663
8219,41.5974,-139.3069,83.9663
8220,41.2974,-139.3069,83.9663
8221,40.9974,-139.3069,83.9663
8222,40.6974,-139.3069,83.9663
8223,40.3974,-139.3069,83.9663
8224,40.0974,-139.3069,83.9663
8225,39.7974,-139.3069,83.9663
8226,39.4974,-139.3069,83.9663
8227,39.1974,-139.3069,83.9663
8228,38.8974,-139.3069,83.9663
8229,38.5974,-139.3069,83.9663
8230,38.2974,-139.3069,83.9663
8231,37.9974,-139.3069,83.9663
8232,37.6974,-139.3069,83.9663
8233,37.3974,-139.3069,83.9663
8234,37.0974,-139.3069,83.9663
8235,36.7974,-139.3069,83.9663
8236,36.4974,-139.0069,83.9663
8237,36.1974,-139.0069,83.9663
8238,35.8974,-139.0069,83.9663
8239,35.5974,-139.0069,83.9663
8240,35.2974,-139.0069,83.9663
8241,34.9974,-139.0069,83.9663
8242,34.6974,-139.0069,83.9663
8243,34.3974,-138.7069,83.9663
8244,34.0974,-138.7069,83.9663
8245,33.7974,-138.7069,83.9663
8246,33.4974,-138.4069,83.9663
8247,33.1974,-138.4069,83.9663
8248,32.8974,-138.1069,83.9663
8249,32.5974,-138.1069,83.9663
8250,32.2974,-138.1069,83.9663
8251,31.9974,-138.1069,83.9663
8252,31.6974,-137.8069,83.9663
8253,31.3974,-137.8069,83.9663
8254,31.0974,-137.8069,83.9663
8255,30.7974,-137.8069,83.9663
8256,30.4974,-137.8069,83.9663
8257,30.1974,-137.8069,83.9663
8258,29.8974,-137.8069,83.9663
8259,29.5974,-137.8069,83.9663
8260,29.2974,-137.8069,83.9663
8261,28.9974,-137.8069,83.9663
8262,28.6974,-137.8069,83.9663
8263,28.3974,-137.8069,83.9663
8264,28.0974,-137.8069,83.9663
8265,27.7974,-137.8069,83.9663
8266,27.4974,-137.5069,83.9663
8267,27.1974,-137.5069,83.9663
8268,26.8974,-137.5069,83.6663
8269,26.5974,-137.5069,83.6663
8270,26.2974,-137.5069,83.3663
8271,25.9974,-137.5069,83.3663
8272,25.6974,-137.5069,83.3663
8273,25.3974,-137.5069,83.3663
8274,25.0974,-137.2069,83.3663
8275,24.7974,-136.9069,83.3663
8276,24.4974,-136.6069,83.3663
8277,24.1974,-136.6069,83.3663
8278,23.8974,-136.6069,83.3663
8279,23.5974,-136.6069,83.3663
8280,23.2974,-136.3069,83.3663
8281,22.9974,-136.0069,83.3663
8282,22.6974,-135.7069,83.3663
8283,22.3974,-135.4069,83.3663
8284,22.0974,-135.4069,83.3663
8285,21.7974,-135.4069,83.3663
8286,21.4974,-135.4069,83.3663
8287,21.1974,-135.4069,83.3663
8288,20.8974,-135.4069,83.3663
8289,20.5974,-135.4069,83.3663
8290,20.2974,-135.4069,83.3663
8291,19.9974,-135.4069,83.3663
8292,19.6974,-135.4069,83.3663
8293,19.3974,-135.4069,83.3663
8294,19.0974,-135.4069,83.3663
8295,18.7974,-135.4069,83.3663
8296,18.4974,-135.4069,83.3663
8297,18.1974,-135.4069,83.3663
8298,17.8974,-135.4069,83.3663
8299,17.5974,-135.4069,83.3663
8300,17.2974,-135.4069,83.3663
8301,16.9974,-135.4069,83.3663
8302,16.6974,-135.4069,83.3663
8303,16.3974,-135.4069,83.3663
8304,16.0974,-135.4069,83.3663
8305,15.7974,-135.4069,83.3663
8306,15.4974,-135.4069,83.3663
8307,15.1974,-135.4069,83.3663
8308,14.8974,-135.4069,83.3663
8309,14.5974,-135.4069,83.3663
8310,14.2974,-135.4069,83.3663
8311,13.9974,-135.4069,83.3663
8312,13.6974,-135.4069,83.3663
8313,13.3974,-135.4069,83.3663
8314,13.0974,-135.4069,83.3663
8315,12.7974,-135.4069,83.3663
8316,12.4974,-135.4069,83.3663
8317,12.1974,-135.1069,83.3663
8318,11.8974,-135.1069,83.3663
8319,11.5974,-135.1069,83.3663
8320,11.2974,-135.1069,83.3663
8321,10.9974,-135.1069,83.3663
8322,10.6974,-135.1069,83.3663
8323,10.3974,-135.1069,83.3663
8324,10.0974,-135.1069,83.3663
8325,9.7974,-135.1069,83.3663
8326,9.4974,-134.8069,83.3663
8327,9.1974,-134.8069,83.3663
8328,8.8974,-134.5069,83.3663
8329,8.5974,-134.2069,83.3663
8330,8.2974,-134.2069,83.3663
8331,7.9974,-134.2069,83.3663
8332,7.6974,-134.2069,83.3663
8333,7.3974,-134.2069,83.3663
8334,7.0974,-134.2069,83.3663
8335,6.7974,-134.2069,83.3663
8336,6.4974,-134.2069,83.3663
8337,6.1974,-134.2069,83.3663
8338,5.8974,-134.2069,83.3663
8339,5.5974,-134.2069,83.3663
8340,5.2974,-134.2069,83.3663
8341,4.9974,-133.9069,83.3663
8342,4.6974,-133.6069,83.3663
8343,4.3974,-133.6069,83.3663
8344,4.0974,-133.3069,83.3663
8345,3.7974,-133.3069,83.3663
8346,3.4974,-133.0069,83.3663
8347,3.1974,-133.0069,83.3663
8348,2.8974,-133.0069,83.3663
8349,2.5974,-133.0069,83.3663
8350,2.2974,-132.7069,83.3663
8351,1.9974,-132.7069,83.3663
8352,1.6974,-132.7069,83.3663
8353,1.3974,-132.7069,83.3663
8354,1.0974,-132.7069,83.3663
8355,0.7974,-132.7069,83.3663
8356,0.4974,-132.7069,83.3663
8357,0.1974,-132.7069,83.3663
8358,-0.1026,-132.7069,83.3663
8359,-0.4026,-132.7069,83.3663
8360,-0.7026,-132.7069,83.3663
8361,-1.0026,-132.7069,83.3663
8362,-1.3026,-132.7069,83.3663
8363,-1.6026,-132.7069,83.3663
8364,-1.9026,-132.7069,83.3663
8365,-2.2026,-132.7069,83.3663
8366,-2.5026,-132.7069,83.3663
8367,-2.8026,-132.7069,83.3663
8368,-3.1026,-132.7069,83.3663
8369,-3.4026,-132.4069,83.3663
8370,-3.7026,-132.1069,83.3663
8371,-4.0026,-131.8069,83.3663
8372,-4.3026,-131.5069,83.3663
8373,-4.6026,-131.2069,83.3663
8374,-4.9026,-130.9069,83.3663
8375,-5.2026,-130.6069,83.3663
8376,-5.5026,-130.3069,83.3663
8377,-5.8026,-130.0069,83.3663
8378,-6.1026,-129.7069,83.3663
8379,-6.4026,-129.4069,83.3663
8380,-6.7026,-129.1069,83.3663
8381,-7.0026,-128.8069,83.3663
8382,-7.3026,-128.5069,83.3663
8383,-7.6026,-128.2069,83.3663
8384,-7.9026,-127.9069,83.3663
8385,-8.2026,-127.9069,83.3663
8386,-8.5026,-127.9069,83.3663
8387,-8.8026,-127.9069,83.3663
8388,-9.1026,-127.9069,83.3663
8389,-9.4026,-127.9069,83.3663
8390,-9.7026,-127.9069,83.3663
8391,-10.0026,-127.9069,83.3663
8392,-10.3026,-127.9069,83.3663
8393,-10.6026,-127.9069,83.3663
8394,-10.9026,-127.9069,83.3663
8395,-11.2026,-127.9069,83.3663
8396,-11.5026,-127.9069,83.3663
8397,-11.8026,-127.9069,83.3663
8398,-12.1026,-127.9069,83.3663
8399,-12.4026,-127.9069,83.3663
8400,-12.7026,-127.9069,83.3663
8401,-13.0026,-127.9069,83.3663
8402,-13.3026,-127.9069,83.3663
8403,-13.6026,-127.9069,83.3663
8404,-13.9026,-127.9069,83.3663
8405,-14.2026,-127.9069,83.3663
8406,-14.5026,-127.9069,83.3663
8407,-14.8026,-127.9069,83.3663
8408,-15.1026,-127.9069,83.3663
8409,-15.4026,-127.9069,83.3663
8410,-15.7026,-127.9069,83.3663
8411,-16.0026,-127.9069,83.3663
8412,-16.3026,-127.9069,83.3663
8413,-16.6026,-127.9069,83.3663
8414,-16.9026,-127.9069,83.3663
8415,-17.2026,-127.9069,83.3663
8416,-17.5026,-127.9069,83.3663
8417,-17.8026,-127.9069,83.3663
8418,-18.1026,-127.9069,83.3663
8419,-18.4026,-127.9069,83.3663
8420,-18.7026,-127.9069,83.3663
8421,-19.0026,-127.9069,83.3663
8422,-19.3026,-127.9069,83.3663
8423,-19.6026,-127.9069,83.3663
8424,-19.9026,-127.9069,83.3663
8425,-20.2026,-127.9069,83.3663
8426,-20.5026,-127.9069,83.3663
8427,-20.8026,-127.9069,83.3663
8428,-21.1026,-127.9069,83.3663
8429,-21.4026,-127.9069,83.3663
8430,-21.7026,-127.9069,83.3663
8431,-22.0026,-127.9069,83.3663
8432,-22.3026,-127.9069,83.3663
8433,-22.6026,-127.9069,83.3663
8434,-22.9026,-127.9069,83.3663
8435,-23.2026,-127.9069,83.3663
8436,-23.5026,-127.9069,83.3663
8437,-23.8026,-127.9069,83.3663
8438,-24.1026,-127.9069,83.3663
8439,-24.4026,-127.9069,83.3663
8440,-24.7026,-127.9069,83.3663
8441,-25.0026,-127.9069,83.3663
8442,-25.3026,-127.9069,83.3663
8443,-25.6026,-127.9069,83.3663
8444,-25.9026,-127.9069,83.3663
8445,-26.2026,-127.9069,83.3663
8446,-26.5026,-127.9069,83.3663
8447,-26.8026,-127.9069,83.3663
8448,-27.1026,-127.9069,83.3663
8449,-27.4026,-127.9069,83.3663
8450,-27.7026,-127.9069,83.3663
8451,-28.0026,-127.9069,83.3663
8452,-28.3026,-127.6069,83.3663
8453,-28.6026,-127.3069,83.3663
8454,-28.9026,-127.0069,83.3663
8455,-29.2026,-126.7069,83.3663
8456,-29.5026,-126.4069,83.3663
8457,-29.8026,-126.4069,83.3663
8458,-30.1026,-126.4069,83.3663
8459,-30.4026,-126.4069,83.3663
8460,-30.7026,-126.4069,83.3663
8461,-31.0026,-126.4069,83.3663
8462,-31.3026,-126.4069,83.3663
8463,-31.6026,-126.4069,83.3663
8464,-31.9026,-126.4069,83.3663
8465,-32.2026,-126.4069,83.3663
8466,-32.5026,-126.4069,83.3663
8467,-32.8026,-126.4069,83.3663
8468,-33.1026,-126.4069,83.3663
8469,-33.4026,-126.4069,83.3663
8470,-33.7026,-126.4069,83.3663
8471,-34.0026,-126.4069,83.3663
8472,-34.3026,-126.4069,83.3663
8473,-34.6026,-126.4069,83.3663
8474,-34.9026,-126.4069,83.3663
8475,-35.2026,-126.4069,83.3663
8476,-35.5026,-126.1069,83.3663
8477,-35.8026,-126.1069,83.3663
8478,-36.1026,-125.8069,83.3663
8479,-36.4026,-125.8069,83.3663
8480,-36.7026,-125.5069,83.3663
8481,-37.0026,-125.2069,83.3663
8482,-37.3026,-125.2069,83.3663
8483,-37.6026,-125.2069,83.3663
8484,-37.3026,-125.2069,83.3663
8485,-37.0026,-125.2069,83.3663
8486,-36.7026,-125.2069,83.3663
8487,-36.4026,-125.2069,83.3663
8488,-36.1026,-125.2069,83.3663
8489,-35.8026,-125.2069,83.3663
8490,-35.5026,-125.5069,83.3663
8491,-35.2026,-125.8069,83.3663
8492,-34.9026,-125.8069,83.3663
8493,-34.6026,-125.8069,83.3663
8494,-34.3026,-125.8069,83.3663
8495,-34.0026,-125.8069,83.3663
8496,-33.7026,-125.8069,83.3663
8497,-33.4026,-125.8069,83.3663
8498,-33.1026,-125.8069,83.3663
8499,-32.8026,-126.1069,83.3663
8500,-32.5026,-126.1069,83.3663
8501,-32.2026,-126.1069,83.3663
8502,-31.9026,-126.1069,83.3663
8503,-31.6026,-126.1069,83.3663
8504,-31.3026,-126.1069,83.3663
8505,-31.0026,-126.4069,83.3663
8506,-30.7026,-126.4069,83.3663
8507,-30.4026,-126.4069,83.3663
8508,-30.1026,-126.4069,83.3663
8509,-29.8026,-126.4069,83.3663
8510,-29.5026,-126.4069,83.3663
8511,-29.2026,-126.4069,83.3663
8512,-28.9026,-126.4069,83.3663
8513,-28.6026,-126.4069,83.3663
8514,-28.3026,-126.4069,83.3663
8515,-28.0026,-126.4069,83.3663
8516,-27.7026,-126.4069,83.3663
8517,-27.4026,-126.4069,83.3663
8518,-27.1026,-126.4069,83.3663
8519,-26.8026,-126.4069,83.3663
8520,-26.5026,-126.4069,83.3663
8521,-26.2026,-126.4069,83.3663
8522,-25.9026,-126.4069,83.3663
8523,-25.6026,-126.4069,83.3663
8524,-25.3026,-126.4069,83.3663
8525,-25.0026,-126.4069,83.3663
8526,-24.7026,-126.4069,83.3663
8527,-24.4026,-126.4069,83.3663
8528,-24.1026,-126.4069,83.3663
8529,-23.8026,-126.4069,83.3663
8530,-23.5026,-126.4069,83.3663
8531,-23.2026,-126.4069,83.3663
8532,-22.9026,-126.4069,83.3663
8533,-22.6026,-126.4069,83.3663
8534,-22.3026,-126.4069,83.3663
8535,-22.0026,-126.4069,83.3663
8536,-21.7026,-126.4069,83.3663
8537,-21.4026,-126.4069,83.3663
8538,-21.1026,-126.4069,83.3663
8539,-20.8026,-126.4069,83.3663
8540,-20.5026,-126.4069,83.3663
8541,-20.2026,-126.4069,83.3663
8542,-19.9026,-126.4069,83.3663
8543,-19.6026,-126.4069,83.3663
8544,-19.3026,-126.4069,83.3663
8545,-19.0026,-126.4069,83.3663
8546,-18.7026,-126.4069,83.3663
8547,-18.4026,-126.4069,83.3663
8548,-18.1026,-126.4069,83.3663
8549,-17.8026,-126.4069,83.3663
8550,-17.5026,-126.4069,83.3663
8551,-17.2026,-126.4069,83.3663
8552,-16.9026,-126.4069,83.3663
8553,-16.6026,-126.4069,83.3663
8554,-16.3026,-126.4069,83.3663
8555,-16.0026,-126.4069,83.3663
8556,-15.7026,-126.4069,83.3663
8557,-15.4026,-126.4069,83.3663
8558,-15.1026,-126.4069,83.3663
8559,-14.8026,-126.4069,83.3663
8560,-14.5026,-126.4069,83.3663
8561,-14.2026,-126.4069,83.3663
8562,-13.9026,-126.4069,83.3663
8563,-13.6026,-126.4069,83.3663
8564,-13.3026,-126.4069,83.3663
8565,-13.0026,-126.4069,83.3663
8566,-12.7026,-126.4069,83.3663
8567,-12.4026,-126.4069,83.3663
8568,-12.1026,-126.4069,83.3663
8569,-11.8026,-126.4069,83.3663
8570,-11.5026,-126.4069,83.3663
8571,-11.2026,-126.4069,83.3663
8572,-10.9026,-126.4069,83.3663
8573,-10.6026,-126.4069,83.3663
8574,-10.3026,-126.4069,83.3663
8575,-10.0026,-126.4069,83.3663
8576,-9.7026,-126.4069,83.3663
8577,-9.4026,-126.4069,83.3663
8578,-9.1026,-126.4069,83.3663
8579,-8.8026,-126.7069,83.3663
8580,-8.5026,-127.0069,83.3663
8581,-8.2026,-127.0069,83.3663
8582,-7.9026,-127.3069,83.3663
8583,-7.6026,-127.6069,83.3663
8584,-7.3026,-127.6069,83.3663
8585,-7.0026,-127.9069,83.3663
8586,-6.7026,-127.9069,83.3663
8587,-6.4026,-128.2069,83.3663
8588,-6.1026,-128.2069,83.3663
8589,-5.8026,-128.2069,83.3663
8590,-5.5026,-128.2069,83.3663
8591,-5.2026,-128.2069,83.3663
8592,-4.9026,-128.2069,83.3663
8593,-4.6026,-128.2069,83.3663
8594,-4.3026,-128.2069,83.3663
8595,-4.0026,-128.2069,83.3663
8596,-3.7026,-128.2069,83.3663
8597,-3.4026,-128.2069,83.3663
8598,-3.1026,-128.2069,83.3663
8599,-2.8026,-128.2069,83.3663
8600,-2.5026,-128.2069,83.3663
8601,-2.2026,-128.2069,83.3663
8602,-1.9026,-128.2069,83.3663
8603,-1.6026,-128.2069,83.3663
8604,-1.3026,-128.2069,83.3663
8605,-1.0026,-128.2069,83.3663
8606,-0.7026,-128.5069,83.3663
8607,-0.4026,-128.5069,83.3663
8608,-0.1026,-128.8069,83.3663
8609,0.1974,-128.8069,83.3663
8610,0.4974,-129.1069,83.3663
8611,0.7974,-129.4069,83.3663
8612,1.0974,-129.7069,83.3663
8613,1.3974,-130.0069,83.3663
8614,1.6974,-130.3069,83.3663
8615,1.9974,-130.6069,83.3663
8616,2.2974,-130.9069,83.3663
8617,2.5974,-131.2069,83.3663
8618,2.8974,-131.5069,83.3663
8619,3.1974,-131.8069,83.3663
8620,3.4974,-132.1069,83.3663
8621,3.7974,-132.4069,83.3663
8622,4.0974,-132.7069,83.3663
8623,4.3974,-133.0069,83.3663
8624,4.6974,-133.3069,83.3663
8625,4.9974,-133.3069,83.3663
8626,5.2974,-133.3069,83.3663
8627,5.5974,-133.3069,83.3663
8628,5.8974,-133.3069,83.3663
8629,6.1974,-133.3069,83.3663
8630,6.4974,-133.3069,83.3663
8631,6.7974,-133.3069,83.3663
8632,7.0974,-133.3069,83.3663
8633,7.3974,-133.3069,83.3663
8634,7.6974,-133.3069,83.3663
8635,7.9974,-133.3069,83.3663
8636,8.2974,-133.3069,83.3663
8637,8.5974,-133.3069,83.3663
8638,8.8974,-133.3069,83.3663
8639,9.1974,-133.3069,83.3663
8640,9.4974,-133.3069,83.3663
8641,9.7974,-133.3069,83.3663
8642,10.0974,-133.3069,83.3663
8643,10.3974,-133.3069,83.3663
8644,10.6974,-133.3069,83.3663
8645,10.9974,-133.3069,83.3663
8646,11.2974,-133.3069,83.3663
8647,11.5974,-133.3069,83.3663
8648,11.8974,-133.3069,83.3663
8649,12.1974,-133.3069,83.3663
8650,12.4974,-133.3069,83.3663
8651,12.7974,-133.3069,83.3663
8652,13.0974,-133.3069,83.3663
8653,13.3974,-133.3069,83.3663
8654,13.6974,-133.3069,83.3663
8655,13.9974,-133.3069,83.3663
8656,14.2974,-133.3069,83.3663
8657,14.5974,-133.3069,83.3663
8658,14.8974,-133.3069,83.3663
8659,15.1974,-133.3069,83.3663
8660,15.4974,-133.3069,83.3663
8661,15.7974,-133.3069,83.3663
8662,16.0974,-133.3069,83.3663
8663,16.3974,-133.3069,83.3663
8664,16.6974,-133.3069,83.3663
8665,16.9974,-133.3069,83.3663
8666,17.2974,-133.3069,83.3663
8667,17.5974,-133.3069,83.3663
8668,17.8974,-133.3069,83.3663
8669,18.1974,-133.3069,83.3663
8670,18.4974,-133.3069,83.3663
8671,18.7974,-133.3069,83.3663
8672,19.0974,-133.3069,83.3663
8673,19.3974,-133.3069,83.3663
8674,19.6974,-133.3069,83.3663
8675,19.9974,-133.3069,83.3663
8676,20.2974,-133.3069,83.3663
8677,20.5974,-133.3069,83.3663
8678,20.8974,-133.3069,83.3663
8679,21.1974,-133.3069,83.3663
8680,21.4974,-133.3069,83.3663
8681,21.7974,-133.3069,83.3663
8682,22.0974,-133.3069,83.3663
8683,22.3974,-133.3069,83.3663
8684,22.6974,-133.3069,83.3663
8685,22.9974,-133.3069,83.3663
8686,23.2974,-133.3069,83.3663
8687,23.5974,-133.3069,83.3663
8688,23.8974,-133.3069,83.3663
8689,24.1974,-133.3069,83.3663
8690,24.4974,-133.3069,83.3663
8691,24.7974,-133.3069,83.3663
8692,25.0974,-133.3069,83.3663
8693,25.3974,-133.3069,83.3663
8694,25.6974,-133.3069,83.3663
8695,25.9974,-133.3069,83.3663
8696,26.2974,-133.3069,83.3663
8697,26.5974,-133.3069,83.3663
8698,26.8974,-133.3069,83.3663
8699,27.1974,-133.3069,83.3663
8700,27.4974,-133.3069,83.3663
8701,27.7974,-133.3069,83.3663
8702,28.0974,-133.3069,83.3663
8703,28.3974,-133.3069,83.3663
8704,28.6974,-133.6069,83.3663
8705,28.9974,-133.9069,83.3663
8706,29.2974,-133.9069,83.3663
8707,29.5974,-134.2069,83.3663
8708,29.8974,-134.2069,83.3663
8709,30.1974,-134.5069,83.3663
8710,30.4974,-134.8069,83.3663
8711,30.7974,-134.8069,83.3663
8712,31.0974,-134.8069,83.3663
8713,31.3974,-135.1069,83.3663
8714,31.6974,-135.1069,83.3663
8715,31.9974,-135.1069,83.3663
8716,32.2974,-135.1069,83.3663
8717,32.5974,-135.1069,83.3663
8718,32.8974,-135.1069,83.3663
8719,33.1974,-135.1069,83.3663
8720,33.4974,-135.1069,83.3663
8721,33.7974,-135.1069,83.3663
8722,34.0974,-135.1069,83.3663
8723,34.3974,-135.1069,83.3663
8724,34.6974,-135.1069,83.3663
8725,34.9974,-135.1069,83.3663
8726,35.2974,-135.1069,83.3663
8727,35.5974,-135.1069,83.3663
8728,35.8974,-135.1069,83.3663
8729,36.1974,-135.1069,83.3663
8730,36.4974,-135.1069,83.3663
8731,36.7974,-135.1069,83.3663
8732,37.0974,-135.4069,83.3663
8733,37.3974,-135.7069,83.3663
8734,37.6974,-135.7069,83.3663
8735,37.9974,-136.0069,83.3663
8736,38.2974,-136.0069,83.3663
8737,38.5974,-136.3069,83.3663
8738,38.8974,-136.3069,83.3663
8739,39.1974,-136.3069,83.3663
8740,39.4974,-136.3069,83.3663
8741,39.7974,-136.3069,83.3663
8742,40.0974,-136.3069,83.3663
8743,40.3974,-136.3069,83.3663
8744,40.6974,-136.3069,83.3663
8745,40.9974,-136.3069,83.3663
8746,41.2974,-136.3069,83.3663
8747,41.5974,-136.3069,83.3663
8748,41.8974,-136.6069,83.3663
8749,42.1974,-136.6069,83.3663
8750,42.4974,-136.6069,83.3663
8751,42.7974,-136.6069,83.3663
8752,43.0974,-136.6069,83.3663
8753,43.3974,-136.6069,83.3663
8754,43.6974,-136.6069,83.3663
8755,43.9974,-136.6069,83.3663
8756,44.2974,-136.6069,83.3663
8757,44.5974,-136.6069,83.3663
8758,44.8974,-136.6069,83.3663
8759,45.1974,-136.6069,83.3663
8760,45.4974,-136.6069,83.3663
8761,45.7974,-136.6069,83.3663
8762,46.0974,-136.6069,83.3663
8763,46.3974,-136.6069,83.3663
8764,46.6974,-136.6069,83.3663
8765,46.9974,-136.6069,83.3663
8766,47.2974,-136.6069,83.3663
8767,47.5974,-136.6069,83.3663
8768,47.8974,-136.9069,83.3663
8769,48.1974,-136.9069,83.3663
8770,48.4974,-136.9069,83.3663
8771,48.7974,-137.2069,83.3663
8772,49.0974,-137.2069,83.3663
8773,49.3974,-137.5069,83.3663
8774,49.6974,-137.5069,83.3663
8775,49.9974,-137.8069,83.3663
8776,50.2974,-137.8069,83.3663
8777,50.5974,-138.1069,83.3663
8778,50.8974,-138.1069,83.3663
8779,51.1974,-138.4069,83.3663
8780,51.4974,-138.4069,83.3663
8781,51.7974,-138.4069,83.3663
8782,52.0974,-138.7069,83.3663
8783,52.3974,-138.7069,83.3663
8784,52.6974,-139.0069,83.3663
8785,52.9974,-139.0069,83.3663
8786,53.2974,-139.3069,83.3663
8787,53.5974,-139.3069,83.3663
8788,53.8974,-139.6069,83.3663
8789,54.1974,-139.6069,83.3663
8790,54.4974,-139.9069,83.3663
8791,54.7974,-139.9069,83.3663
8792,55.0974,-139.9069,83.3663
8793,55.3974,-140.2069,83.3663
8794,55.6974,-140.2069,83.3663
8795,55.9974,-140.5069,83.3663
8796,56.2974,-140.5069,83.3663
8797,56.5974,-140.8069,83.3663
8798,56.8974,-140.8069,83.3663
8799,57.1974,-141.1069,83.3663
8800,57.4974,-141.1069,83.3663
8801,57.7974,-141.4069,83.3663
8802,58.0974,-141.4069,83.3663
8803,58.3974,-141.4069,83.3663
8804,58.6974,-141.7069,83.3663
8805,58.9974,-141.7069,83.3663
8806,59.2974,-141.7069,83.3663
8807,59.5974,-142.0069,83.3663
8808,59.8974,-142.3069,83.3663
8809,60.1974,-142.3069,83.3663
8810,60.4974,-142.6069,83.3663
8811,60.7974,-142.6069,83.3663
8812,61.0974,-142.9069,83.3663
8813,61.3974,-142.9069,83.3663
8814,61.0974,-142.9069,83.3663
8815,60.7974,-142.9069,83.3663
8816,60.4974,-142.9069,83.3663
8817,60.1974,-142.6069,83.3663
8818,59.8974,-142.3069,83.3663
8819,59.5974,-142.0069,83.3663
8820,59.2974,-141.7069,83.3663
8821,58.9974,-141.7069,83.3663
8822,58.6974,-141.7069,83.3663
8823,58.3974,-141.7069,83.3663
8824,58.0974,-141.7069,83.3663
8825,57.7974,-141.7069,83.3663
8826,57.4974,-141.7069,83.3663
8827,57.1974,-141.7069,83.3663
8828,56.8974,-141.7069,83.3663
8829,56.5974,-141.7069,83.3663
8830,56.2974,-141.7069,83.3663
8831,55.9974,-141.7069,83.3663
8832,55.6974,-141.7069,83.3663
8833,55.3974,-141.7069,83.3663
8834,55.0974,-141.7069,83.3663
8835,54.7974,-141.7069,83.3663
8836,54.4974,-141.7069,83.3663
8837,54.1974,-141.7069,83.3663
8838,53.8974,-141.7069,83.3663
8839,53.5974,-141.7069,83.3663
8840,53.2974,-141.7069,83.3663
8841,52.9974,-141.4069,83.3663
8842,52.6974,-141.1069,83.3663
8843,52.3974,-140.8069,83.3663
8844,52.0974,-140.5069,83.3663
8845,51.7974,-140.5069,83.3663
8846,51.4974,-140.2069,83.3663
8847,51.1974,-140.2069,83.3663
8848,50.8974,-140.2069,83.3663
8849,50.5974,-140.2069,83.3663
8850,50.2974,-140.2069,83.3663
8851,49.9974,-140.2069,83.3663
8852,49.6974,-140.2069,83.3663
8853,49.3974,-140.2069,83.3663
8854,49.0974,-140.2069,83.3663
8855,48.7974,-140.2069,83.3663
8856,48.4974,-140.2069,83.3663
8857,48.1974,-140.2069,83.3663
8858,47.8974,-140.2069,83.3663
8859,47.5974,-140.2069,83.3663
8860,47.2974,-140.2069,83.3663
8861,46.9974,-140.2069,83.3663
8862,46.6974,-140.2069,83.3663
8863,46.3974,-140.2069,83.3663
8864,46.0974,-140.2069,83.3663
8865,45.7974,-140.2069,83.3663
8866,45.4974,-140.2069,83.3663
8867,45.1974,-139.9069,83.3663
8868,44.8974,-139.6069,83.3663
8869,44.5974,-139.3069,83.3663
8870,44.2974,-139.3069,83.3663
8871,43.9974,-139.0069,83.3663
8872,43.6974,-139.0069,83.3663
8873,43.3974,-139.0069,83.3663
8874,43.0974,-139.0069,83.3663
8875,42.7974,-139.0069,83.3663
8876,42.4974,-139.0069,83.3663
8877,42.1974,-139.0069,83.3663
8878,41.8974,-139.0069,83.3663
8879,41.5974,-139.0069,83.3663
8880,41.2974,-139.0069,83.3663
8881,40.9974,-139.0069,83.3663
8882,40.6974,-139.0069,83.3663
8883,40.3974,-139.0069,83.3663
8884,40.0974,-139.0069,83.3663
8885,39.7974,-139.0069,83.3663
8886,39.4974,-139.0069,83.3663
8887,39.1974,-139.0069,83.3663
8888,38.8974,-139.0069,83.3663
8889,38.5974,-139.0069,83.3663
8890,38.2974,-139.0069,83.3663
8891,37.9974,-139.0069,83.3663
8892,37.6974,-138.7069,83.3663
8893,37.3974,-138.4069,83.3663
8894,37.0974,-138.1069,83.3663
8895,36.7974,-137.8069,83.3663
8896,36.4974,-137.8069,83.3663
8897,36.1974,-137.8069,83.3663
8898,35.8974,-137.8069,83.3663
8899,35.5974,-137.8069,83.3663
8900,35.2974,-137.8069,83.3663
8901,34.9974,-137.8069,83.3663
8902,34.6974,-137.8069,83.3663
8903,34.3974,-137.8069,83.3663
8904,34.0974,-137.8069,83.3663
8905,33.7974,-137.8069,83.3663
8906,33.4974,-137.8069,83.3663
8907,33.1974,-137.8069,83.3663
8908,32.8974,-137.8069,83.3663
8909,32.5974,-137.8069,83.3663
8910,32.2974,-137.8069,83.3663
8911,31.9974,-137.8069,83.3663
8912,31.6974,-137.8069,83.3663
8913,31.3974,-137.8069,83.3663
8914,31.0974,-137.8069,83.3663
8915,30.7974,-137.8069,83.3663
8916,30.4974,-137.5069,83.3663
8917,30.1974,-137.2069,83.3663
8918,29.8974,-136.9069,83.3663
8919,29.5974,-136.6069,83.3663
8920,29.2974,-136.6069,83.3663
8921,28.9974,-136.6069,83.3663
8922,28.6974,-136.6069,83.3663
8923,28.3974,-136.3069,83.3663
8924,28.0974,-136.0069,83.3663
8925,27.7974,-135.7069,83.3663
8926,27.4974,-135.4069,83.3663
8927,27.1974,-135.1069,83.3663
8928,26.8974,-134.8069,83.3663
8929,26.5974,-134.5069,83.3663
8930,26.2974,-134.5069,83.3663
8931,25.9974,-134.5069,83.3663
8932,25.6974,-134.5069,83.3663
8933,25.3974,-134.5069,83.3663
8934,25.0974,-134.5069,83.3663
8935,24.7974,-134.5069,83.3663
8936,24.4974,-134.5069,83.3663
8937,24.1974,-134.5069,83.3663
8938,23.8974,-134.5069,83.3663
8939,23.5974,-134.5069,83.3663
8940,23.2974,-134.5069,83.3663
8941,22.9974,-134.5069,83.3663
8942,22.6974,-134.5069,83.3663
8943,22.3974,-134.5069,83.3663
8944,22.0974,-134.5069,83.3663
8945,21.7974,-134.5069,83.3663
8946,21.4974,-134.5069,83.3663
8947,21.1974,-134.5069,83.3663
8948,20.8974,-134.5069,83.3663
8949,20.5974,-134.5069,83.3663
8950,20.2974,-134.5069,83.3663
8951,19.9974,-134.5069,83.3663
8952,19.6974,-134.5069,83.3663
8953,19.3974,-134.5069,83.3663
8954,19.0974,-134.5069,83.3663
8955,18.7974,-134.5069,83.3663
8956,18.4974,-134.5069,83.3663
8957,18.1974,-134.5069,83.3663
8958,17.8974,-134.5069,83.3663
8959,17.5974,-134.5069,83.3663
8960,17.2974,-134.5069,83.3663
8961,16.9974,-134.5069,83.3663
8962,16.6974,-134.5069,83.3663
8963,16.3974,-134.5069,83.3663
8964,16.0974,-134.5069,83.3663
8965,15.7974,-134.5069,83.3663
8966,15.4974,-134.5069,83.3663
8967,15.1974,-134.5069,83.3663
8968,14.8974,-134.5069,83.3663
8969,14.5974,-134.5069,83.3663
8970,14.2974,-134.5069,83.3663
8971,13.9974,-134.5069,83.3663
8972,13.6974,-134.5069,83.3663
8973,13.3974,-134.5069,83.3663
8974,13.0974,-134.5069,83.3663
8975,12.7974,-134.5069,83.3663
8976,12.4974,-134.5069,83.3663
8977,12.1974,-134.5069,83.3663
8978,11.8974,-134.5069,83.3663
8979,11.5974,-134.5069,83.3663
8980,11.2974,-134.5069,83.3663
8981,10.9974,-134.5069,83.3663
8982,10.6974,-134.5069,83.3663
8983,10.3974,-134.5069,83.3663
8984,10.0974,-134.5069,83.3663
8985,9.7974,-134.5069,83.3663
8986,9.4974,-134.5069,83.3663
8987,9.1974,-134.5069,83.3663
8988,8.8974,-134.5069,83.3663
8989,8.5974,-134.5069,83.3663
8990,8.2974,-134.5069,83.3663
8991,7.9974,-134.5069,83.3663
8992,7.6974,-134.5069,83.3663
8993,7.3974,-134.5069,83.3663
8994,7.0974,-134.5069,83.3663
8995,6.7974,-134.5069,83.3663
8996,6.4974,-134.2069,83.3663
8997,6.1974,-134.2069,83.3663
8998,5.8974,-134.2069,83.3663
8999,5.5974,-134.2069,83.3663
9000,5.2974,-134.2069,83.3663
9001,5.5974,-134.2069,83.3663
9002,5.8974,-134.2069,83.3663
9003,6.1974,-134.2069,83.3663
9004,6.4974,-134.2069,83.3663
9005,6.7974,-134.2069,83.3663
9006,7.0974,-134.2069,83.3663
9007,7.3974,-134.2069,83.3663
9008,7.6974,-134.2069,83.3663
9009,7.9974,-134.2069,83.3663
9010,8.2974,-134.2069,83.3663
9011,8.5974,-134.2069,83.3663
9012,8.8974,-134.2069,83.3663
9013,9.1974,-134.2069,83.3663
9014,9.4974,-134.2069,83.3663
9015,9.7974,-134.2069,83.3663
9016,10.0974,-134.2069,83.3663
9017,10.3974,-134.2069,83.3663
9018,10.6974,-134.2069,83.3663
9019,10.9974,-134.2069,83.3663
9020,11.2974,-134.2069,83.3663
9021,11.5974,-134.2069,83.3663
9022,11.8974,-134.2069,83.3663
9023,12.1974,-134.2069,83.3663
9024,12.4974,-134.2069,83.3663
9025,12.7974,-134.2069,83.3663
9026,13.0974,-134.2069,83.3663
9027,13.3974,-134.2069,83.3663
9028,13.6974,-134.2069,83.3663
9029,13.9974,-134.2069,83.3663
9030,14.2974,-134.2069,83.3663
9031,14.5974,-134.2069,83.3663
9032,14.8974,-134.2069,83.3663
9033,15.1974,-134.2069,83.3663
9034,15.4974,-134.2069,83.3663
9035,15.7974,-134.2069,83.3663
9036,16.0974,-134.2069,83.3663
9037,16.3974,-134.2069,83.3663
9038,16.6974,-134.2069,83.3663
9039,16.9974,-134.2069,83.3663
9040,17.2974,-134.2069,83.3663
9041,17.5974,-134.2069,83.3663
9042,17.8974,-134.2069,83.3663
9043,18.1974,-134.2069,83.3663
9044,18.4974,-134.2069,83.3663
9045,18.7974,-134.2069,83.3663
9046,19.0974,-134.2069,83.3663
9047,19.3974,-134.2069,83.3663
9048,19.6974,-134.2069,83.3663
9049,19.9974,-134.2069,83.3663
9050,20.2974,-134.2069,83.3663
9051,20.5974,-134.2069,83.3663
9052,20.8974,-134.2069,83.3663
9053,21.1974,-134.2069,83.3663
9054,21.4974,-134.2069,83.3663
9055,21.7974,-134.2069,83.3663
9056,22.0974,-134.2069,83.3663
9057,22.3974,-134.2069,83.3663
9058,22.6974,-134.2069,83.3663
9059,22.9974,-134.2069,83.3663
9060,23.2974,-134.2069,83.3663
9061,23.5974,-134.2069,83.3663
9062,23.8974,-134.2069,83.3663
9063,24.1974,-134.2069,83.3663
9064,24.4974,-134.2069,83.3663
9065,24.7974,-134.2069,83.3663
9066,25.0974,-134.2069,83.3663
9067,25.3974,-134.2069,83.3663
9068,25.6974,-134.2069,83.3663
9069,25.9974,-134.2069,83.3663
9070,26.2974,-134.2069,83.3663
9071,26.5974,-134.2069,83.3663
9072,26.8974,-134.2069,83.3663
9073,27.1974,-134.2069,83.3663
9074,27.4974,-134.2069,83.3663
9075,27.7974,-134.2069,83.3663
9076,28.0974,-134.2069,83.3663
9077,28.3974,-134.2069,83.3663
9078,28.6974,-134.2069,83.3663
9079,28.9974,-134.2069,83.3663
9080,29.2974,-134.2069,83.3663
9081,29.5974,-134.2069,83.3663
9082,29.8974,-134.2069,83.3663
9083,30.1974,-134.5069,83.3663
9084,30.4974,-134.8069,83.3663
9085,30.7974,-134.8069,83.3663
9086,31.0974,-134.8069,83.3663
9087,31.3974,-135.1069,83.3663
9088,31.6974,-135.1069,83.3663
9089,31.9974,-135.1069,83.3663
9090,32.2974,-135.1069,83.3663
9091,32.5974,-135.1069,83.3663
9092,32.8974,-135.1069,83.3663
9093,33.1974,-135.1069,83.3663
9094,33.4974,-135.1069,83.3663
9095,33.7974,-135.1069,83.3663
9096,34.0974,-135.1069,83.3663
9097,34.3974,-135.1069,83.3663
9098,34.6974,-135.1069,83.3663
9099,34.9974,-135.1069,83.3663
9100,35.2974,-135.1069,83.3663
9101,35.5974,-135.1069,83.3663
9102,35.8974,-135.1069,83.3663
9103,36.1974,-135.1069,83.3663
9104,36.4974,-135.1069,83.3663
9105,36.7974,-135.1069,83.3663
9106,37.0974,-135.4069,83.3663
9107,37.3974,-135.7069,83.3663
9108,37.6974,-135.7069,83.3663
9109,37.9974,-136.0069,83.3663
9110,38.2974,-136.0069,83.3663
9111,38.5974,-136.3069,83.3663
9112,38.8974,-136.3069,83.3663
9113,39.1974,-136.3069,83.3663
9114,39.4974,-136.6069,83.3663
9115,39.7974,-136.9069,83.3663
9116,40.0974,-137.2069,83.3663
9117,40.3974,-137.5069,83.3663
9118,40.6974,-137.8069,83.3663
9119,40.9974,-138.1069,83.3663
9120,41.2974,-138.4069,83.3663
9121,41.5974,-138.7069,83.3663
9122,41.8974,-138.7069,83.3663
9123,42.1974,-138.7069,83.3663
9124,42.4974,-138.7069,83.3663
9125,42.7974,-138.7069,83.3663
9126,43.0974,-138.7069,83.3663
9127,43.3974,-138.7069,83.3663
9128,43.6974,-138.7069,83.3663
9129,43.9974,-138.7069,83.3663
9130,44.2974,-138.7069,83.3663
9131,44.5974,-138.7069,83.3663
9132,44.8974,-138.7069,83.3663
9133,45.1974,-138.7069,83.3663
9134,45.4974,-138.7069,83.3663
9135,45.7974,-138.7069,83.3663
9136,46.0974,-138.7069,83.3663
9137,46.3974,-139.0069,83.3663
9138,46.6974,-139.0069,83.3663
9139,46.9974,-139.0069,83.3663
9140,47.2974,-139.3069,83.3663
9141,47.5974,-139.3069,83.3663
9142,47.8974,-139.6069,83.3663
9143,48.1974,-139.6069,83.3663
9144,48.4974,-139.9069,83.3663
9145,48.7974,-139.9069,83.3663
9146,49.0974,-140.2069,83.3663
9147,49.3974,-140.2069,83.3663
9148,49.6974,-140.2069,83.3663
9149,49.9974,-140.2069,83.3663
9150,50.2974,-140.2069,83.3663
9151,50.5974,-140.2069,83.3663
9152,50.8974,-140.2069,83.3663
9153,51.1974,-140.2069,83.3663
9154,51.4974,-140.2069,83.3663
9155,51.7974,-140.5069,83.3663
9156,52.0974,-140.5069,83.3663
9157,52.3974,-140.8069,83.3663
9158,52.6974,-141.1069,83.3663
9159,52.9974,-141.4069,83.3663
9160,53.2974,-141.7069,83.3663
9161,53.2974,-142.0069,83.3663
9162,53.2974,-141.7069,83.3663
9163,52.9974,-141.4069,83.3663
9164,52.6974,-141.1069,83.3663
9165,52.3974,-140.8069,83.3663
9166,52.0974,-140.5069,83.3663
9167,51.7974,-140.5069,83.3663
9168,51.4974,-140.2069,83.3663
9169,51.1974,-140.2069,83.3663
9170,50.8974,-140.2069,83.3663
9171,50.5974,-140.2069,83.3663
9172,50.2974,-140.2069,83.3663
9173,49.9974,-140.2069,83.3663
9174,49.6974,-140.2069,83.3663
9175,49.3974,-140.2069,83.3663
9176,49.0974,-140.2069,83.3663
9177,48.7974,-140.2069,83.3663
9178,48.4974,-140.2069,83.3663
9179,48.1974,-140.2069,83.3663
9180,47.8974,-140.2069,83.3663
9181,47.5974,-140.2069,83.3663
9182,47.2974,-140.2069,83.3663
9183,46.9974,-140.2069,83.3663
9184,46.6974,-140.2069,83.3663
9185,46.3974,-140.2069,83.3663
9186,46.0974,-140.2069,83.3663
9187,45.7974,-140.2069,83.3663
9188,45.4974,-140.2069,83.3663
9189,45.1974,-139.9069,83.3663
9190,44.8974,-139.6069,83.3663
9191,44.5974,-139.3069,83.3663
9192,44.2974,-139.3069,83.3663
9193,43.9974,-139.3069,83.3663
9194,43.6974,-139.3069,83.3663
9195,43.3974,-139.3069,83.3663
9196,43.0974,-139.3069,83.3663
9197,42.7974,-139.3069,83.3663
9198,42.4974,-139.3069,83.3663
9199,42.1974,-139.3069,83.3663
9200,41.8974,-139.3069,83.3663
9201,41.5974,-139.3069,83.3663
9202,41.2974,-139.3069,83.3663
9203,40.9974,-139.3069,83.3663
9204,40.6974,-139.3069,83.3663
9205,40.3974,-139.3069,83.3663
9206,40.0974,-139.3069,83.3663
9207,39.7974,-139.3069,83.3663
9208,39.4974,-139.3069,83.3663
9209,39.1974,-139.3069,83.3663
9210,38.8974,-139.3069,83.3663
9211,38.5974,-139.3069,83.3663
9212,38.2974,-139.3069,83.3663
9213,37.9974,-139.0069,83.3663
9214,37.6974,-138.7069,83.3663
9215,37.3974,-138.4069,83.3663
9216,37.0974,-138.1069,83.3663
9217,36.7974,-137.8069,83.3663
9218,36.4974,-137.8069,83.3663
9219,36.1974,-137.8069,83.3663
9220,35.8974,-137.8069,83.3663
9221,35.5974,-137.8069,83.3663
9222,35.2974,-137.8069,83.3663
9223,34.9974,-137.8069,83.3663
9224,34.6974,-137.8069,83.3663
9225,34.3974,-137.8069,83.3663
9226,34.0974,-137.8069,83.3663
9227,33.7974,-137.8069,83.3663
9228,33.4974,-137.8069,83.3663
9229,33.1974,-137.8069,83.3663
9230,32.8974,-137.8069,83.3663
9231,32.5974,-137.8069,83.3663
9232,32.2974,-137.8069,83.3663
9233,31.9974,-137.8069,83.3663
9234,31.6974,-137.8069,83.3663
9235,31.3974,-137.8069,83.3663
9236,31.0974,-137.8069,83.3663
9237,30.7974,-137.8069,83.3663
9238,30.4974,-137.5069,83.3663
9239,30.1974,-137.2069,83.3663
9240,29.8974,-136.9069,83.3663
9241,29.5974,-136.6069,83.3663
9242,29.2974,-136.6069,83.3663
9243,28.9974,-136.6069,83.3663
9244,28.6974,-136.6069,83.3663
9245,28.3974,-136.6069,83.3663
9246,28.0974,-136.6069,83.3663
9247,27.7974,-136.6069,83.3663
9248,27.4974,-136.6069,83.3663
9249,27.1974,-136.6069,83.3663
9250,26.8974,-136.6069,83.3663
9251,26.5974,-136.6069,83.3663
9252,26.2974,-136.6069,83.3663
9253,25.9974,-136.6069,83.3663
9254,25.6974,-136.6069,83.3663
9255,25.3974,-136.6069,83.3663
9256,25.0974,-136.6069,83.3663
9257,24.7974,-136.6069,83.3663
9258,24.4974,-136.6069,83.3663
9259,24.1974,-136.6069,83.3663
9260,23.8974,-136.6069,83.3663
9261,23.5974,-136.3069,83.3663
9262,23.2974,-136.0069,83.3663
9263,22.9974,-135.7069,83.3663
9264,22.6974,-135.4069,83.3663
9265,22.3974,-135.1069,83.3663
9266,22.0974,-134.8069,83.3663
9267,21.7974,-134.5069,83.3663
9268,21.4974,-134.2069,83.3663
9269,21.1974,-133.9069,83.3663
9270,20.8974,-133.6069,83.3663
9271,20.5974,-133.3069,83.3663
9272,20.2974,-133.0069,83.3663
9273,19.9974,-132.7069,83.3663
9274,19.6974,-132.4069,83.3663
9275,19.3974,-132.1069,83.3663
9276,19.0974,-132.1069,83.3663
9277,18.7974,-132.1069,83.3663
9278,18.4974,-132.1069,83.3663
9279,18.1974,-132.1069,83.3663
9280,17.8974,-132.1069,83.3663
9281,17.5974,-132.1069,83.3663
9282,17.2974,-132.1069,83.3663
9283,16.9974,-132.1069,83.3663
9284,16.6974,-132.1069,83.3663
9285,16.3974,-132.1069,83.3663
9286,16.0974,-132.1069,83.3663
9287,15.7974,-132.1069,83.3663
9288,15.4974,-132.1069,83.3663
9289,15.1974,-132.1069,83.3663
9290,14.8974,-132.1069,83.3663
9291,14.5974,-132.1069,83.3663
9292,14.2974,-132.1069,83.3663
9293,13.9974,-132.1069,83.3663
9294,13.6974,-132.1069,83.3663
9295,13.3974,-132.1069,83.3663
9296,13.0974,-132.1069,83.3663
9297,12.7974,-132.1069,83.3663
9298,12.4974,-132.1069,83.3663
9299,12.1974,-132.1069,83.3663
9300,11.8974,-132.1069,83.3663
9301,11.5974,-132.1069,83.3663
9302,11.2974,-132.1069,83.3663
9303,10.9974,-132.1069,83.3663
9304,10.6974,-132.1069,83.3663
9305,10.3974,-132.1069,83.3663
9306,10.0974,-132.1069,83.3663
9307,9.7974,-132.1069,83.3663
9308,9.4974,-132.1069,83.3663
9309,9.1974,-132.1069,83.3663
9310,8.8974,-132.1069,83.3663
9311,8.5974,-132.1069,83.3663
9312,8.2974,-132.1069,83.3663
9313,7.9974,-132.1069,83.3663
9314,7.6974,-132.1069,83.3663
9315,7.3974,-132.1069,83.3663
9316,7.0974,-132.1069,83.3663
9317,6.7974,-132.1069,83.3663
9318,6.4974,-132.1069,83.3663
9319,6.1974,-132.1069,83.3663
9320,5.8974,-132.1069,83.3663
9321,5.5974,-132.1069,83.3663
9322,5.2974,-132.1069,83.3663
9323,4.9974,-132.1069,83.3663
9324,4.6974,-132.1069,83.3663
9325,4.3974,-132.1069,83.3663
9326,4.0974,-132.1069,83.3663
9327,3.7974,-132.1069,83.3663
9328,3.4974,-132.1069,83.3663
9329,3.1974,-132.1069,83.3663
9330,2.8974,-132.1069,83.3663
9331,2.5974,-132.1069,83.3663
9332,2.2974,-132.1069,83.3663
9333,1.9974,-132.1069,83.3663
9334,1.6974,-132.1069,83.3663
9335,1.3974,-132.1069,83.3663
9336,1.0974,-132.1069,83.3663
9337,0.7974,-132.1069,83.3663
9338,0.4974,-132.1069,83.3663
9339,0.1974,-132.1069,83.3663
9340,-0.1026,-132.1069,83.3663
9341,-0.4026,-132.1069,83.3663
9342,-0.7026,-132.1069,83.3663
9343,-1.0026,-132.1069,83.3663
9344,-1.3026,-132.1069,83.3663
9345,-1.6026,-132.1069,83.3663
9346,-1.9026,-132.1069,83.3663
9347,-2.2026,-132.1069,83.3663
9348,-2.5026,-132.1069,83.3663
9349,-2.8026,-132.1069,83.3663
9350,-3.1026,-132.1069,83.3663
9351,-3.4026,-132.1069,83.3663
9352,-3.7026,-132.1069,83.3663
9353,-4.0026,-132.1069,83.3663
9354,-4.3026,-132.1069,83.3663
9355,-4.6026,-132.1069,83.3663
9356,-4.9026,-132.1069,83.3663
9357,-5.2026,-132.1069,83.3663
9358,-5.5026,-132.1069,83.3663
9359,-5.8026,-132.1069,83.3663
9360,-6.1026,-132.1069,83.3663
9361,-6.4026,-132.1069,83.3663
9362,-6.1026,-132.1069,83.3663
9363,-5.8026,-132.1069,83.3663
9364,-5.5026,-132.1069,83.3663
9365,-5.2026,-132.1069,83.3663
9366,-4.9026,-132.1069,83.3663
9367,-4.6026,-132.1069,83.3663
9368,-4.3026,-132.1069,83.3663
9369,-4.0026,-132.1069,83.3663
9370,-3.7026,-132.1069,83.3663
9371,-3.4026,-132.1069,83.3663
9372,-3.1026,-132.1069,83.3663
9373,-2.8026,-132.1069,83.3663
9374,-2.5026,-132.1069,83.3663
9375,-2.2026,-132.1069,83.3663
9376,-1.9026,-132.1069,83.3663
9377,-1.6026,-132.1069,83.3663
9378,-1.3026,-132.1069,83.3663
9379,-1.0026,-132.1069,83.3663
9380,-0.7026,-132.1069,83.3663
9381,-0.4026,-132.1069,83.3663
9382,-0.1026,-132.1069,83.3663
9383,0.1974,-132.1069,83.3663
9384,0.4974,-132.1069,83.3663
9385,0.7974,-132.1069,83.3663
9386,1.0974,-132.1069,83.3663
9387,1.3974,-132.1069,83.3663
9388,1.6974,-132.1069,83.3663
9389,1.9974,-132.1069,83.3663
9390,2.2974,-132.1069,83.3663
9391,2.5974,-132.1069,83.3663
9392,2.8974,-132.1069,83.3663
9393,3.1974,-132.1069,83.3663
9394,3.4974,-132.1069,83.3663
9395,3.7974,-132.1069,83.3663
9396,4.0974,-132.1069,83.3663
9397,4.3974,-132.1069,83.3663
9398,4.6974,-132.1069,83.3663
9399,4.9974,-132.1069,83.3663
9400,5.2974,-132.1069,83.3663
9401,5.5974,-132.1069,83.3663
9402,5.8974,-132.1069,83.3663
9403,6.1974,-132.1069,83.3663
9404,6.4974,-132.1069,83.3663
9405,6.7974,-132.1069,83.3663
9406,7.0974,-132.1069,83.3663
9407,7.3974,-132.1069,83.3663
9408,7.6974,-132.1069,83.3663
9409,7.9974,-132.1069,83.3663
9410,8.2974,-132.1069,83.3663
9411,8.5974,-132.1069,83.3663
9412,8.8974,-132.1069,83.3663
9413,9.1974,-132.1069,83.3663
9414,9.4974,-132.1069,83.3663
9415,9.7974,-132.1069,83.3663
9416,10.0974,-132.1069,83.3663
9417,10.3974,-132.1069,83.3663
9418,10.6974,-132.1069,83.3663
9419,10.9974,-132.1069,83.3663
9420,11.2974,-132.1069,83.3663
9421,11.5974,-132.1069,83.3663
9422,11.8974,-132.1069,83.3663
9423,12.1974,-132.1069,83.3663
9424,12.4974,-132.1069,83.3663
9425,12.7974,-132.1069,83.3663
9426,13.0974,-132.1069,83.3663
9427,13.3974,-132.1069,83.3663
9428,13.6974,-132.1069,83.3663
9429,13.9974,-132.1069,83.3663
9430,14.2974,-132.1069,83.3663
9431,14.5974,-132.4069,83.3663
9432,14.8974,-132.4069,83.3663
9433,15.1974,-132.4069,83.3663
9434,15.4974,-132.7069,83.3663
9435,15.7974,-132.7069,83.3663
9436,16.0974,-133.0069,83.3663
9437,16.3974,-133.0069,83.3663
9438,16.6974,-133.3069,83.3663
9439,16.9974,-133.3069,83.3663
9440,17.2974,-133.6069,83.3663
9441,17.5974,-133.6069,83.3663
9442,17.8974,-133.9069,83.3663
9443,18.1974,-133.9069,83.3663
9444,18.4974,-133.9069,83.3663
9445,18.7974,-134.2069,83.3663
9446,19.0974,-134.2069,83.3663
9447,19.3974,-134.5069,83.3663
9448,19.6974,-134.5069,83.3663
9449,19.9974,-134.8069,83.3663
9450,20.2974,-134.8069,83.3663
9451,20.5974,-135.1069,83.3663
9452,20.8974,-135.1069,83.3663
9453,21.1974,-135.4069,83.3663
9454,21.4974,-135.4069,83.3663
9455,21.7974,-135.4069,83.3663
9456,22.0974,-135.4069,83.3663
9457,22.3974,-135.4069,83.3663
9458,22.6974,-135.4069,83.3663
9459,22.9974,-135.4069,83.3663
9460,23.2974,-135.4069,83.3663
9461,23.5974,-135.4069,83.3663
9462,23.8974,-135.4069,83.3663
9463,24.1974,-135.4069,83.3663
9464,24.4974,-135.4069,83.3663
9465,24.7974,-135.4069,83.3663
9466,25.0974,-135.4069,83.3663
9467,25.3974,-135.4069,83.3663
9468,25.6974,-135.4069,83.3663
9469,25.9974,-135.4069,83.3663
9470,26.2974,-135.4069,83.3663
9471,26.5974,-135.4069,83.3663
9472,26.8974,-135.4069,83.3663
9473,27.1974,-135.4069,83.3663
9474,27.4974,-135.4069,83.3663
9475,27.7974,-135.4069,83.3663
9476,28.0974,-135.4069,83.3663
9477,28.3974,-135.4069,83.3663
9478,28.6974,-135.4069,83.3663
9479,28.9974,-135.4069,83.3663
9480,29.2974,-135.4069,83.3663
9481,29.5974,-135.4069,83.3663
9482,29.8974,-135.7069,83.3663
9483,30.1974,-135.7069,83.3663
9484,30.4974,-135.7069,83.3663
9485,30.7974,-135.7069,83.3663
9486,31.0974,-135.7069,83.3663
9487,31.3974,-136.0069,83.3663
9488,31.6974,-136.3069,83.3663
9489,31.9974,-136.6069,83.3663
9490,32.2974,-136.6069,83.3663
9491,32.5974,-136.9069,83.3663
9492,32.8974,-136.9069,83.3663
9493,33.1974,-137.2069,83.3663
9494,33.4974,-137.2069,83.3663
9495,33.7974,-137.5069,83.3663
9496,34.0974,-137.5069,83.3663
9497,34.3974,-137.8069,83.3663
9498,34.6974,-137.8069,83.3663
9499,34.9974,-137.8069,83.3663
9500,35.2974,-137.8069,83.3663
9501,35.5974,-137.8069,83.3663
9502,35.8974,-137.8069,83.3663
9503,36.1974,-137.8069,83.3663
9504,36.4974,-137.8069,83.3663
9505,36.7974,-137.8069,83.3663
9506,37.0974,-138.1069,83.3663
9507,37.3974,-138.4069,83.3663
9508,37.6974,-138.7069,83.3663
9509,37.9974,-139.0069,83.3663
9510,38.2974,-139.3069,83.3663
9511,38.5974,-139.6069,83.3663
9512,38.5974,-139.6069,83.6663
9513,38.5974,-139.6069,83.9663
9514,38.2974,-139.3069,84.2663
9515,38.2974,-139.3069,84.5663
9516,38.2974,-139.3069,84.8663
9517,38.2974,-139.3069,85.1663
9518,38.2974,-139.3069,85.4663
9519,38.2974,-139.3069,85.7663
9520,38.2974,-139.3069,86.0663
9521,38.2974,-139.3069,86.3663
9522,37.9974,-139.6069,86.6663
9523,37.9974,-139.6069,86.9663
9524,37.9974,-139.9069,87.2663
9525,37.9974,-139.9069,87.5663
9526,37.9974,-140.2069,87.8663
9527,37.9974,-140.2069,88.1663
9528,37.9974,-140.5069,88.4663
9529,37.9974,-140.8069,88.7663
9530,37.9974,-141.1069,89.0663
9531,37.6974,-141.4069,89.3663
9532,37.3974,-141.7069,89.6663
9533,37.0974,-142.0069,89.9663
9534,37.0974,-142.3069,89.9663
9535,36.7974,-142.6069,90.2663
9536,36.7974,-142.9069,90.2663
9537,36.7974,-143.2069,90.2663
9538,36.7974,-143.5069,90.2663
9539,36.7974,-143.8069,90.2663
9540,36.7974,-144.1069,90.2663
9541,36.7974,-144.4069,90.2663
9542,36.7974,-144.7069,90.2663
9543,36.4974,-145.0069,90.2663
9544,36.4974,-145.3069,90.2663
9545,36.4974,-145.6069,90.2663
9546,36.4974,-145.9069,90.2663
9547,36.4974,-146.2069,90.2663
9548,36.1974,-146.5069,90.2663
9549,36.1974,-146.8069,90.2663
9550,35.8974,-147.1069,90.2663
9551,35.5974,-147.4069,90.2663
9552,35.2974,-147.7069,90.2663
9553,34.9974,-148.0069,89.9663
9554,34.6974,-148.3069,89.9663
9555,34.3974,-148.6069,89.6663
9556,34.0974,-148.9069,89.3663
9557,33.7974,-149.2069,89.0663
9558,33.7974,-149.5069,88.7663
9559,33.4974,-149.8069,88.4663
9560,33.4974,-149.8069,88.1663
9561,33.1974,-150.1069,87.8663
9562,33.1974,-150.1069,87.5663
9563,33.1974,-150.1069,87.2663
9564,33.1974,-150.4069,86.9663
9565,33.1974,-150.4069,86.6663
9566,33.1974,-150.4069,86.3663
9567,33.1974,-150.4069,86.0663
9568,33.1974,-150.4069,85.7663
9569,33.1974,-150.4069,85.4663
9570,33.1974,-150.4069,85.1663
9571,33.1974,-150.4069,84.8663
9572,33.1974,-150.1069,84.5663
9573,33.1974,-150.1069,84.2663
9574,32.8974,-149.8069,83.9663
9575,32.8974,-149.8069,83.6663
9576,32.8974,-149.5069,83.3663
9577,32.5974,-149.5069,83.3663
9578,32.2974,-149.5069,83.3663
9579,31.9974,-149.5069,83.3663
9580,31.6974,-149.5069,83.3663
9581,31.3974,-149.5069,83.3663
9582,31.0974,-149.5069,83.3663
9583,30.7974,-149.5069,83.3663
9584,30.4974,-149.5069,83.3663
9585,30.1974,-149.5069,83.3663
9586,29.8974,-149.5069,83.3663
9587,29.5974,-149.5069,83.3663
9588,29.2974,-149.5069,83.3663
9589,28.9974,-149.5069,83.3663
9590,28.6974,-149.5069,83.3663
9591,28.3974,-149.5069,83.3663
9592,28.0974,-149.5069,83.3663
9593,27.7974,-149.5069,83.3663
9594,27.4974,-149.5069,83.3663
9595,27.1974,-149.5069,83.3663
9596,26.8974,-149.5069,83.3663
9597,26.5974,-149.5069,83.3663
9598,26.2974,-149.5069,83.3663
9599,25.9974,-149.5069,83.3663
9600,25.6974,-149.5069,83.3663
9601,25.3974,-149.5069,83.3663
9602,25.0974,-149.5069,83.3663
9603,24.7974,-149.5069,83.3663
9604,24.4974,-149.5069,83.3663
9605,24.1974,-149.5069,83.3663
9606,23.8974,-149.5069,83.3663
9607,23.5974,-149.5069,83.3663
9608,23.2974,-149.5069,83.3663
9609,22.9974,-149.5069,83.3663
9610,22.6974,-149.5069,83.3663
9611,22.3974,-149.5069,83.3663
9612,22.0974,-149.5069,83.3663
9613,21.7974,-149.5069,83.3663
9614,21.4974,-149.5069,83.3663
9615,21.1974,-149.5069,83.3663
9616,20.8974,-149.5069,83.3663
9617,20.5974,-149.5069,83.3663
9618,20.2974,-149.5069,83.3663
9619,19.9974,-149.5069,83.3663
9620,19.6974,-149.5069,83.3663
9621,19.3974,-149.5069,83.3663
9622,19.0974,-149.5069,83.3663
9623,18.7974,-149.5069,83.3663
9624,18.4974,-149.5069,83.3663
9625,18.1974,-149.5069,83.3663
9626,17.8974,-149.5069,83.3663
9627,17.5974,-149.5069,83.3663
9628,17.2974,-149.5069,83.3663
9629,16.9974,-149.5069,83.3663
9630,16.6974,-149.5069,83.3663
9631,16.3974,-149.5069,83.3663
9632,16.0974,-149.5069,83.3663
9633,15.7974,-149.5069,83.3663
9634,15.4974,-149.5069,83.3663
9635,15.1974,-149.5069,83.3663
9636,14.8974,-149.5069,83.3663
9637,14.5974,-149.5069,83.3663
9638,14.2974,-149.5069,83.3663
9639,13.9974,-149.5069,83.3663
9640,13.6974,-149.5069,83.3663
9641,13.3974,-149.5069,83.3663
9642,13.0974,-149.5069,83.3663
9643,12.7974,-149.5069,83.3663
9644,12.4974,-149.5069,83.3663
9645,12.1974,-149.5069,83.3663
9646,11.8974,-149.2069,83.3663
9647,11.5974,-149.2069,83.3663
9648,11.2974,-149.2069,83.3663
9649,10.9974,-148.9069,83.3663
9650,10.6974,-148.9069,83.3663
9651,10.3974,-148.6069,83.3663
9652,10.0974,-148.6069,83.3663
9653,9.7974,-148.3069,83.3663
9654,9.4974,-148.3069,83.3663
9655,9.1974,-148.0069,83.3663
9656,8.8974,-148.0069,83.3663
9657,8.5974,-147.7069,83.3663
9658,8.2974,-147.7069,83.3663
9659,7.9974,-147.7069,83.3663
9660,7.6974,-147.4069,83.3663
9661,7.3974,-147.4069,83.3663
9662,7.0974,-147.1069,83.3663
9663,6.7974,-147.1069,83.3663
9664,6.4974,-146.8069,83.3663
9665,6.1974,-146.8069,83.3663
9666,5.8974,-146.5069,83.3663
9667,5.5974,-146.5069,83.3663
9668,5.2974,-146.2069,83.3663
9669,4.9974,-146.2069,83.3663
9670,4.6974,-146.2069,83.3663
9671,4.3974,-145.9069,83.3663
9672,4.0974,-145.9069,83.3663
9673,3.7974,-145.6069,83.3663
9674,3.4974,-145.6069,83.3663
9675,3.1974,-145.3069,83.3663
9676,2.8974,-145.3069,83.3663
9677,2.5974,-145.0069,83.3663
9678,2.2974,-145.0069,83.3663
9679,1.9974,-144.7069,83.3663
9680,1.6974,-144.7069,83.3663
9681,1.3974,-144.7069,83.3663
9682,1.0974,-144.4069,83.3663
9683,0.7974,-144.1069,83.3663
9684,0.4974,-143.8069,83.3663
9685,0.1974,-143.5069,83.3663
9686,-0.1026,-143.2069,83.3663
9687,-0.4026,-142.9069,83.3663
9688,-0.7026,-142.6069,83.3663
9689,-1.0026,-142.3069,83.3663
9690,-1.3026,-142.0069,83.3663
9691,-1.6026,-141.7069,83.3663
9692,-1.9026,-141.4069,83.3663
9693,-2.2026,-141.4069,83.3663
9694,-2.5026,-141.4069,83.3663
9695,-2.8026,-141.4069,83.3663
9696,-3.1026,-141.4069,83.3663
9697,-3.4026,-141.4069,83.3663
9698,-3.7026,-141.4069,83.3663
9699,-4.0026,-141.4069,83.3663
9700,-4.3026,-141.4069,83.3663
9701,-4.6026,-141.4069,83.3663
9702,-4.9026,-141.4069,83.3663
9703,-5.2026,-141.4069,83.3663
9704,-5.5026,-141.4069,83.3663
9705,-5.8026,-141.4069,83.3663
9706,-6.1026,-141.1069,83.3663
9707,-6.4026,-141.1069,83.3663
9708,-6.7026,-140.8069,83.3663
9709,-7.0026,-140.8069,83.3663
9710,-7.3026,-140.5069,83.3663
9711,-7.6026,-140.5069,83.3663
9712,-7.9026,-140.5069,83.3663
9713,-8.2026,-140.2069,83.3663
9714,-8.5026,-140.2069,83.3663
9715,-8.8026,-140.2069,83.3663
9716,-9.1026,-140.2069,83.3663
9717,-9.4026,-140.2069,83.3663
9718,-9.7026,-140.2069,83.3663
9719,-10.0026,-140.2069,83.3663
9720,-10.3026,-140.2069,83.3663
9721,-10.6026,-140.2069,83.3663
9722,-10.9026,-140.2069,83.3663
9723,-11.2026,-140.2069,83.3663
9724,-11.5026,-140.2069,83.3663
9725,-11.8026,-140.2069,83.3663
9726,-12.1026,-140.2069,83.3663
9727,-12.4026,-140.2069,83.3663
9728,-12.7026,-140.2069,83.3663
9729,-13.0026,-140.2069,83.3663
9730,-13.3026,-140.2069,83.3663
9731,-13.6026,-140.2069,83.3663
9732,-13.9026,-140.2069,83.3663
9733,-14.2026,-140.2069,83.3663
9734,-14.5026,-140.2069,83.3663
9735,-14.8026,-140.2069,83.3663
9736,-15.1026,-140.2069,83.3663
9737,-15.4026,-140.2069,83.3663
9738,-15.7026,-140.2069,83.3663
9739,-16.0026,-140.2069,83.3663
9740,-16.3026,-140.2069,83.3663
9741,-16.6026,-140.2069,83.3663
9742,-16.9026,-140.2069,83.3663
9743,-17.2026,-140.2069,83.3663
9744,-17.5026,-140.2069,83.3663
9745,-17.8026,-140.2069,83.3663
9746,-18.1026,-140.2069,83.3663
9747,-18.4026,-140.2069,83.3663
9748,-18.7026,-140.2069,83.3663
9749,-19.0026,-140.2069,83.3663
9750,-19.3026,-140.2069,83.3663
9751,-19.6026,-140.2069,83.3663
9752,-19.9026,-140.2069,83.3663
9753,-20.2026,-140.2069,83.3663
9754,-20.5026,-140.2069,83.3663
9755,-20.8026,-140.2069,83.3663
9756,-21.1026,-140.2069,83.3663
9757,-21.4026,-140.2069,83.3663
9758,-21.7026,-140.2069,83.3663
9759,-22.0026,-140.2069,83.3663
9760,-22.3026,-140.2069,83.3663
9761,-22.6026,-140.2069,83.3663
9762,-22.9026,-140.2069,83.3663
9763,-23.2026,-140.2069,83.3663
9764,-23.5026,-140.2069,83.3663
9765,-23.8026,-140.2069,83.3663
9766,-24.1026,-140.2069,83.3663
9767,-24.4026,-140.2069,83.3663
9768,-24.7026,-140.2069,83.3663
9769,-25.0026,-140.2069,83.3663
9770,-25.3026,-140.2069,83.3663
9771,-25.6026,-140.2069,83.3663
9772,-25.9026,-140.2069,83.3663
9773,-26.2026,-140.2069,83.3663
9774,-26.5026,-140.2069,83.3663
9775,-26.8026,-140.2069,83.3663
9776,-27.1026,-140.2069,83.3663
9777,-27.4026,-140.2069,83.3663
9778,-27.7026,-140.2069,83.3663
9779,-28.0026,-140.2069,83.3663
9780,-28.3026,-140.2069,83.3663
9781,-28.6026,-140.2069,83.3663
9782,-28.9026,-140.2069,83.3663
9783,-29.2026,-140.2069,83.3663
9784,-29.5026,-140.2069,83.3663
9785,-29.8026,-140.2069,83.3663
9786,-30.1026,-140.2069,83.3663
9787,-30.4026,-140.2069,83.3663
9788,-30.7026,-140.2069,83.3663
9789,-31.0026,-140.2069,83.3663
9790,-31.3026,-140.2069,83.3663
9791,-31.6026,-140.2069,83.3663
9792,-31.9026,-140.2069,83.3663
9793,-32.2026,-140.2069,83.3663
9794,-32.5026,-140.2069,83.3663
9795,-32.8026,-139.9069,83.3663
9796,-33.1026,-139.9069,83.3663
9797,-33.4026,-139.9069,83.3663
9798,-33.7026,-139.6069,83.3663
9799,-34.0026,-139.6069,83.3663
9800,-34.3026,-139.3069,83.3663
9801,-34.6026,-139.3069,83.3663
9802,-34.9026,-139.0069,83.3663
9803,-35.2026,-139.0069,83.3663
9804,-35.5026,-138.7069,83.3663
9805,-35.8026,-138.7069,83.3663
9806,-36.1026,-138.7069,83.3663
9807,-36.4026,-138.4069,83.3663
9808,47.2257,-151.5976,83.5000
9809,46.9974,-151.6069,83.3663
9810,46.6974,-151.6069,83.3663
9811,46.3974,-151.6069,83.3663
9812,46.0974,-151.6069,83.3663
9813,45.7974,-151.6069,83.3663
9814,45.4974,-151.6069,83.3663
9815,45.1974,-151.6069,83.3663
9816,44.8974,-151.6069,83.3663
9817,44.5974,-151.6069,83.3663
9818,44.2974,-151.6069,83.3663
9819,43.9974,-151.6069,83.3663
9820,43.6974,-151.6069,83.3663
9821,43.3974,-151.6069,83.3663
9822,43.0974,-151.6069,83.3663
9823,42.7974,-151.6069,83.3663
9824,42.4974,-151.6069,83.3663
9825,42.1974,-151.6069,83.3663
9826,41.8974,-151.6069,83.3663
9827,41.5974,-151.6069,83.3663
9828,41.2974,-151.6069,83.3663
9829,40.9974,-151.6069,83.3663
9830,40.6974,-151.6069,83.3663
9831,40.3974,-151.6069,83.3663
9832,40.0974,-151.6069,83.3663
9833,39.7974,-151.6069,83.3663
9834,39.4974,-151.6069,83.3663
9835,39.1974,-151.6069,83.3663
9836,38.8974,-151.6069,83.3663
9837,38.5974,-151.6069,83.3663
9838,38.2974,-151.6069,83.3663
9839,37.9974,-151.6069,83.3663
9840,37.6974,-151.6069,83.3663
9841,37.3974,-151.6069,83.3663
9842,37.0974,-151.6069,83.3663
9843,36.7974,-151.6069,83.3663
9844,36.4974,-151.6069,83.3663
9845,36.1974,-151.6069,83.3663
9846,35.8974,-151.6069,83.3663
9847,35.5974,-151.6069,83.3663
9848,35.2974,-151.6069,83.3663
9849,34.9974,-151.6069,83.3663
9850,34.6974,-151.6069,83.3663
9851,34.3974,-151.6069,83.3663
9852,34.0974,-151.6069,83.3663
9853,33.7974,-151.6069,83.3663
9854,33.4974,-151.6069,83.3663
9855,33.1974,-151.6069,83.3663
9856,32.8974,-151.6069,83.3663
9857,32.5974,-151.6069,83.3663
9858,32.2974,-151.6069,83.3663
9859,31.9974,-151.6069,83.3663
9860,31.6974,-151.6069,83.3663
9861,31.3974,-151.6069,83.3663
9862,31.0974,-151.6069,83.3663
9863,30.7974,-151.6069,83.3663
9864,30.4974,-151.6069,83.3663
9865,30.1974,-151.6069,83.3663
9866,29.8974,-151.6069,83.3663
9867,29.5974,-151.6069,83.3663
9868,29.2974,-151.6069,83.3663
9869,28.9974,-151.6069,83.3663
9870,28.6974,-151.3069,83.3663
9871,28.3974,-151.3069,83.3663
9872,28.0974,-151.0069,83.3663
9873,27.7974,-151.0069,83.3663
9874,27.4974,-150.7069,83.3663
9875,27.1974,-150.7069,83.3663
9876,26.8974,-150.4069,83.3663
9877,26.5974,-150.4069,83.3663
9878,26.2974,-150.1069,83.3663
9879,25.9974,-150.1069,83.3663
9880,25.6974,-150.1069,83.3663
9881,25.3974,-149.8069,83.3663
9882,25.0974,-149.8069,83.3663
9883,24.7974,-149.5069,83.3663
9884,24.4974,-149.5069,83.3663
9885,24.1974,-149.2069,83.3663
9886,23.8974,-149.2069,83.3663
9887,23.5974,-148.9069,83.3663
9888,23.2974,-148.9069,83.3663
9889,22.9974,-148.6069,83.3663
9890,22.6974,-148.6069,83.3663
9891,22.3974,-148.6069,83.3663
9892,22.0974,-148.3069,83.3663
9893,21.7974,-148.3069,83.3663
9894,21.4974,-148.0069,83.3663
9895,21.1974,-148.0069,83.3663
9896,20.8974,-147.7069,83.3663
9897,20.5974,-147.7069,83.3663
9898,20.2974,-147.7069,83.3663
9899,19.9974,-147.4069,83.3663
9900,19.6974,-147.4069,83.3663
9901,19.3974,-147.1069,83.3663
9902,19.6974,-147.1069,83.3663
9903,19.9974,-147.4069,83.3663
9904,20.2974,-147.7069,83.3663
9905,20.5974,-147.7069,83.3663
9906,20.8974,-147.7069,83.3663
9907,21.1974,-148.0069,83.3663
9908,21.4974,-148.0069,83.3663
9909,21.7974,-148.0069,83.3663
9910,22.0974,-148.0069,83.3663
9911,22.3974,-148.0069,83.3663
9912,22.6974,-148.0069,83.3663
9913,22.9974,-148.0069,83.3663
9914,23.2974,-148.0069,83.3663
9915,23.5974,-148.0069,83.3663
9916,23.8974,-148.0069,83.3663
9917,24.1974,-148.3069,83.3663
9918,24.4974,-148.3069,83.3663
9919,24.7974,-148.3069,83.3663
9920,25.0974,-148.6069,83.3663
9921,25.3974,-148.6069,83.3663
9922,25.6974,-148.6069,83.3663
9923,25.9974,-148.6069,83.3663
9924,26.2974,-148.6069,83.3663
9925,26.5974,-148.9069,83.3663
9926,26.8974,-148.9069,83.3663
9927,27.1974,-149.2069,83.3663
9928,27.4974,-149.2069,83.3663
9929,27.7974,-149.2069,83.3663
9930,28.0974,-149.2069,83.3663
9931,28.3974,-149.2069,83.3663
9932,28.6974,-149.2069,83.3663
9933,28.9974,-149.2069,83.3663
9934,29.2974,-149.2069,83.3663
9935,29.5974,-149.2069,83.3663
9936,29.8974,-149.2069,83.3663
9937,30.1974,-149.2069,83.3663
9938,30.4974,-149.2069,83.3663
9939,30.7974,-149.2069,83.3663
9940,31.0974,-149.2069,83.3663
9941,31.3974,-149.2069,83.3663
9942,31.6974,-149.2069,83.3663
9943,31.9974,-149.5069,83.3663
9944,32.2974,-149.5069,83.3663
9945,32.5974,-149.5069,83.3663
9946,32.8974,-149.5069,83.3663
9947,33.1974,-149.5069,83.3663
9948,33.4974,-149.5069,83.3663
9949,33.7974,-149.5069,83.3663
9950,34.0974,-149.5069,83.3663
9951,34.3974,-149.5069,83.3663
9952,34.6974,-149.5069,83.3663
9953,34.9974,-149.8069,83.3663
9954,35.2974,-150.1069,83.3663
9955,35.5974,-150.1069,83.3663
9956,35.8974,-150.1069,83.3663
9957,36.1974,-150.4069,83.3663
9958,36.4974,-150.4069,83.3663
9959,36.7974,-150.4069,83.3663
9960,37.0974,-150.4069,83.3663
9961,37.3974,-150.4069,83.3663
9962,37.6974,-150.4069,83.3663
9963,37.9974,-150.4069,83.3663
9964,38.2974,-150.4069,83.3663
9965,38.5974,-150.4069,83.3663
9966,38.8974,-150.4069,83.3663
9967,39.1974,-150.7069,83.3663
9968,39.4974,-150.7069,83.3663
9969,39.7974,-150.7069,83.3663
9970,40.0974,-150.7069,83.3663
9971,40.3974,-150.7069,83.3663
9972,40.6974,-150.7069,83.3663
9973,40.9974,-151.0069,83.3663
9974,41.2974,-151.3069,83.3663
9975,41.5974,-151.3069,83.3663
9976,41.8974,-151.6069,83.3663
9977,42.1974,-151.6069,83.3663
9978,42.4974,-151.6069,83.3663
9979,42.7974,-151.6069,83.3663
9980,43.0974,-151.6069,83.3663
9981,43.3974,-151.6069,83.3663
9982,43.6974,-151.6069,83.3663
9983,43.9974,-151.6069,83.3663
9984,44.2974,-151.6069,83.3663
9985,44.5974,-151.6069,83.3663
9986,44.8974,-151.6069,83.3663
9987,45.1974,-151.6069,83.3663
9988,45.4974,-151.6069,83.3663
9989,45.7974,-151.6069,83.3663
9990,46.0974,-151.6069,83.3663
9991,46.3974,-151.6069,83.3663
9992,46.6974,-151.6069,83.3663
9993,46.9974,-151.6069,83.3663
9994,47.2974,-151.6069,83.3663
9995,47.5974,-151.9069,83.3663
9996,47.8974,-151.9069,83.3663
9997,48.1974,-151.9069,83.3663
9998,48.4974,-151.9069,83.3663
9999,48.7974,-152.2069,83.3663
10000,49.0974,-152.2069,83.3663
10001,-38.5000,-138.1000,83.5000
10002,44.0134,-151.5194,83.5000
10003,43.6974,-151.6069,83.3663
10004,43.3974,-151.6069,83.3663
10005,43.0974,-151.6069,83.3663
10006,42.7974,-151.6069,83.3663
10007,42.4974,-151.6069,83.3663
10008,42.1974,-151.6069,83.3663
10009,41.8974,-151.6069,83.3663
10010,41.5974,-151.6069,83.3663
10011,41.2974,-151.6069,83.3663
10012,40.9974,-151.6069,83.3663
10013,40.6974,-151.6069,83.3663
10014,40.3974,-151.6069,83.3663
10015,40.0974,-151.6069,83.3663
10016,39.7974,-151.6069,83.3663
10017,39.4974,-151.6069,83.3663
10018,39.1974,-151.6069,83.3663
10019,38.8974,-151.6069,83.3663
10020,38.5974,-151.6069,83.3663
10021,38.2974,-151.6069,83.3663
10022,37.9974,-151.6069,83.3663
10023,37.6974,-151.6069,83.3663
10024,37.3974,-151.6069,83.3663
10025,37.0974,-151.6069,83.3663
10026,36.7974,-151.6069,83.3663
10027,36.4974,-151.6069,83.3663
10028,36.1974,-151.6069,83.3663
10029,35.8974,-151.6069,83.3663
10030,35.5974,-151.6069,83.3663
10031,35.2974,-151.6069,83.3663
10032,34.9974,-151.6069,83.3663
10033,34.6974,-151.6069,83.3663
10034,34.3974,-151.6069,83.3663
10035,34.0974,-151.6069,83.3663
10036,33.7974,-151.6069,83.3663
10037,33.4974,-151.6069,83.3663
10038,33.1974,-151.6069,83.3663
10039,32.8974,-151.6069,83.3663
10040,32.5974,-151.6069,83.3663
10041,32.2974,-151.6069,83.3663
10042,31.9974,-151.6069,83.3663
10043,31.6974,-151.6069,83.3663
10044,31.3974,-151.6069,83.3663
10045,31.0974,-151.6069,83.3663
10046,30.7974,-151.6069,83.3663
10047,30.4974,-151.6069,83.3663
10048,30.1974,-151.6069,83.3663
10049,29.8974,-151.3069,83.3663
10050,29.5974,-151.3069,83.3663
10051,29.2974,-151.0069,83.3663
10052,28.9974,-151.0069,83.3663
10053,28.6974,-150.7069,83.3663
10054,28.3974,-150.7069,83.3663
10055,28.0974,-150.4069,83.3663
10056,27.7974,-150.4069,83.3663
10057,27.4974,-150.4069,83.3663
10058,27.1974,-150.1069,83.3663
10059,26.8974,-150.1069,83.3663
10060,26.5974,-149.8069,83.3663
10061,26.2974,-149.8069,83.3663
10062,25.9974,-149.5069,83.3663
10063,25.6974,-149.5069,83.3663
10064,25.3974,-149.2069,83.3663
10065,25.0974,-149.2069,83.3663
10066,24.7974,-148.9069,83.3663
10067,24.4974,-148.9069,83.3663
10068,24.1974,-148.9069,83.3663
10069,23.8974,-148.6069,83.3663
10070,23.5974,-148.6069,83.3663
10071,23.2974,-148.3069,83.3663
10072,22.9974,-148.3069,83.3663
10073,22.6974,-148.0069,83.3663
10074,22.3974,-148.0069,83.3663
10075,22.0974,-148.0069,83.3663
10076,21.7974,-148.0069,83.3663
10077,21.4974,-148.0069,83.3663
10078,21.1974,-148.0069,83.3663
10079,20.8974,-147.7069,83.3663
10080,20.5974,-147.7069,83.3663
10081,20.2974,-147.7069,83.3663
10082,19.9974,-147.4069,83.3663
10083,19.6974,-147.1069,83.3663
10084,19.3974,-147.1069,83.3663
10085,19.0974,-147.1069,83.3663
10086,18.7974,-147.1069,83.3663
10087,18.4974,-147.1069,83.3663
10088,18.1974,-147.1069,83.3663
10089,17.8974,-147.1069,83.3663
10090,17.5974,-147.1069,83.3663
10091,17.2974,-147.1069,83.3663
10092,16.9974,-147.1069,83.3663
10093,16.6974,-146.8069,83.3663
10094,16.3974,-146.8069,83.3663
10095,16.0974,-146.5069,83.3663
10096,15.7974,-146.2069,83.3663
10097,15.4974,-145.9069,83.3663
10098,15.1974,-145.6069,83.3663
10099,14.8974,-145.3069,83.3663
10100,14.8974,-145.0069,83.3663
10101,14.5974,-144.7069,83.3663
10102,14.5974,-144.4069,83.3663
10103,-45.9284,-127.2716,83.5000
10104,-46.3026,-127.6069,83.6663
10105,-46.3026,-127.9069,83.9663
10106,-46.6026,-128.2069,84.2663
10107,-46.6026,-128.5069,84.5663
10108,-46.6026,-128.8069,84.8663
10109,-46.9026,-129.1069,85.1663
10110,-46.9026,-129.4069,85.1663
10111,-46.9026,-129.7069,85.1663
10112,-47.2026,-130.0069,85.4663
10113,-47.2026,-130.3069,85.4663
10114,-47.2026,-130.6069,85.4663
10115,-47.2026,-130.9069,85.4663
10116,-47.2026,-131.2069,85.4663
10117,-47.2026,-131.5069,85.4663
10118,-47.2026,-131.8069,85.4663
10119,-47.2026,-132.1069,85.4663
10120,-46.9026,-132.4069,85.4663
10121,-46.6026,-132.7069,85.4663
10122,-46.3026,-133.0069,85.4663
10123,-46.0026,-133.3069,85.4663
10124,-45.7026,-133.6069,85.1663
10125,-45.4026,-133.9069,85.1663
10126,-45.1026,-134.2069,84.8663
10127,-44.8026,-134.5069,84.5663
10128,-44.5026,-134.8069,84.2663
10129,-44.2026,-135.1069,83.9663
10130,-43.9026,-135.4069,83.6663
10131,-43.6026,-135.7069,83.3663
10132,-43.9026,-135.4069,83.6663
10133,-44.2026,-135.1069,83.9663
10134,-44.5026,-134.8069,84.2663
10135,-44.8026,-134.5069,84.5663
10136,-45.1026,-134.2069,84.8663
10137,-45.4026,-133.9069,85.1663
10138,-45.7026,-133.6069,85.1663
10139,-46.0026,-133.3069,85.4663
10140,-46.3026,-133.0069,85.4663
10141,-46.6026,-132.7069,85.4663
10142,-46.9026,-132.4069,85.4663
10143,-47.2026,-132.1069,85.4663
10144,-47.2026,-131.8069,85.4663
10145,-47.2026,-131.5069,85.4663
10146,-47.2026,-131.2069,85.4663
10147,-47.2026,-130.9069,85.4663
10148,-47.2026,-130.6069,85.4663
10149,-47.2026,-130.3069,85.4663
10150,-47.2026,-130.0069,85.1663
10151,-47.2026,-129.7069,85.1663
10152,-47.2026,-129.4069,84.8663
10153,-47.2026,-129.1069,84.8663
10154,-47.2026,-128.8069,84.5663
10155,-47.2026,-128.5069,84.2663
10156,-47.2026,-128.2069,83.9663
10157,-47.2026,-127.9069,83.6663
10158,-47.2026,-127.9069,83.3663
10159,14.0176,-144.1022,83.5000
10160,13.6974,-143.8069,83.0663
10161,13.3974,-143.5069,82.7663
10162,13.0974,-143.2069,82.4663
10163,12.7974,-142.9069,82.1663
10164,12.4974,-142.6069,81.8663
10165,12.4974,-142.3069,81.8663
10166,12.1974,-142.0069,81.5663
10167,12.1974,-141.7069,81.5663
10168,12.1974,-141.4069,81.5663
10169,11.8974,-141.1069,81.2663
10170,11.5974,-140.8069,81.2663
10171,11.2974,-140.5069,81.2663
10172,10.9974,-140.2069,81.2663
10173,10.6974,-139.9069,81.2663
10174,10.3974,-139.6069,81.2663
10175,10.0974,-139.3069,81.2663
10176,9.7974,-139.0069,81.2663
10177,9.4974,-138.7069,81.2663
10178,9.1974,-138.4069,81.2663
10179,8.8974,-138.1069,81.2663
10180,8.8974,-137.8069,81.2663
10181,8.8974,-137.5069,81.2663
10182,8.8974,-137.2069,81.5663
10183,8.8974,-136.9069,81.5663
10184,8.8974,-136.6069,81.5663
10185,9.1974,-136.3069,81.8663
10186,9.4974,-136.3069,81.8663
10187,9.7974,-136.0069,82.1663
10188,10.0974,-135.7069,82.4663
10189,10.3974,-135.7069,82.4663
10190,10.6974,-135.7069,82.4663
10191,10.9974,-135.4069,82.7663
10192,11.2974,-135.4069,82.7663
10193,11.5974,-135.4069,82.7663
10194,11.8974,-135.4069,82.7663
10195,12.1974,-135.4069,82.7663
10196,12.4974,-135.4069,82.7663
10197,12.7974,-135.4069,82.7663
10198,13.0974,-135.4069,82.7663
10199,13.3974,-135.4069,82.7663
10200,13.6974,-135.4069,82.7663
10201,13.9974,-135.4069,82.7663
10202,14.2974,-135.4069,82.7663
10203,14.5974,-135.4069,82.7663
10204,14.8974,-135.7069,83.0663
10205,15.1974,-135.7069,83.0663
10206,15.4974,-135.7069,83.3663
10207,15.7974,-135.4069,83.3663
10208,16.0974,-135.4069,83.3663
10209,16.3974,-135.4069,83.3663
10210,16.6974,-135.4069,83.3663
10211,16.9974,-135.4069,83.3663
10212,17.2974,-135.4069,83.3663
10213,17.5974,-135.4069,83.3663
10214,17.8974,-135.4069,83.3663
10215,18.1974,-135.4069,83.3663
10216,18.4974,-135.4069,83.3663
10217,18.7974,-135.4069,83.3663
10218,19.0974,-135.4069,83.3663
10219,19.3974,-135.4069,83.3663
10220,19.6974,-135.4069,83.3663
10221,19.9974,-135.4069,83.3663
10222,20.2974,-135.4069,83.3663
10223,20.5974,-135.4069,83.3663
10224,20.8974,-135.4069,83.3663
10225,21.1974,-135.4069,83.3663
10226,21.4974,-135.4069,83.3663
10227,21.7974,-135.4069,83.3663
10228,22.0974,-135.4069,83.3663
10229,22.3974,-135.4069,83.3663
10230,22.6974,-135.4069,83.3663
10231,22.9974,-135.4069,83.3663
10232,23.2974,-135.4069,83.3663
10233,23.5974,-135.4069,83.3663
10234,23.8974,-135.4069,83.3663
10235,24.1974,-135.4069,83.3663
10236,24.4974,-135.4069,83.3663
10237,24.7974,-135.4069,83.3663
10238,25.0974,-135.4069,83.3663
10239,25.3974,-135.4069,83.3663
10240,25.6974,-135.4069,83.3663
10241,25.9974,-135.4069,83.3663
10242,26.2974,-135.4069,83.3663
10243,26.5974,-135.4069,83.3663
10244,26.8974,-135.4069,83.3663
10245,27.1974,-135.4069,83.3663
10246,27.4974,-135.4069,83.3663
10247,27.7974,-135.7069,83.3663
10248,28.0974,-135.7069,83.3663
10249,28.3974,-136.0069,83.3663
10250,28.6974,-136.0069,83.3663
10251,28.9974,-136.3069,83.3663
10252,29.2974,-136.3069,83.3663
10253,29.5974,-136.6069,83.3663
10254,29.8974,-136.6069,83.3663
10255,30.1974,-136.9069,83.3663
10256,30.4974,-136.9069,83.3663
10257,30.7974,-136.9069,83.3663
10258,31.0974,-137.2069,83.3663
10259,31.3974,-137.2069,83.3663
10260,31.6974,-137.5069,83.3663
10261,31.9974,-137.5069,83.3663
10262,32.2974,-137.8069,83.3663
10263,32.5974,-137.8069,83.3663
10264,32.8974,-138.1069,83.3663
10265,33.1974,-138.1069,83.3663
10266,33.4974,-138.4069,83.3663
10267,33.7974,-138.4069,83.3663
10268,33.4974,-138.4069,83.3663
10269,33.1974,-138.1069,83.6663
10270,32.8974,-138.1069,83.6663
10271,32.5974,-138.1069,83.6663
10272,32.2974,-138.1069,83.6663
10273,31.9974,-137.8069,83.9663
10274,31.6974,-137.8069,83.9663
10275,31.3974,-137.8069,83.9663
10276,31.0974,-137.8069,83.9663
10277,30.7974,-137.8069,83.9663
10278,30.4974,-137.8069,83.9663
10279,30.1974,-137.8069,83.9663
10280,29.8974,-137.8069,83.9663
10281,29.5974,-137.8069,83.9663
10282,29.2974,-137.8069,83.9663
10283,28.9974,-137.8069,83.9663
10284,28.6974,-137.8069,83.9663
10285,28.3974,-137.8069,83.9663
10286,28.0974,-137.8069,83.9663
10287,27.7974,-137.8069,83.9663
10288,27.4974,-137.5069,83.9663
10289,27.1974,-137.5069,83.9663
10290,26.8974,-137.5069,83.6663
10291,26.5974,-137.5069,83.6663
10292,26.2974,-137.5069,83.3663
10293,25.9974,-137.5069,83.3663
10294,25.6974,-137.5069,83.3663
10295,25.3974,-137.5069,83.3663
10296,25.0974,-137.5069,83.3663
10297,24.7974,-137.2069,83.3663
10298,24.4974,-136.9069,83.3663
10299,24.1974,-136.6069,83.3663
10300,23.8974,-136.6069,83.3663
10301,23.5974,-136.6069,83.3663
10302,23.2974,-136.3069,83.3663
10303,22.9974,-136.0069,83.3663
10304,22.6974,-135.7069,83.3663
10305,22.3974,-135.4069,83.3663
10306,22.0974,-135.4069,83.3663
10307,21.7974,-135.4069,83.3663
10308,21.4974,-135.4069,83.3663
10309,21.1974,-135.4069,83.3663
10310,20.8974,-135.4069,83.3663
10311,20.5974,-135.4069,83.3663
10312,20.2974,-135.4069,83.3663
10313,19.9974,-135.4069,83.3663
10314,19.6974,-135.4069,83.3663
10315,19.3974,-135.4069,83.3663
10316,19.0974,-135.4069,83.3663
10317,18.7974,-135.4069,83.3663
10318,18.4974,-135.4069,83.3663
10319,18.1974,-135.4069,83.3663
10320,17.8974,-135.4069,83.3663
10321,17.5974,-135.4069,83.3663
10322,17.2974,-135.4069,83.3663
10323,16.9974,-135.4069,83.3663
10324,16.6974,-135.4069,83.3663
10325,16.3974,-135.4069,83.3663
10326,16.0974,-135.4069,83.3663
10327,15.7974,-135.4069,83.3663
10328,15.4974,-135.4069,83.3663
10329,15.1974,-135.4069,83.3663
10330,14.8974,-135.4069,83.3663
10331,14.5974,-135.4069,83.3663
10332,14.2974,-135.4069,83.3663
10333,13.9974,-135.4069,83.3663
10334,13.6974,-135.4069,83.3663
10335,13.3974,-135.4069,83.3663
10336,13.0974,-135.4069,83.3663
10337,12.7974,-135.4069,83.3663
10338,12.4974,-135.4069,83.3663
10339,12.1974,-135.1069,83.3663
10340,11.8974,-135.1069,83.3663
10341,11.5974,-135.1069,83.3663
10342,11.2974,-135.1069,83.3663
10343,10.9974,-135.1069,83.3663
10344,10.6974,-135.1069,83.3663
10345,10.3974,-135.1069,83.3663
10346,10.0974,-135.1069,83.3663
10347,9.7974,-135.1069,83.3663
10348,9.4974,-134.8069,83.3663
10349,9.1974,-134.8069,83.3663
10350,8.8974,-134.8069,83.3663
10351,8.5974,-134.5069,83.3663
10352,8.2974,-134.2069,83.3663
10353,7.9974,-134.2069,83.3663
10354,7.6974,-134.2069,83.3663
10355,7.3974,-134.2069,83.3663
10356,7.0974,-134.2069,83.3663
10357,6.7974,-134.2069,83.3663
10358,6.4974,-134.2069,83.3663
10359,6.1974,-134.2069,83.3663
10360,5.8974,-134.2069,83.3663
10361,5.5974,-134.2069,83.3663
10362,5.2974,-134.2069,83.3663
10363,4.9974,-133.9069,83.3663
10364,4.6974,-133.6069,83.3663
10365,4.3974,-133.6069,83.3663
10366,4.0974,-133.3069,83.3663
10367,3.7974,-133.3069,83.3663
10368,3.4974,-133.0069,83.3663
10369,3.1974,-133.0069,83.3663
10370,2.8974,-133.0069,83.3663
10371,2.5974,-133.0069,83.3663
10372,2.2974,-132.7069,83.3663
10373,1.9974,-132.7069,83.3663
10374,1.6974,-132.7069,83.3663
10375,1.3974,-132.7069,83.3663
10376,1.0974,-132.7069,83.3663
10377,0.7974,-132.7069,83.3663
10378,0.4974,-132.7069,83.3663
10379,0.1974,-132.7069,83.3663
10380,-0.1026,-132.7069,83.3663
10381,-0.4026,-132.7069,83.3663
10382,-0.7026,-132.7069,83.3663
10383,-1.0026,-132.7069,83.3663
10384,-1.3026,-132.7069,83.3663
10385,-1.6026,-132.7069,83.3663
10386,-1.9026,-132.7069,83.3663
10387,-2.2026,-132.7069,83.3663
10388,-2.5026,-132.7069,83.3663
10389,-2.8026,-132.7069,83.3663
10390,-3.1026,-132.7069,83.3663
10391,-3.4026,-132.7069,83.3663
10392,-3.7026,-132.7069,83.3663
10393,-4.0026,-132.4069,83.3663
10394,-4.3026,-132.4069,83.3663
10395,-4.6026,-132.4069,83.3663
10396,-4.9026,-132.4069,83.3663
10397,-5.2026,-132.4069,83.3663
10398,-5.5026,-132.4069,83.3663
10399,-5.8026,-132.1069,83.3663
10400,-6.1026,-131.8069,83.3663
10401,-6.4026,-131.5069,83.3663
10402,-6.7026,-131.2069,83.3663
10403,-7.0026,-130.9069,83.3663
10404,-7.3026,-130.6069,83.3663
10405,-7.6026,-130.3069,83.3663
10406,-7.9026,-130.0069,83.3663
10407,-8.2026,-129.7069,83.3663
10408,-8.5026,-129.4069,83.3663
10409,-8.8026,-129.1069,83.3663
10410,-9.1026,-129.1069,83.3663
10411,-9.4026,-129.1069,83.3663
10412,-9.7026,-129.1069,83.3663
10413,-10.0026,-129.1069,83.3663
10414,-10.3026,-129.1069,83.3663
10415,-10.6026,-129.1069,83.3663
10416,-10.9026,-129.1069,83.3663
10417,-11.2026,-129.1069,83.3663
10418,-11.5026,-129.1069,83.3663
10419,-11.8026,-129.1069,83.3663
10420,-12.1026,-129.1069,83.3663
10421,-12.4026,-129.1069,83.3663
10422,-12.7026,-129.1069,83.3663
10423,-13.0026,-129.1069,83.3663
10424,-13.3026,-129.1069,83.3663
10425,-13.6026,-129.1069,83.3663
10426,-13.9026,-129.1069,83.3663
10427,-14.2026,-129.1069,83.3663
10428,-14.5026,-129.1069,83.3663
10429,-14.8026,-129.1069,83.3663
10430,-15.1026,-129.1069,83.3663
10431,-15.4026,-129.1069,83.3663
10432,-15.7026,-129.1069,83.3663
10433,-16.0026,-129.1069,83.3663
10434,-16.3026,-129.1069,83.3663
10435,-16.6026,-129.1069,83.3663
10436,-16.9026,-129.1069,83.3663
10437,-17.2026,-129.1069,83.3663
10438,-17.5026,-129.1069,83.3663
10439,-17.8026,-129.1069,83.3663
10440,-18.1026,-129.1069,83.3663
10441,-18.4026,-129.1069,83.3663
10442,-18.7026,-129.1069,83.3663
10443,-19.0026,-129.1069,83.3663
10444,-19.3026,-129.1069,83.3663
10445,-19.6026,-129.1069,83.3663
10446,-19.9026,-129.1069,83.3663
10447,-20.2026,-129.1069,83.3663
10448,-20.5026,-129.1069,83.3663
10449,-20.8026,-129.1069,83.3663
10450,-21.1026,-129.1069,83.3663
10451,-21.4026,-129.1069,83.3663
10452,-21.7026,-129.1069,83.3663
10453,-22.0026,-129.1069,83.3663
10454,-22.3026,-129.1069,83.3663
10455,-22.6026,-129.1069,83.3663
10456,-22.9026,-129.1069,83.3663
10457,-23.2026,-129.1069,83.3663
10458,-23.5026,-129.1069,83.3663
10459,-23.8026,-129.1069,83.3663
10460,-24.1026,-129.1069,83.3663
10461,-23.8026,-129.1069,83.3663
10462,-23.5026,-129.1069,83.3663
10463,-23.2026,-129.1069,83.3663
10464,-22.9026,-129.1069,83.3663
10465,-22.6026,-129.1069,83.3663
10466,-22.3026,-129.1069,83.3663
10467,-22.0026,-129.1069,83.3663
10468,-21.7026,-129.1069,83.3663
10469,-21.4026,-129.1069,83.3663
10470,-21.1026,-129.1069,83.3663
10471,-20.8026,-129.1069,83.3663
10472,-20.5026,-129.1069,83.3663
10473,-20.2026,-129.1069,83.3663
10474,-19.9026,-129.1069,83.3663
10475,-19.6026,-129.1069,83.3663
10476,-19.3026,-129.1069,83.3663
10477,-19.0026,-129.1069,83.3663
10478,-18.7026,-129.1069,83.3663
10479,-18.4026,-129.1069,83.3663
10480,-18.1026,-129.1069,83.3663
10481,-17.8026,-129.1069,83.3663
10482,-17.5026,-129.1069,83.3663
10483,-17.2026,-129.1069,83.3663
10484,-16.9026,-129.1069,83.3663
10485,-16.6026,-129.1069,83.3663
10486,-16.3026,-129.1069,83.3663
10487,-16.0026,-129.1069,83.3663
10488,-15.7026,-129.1069,83.3663
10489,-15.4026,-129.1069,83.3663
10490,-15.1026,-129.1069,83.3663
10491,-14.8026,-129.1069,83.3663
10492,-14.5026,-129.1069,83.3663
10493,-14.2026,-129.1069,83.3663
10494,-13.9026,-129.1069,83.3663
10495,-13.6026,-129.1069,83.3663
10496,-13.3026,-129.1069,83.3663
10497,-13.0026,-129.1069,83.3663
10498,-12.7026,-129.1069,83.3663
10499,-12.4026,-129.1069,83.3663
10500,-12.1026,-129.1069,83.3663
10501,-11.8026,-129.1069,83.3663
10502,-11.5026,-129.1069,83.3663
10503,-11.2026,-129.1069,83.3663
10504,-10.9026,-129.1069,83.3663
10505,-10.6026,-129.1069,83.3663
10506,-10.3026,-129.1069,83.3663
10507,-10.0026,-129.1069,83.3663
10508,-9.7026,-129.1069,83.3663
10509,-9.4026,-129.1069,83.3663
10510,-9.1026,-129.1069,83.3663
10511,-8.8026,-129.1069,83.3663
10512,-8.5026,-129.1069,83.3663
10513,-8.2026,-129.1069,83.3663
10514,-7.9026,-129.1069,83.3663
10515,-7.6026,-129.1069,83.3663
10516,-7.3026,-129.1069,83.3663
10517,-7.0026,-129.1069,83.3663
10518,-6.7026,-129.1069,83.3663
10519,-6.4026,-129.1069,83.3663
10520,-6.1026,-129.1069,83.3663
10521,-5.8026,-129.1069,83.3663
10522,-5.5026,-129.1069,83.3663
10523,-5.2026,-129.1069,83.3663
10524,-4.9026,-129.1069,83.3663
10525,-4.6026,-129.1069,83.3663
10526,-4.3026,-129.1069,83.3663
10527,-4.0026,-129.1069,83.3663
10528,-3.7026,-129.1069,83.3663
10529,-3.4026,-129.1069,83.3663
10530,-3.1026,-129.1069,83.3663
10531,-2.8026,-129.1069,83.3663
10532,-2.5026,-129.1069,83.3663
10533,-2.2026,-129.1069,83.3663
10534,-1.9026,-129.1069,83.3663
10535,-1.6026,-129.1069,83.3663
10536,-1.3026,-129.1069,83.3663
10537,-1.0026,-129.1069,83.3663
10538,-0.7026,-129.1069,83.3663
10539,-0.4026,-129.1069,83.3663
10540,-0.1026,-129.1069,83.3663
10541,0.1974,-129.1069,83.3663
10542,0.4974,-129.1069,83.3663
10543,0.7974,-129.4069,83.3663
10544,1.0974,-129.4069,83.3663
10545,1.3974,-129.4069,83.3663
10546,1.6974,-129.4069,83.3663
10547,1.9974,-129.7069,83.3663
10548,2.2974,-129.7069,83.3663
10549,2.5974,-129.7069,83.3663
10550,2.8974,-129.7069,83.3663
10551,3.1974,-129.7069,83.3663
10552,3.4974,-129.7069,83.3663
10553,3.7974,-129.7069,83.3663
10554,4.0974,-129.7069,83.3663
10555,4.3974,-129.7069,83.3663
10556,4.6974,-129.7069,83.3663
10557,4.9974,-129.7069,83.3663
10558,5.2974,-129.7069,83.3663
10559,5.5974,-129.7069,83.3663
10560,5.8974,-129.7069,83.3663
10561,6.1974,-129.7069,83.3663
10562,6.4974,-129.7069,83.3663
10563,6.7974,-129.7069,83.3663
10564,7.0974,-130.0069,83.3663
10565,7.3974,-130.3069,83.3663
10566,7.6974,-130.6069,83.3663
10567,7.9974,-130.9069,83.3663
10568,8.2974,-131.2069,83.3663
10569,8.5974,-131.5069,83.3663
10570,8.8974,-131.8069,83.3663
10571,9.1974,-132.1069,83.3663
10572,9.4974,-132.4069,83.3663
10573,9.7974,-132.7069,83.3663
10574,10.0974,-133.0069,83.3663
10575,10.3974,-133.3069,83.3663
10576,10.6974,-133.6069,83.3663
10577,10.9974,-133.9069,83.3663
10578,11.2974,-134.2069,83.3663
10579,11.5974,-134.5069,83.3663
10580,11.8974,-134.8069,83.3663
10581,12.1974,-134.8069,83.3663
10582,12.4974,-134.8069,83.3663
10583,12.7974,-134.8069,83.3663
10584,13.0974,-134.8069,83.3663
10585,13.3974,-134.8069,83.3663
10586,13.6974,-134.8069,83.3663
10587,13.9974,-134.8069,83.3663
10588,14.2974,-134.8069,83.3663
10589,14.5974,-134.8069,83.3663
10590,14.8974,-134.8069,83.3663
10591,15.1974,-134.8069,83.3663
10592,15.4974,-134.8069,83.3663
10593,15.7974,-134.8069,83.3663
10594,16.0974,-134.8069,83.3663
10595,16.3974,-134.8069,83.3663
10596,16.6974,-134.8069,83.3663
10597,16.9974,-134.8069,83.3663
10598,17.2974,-134.8069,83.3663
10599,17.5974,-134.8069,83.3663
10600,17.8974,-134.8069,83.3663
10601,18.1974,-134.8069,83.3663
10602,18.4974,-134.8069,83.3663
10603,18.7974,-134.8069,83.3663
10604,19.0974,-134.8069,83.3663
10605,19.3974,-134.8069,83.3663
10606,19.6974,-134.8069,83.3663
10607,19.9974,-134.8069,83.3663
10608,20.2974,-134.8069,83.3663
10609,20.5974,-134.8069,83.3663
10610,20.8974,-134.8069,83.3663
10611,21.1974,-134.8069,83.3663
10612,21.4974,-134.8069,83.3663
10613,21.7974,-134.8069,83.3663
10614,22.0974,-134.8069,83.3663
10615,22.3974,-134.8069,83.3663
10616,22.6974,-134.8069,83.3663
10617,22.9974,-134.8069,83.3663
10618,23.2974,-134.8069,83.3663
10619,23.5974,-134.8069,83.3663
10620,23.8974,-134.8069,83.3663
10621,24.1974,-134.8069,83.3663
10622,24.4974,-134.8069,83.3663
10623,24.7974,-134.8069,83.3663
10624,25.0974,-134.8069,83.3663
10625,25.3974,-134.8069,83.3663
10626,25.6974,-134.8069,83.3663
10627,25.9974,-134.8069,83.3663
10628,26.2974,-134.8069,83.3663
10629,26.5974,-134.8069,83.3663
10630,26.8974,-134.8069,83.3663
10631,27.1974,-134.8069,83.3663
10632,27.4974,-134.8069,83.3663
10633,27.7974,-134.8069,83.3663
10634,28.0974,-134.8069,83.3663
10635,28.3974,-134.8069,83.3663
10636,28.6974,-134.8069,83.3663
10637,28.9974,-134.8069,83.3663
10638,29.2974,-134.8069,83.3663
10639,29.5974,-134.8069,83.3663
10640,29.8974,-134.8069,83.3663
10641,30.1974,-134.8069,83.3663
10642,30.4974,-134.8069,83.3663
10643,30.7974,-134.8069,83.3663
10644,31.0974,-134.8069,83.3663
10645,31.3974,-135.1069,83.3663
10646,31.6974,-135.1069,83.3663
10647,31.9974,-135.1069,83.3663
10648,32.2974,-135.1069,83.3663
10649,32.5974,-135.1069,83.3663
10650,32.8974,-135.1069,83.3663
10651,33.1974,-135.1069,83.3663
10652,33.4974,-135.1069,83.3663
10653,33.7974,-135.1069,83.3663
10654,34.0974,-135.1069,83.3663
10655,34.3974,-135.1069,83.3663
10656,34.6974,-135.1069,83.3663
10657,34.9974,-135.1069,83.3663
10658,35.2974,-135.1069,83.3663
10659,35.5974,-135.1069,83.3663
10660,35.8974,-135.1069,83.3663
10661,36.1974,-135.1069,83.3663
10662,36.4974,-135.1069,83.3663
10663,36.7974,-135.1069,83.3663
10664,37.0974,-135.4069,83.3663
10665,37.3974,-135.7069,83.3663
10666,37.6974,-135.7069,83.3663
10667,37.9974,-136.0069,83.3663
10668,38.2974,-136.0069,83.3663
10669,38.5974,-136.3069,83.3663
10670,38.8974,-136.3069,83.3663
10671,39.1974,-136.3069,83.3663
10672,39.4974,-136.3069,83.3663
10673,39.7974,-136.3069,83.3663
10674,40.0974,-136.3069,83.3663
10675,40.3974,-136.3069,83.3663
10676,40.6974,-136.3069,83.3663
10677,40.9974,-136.3069,83.3663
10678,41.2974,-136.3069,83.3663
10679,41.5974,-136.3069,83.3663
10680,41.8974,-136.6069,83.3663
10681,42.1974,-136.6069,83.3663
10682,42.4974,-136.6069,83.3663
10683,42.7974,-136.6069,83.3663
10684,43.0974,-136.6069,83.3663
10685,43.3974,-136.6069,83.3663
10686,43.6974,-136.6069,83.3663
10687,43.9974,-136.6069,83.3663
10688,44.2974,-136.6069,83.3663
10689,44.5974,-136.6069,83.3663
10690,44.8974,-136.6069,83.3663
10691,45.1974,-136.6069,83.3663
10692,45.4974,-136.6069,83.3663
10693,45.7974,-136.6069,83.3663
10694,46.0974,-136.6069,83.3663
10695,46.3974,-136.6069,83.3663
10696,46.6974,-136.9069,83.3663
10697,46.9974,-136.9069,83.3663
10698,47.2974,-137.2069,83.3663
10699,47.5974,-137.2069,83.3663
10700,47.8974,-137.5069,83.3663
10701,48.1974,-137.5069,83.3663
10702,48.4974,-137.8069,83.3663
10703,48.7974,-137.8069,83.3663
10704,49.0974,-138.1069,83.3663
10705,49.3974,-138.1069,83.3663
10706,49.6974,-138.1069,83.3663
10707,49.9974,-138.4069,83.3663
10708,50.2974,-138.4069,83.3663
10709,50.5974,-138.7069,83.3663
10710,50.8974,-138.7069,83.3663
10711,51.1974,-139.0069,83.3663
10712,51.4974,-139.0069,83.3663
10713,51.7974,-139.3069,83.3663
10714,52.0974,-139.3069,83.3663
10715,52.3974,-139.6069,83.3663
10716,52.6974,-139.6069,83.3663
10717,52.9974,-139.6069,83.3663
10718,53.2974,-139.9069,83.3663
10719,53.5974,-139.9069,83.3663
10720,53.8974,-140.2069,83.3663
10721,54.1974,-140.2069,83.3663
10722,54.4974,-140.5069,83.3663
10723,54.7974,-140.5069,83.3663
10724,55.0974,-140.8069,83.3663
10725,55.3974,-140.8069,83.3663
10726,55.6974,-141.1069,83.3663
10727,55.9974,-141.1069,83.3663
10728,56.2974,-141.1069,83.3663
10729,56.5974,-141.4069,83.3663
10730,56.8974,-141.4069,83.3663
10731,57.1974,-141.7069,83.3663
10732,57.4974,-141.7069,83.3663
10733,57.7974,-141.7069,83.3663
10734,58.0974,-141.7069,83.3663
10735,58.3974,-141.7069,83.3663
10736,58.6974,-141.7069,83.3663
10737,58.9974,-141.7069,83.3663
10738,59.2974,-141.7069,83.3663
10739,59.5974,-142.0069,83.3663
10740,59.8974,-142.3069,83.3663
10741,60.1974,-142.6069,83.3663
10742,60.4974,-142.9069,83.3663
10743,60.7974,-142.9069,83.3663
10744,61.0974,-142.9069,83.3663
10745,61.3974,-142.9069,83.3663
10746,61.6974,-142.9069,83.3663
10747,61.9974,-142.9069,83.3663
10748,62.2974,-142.9069,83.3663
10749,62.5974,-143.2069,83.3663
10750,62.8974,-143.2069,83.3663
10751,63.1974,-143.5069,83.3663
10752,63.4974,-143.5069,83.3663
10753,63.7974,-143.8069,83.3663
10754,64.0974,-144.1069,83.3663
10755,64.3974,-144.4069,83.3663
10756,64.6974,-144.7069,83.3663
10757,64.9974,-144.7069,83.3663
10758,65.2974,-145.0069,83.3663
10759,65.5974,-145.3069,83.3663
10760,65.8974,-145.6069,83.3663
10761,65.8974,-145.9069,83.3663
10762,65.8974,-146.2069,83.6663
10763,65.8974,-146.5069,83.9663
10764,65.8974,-146.8069,84.2663
10765,65.8974,-147.1069,84.2663
10766,65.8974,-147.4069,84.5663
10767,65.8974,-147.7069,84.5663
10768,65.8974,-148.0069,84.5663
10769,65.8974,-148.3069,84.8663
10770,65.8974,-148.6069,84.8663
10771,65.8974,-148.9069,84.8663
10772,65.5974,-149.2069,85.1663
10773,65.5974,-149.5069,85.1663
10774,65.5974,-149.8069,85.1663
10775,65.2974,-150.1069,85.4663
10776,64.9974,-150.4069,85.4663
10777,64.9974,-150.7069,85.4663
10778,64.9974,-151.0069,85.4663
10779,64.6974,-151.3069,85.4663
10780,64.3974,-151.6069,85.4663
10781,64.0974,-151.9069,85.4663
10782,63.7974,-152.2069,85.4663
10783,63.4974,-152.5069,85.1663
10784,63.1974,-152.8069,85.1663
10785,62.8974,-153.1069,84.8663
10786,62.5974,-153.4069,84.5663
10787,62.2974,-153.4069,84.2663
10788,61.9974,-153.7069,83.9663
10789,61.6974,-153.7069,83.6663
10790,61.3974,-153.7069,83.6663
10791,61.0974,-153.7069,83.6663
10792,60.7974,-153.7069,83.6663
10793,60.4974,-153.7069,83.6663
10794,60.1974,-153.7069,83.6663
10795,59.8974,-153.7069,83.6663
10796,59.5974,-153.7069,83.3663
10797,59.2974,-153.7069,83.0663
10798,58.9974,-153.7069,83.0663
10799,58.6974,-153.7069,83.0663
10800,58.3974,-153.7069,83.0663
10801,58.0974,-153.7069,83.0663
10802,57.7974,-153.7069,83.0663
10803,57.4974,-153.7069,83.0663
10804,57.1974,-153.7069,83.0663
10805,56.8974,-153.7069,83.0663
10806,56.5974,-153.7069,83.0663
10807,56.2974,-153.7069,83.0663
10808,55.9974,-153.7069,83.0663
10809,55.6974,-153.7069,83.0663
10810,55.3974,-153.7069,83.0663
10811,55.0974,-153.7069,83.0663
10812,54.7974,-153.7069,83.0663
10813,54.4974,-153.7069,83.0663
10814,54.1974,-153.7069,83.0663
10815,53.8974,-153.7069,83.0663
10816,53.5974,-153.7069,83.0663
10817,53.2974,-153.7069,83.0663
10818,52.9974,-153.7069,83.0663
10819,52.6974,-153.7069,83.0663
10820,52.3974,-153.7069,83.0663
10821,52.0974,-153.7069,83.0663
10822,51.7974,-153.7069,83.0663
10823,51.4974,-153.7069,83.0663
10824,51.1974,-153.7069,83.0663
10825,50.8974,-153.7069,83.0663
10826,50.5974,-153.7069,83.0663
10827,50.2974,-153.7069,83.0663
10828,49.9974,-153.7069,83.0663
10829,49.6974,-153.7069,83.0663
10830,49.3974,-153.7069,83.0663
10831,49.0974,-153.7069,83.0663
10832,48.7974,-153.7069,83.0663
10833,48.4974,-153.7069,83.0663
10834,48.1974,-153.7069,83.0663
10835,47.8974,-153.7069,83.0663
10836,47.5974,-153.7069,83.0663
10837,47.2974,-153.7069,83.0663
10838,46.9974,-153.7069,83.0663
10839,46.6974,-153.7069,83.0663
10840,46.3974,-153.7069,83.0663
10841,46.0974,-153.7069,83.0663
10842,45.7974,-153.7069,83.0663
10843,45.4974,-153.7069,83.0663
10844,45.1974,-153.7069,83.0663
10845,44.8974,-153.7069,83.0663
10846,44.5974,-153.7069,83.0663
10847,44.2974,-153.7069,83.0663
10848,43.9974,-153.4069,83.0663
10849,43.6974,-153.1069,83.3663
10850,43.3974,-152.8069,83.6663
10851,43.0974,-152.8069,83.6663
10852,42.7974,-152.8069,83.6663
10853,42.4974,-152.8069,83.6663
10854,42.1974,-152.8069,83.6663
10855,41.8974,-152.8069,83.6663
10856,41.5974,-152.8069,83.6663
10857,41.2974,-152.8069,83.6663
10858,40.9974,-152.8069,83.6663
10859,40.6974,-152.8069,83.6663
10860,40.3974,-152.8069,83.6663
10861,40.0974,-152.8069,83.6663
10862,39.7974,-152.8069,83.6663
10863,39.4974,-152.8069,83.6663
10864,39.1974,-152.8069,83.6663
10865,38.8974,-152.8069,83.6663
10866,38.5974,-152.5069,83.6663
10867,38.2974,-152.5069,83.6663
10868,37.9974,-152.2069,83.6663
10869,37.6974,-152.2069,83.6663
10870,37.3974,-151.9069,83.6663
10871,37.0974,-151.9069,83.6663
10872,36.7974,-151.9069,83.6663
10873,36.4974,-151.6069,83.6663
10874,36.1974,-151.6069,83.6663
10875,35.8974,-151.3069,83.6663
10876,35.5974,-151.3069,83.6663
10877,35.2974,-151.0069,83.6663
10878,34.9974,-151.0069,83.6663
10879,34.6974,-150.7069,83.6663
10880,34.3974,-150.7069,83.6663
10881,34.0974,-150.4069,83.6663
10882,33.7974,-150.4069,83.6663
10883,33.4974,-150.4069,83.6663
10884,33.1974,-150.1069,83.6663
10885,32.8974,-150.1069,83.6663
10886,32.5974,-149.8069,83.6663
10887,32.2974,-149.8069,83.6663
10888,31.9974,-149.5069,83.6663
10889,31.6974,-149.5069,83.6663
10890,31.3974,-149.5069,83.6663
10891,31.0974,-149.2069,83.6663
10892,30.7974,-149.2069,83.6663
10893,30.4974,-148.9069,83.6663
10894,30.1974,-149.2069,83.3663
10895,29.8974,-149.2069,83.3663
10896,29.5974,-149.2069,83.3663
10897,29.2974,-149.2069,83.3663
10898,28.9974,-149.2069,83.3663
10899,28.6974,-149.2069,83.3663
10900,28.3974,-149.2069,83.3663
10901,28.0974,-149.2069,83.3663
10902,27.7974,-149.2069,83.3663
10903,27.4974,-149.2069,83.3663
10904,27.1974,-149.2069,83.3663
10905,26.8974,-149.2069,83.3663
10906,26.5974,-149.2069,83.3663
10907,26.2974,-149.2069,83.3663
10908,25.9974,-149.2069,83.3663
10909,25.6974,-149.2069,83.3663
10910,25.3974,-149.2069,83.3663
10911,25.0974,-149.2069,83.3663
10912,24.7974,-149.2069,83.3663
10913,24.4974,-149.2069,83.3663
10914,24.1974,-149.2069,83.3663
10915,23.8974,-149.2069,83.3663
10916,23.5974,-149.2069,83.3663
10917,23.2974,-149.2069,83.3663
10918,22.9974,-149.2069,83.3663
10919,22.6974,-149.2069,83.3663
10920,22.3974,-149.2069,83.3663
10921,22.0974,-149.2069,83.3663
10922,21.7974,-149.2069,83.3663
10923,21.4974,-149.2069,83.3663
10924,21.1974,-149.2069,83.3663
10925,20.8974,-149.2069,83.3663
10926,20.5974,-149.2069,83.3663
10927,20.2974,-149.2069,83.3663
10928,19.9974,-149.2069,83.3663
10929,19.6974,-149.2069,83.3663
10930,19.3974,-149.2069,83.3663
10931,19.0974,-149.2069,83.3663
10932,18.7974,-149.2069,83.3663
10933,18.4974,-149.2069,83.3663
10934,18.1974,-149.2069,83.3663
10935,17.8974,-149.2069,83.3663
10936,17.5974,-149.2069,83.3663
10937,17.2974,-149.2069,83.3663
10938,16.9974,-149.2069,83.3663
10939,16.6974,-149.2069,83.3663
10940,16.3974,-149.2069,83.3663
10941,16.0974,-149.2069,83.3663
10942,15.7974,-149.2069,83.3663
10943,15.4974,-149.2069,83.3663
10944,15.1974,-149.2069,83.3663
10945,14.8974,-149.2069,83.3663
10946,14.5974,-149.2069,83.3663
10947,14.2974,-149.2069,83.3663
10948,13.9974,-149.2069,83.3663
10949,13.6974,-149.2069,83.3663
10950,13.3974,-149.2069,83.3663
10951,13.0974,-149.2069,83.3663
10952,12.7974,-149.2069,83.3663
10953,12.4974,-149.2069,83.3663
10954,12.1974,-149.2069,83.3663
10955,11.8974,-149.2069,83.3663
10956,11.5974,-149.2069,83.3663
10957,11.2974,-149.2069,83.3663
10958,10.9974,-149.2069,83.3663
10959,10.6974,-149.2069,83.3663
10960,10.3974,-149.2069,83.3663
10961,10.0974,-149.2069,83.3663
10962,9.7974,-149.2069,83.3663
10963,9.4974,-149.2069,83.3663
10964,9.1974,-149.2069,83.3663
10965,8.8974,-149.2069,83.3663
10966,8.5974,-149.2069,83.3663
10967,8.2974,-149.2069,83.3663
10968,7.9974,-149.2069,83.3663
10969,7.6974,-149.2069,83.3663
10970,7.3974,-149.2069,83.3663
10971,7.0974,-149.2069,83.3663
10972,6.7974,-149.2069,83.3663
10973,6.4974,-149.2069,83.3663
10974,6.1974,-149.2069,83.3663
10975,5.8974,-149.2069,83.3663
10976,5.5974,-149.2069,83.3663
10977,5.2974,-149.2069,83.3663
10978,4.9974,-149.2069,83.3663
10979,4.6974,-149.2069,83.3663
10980,4.3974,-149.2069,83.3663
10981,4.0974,-149.2069,83.3663
10982,3.7974,-149.2069,83.3663
10983,3.4974,-148.9069,83.3663
10984,3.1974,-148.6069,83.3663
10985,2.8974,-148.3069,83.3663
10986,2.5974,-148.0069,83.3663
10987,2.2974,-147.7069,83.3663
10988,1.9974,-147.4069,83.3663
10989,1.6974,-147.1069,83.3663
10990,1.3974,-146.8069,83.3663
10991,1.0974,-146.5069,83.3663
10992,0.7974,-146.2069,83.3663
10993,0.4974,-145.9069,83.3663
10994,0.1974,-145.6069,83.3663
10995,-0.1026,-145.3069,83.3663
10996,-0.4026,-145.0069,83.3663
10997,-0.7026,-144.7069,83.3663
10998,-1.0026,-144.4069,83.3663
10999,-1.3026,-144.1069,83.3663
11000,-1.6026,-143.8069,83.3663
11001,-1.9026,-143.5069,83.3663
11002,-2.2026,-143.2069,83.3663
11003,-2.5026,-142.9069,83.3663
11004,-2.8026,-142.6069,83.3663
11005,-3.1026,-142.3069,83.3663
11006,-3.4026,-142.0069,83.3663
11007,-3.7026,-141.7069,83.3663
11008,-4.0026,-141.4069,83.3663
11009,-4.3026,-141.1069,83.3663
11010,-4.6026,-140.8069,83.3663
11011,-4.9026,-140.8069,83.3663
11012,-5.2026,-140.8069,83.3663
11013,-5.5026,-140.8069,83.3663
11014,-5.8026,-140.8069,83.3663
11015,-6.1026,-140.8069,83.3663
11016,-6.4026,-140.8069,83.3663
11017,-6.7026,-140.8069,83.3663
11018,-7.0026,-140.8069,83.3663
11019,-7.3026,-140.8069,83.3663
11020,-7.6026,-140.8069,83.3663
11021,-7.9026,-140.8069,83.3663
11022,-8.2026,-140.8069,83.3663
11023,-8.5026,-140.8069,83.3663
11024,-8.8026,-140.8069,83.3663
11025,-9.1026,-140.8069,83.3663
11026,-9.4026,-140.8069,83.3663
11027,-9.7026,-140.8069,83.3663
11028,-10.0026,-140.8069,83.3663
11029,-10.3026,-140.8069,83.3663
11030,-10.6026,-140.8069,83.3663
11031,-10.9026,-140.8069,83.3663
11032,-11.2026,-140.8069,83.3663
11033,-11.5026,-140.8069,83.3663
11034,-11.8026,-140.8069,83.3663
11035,-12.1026,-140.8069,83.3663
11036,-12.4026,-140.8069,83.3663
11037,-12.7026,-140.8069,83.3663
11038,-13.0026,-140.8069,83.3663
11039,-13.3026,-140.8069,83.3663
11040,-13.6026,-140.8069,83.3663
11041,-13.9026,-140.8069,83.3663
11042,-14.2026,-140.8069,83.3663
11043,-14.5026,-140.8069,83.3663
11044,-14.8026,-140.8069,83.3663
11045,-15.1026,-140.8069,83.3663
11046,-15.4026,-140.8069,83.3663
11047,-15.7026,-140.8069,83.3663
11048,-16.0026,-140.8069,83.3663
11049,-16.3026,-140.8069,83.3663
11050,-16.6026,-140.8069,83.3663
11051,-16.9026,-140.8069,83.3663
11052,-17.2026,-140.8069,83.3663
11053,-17.5026,-140.8069,83.3663
11054,-17.8026,-140.8069,83.3663
11055,-18.1026,-140.8069,83.3663
11056,-18.4026,-140.8069,83.3663
11057,-18.7026,-140.8069,83.3663
11058,-19.0026,-140.8069,83.3663
11059,-19.3026,-140.8069,83.3663
11060,-19.6026,-140.8069,83.3663
11061,-19.9026,-140.8069,83.3663
11062,-20.2026,-140.8069,83.3663
11063,-20.5026,-140.8069,83.3663
11064,-20.8026,-140.8069,83.3663
11065,-21.1026,-140.8069,83.3663
11066,-21.4026,-140.8069,83.3663
11067,-21.7026,-140.8069,83.3663
11068,-22.0026,-140.8069,83.3663
11069,-22.3026,-140.8069,83.3663
11070,-22.6026,-140.8069,83.3663
11071,-22.9026,-140.8069,83.3663
11072,-23.2026,-140.8069,83.3663
11073,-23.5026,-140.8069,83.3663
11074,-23.8026,-140.8069,83.3663
11075,-24.1026,-140.8069,83.3663
11076,-24.4026,-140.8069,83.3663
11077,-24.7026,-140.8069,83.3663
11078,-25.0026,-140.8069,83.3663
11079,-25.3026,-140.8069,83.3663
11080,-25.6026,-140.8069,83.3663
11081,-25.9026,-140.8069,83.3663
11082,-26.2026,-140.8069,83.3663
11083,-26.5026,-140.8069,83.3663
11084,-26.8026,-140.8069,83.3663
11085,-27.1026,-140.8069,83.3663
11086,-27.4026,-140.8069,83.3663
11087,-27.7026,-140.8069,83.3663
11088,-28.0026,-140.5069,83.3663
11089,-28.3026,-140.5069,83.3663
11090,-28.6026,-140.2069,83.3663
11091,-28.9026,-140.2069,83.3663
11092,-29.2026,-140.2069,83.3663
11093,-29.5026,-139.9069,83.6663
11094,-29.8026,-139.9069,83.6663
11095,-30.1026,-139.9069,83.6663
11096,-30.4026,-139.9069,83.6663
11097,-30.7026,-139.9069,83.6663
11098,-31.0026,-139.9069,83.6663
11099,-31.3026,-139.9069,83.6663
11100,-31.6026,-139.9069,83.6663
11101,-31.9026,-139.9069,83.6663
11102,-32.2026,-139.9069,83.6663
11103,-32.5026,-139.9069,83.6663
11104,-32.8026,-139.9069,83.6663
11105,-33.1026,-139.9069,83.6663
11106,-33.4026,-139.9069,83.6663
11107,-33.7026,-139.9069,83.6663
11108,-34.0026,-139.9069,83.6663
11109,-34.3026,-139.9069,83.6663
11110,-34.6026,-139.9069,83.6663
11111,-34.9026,-139.9069,83.6663
11112,-35.2026,-139.9069,83.6663
11113,-35.5026,-139.9069,83.6663
11114,-35.8026,-139.9069,83.6663
11115,-36.1026,-139.6069,83.6663
11116,-36.4026,-139.6069,83.6663
11117,-36.7026,-139.3069,83.6663
11118,-37.0026,-139.3069,83.6663
11119,-37.3026,-139.3069,83.6663
11120,-37.6026,-139.3069,83.6663
11121,-37.9026,-139.3069,83.6663
11122,-38.2026,-139.3069,83.6663
11123,-38.5026,-139.3069,83.6663
11124,-38.8026,-139.0069,83.6663
11125,-39.1026,-138.7069,83.6663
11126,-39.4026,-138.4069,83.6663
11127,-39.7026,-138.1069,83.6663
11128,-40.0026,-137.8069,83.6663
11129,-40.3026,-137.8069,83.6663
11130,-40.6026,-137.8069,83.6663
11131,-40.9026,-137.5069,83.6663
11132,35.0162,-149.9651,83.7000
11133,34.6974,-150.1069,83.6663
11134,34.3974,-150.1069,83.6663
11135,34.0974,-150.1069,83.6663
11136,33.7974,-150.1069,83.9663
11137,33.4974,-150.1069,84.2663
11138,33.1974,-150.1069,84.5663
11139,32.8974,-150.1069,84.5663
11140,32.5974,-150.1069,84.5663
11141,32.2974,-150.1069,84.8663
11142,31.9974,-150.1069,85.1663
11143,31.6974,-150.1069,85.4663
11144,31.3974,-150.1069,85.7663
11145,31.0974,-149.8069,86.0663
11146,30.7974,-149.8069,86.3663
11147,30.4974,-149.5069,86.6663
11148,30.1974,-149.2069,86.9663
11149,29.8974,-149.2069,87.2663
11150,29.5974,-148.9069,87.5663
11151,29.2974,-148.9069,87.8663
11152,28.9974,-148.6069,88.1663
11153,28.6974,-148.6069,88.4663
11154,28.3974,-148.6069,88.7663
11155,28.0974,-148.6069,89.0663
11156,27.7974,-148.3069,89.3663
11157,27.4974,-148.0069,89.6663
11158,27.1974,-147.7069,89.9663
11159,26.8974,-147.4069,89.9663
11160,26.5974,-147.1069,90.2663
11161,26.2974,-146.8069,90.2663
11162,25.9974,-146.5069,90.2663
11163,25.6974,-146.2069,90.2663
11164,25.3974,-145.9069,90.2663
11165,25.3974,-145.6069,90.2663
11166,25.3974,-145.3069,90.2663
11167,25.3974,-145.0069,90.2663
11168,25.3974,-144.7069,90.2663
11169,25.3974,-144.4069,90.2663
11170,25.3974,-144.1069,90.2663
11171,25.3974,-143.8069,90.2663
11172,25.3974,-143.5069,90.2663
11173,25.3974,-143.2069,90.2663
11174,25.3974,-142.9069,90.2663
11175,25.3974,-142.6069,90.2663
11176,25.3974,-142.3069,90.2663
11177,25.3974,-142.0069,90.2663
11178,25.3974,-141.7069,90.2663
11179,25.3974,-141.4069,90.2663
11180,25.3974,-141.1069,90.2663
11181,25.3974,-140.8069,90.2663
11182,25.0974,-140.5069,89.9663
11183,25.0974,-140.2069,89.9663
11184,25.0974,-139.9069,89.9663
11185,24.7974,-139.6069,89.6663
11186,24.7974,-139.3069,89.6663
11187,24.4974,-139.0069,89.3663
11188,24.1974,-138.7069,89.0663
11189,23.8974,-138.4069,88.7663
11190,23.5974,-138.1069,88.4663
11191,23.2974,-137.8069,88.1663
11192,22.9974,-137.5069,87.8663
11193,22.6974,-137.2069,87.5663
11194,22.3974,-137.2069,87.2663
11195,22.0974,-136.9069,86.9663
11196,21.7974,-136.9069,86.6663
11197,21.4974,-136.6069,86.3663
11198,21.1974,-136.6069,86.0663
11199,20.8974,-136.3069,85.7663
11200,20.5974,-136.3069,85.4663
11201,20.2974,-136.3069,85.1663
11202,19.9974,-136.3069,84.8663
11203,19.6974,-136.3069,84.5663
11204,19.3974,-136.3069,84.2663
11205,19.0974,-136.0069,83.9663
11206,18.7974,-136.0069,83.6663
11207,19.0974,-136.0069,83.6663
11208,19.3974,-136.0069,83.6663
11209,19.6974,-136.0069,83.6663
11210,19.9974,-136.0069,83.6663
11211,20.2974,-136.0069,83.6663
11212,20.5974,-136.3069,83.9663
11213,20.8974,-136.3069,83.9663
11214,21.1974,-136.3069,83.9663
11215,21.4974,-136.3069,83.9663
11216,21.7974,-136.3069,83.9663
11217,22.0974,-136.3069,83.9663
11218,22.3974,-136.3069,83.9663
11219,22.6974,-136.3069,83.9663
11220,22.9974,-136.3069,83.9663
11221,23.2974,-136.3069,83.9663
11222,23.5974,-136.3069,83.9663
11223,23.8974,-136.3069,83.9663
11224,24.1974,-136.3069,83.9663
11225,24.4974,-136.3069,83.9663
11226,24.7974,-136.3069,83.9663
11227,25.0974,-136.3069,83.9663
11228,25.3974,-136.3069,83.9663
11229,25.6974,-136.3069,83.9663
11230,25.9974,-136.3069,83.9663
11231,26.2974,-136.3069,83.9663
11232,26.5974,-136.3069,83.9663
11233,26.8974,-136.3069,83.9663
11234,27.1974,-136.3069,83.9663
11235,27.4974,-136.3069,83.9663
11236,27.7974,-136.3069,83.9663
11237,28.0974,-136.3069,83.9663
11238,28.3974,-136.3069,83.9663
11239,28.6974,-136.3069,83.9663
11240,28.9974,-136.3069,83.9663
11241,29.2974,-136.3069,83.9663
11242,29.5974,-136.3069,83.9663
11243,29.8974,-136.3069,83.9663
11244,30.1974,-136.3069,83.9663
11245,30.4974,-136.3069,83.9663
11246,30.7974,-136.3069,83.9663
11247,31.0974,-136.3069,83.9663
11248,31.3974,-136.3069,83.9663
11249,31.6974,-136.3069,83.9663
11250,31.9974,-136.3069,83.9663
11251,32.2974,-136.3069,83.9663
11252,32.5974,-136.3069,83.9663
11253,32.8974,-136.3069,83.9663
11254,33.1974,-136.3069,83.9663
11255,33.4974,-136.3069,83.9663
11256,33.7974,-136.3069,83.9663
11257,34.0974,-136.3069,83.9663
11258,34.3974,-136.3069,83.9663
11259,34.6974,-136.3069,83.9663
11260,34.9974,-136.3069,83.9663
11261,35.2974,-136.3069,83.9663
11262,35.5974,-136.3069,83.9663
11263,35.8974,-136.3069,83.9663
11264,36.1974,-136.3069,83.9663
11265,36.4974,-136.3069,83.9663
11266,36.7974,-136.3069,83.9663
11267,37.0974,-136.3069,83.9663
11268,37.3974,-136.3069,83.9663
11269,37.6974,-136.3069,83.9663
11270,37.9974,-136.3069,83.9663
11271,38.2974,-136.3069,83.9663
11272,38.5974,-136.3069,83.9663
11273,38.8974,-136.3069,83.9663
11274,39.1974,-136.3069,83.9663
11275,39.4974,-136.3069,83.9663
11276,39.7974,-136.3069,83.9663
11277,40.0974,-136.3069,83.9663
11278,40.3974,-136.3069,83.9663
11279,40.6974,-136.3069,83.9663
11280,40.9974,-136.3069,83.9663
11281,41.2974,-136.3069,83.9663
11282,41.5974,-136.3069,83.9663
11283,41.8974,-136.3069,83.9663
11284,42.1974,-136.3069,83.9663
11285,42.4974,-136.3069,83.9663
11286,42.7974,-136.3069,83.9663
11287,43.0974,-136.6069,83.9663
11288,43.3974,-136.6069,83.9663
11289,43.6974,-136.9069,83.9663
11290,43.9974,-136.9069,83.9663
11291,44.2974,-137.2069,83.9663
11292,44.5974,-137.2069,83.9663
11293,44.8974,-137.5069,83.9663
11294,45.1974,-137.5069,83.9663
11295,45.4974,-137.8069,83.9663
11296,45.7974,-137.8069,83.9663
11297,46.0974,-137.8069,83.9663
11298,46.3974,-138.1069,83.9663
11299,46.6974,-138.1069,83.9663
11300,46.9974,-138.4069,83.9663
11301,47.2974,-138.4069,83.9663
11302,47.5974,-138.7069,83.9663
11303,47.8974,-138.7069,83.9663
11304,48.1974,-139.0069,83.9663
11305,48.4974,-139.0069,83.9663
11306,48.7974,-139.3069,83.9663
11307,49.0974,-139.3069,83.9663
11308,49.3974,-139.3069,83.9663
11309,49.6974,-139.6069,83.9663
11310,49.9974,-139.6069,83.9663
11311,50.2974,-139.9069,83.9663
11312,50.5974,-139.9069,83.9663
11313,50.8974,-140.2069,83.9663
11314,51.1974,-140.2069,83.9663
11315,51.4974,-140.5069,83.9663
11316,51.7974,-140.5069,83.9663
11317,52.0974,-140.8069,83.9663
11318,52.3974,-140.8069,83.9663
11319,52.6974,-140.8069,83.9663
11320,52.9974,-141.1069,83.9663
11321,53.2974,-141.1069,83.9663
11322,53.5974,-141.4069,83.9663
11323,53.8974,-141.4069,83.9663
11324,54.1974,-141.7069,83.9663
11325,54.4974,-141.7069,83.9663
11326,54.7974,-142.0069,83.9663
11327,55.0974,-142.0069,83.9663
11328,55.3974,-142.3069,83.6663
11329,55.6974,-142.3069,83.6663
11330,55.3974,-142.3069,83.6663
11331,55.0974,-142.3069,83.6663
11332,54.7974,-142.3069,83.6663
11333,54.4974,-142.0069,83.6663
11334,54.1974,-141.7069,83.6663
11335,53.8974,-141.4069,83.6663
11336,53.5974,-141.4069,83.6663
11337,53.2974,-141.4069,83.6663
11338,52.9974,-141.4069,83.6663
11339,52.6974,-141.4069,83.6663
11340,52.3974,-141.4069,83.6663
11341,52.0974,-141.1069,83.6663
11342,51.7974,-141.1069,83.6663
11343,51.4974,-140.8069,83.6663
11344,51.1974,-140.8069,83.6663
11345,50.8974,-140.5069,83.6663
11346,50.5974,-140.5069,83.6663
11347,50.2974,-140.5069,83.6663
11348,49.9974,-140.5069,83.6663
11349,49.6974,-140.5069,83.6663
11350,49.3974,-140.5069,83.6663
11351,49.0974,-140.5069,83.6663
11352,48.7974,-140.5069,83.6663
11353,48.4974,-140.5069,83.6663
11354,48.1974,-140.5069,83.6663
11355,47.8974,-140.5069,83.6663
11356,47.5974,-140.5069,83.6663
11357,47.2974,-140.5069,83.6663
11358,46.9974,-140.5069,83.6663
11359,46.6974,-140.5069,83.6663
11360,46.3974,-140.5069,83.6663
11361,46.0974,-140.5069,83.6663
11362,45.7974,-140.5069,83.6663
11363,45.4974,-140.5069,83.6663
11364,45.1974,-140.5069,83.6663
11365,44.8974,-140.2069,83.6663
11366,44.5974,-139.9069,83.6663
11367,44.2974,-139.9069,83.6663
11368,43.9974,-139.6069,83.6663
11369,43.6974,-139.6069,83.6663
11370,43.3974,-139.6069,83.6663
11371,43.0974,-139.6069,83.6663
11372,42.7974,-139.6069,83.6663
11373,42.4974,-139.6069,83.6663
11374,42.1974,-139.6069,83.6663
11375,41.8974,-139.6069,83.6663
11376,41.5974,-139.6069,83.6663
11377,41.2974,-139.6069,83.6663
11378,40.9974,-139.6069,83.6663
11379,40.6974,-139.6069,83.6663
11380,40.3974,-139.6069,83.6663
11381,40.0974,-139.6069,83.6663
11382,39.7974,-139.6069,83.6663
11383,39.4974,-139.6069,83.6663
11384,39.1974,-139.6069,83.6663
11385,38.8974,-139.6069,83.6663
11386,38.5974,-139.6069,83.6663
11387,38.2974,-139.3069,83.6663
11388,37.9974,-139.3069,83.6663
11389,37.6974,-139.3069,83.6663
11390,37.3974,-139.0069,83.6663
11391,37.0974,-138.7069,83.6663
11392,36.7974,-138.4069,83.6663
11393,36.4974,-138.4069,83.6663
11394,36.1974,-138.1069,83.6663
11395,35.8974,-138.1069,83.6663
11396,35.5974,-138.1069,83.6663
11397,35.2974,-138.1069,83.6663
11398,34.9974,-138.1069,83.6663
11399,34.6974,-138.1069,83.6663
11400,34.3974,-138.1069,83.6663
11401,34.0974,-138.1069,83.6663
11402,33.7974,-138.1069,83.6663
11403,33.4974,-138.1069,83.6663
11404,33.1974,-138.1069,83.6663
11405,32.8974,-138.1069,83.6663
11406,32.5974,-138.1069,83.6663
11407,32.2974,-138.1069,83.6663
11408,31.9974,-137.8069,83.6663
11409,31.6974,-137.8069,83.6663
11410,31.3974,-137.8069,83.6663
11411,31.0974,-137.8069,83.6663
11412,30.7974,-137.8069,83.6663
11413,30.4974,-137.8069,83.6663
11414,30.1974,-137.8069,83.6663
11415,29.8974,-137.5069,83.6663
11416,29.5974,-137.2069,83.6663
11417,29.2974,-137.2069,83.6663
11418,28.9974,-136.9069,83.6663
11419,28.6974,-136.9069,83.6663
11420,28.3974,-136.9069,83.6663
11421,28.0974,-136.9069,83.6663
11422,27.7974,-136.9069,83.6663
11423,27.4974,-136.9069,83.6663
11424,27.1974,-136.9069,83.6663
11425,26.8974,-136.9069,83.6663
11426,26.5974,-136.9069,83.6663
11427,26.2974,-136.9069,83.6663
11428,25.9974,-136.9069,83.6663
11429,25.6974,-136.9069,83.6663
11430,25.3974,-136.9069,83.6663
11431,25.0974,-136.9069,83.6663
11432,24.7974,-136.9069,83.6663
11433,24.4974,-136.6069,83.6663
11434,24.1974,-136.3069,83.6663
11435,23.8974,-136.0069,83.6663
11436,23.5974,-135.7069,83.6663
11437,23.2974,-135.4069,83.6663
11438,22.9974,-135.1069,83.6663
11439,22.6974,-134.8069,83.6663
11440,22.3974,-134.5069,83.6663
11441,22.0974,-134.2069,83.6663
11442,21.7974,-133.9069,83.6663
11443,21.4974,-133.6069,83.6663
11444,21.1974,-133.3069,83.6663
11445,20.8974,-133.0069,83.6663
11446,20.5974,-133.0069,83.6663
11447,20.2974,-133.0069,83.6663
11448,19.9974,-133.0069,83.6663
11449,19.6974,-133.0069,83.6663
11450,19.3974,-133.0069,83.6663
11451,19.0974,-133.0069,83.6663
11452,18.7974,-133.0069,83.6663
11453,18.4974,-133.0069,83.6663
11454,18.1974,-133.0069,83.6663
11455,17.8974,-133.0069,83.6663
11456,17.5974,-133.0069,83.6663
11457,17.2974,-133.0069,83.6663
11458,16.9974,-133.0069,83.6663
11459,16.6974,-133.0069,83.6663
11460,16.3974,-133.0069,83.6663
11461,16.0974,-133.0069,83.6663
11462,15.7974,-133.0069,83.6663
11463,15.4974,-133.0069,83.6663
11464,15.1974,-133.0069,83.6663
11465,14.8974,-133.0069,83.6663
11466,14.5974,-133.0069,83.6663
11467,14.2974,-133.0069,83.6663
11468,13.9974,-133.0069,83.6663
11469,13.6974,-133.0069,83.6663
11470,13.3974,-133.0069,83.6663
11471,13.0974,-133.0069,83.6663
11472,12.7974,-133.0069,83.6663
11473,12.4974,-133.0069,83.6663
11474,12.1974,-133.0069,83.6663
11475,11.8974,-133.0069,83.6663
11476,11.5974,-133.0069,83.6663
11477,11.2974,-133.0069,83.6663
11478,10.9974,-133.0069,83.6663
11479,10.6974,-133.0069,83.6663
11480,10.3974,-133.0069,83.6663
11481,10.0974,-133.0069,83.6663
11482,9.7974,-133.0069,83.6663
11483,9.4974,-133.0069,83.6663
11484,9.1974,-133.0069,83.6663
11485,8.8974,-133.0069,83.6663
11486,8.5974,-133.0069,83.6663
11487,8.2974,-133.0069,83.6663
11488,7.9974,-133.0069,83.6663
11489,7.6974,-133.0069,83.6663
11490,7.3974,-133.0069,83.6663
11491,7.0974,-133.0069,83.6663
11492,6.7974,-133.0069,83.6663
11493,6.4974,-133.0069,83.6663
11494,6.1974,-133.0069,83.6663
11495,5.8974,-133.0069,83.6663
11496,5.5974,-133.0069,83.6663
11497,5.2974,-133.0069,83.6663
11498,4.9974,-133.0069,83.6663
11499,4.6974,-133.0069,83.6663
11500,4.3974,-133.0069,83.6663
11501,4.0974,-133.0069,83.6663
11502,3.7974,-133.0069,83.6663
11503,3.4974,-133.0069,83.6663
11504,3.1974,-133.0069,83.6663
11505,2.8974,-133.0069,83.6663
11506,2.5974,-133.0069,83.6663
11507,2.2974,-133.0069,83.6663
11508,1.9974,-133.0069,83.6663
11509,1.6974,-133.0069,83.6663
11510,1.3974,-133.0069,83.6663
11511,1.0974,-133.0069,83.6663
11512,0.7974,-133.0069,83.6663
11513,0.4974,-133.0069,83.6663
11514,0.1974,-133.0069,83.6663
11515,-0.1026,-133.0069,83.6663
11516,-0.4026,-133.0069,83.6663
11517,-0.7026,-133.0069,83.6663
11518,-1.0026,-132.7069,83.6663
11519,-1.3026,-132.7069,83.6663
11520,-1.6026,-132.7069,83.6663
11521,-1.9026,-132.7069,83.6663
11522,-2.2026,-132.7069,83.6663
11523,-2.5026,-132.7069,83.6663
11524,-2.8026,-132.4069,83.6663
11525,-3.1026,-132.4069,83.6663
11526,-3.4026,-132.4069,83.6663
11527,-3.7026,-132.4069,83.6663
11528,-4.0026,-132.4069,83.6663
11529,-4.3026,-132.1069,83.6663
11530,-4.6026,-132.1069,83.6663
11531,-4.9026,-132.1069,83.6663
11532,-5.2026,-132.1069,83.6663
11533,-5.5026,-132.1069,83.6663
11534,-5.8026,-132.1069,83.6663
11535,-6.1026,-131.8069,83.6663
11536,-6.4026,-131.8069,83.6663
11537,-6.7026,-131.8069,83.6663
11538,-7.0026,-131.8069,83.6663
11539,-7.3026,-131.8069,83.6663
11540,-7.6026,-131.8069,83.6663
11541,-7.9026,-131.8069,83.6663
11542,-8.2026,-131.5069,83.6663
11543,-8.5026,-131.5069,83.6663
11544,-8.8026,-131.5069,83.6663
11545,-9.1026,-131.5069,83.6663
11546,-9.4026,-131.5069,83.6663
11547,-9.7026,-131.2069,83.6663
11548,-10.0026,-131.2069,83.6663
11549,-10.3026,-131.2069,83.6663
11550,-10.6026,-130.9069,83.6663
11551,-10.9026,-130.9069,83.6663
11552,-11.2026,-130.6069,83.6663
11553,-11.5026,-130.6069,83.6663
11554,-11.8026,-130.6069,83.6663
11555,-12.1026,-130.3069,83.6663
11556,-12.4026,-130.3069,83.6663
11557,-12.7026,-130.3069,83.6663
11558,-13.0026,-130.3069,83.6663
11559,-13.3026,-130.3069,83.6663
11560,-13.6026,-130.3069,83.6663
11561,-13.9026,-130.3069,83.6663
11562,-14.2026,-130.3069,83.6663
11563,-14.5026,-130.3069,83.6663
11564,-14.8026,-130.3069,83.6663
11565,-15.1026,-130.3069,83.6663
11566,-15.4026,-130.3069,83.6663
11567,-15.7026,-130.3069,83.6663
11568,-16.0026,-130.3069,83.6663
11569,-16.3026,-130.3069,83.6663
11570,-16.6026,-130.3069,83.6663
11571,-16.9026,-130.3069,83.6663
11572,-17.2026,-130.0069,83.6663
11573,-17.5026,-130.0069,83.6663
11574,-17.8026,-130.0069,83.6663
11575,-18.1026,-130.0069,83.6663
11576,-18.4026,-130.0069,83.6663
11577,-18.7026,-130.0069,83.6663
11578,-19.0026,-130.0069,83.6663
11579,-19.3026,-129.7069,83.6663
11580,-19.6026,-129.7069,83.6663
11581,-19.9026,-129.7069,83.6663
11582,-20.2026,-129.7069,83.6663
11583,-20.5026,-129.7069,83.6663
11584,-20.8026,-129.4069,83.6663
11585,-21.1026,-129.4069,83.6663
11586,-21.4026,-129.4069,83.6663
11587,-21.7026,-129.1069,83.6663
11588,-22.0026,-129.1069,83.6663
11589,-22.3026,-129.1069,83.6663
11590,-22.6026,-129.1069,83.6663
11591,-22.9026,-129.1069,83.6663
11592,-23.2026,-129.1069,83.6663
11593,-23.5026,-129.1069,83.6663
11594,-23.8026,-129.1069,83.6663
11595,-24.1026,-128.8069,83.6663
11596,-24.4026,-128.8069,83.6663
11597,-24.7026,-128.8069,83.6663
11598,-25.0026,-128.5069,83.6663
11599,-25.3026,-128.5069,83.6663
11600,-25.6026,-128.5069,83.6663
11601,-25.9026,-128.2069,83.9663
11602,-26.2026,-128.2069,83.9663
11603,-26.5026,-127.9069,84.2663
11604,-26.8026,-127.9069,84.2663
11605,-27.1026,-127.9069,84.2663
11606,-27.4026,-127.9069,84.2663
11607,-27.7026,-127.9069,84.2663
11608,-28.0026,-127.6069,84.5663
11609,-28.3026,-127.3069,84.8663
11610,-28.6026,-127.0069,85.1663
11611,-28.9026,-127.0069,85.1663
11612,-29.2026,-127.0069,85.1663
11613,-29.5026,-127.0069,85.1663
11614,-29.8026,-127.0069,85.1663
11615,-30.1026,-127.0069,85.1663
11616,-30.4026,-127.0069,85.1663
11617,-30.7026,-127.0069,85.1663
11618,-31.0026,-127.0069,85.1663
11619,-31.3026,-127.0069,85.1663
11620,-31.6026,-127.0069,85.1663
11621,-31.9026,-127.0069,85.1663
11622,-32.2026,-127.0069,85.1663
11623,-32.5026,-127.0069,85.1663
11624,-32.8026,-127.0069,85.1663
11625,-33.1026,-127.0069,85.1663
11626,-33.4026,-127.0069,85.1663
11627,-33.7026,-127.0069,85.1663
11628,-34.0026,-127.0069,85.1663
11629,-34.3026,-127.0069,85.1663
11630,-34.6026,-127.0069,85.1663
11631,-34.9026,-127.0069,85.1663
11632,-35.2026,-126.7069,85.4663
11633,-35.5026,-126.7069,85.4663
11634,-35.8026,-126.7069,85.4663
11635,-36.1026,-126.7069,85.4663
11636,-36.4026,-126.4069,85.7663
11637,-36.7026,-126.4069,85.7663
11638,-37.0026,-126.4069,85.7663
11639,-37.3026,-126.4069,85.7663
11640,-37.6026,-126.4069,85.7663
11641,-37.9026,-126.4069,85.7663
11642,-38.2026,-126.4069,85.7663
11643,-38.5026,-126.1069,86.0663
11644,-38.8026,-126.1069,86.0663
11645,-39.1026,-126.1069,86.0663
11646,-39.4026,-126.1069,86.0663
11647,-39.7026,-126.1069,86.0663
11648,-40.0026,-126.1069,86.0663
11649,-40.3026,-126.1069,86.3663
11650,54.7184,-142.2816,86.3000
11651,54.4974,-142.0069,86.3663
11652,54.1974,-142.0069,86.3663
11653,53.8974,-142.0069,86.3663
11654,53.5974,-142.0069,86.3663
11655,53.2974,-141.7069,86.3663
11656,52.9974,-141.4069,86.3663
11657,52.6974,-141.4069,86.3663
11658,52.3974,-141.4069,86.3663
11659,52.0974,-141.4069,86.3663
11660,51.7974,-141.4069,86.3663
11661,51.4974,-141.4069,86.3663
11662,51.1974,-141.4069,86.3663
11663,50.8974,-141.4069,86.3663
11664,50.5974,-141.4069,86.3663
11665,50.2974,-141.4069,86.3663
11666,49.9974,-141.4069,86.3663
11667,49.6974,-141.4069,86.3663
11668,49.3974,-141.4069,86.3663
11669,49.0974,-141.4069,86.3663
11670,48.7974,-141.1069,86.3663
11671,48.4974,-141.1069,86.3663
11672,48.1974,-141.1069,86.3663
11673,47.8974,-140.8069,86.3663
11674,47.5974,-140.8069,86.3663
11675,47.2974,-140.8069,86.3663
11676,46.9974,-140.8069,86.3663
11677,46.6974,-140.8069,86.3663
11678,46.3974,-140.8069,86.3663
11679,46.0974,-140.8069,86.3663
11680,45.7974,-140.8069,86.3663
11681,45.4974,-140.5069,86.3663
11682,45.1974,-140.5069,86.3663
11683,44.8974,-140.5069,86.3663
11684,44.5974,-140.5069,86.3663
11685,44.2974,-140.5069,86.3663
11686,43.9974,-140.2069,86.3663
11687,43.6974,-140.2069,86.3663
11688,43.3974,-140.2069,86.3663
11689,43.0974,-140.2069,86.3663
11690,42.7974,-140.2069,86.3663
11691,42.4974,-140.2069,86.3663
11692,42.1974,-139.9069,86.3663
11693,41.8974,-139.9069,86.3663
11694,41.5974,-139.9069,86.3663
11695,41.2974,-139.9069,86.3663
11696,40.9974,-139.9069,86.3663
11697,40.6974,-139.6069,86.3663
11698,40.3974,-139.6069,86.3663
11699,40.0974,-139.6069,86.3663
11700,39.7974,-139.6069,86.3663
11701,39.4974,-139.6069,86.3663
11702,39.1974,-139.6069,86.3663
11703,38.8974,-139.3069,86.3663
11704,38.5974,-139.3069,86.3663
11705,38.2974,-139.3069,86.3663
11706,37.9974,-139.3069,86.3663
11707,37.6974,-139.3069,86.3663
11708,37.3974,-139.3069,86.3663
11709,37.0974,-139.0069,86.3663
11710,36.7974,-139.0069,86.3663
11711,36.4974,-139.0069,86.3663
11712,36.1974,-139.0069,86.3663
11713,35.8974,-138.7069,86.3663
11714,35.5974,-138.7069,86.3663
11715,35.2974,-138.7069,86.3663
11716,34.9974,-138.7069,86.3663
11717,34.6974,-138.7069,86.3663
11718,34.3974,-138.7069,86.3663
11719,34.0974,-138.7069,86.3663
11720,33.7974,-138.7069,86.3663
11721,33.4974,-138.4069,86.3663
11722,33.1974,-138.4069,86.3663
11723,32.8974,-138.1069,86.3663
11724,32.5974,-138.1069,86.3663
11725,32.2974,-138.1069,86.3663
11726,31.9974,-138.1069,86.3663
11727,31.6974,-138.1069,86.3663
11728,31.3974,-138.1069,86.3663
11729,31.0974,-138.1069,86.3663
11730,30.7974,-138.1069,86.3663
11731,30.4974,-138.1069,86.3663
11732,30.1974,-138.1069,86.3663
11733,29.8974,-138.1069,86.3663
11734,29.5974,-137.8069,86.3663
11735,29.2974,-137.8069,86.3663
11736,28.9974,-137.8069,86.3663
11737,28.6974,-137.8069,86.3663
11738,28.3974,-137.8069,86.3663
11739,28.0974,-137.8069,86.3663
11740,27.7974,-137.8069,86.3663
11741,27.4974,-137.5069,86.3663
11742,27.1974,-137.5069,86.3663
11743,26.8974,-137.5069,86.3663
11744,26.5974,-137.5069,86.3663
11745,26.2974,-137.2069,86.3663
11746,25.9974,-137.2069,86.3663
11747,25.6974,-136.9069,86.3663
11748,25.3974,-136.6069,86.3663
11749,25.0974,-136.3069,86.3663
11750,24.7974,-136.0069,86.3663
11751,24.4974,-135.7069,86.3663
11752,24.1974,-135.4069,86.3663
11753,23.8974,-135.1069,86.3663
11754,23.5974,-134.8069,86.3663
11755,23.2974,-134.5069,86.3663
11756,22.9974,-134.2069,86.3663
11757,22.6974,-133.9069,86.3663
11758,22.3974,-133.6069,86.3663
11759,22.0974,-133.3069,86.3663
11760,21.7974,-133.0069,86.3663
11761,21.4974,-132.7069,86.3663
11762,21.1974,-132.4069,86.3663
11763,20.8974,-132.1069,86.3663
11764,20.5974,-131.8069,86.3663
11765,20.2974,-131.8069,86.3663
11766,19.9974,-131.8069,86.3663
11767,19.6974,-131.8069,86.3663
11768,19.3974,-131.8069,86.3663
11769,19.0974,-131.8069,86.3663
11770,18.7974,-131.8069,86.3663
11771,18.4974,-131.8069,86.3663
11772,18.1974,-131.8069,86.3663
11773,17.8974,-131.8069,86.3663
11774,17.5974,-131.8069,86.3663
11775,17.2974,-131.8069,86.3663
11776,16.9974,-131.8069,86.3663
11777,16.6974,-131.8069,86.3663
11778,16.3974,-131.8069,86.3663
11779,16.0974,-131.8069,86.3663
11780,15.7974,-131.8069,86.3663
11781,15.4974,-131.8069,86.3663
11782,15.1974,-131.8069,86.3663
11783,14.8974,-131.8069,86.3663
11784,14.5974,-131.8069,86.3663
11785,14.2974,-131.8069,86.3663
11786,13.9974,-131.8069,86.3663
11787,13.6974,-131.8069,86.3663
11788,13.3974,-131.8069,86.3663
11789,13.0974,-131.8069,86.3663
11790,12.7974,-131.8069,86.3663
11791,12.4974,-131.8069,86.3663
11792,12.1974,-131.8069,86.3663
11793,11.8974,-131.8069,86.3663
11794,11.5974,-131.8069,86.3663
11795,11.2974,-131.8069,86.3663
11796,10.9974,-131.8069,86.3663
11797,10.6974,-131.8069,86.3663
11798,10.3974,-131.8069,86.3663
11799,10.0974,-131.8069,86.3663
11800,9.7974,-131.8069,86.3663
11801,9.4974,-131.8069,86.3663
11802,9.1974,-131.8069,86.3663
11803,8.8974,-131.8069,86.3663
11804,8.5974,-131.8069,86.3663
11805,8.2974,-131.8069,86.3663
11806,7.9974,-131.8069,86.3663
11807,7.6974,-131.8069,86.3663
11808,7.3974,-131.8069,86.3663
11809,7.0974,-131.8069,86.3663
11810,6.7974,-131.8069,86.3663
11811,6.4974,-131.8069,86.3663
11812,6.1974,-131.8069,86.3663
11813,5.8974,-131.8069,86.3663
11814,5.5974,-131.8069,86.3663
11815,5.2974,-131.8069,86.3663
11816,4.9974,-131.8069,86.3663
11817,4.6974,-131.8069,86.3663
11818,4.3974,-131.8069,86.3663
11819,4.0974,-131.8069,86.3663
11820,3.7974,-131.8069,86.3663
11821,3.4974,-131.8069,86.3663
11822,3.1974,-131.8069,86.3663
11823,2.8974,-131.8069,86.3663
11824,2.5974,-131.8069,86.3663
11825,2.2974,-131.8069,86.3663
11826,1.9974,-131.8069,86.3663
11827,1.6974,-131.8069,86.3663
11828,1.3974,-131.8069,86.3663
11829,1.0974,-131.8069,86.3663
11830,0.7974,-131.8069,86.3663
11831,0.4974,-131.8069,86.3663
11832,0.1974,-131.8069,86.3663
11833,-0.1026,-131.8069,86.3663
11834,-0.4026,-131.8069,86.3663
11835,-0.7026,-131.8069,86.3663
11836,-1.0026,-131.8069,86.3663
11837,-1.3026,-131.8069,86.3663
11838,-1.6026,-131.8069,86.3663
11839,-1.9026,-131.8069,86.3663
11840,-2.2026,-131.8069,86.3663
11841,-2.5026,-131.8069,86.3663
11842,-2.8026,-131.8069,86.3663
11843,-3.1026,-131.8069,86.3663
11844,-3.4026,-131.8069,86.3663
11845,-3.7026,-131.8069,86.3663
11846,-4.0026,-131.8069,86.3663
11847,-4.3026,-131.8069,86.3663
11848,-4.6026,-131.8069,86.3663
11849,-4.9026,-131.8069,86.3663
11850,-5.2026,-131.8069,86.3663
11851,-5.5026,-131.8069,86.3663
11852,-5.8026,-131.8069,86.3663
11853,-6.1026,-131.8069,86.3663
11854,-6.4026,-131.8069,86.3663
11855,-6.7026,-131.8069,86.3663
11856,-7.0026,-131.8069,86.3663
11857,-7.3026,-131.5069,86.3663
11858,-7.6026,-131.5069,86.3663
11859,-7.9026,-131.5069,86.3663
11860,-8.2026,-131.5069,86.3663
11861,-8.5026,-131.5069,86.3663
11862,-8.8026,-131.5069,86.3663
11863,-9.1026,-131.2069,86.3663
11864,-9.4026,-131.2069,86.3663
11865,-9.7026,-131.2069,86.3663
11866,-10.0026,-131.2069,86.3663
11867,-10.3026,-131.2069,86.3663
11868,-10.6026,-130.9069,86.3663
11869,-10.9026,-130.9069,86.3663
11870,-11.2026,-130.9069,86.3663
11871,-11.5026,-130.9069,86.3663
11872,-11.8026,-130.9069,86.3663
11873,-12.1026,-130.6069,86.3663
11874,-12.4026,-130.6069,86.3663
11875,-12.7026,-130.6069,86.3663
11876,-13.0026,-130.6069,86.3663
11877,-13.3026,-130.6069,86.3663
11878,-13.6026,-130.6069,86.3663
11879,-13.9026,-130.6069,86.3663
11880,-14.2026,-130.6069,86.3663
11881,-14.5026,-130.6069,86.3663
11882,-14.8026,-130.3069,86.3663
11883,-15.1026,-130.3069,86.3663
11884,-15.4026,-130.3069,86.3663
11885,-15.7026,-130.3069,86.3663
11886,-16.0026,-130.3069,86.3663
11887,-16.3026,-130.0069,86.3663
11888,-16.6026,-130.0069,86.3663
11889,-16.9026,-130.0069,86.3663
11890,-17.2026,-129.7069,86.3663
11891,-17.5026,-129.7069,86.3663
11892,-17.8026,-129.7069,86.3663
11893,-18.1026,-129.7069,86.3663
11894,-18.4026,-129.7069,86.3663
11895,-18.7026,-129.7069,86.3663
11896,-19.0026,-129.7069,86.3663
11897,-19.3026,-129.7069,86.3663
11898,-19.6026,-129.4069,86.3663
11899,-19.9026,-129.4069,86.3663
11900,-20.2026,-129.4069,86.3663
11901,-20.5026,-129.4069,86.3663
11902,-20.8026,-129.4069,86.3663
11903,-21.1026,-129.4069,86.3663
11904,-21.4026,-129.1069,86.3663
11905,-21.7026,-129.1069,86.3663
11906,-22.0026,-129.1069,86.3663
11907,-22.3026,-129.1069,86.3663
11908,-22.6026,-129.1069,86.3663
11909,-22.9026,-129.1069,86.3663
11910,-23.2026,-129.1069,86.3663
11911,-23.5026,-129.1069,86.3663
11912,-23.8026,-128.8069,86.3663
11913,-24.1026,-128.8069,86.3663
11914,-24.4026,-128.8069,86.3663
11915,-24.7026,-128.8069,86.3663
11916,-25.0026,-128.5069,86.3663
11917,-25.3026,-128.5069,86.3663
11918,-25.6026,-128.5069,86.3663
11919,-25.9026,-128.2069,86.3663
11920,-26.2026,-128.2069,86.3663
11921,-26.5026,-128.2069,86.3663
11922,-26.8026,-127.9069,86.3663
11923,-27.1026,-127.9069,86.3663
11924,-27.4026,-127.9069,86.3663
11925,-27.7026,-127.9069,86.3663
11926,-27.4026,-127.9069,86.3663
11927,-27.1026,-127.9069,86.3663
11928,-26.8026,-127.9069,86.3663
11929,-26.5026,-127.9069,86.3663
11930,-26.2026,-127.9069,86.3663
11931,-25.9026,-127.9069,86.3663
11932,-25.6026,-127.9069,86.3663
11933,-25.3026,-127.9069,86.3663
11934,-25.0026,-127.9069,86.3663
11935,-24.7026,-127.9069,86.3663
11936,-24.4026,-127.9069,86.3663
11937,-24.1026,-127.9069,86.3663
11938,-23.8026,-127.9069,86.3663
11939,-23.5026,-127.9069,86.3663
11940,-23.2026,-127.9069,86.3663
11941,-22.9026,-127.9069,86.3663
11942,-22.6026,-127.9069,86.3663
11943,-22.3026,-127.9069,86.3663
11944,-22.0026,-127.9069,86.3663
11945,-21.7026,-127.9069,86.3663
11946,-21.4026,-127.9069,86.3663
11947,-21.1026,-127.9069,86.3663
11948,-20.8026,-127.9069,86.3663
11949,-20.5026,-127.9069,86.3663
11950,-20.2026,-127.9069,86.3663
11951,-19.9026,-127.9069,86.3663
11952,-19.6026,-127.9069,86.3663
11953,-19.3026,-127.9069,86.3663
11954,-19.0026,-127.9069,86.3663
11955,-18.7026,-127.9069,86.3663
11956,-18.4026,-127.9069,86.3663
11957,-18.1026,-127.9069,86.3663
11958,-17.8026,-127.9069,86.3663
11959,-17.5026,-127.9069,86.3663
11960,-17.2026,-127.9069,86.3663
11961,-16.9026,-127.9069,86.3663
11962,-16.6026,-127.9069,86.3663
11963,-16.3026,-127.9069,86.3663
11964,-16.0026,-127.9069,86.3663
11965,-15.7026,-127.9069,86.3663
11966,-15.4026,-127.9069,86.3663
11967,-15.1026,-127.9069,86.3663
11968,-14.8026,-127.9069,86.3663
11969,-14.5026,-127.9069,86.3663
11970,-14.2026,-127.9069,86.3663
11971,-13.9026,-127.9069,86.3663
11972,-13.6026,-127.9069,86.3663
11973,-13.3026,-127.9069,86.3663
11974,-13.0026,-127.9069,86.3663
11975,-12.7026,-127.9069,86.3663
11976,-12.4026,-127.9069,86.3663
11977,-12.1026,-127.9069,86.3663
11978,-11.8026,-127.9069,86.3663
11979,-11.5026,-127.9069,86.3663
11980,-11.2026,-127.9069,86.3663
11981,-10.9026,-127.9069,86.3663
11982,-10.6026,-127.9069,86.3663
11983,-10.3026,-127.9069,86.3663
11984,-10.0026,-127.9069,86.3663
11985,-9.7026,-127.9069,86.3663
11986,-9.4026,-127.9069,86.3663
11987,-9.1026,-127.9069,86.3663
11988,-8.8026,-127.9069,86.3663
11989,-8.5026,-127.9069,86.3663
11990,-8.2026,-127.9069,86.3663
11991,-7.9026,-127.9069,86.3663
11992,-7.6026,-127.9069,86.3663
11993,-7.3026,-127.9069,86.3663
11994,-7.0026,-127.9069,86.3663
11995,-6.7026,-127.9069,86.3663
11996,-6.4026,-127.9069,86.3663
11997,-6.1026,-127.9069,86.3663
11998,-5.8026,-128.2069,86.3663
11999,-5.5026,-128.2069,86.3663
12000,-5.2026,-128.2069,86.3663
12001,-4.9026,-128.2069,86.3663
12002,-4.6026,-128.2069,86.3663
12003,-4.3026,-128.2069,86.3663
12004,-4.0026,-128.2069,86.3663
12005,-3.7026,-128.2069,86.3663
12006,-3.4026,-128.2069,86.3663
12007,-3.1026,-128.2069,86.3663
12008,-2.8026,-128.5069,86.3663
12009,-2.5026,-128.5069,86.3663
12010,-2.2026,-128.5069,86.3663
12011,-1.9026,-128.5069,86.3663
12012,-1.6026,-128.8069,86.3663
12013,-1.3026,-128.8069,86.3663
12014,-1.0026,-128.8069,86.3663
12015,-0.7026,-128.8069,86.3663
12016,-0.4026,-128.8069,86.3663
12017,-0.1026,-128.8069,86.3663
12018,0.1974,-128.8069,86.3663
12019,0.4974,-129.1069,86.3663
12020,0.7974,-129.1069,86.3663
12021,1.0974,-129.1069,86.3663
12022,1.3974,-129.1069,86.3663
12023,1.6974,-129.1069,86.3663
12024,1.9974,-129.4069,86.3663
12025,2.2974,-129.4069,86.3663
12026,2.5974,-129.4069,86.3663
12027,2.8974,-129.4069,86.3663
12028,3.1974,-129.4069,86.3663
12029,3.4974,-129.4069,86.3663
12030,3.7974,-129.7069,86.3663
12031,4.0974,-129.7069,86.3663
12032,4.3974,-129.7069,86.3663
12033,4.6974,-130.0069,86.3663
12034,4.9974,-130.3069,86.3663
12035,5.2974,-130.6069,86.3663
12036,5.5974,-130.9069,86.3663
12037,5.8974,-131.2069,86.3663
12038,6.1974,-131.5069,86.3663
12039,6.4974,-131.8069,86.3663
12040,6.7974,-132.1069,86.3663
12041,7.0974,-132.4069,86.3663
12042,7.3974,-132.7069,86.3663
12043,7.6974,-133.0069,86.3663
12044,7.9974,-133.3069,86.3663
12045,8.2974,-133.6069,86.3663
12046,8.5974,-133.6069,86.3663
12047,8.8974,-133.6069,86.3663
12048,9.1974,-133.6069,86.3663
12049,9.4974,-133.6069,86.3663
12050,9.7974,-133.6069,86.3663
12051,10.0974,-133.6069,86.3663
12052,10.3974,-133.6069,86.3663
12053,10.6974,-133.6069,86.3663
12054,10.9974,-133.6069,86.3663
12055,11.2974,-133.6069,86.3663
12056,11.5974,-133.6069,86.3663
12057,11.8974,-133.6069,86.3663
12058,12.1974,-133.6069,86.3663
12059,12.4974,-133.6069,86.3663
12060,12.7974,-133.6069,86.3663
12061,13.0974,-133.6069,86.3663
12062,13.3974,-133.6069,86.3663
12063,13.6974,-133.6069,86.3663
12064,13.9974,-133.6069,86.3663
12065,14.2974,-133.6069,86.3663
12066,14.5974,-133.6069,86.3663
12067,14.8974,-133.6069,86.3663
12068,15.1974,-133.6069,86.3663
12069,15.4974,-133.6069,86.3663
12070,15.7974,-133.6069,86.3663
12071,16.0974,-133.6069,86.3663
12072,16.3974,-133.6069,86.3663
12073,16.6974,-133.6069,86.3663
12074,16.9974,-133.6069,86.3663
12075,17.2974,-133.6069,86.3663
12076,17.5974,-133.6069,86.3663
12077,17.8974,-133.6069,86.3663
12078,18.1974,-133.6069,86.3663
12079,18.4974,-133.6069,86.3663
12080,18.7974,-133.6069,86.3663
12081,19.0974,-133.6069,86.3663
12082,19.3974,-133.6069,86.3663
12083,19.6974,-133.6069,86.3663
12084,19.9974,-133.6069,86.3663
12085,20.2974,-133.6069,86.3663
12086,20.5974,-133.6069,86.3663
12087,20.8974,-133.6069,86.3663
12088,21.1974,-133.6069,86.3663
12089,21.4974,-133.6069,86.3663
12090,21.7974,-133.6069,86.3663
12091,22.0974,-133.6069,86.3663
12092,22.3974,-133.6069,86.3663
12093,22.6974,-133.6069,86.3663
12094,22.9974,-133.6069,86.3663
12095,23.2974,-133.6069,86.3663
12096,23.5974,-133.6069,86.3663
12097,23.8974,-133.6069,86.3663
12098,24.1974,-133.6069,86.3663
12099,24.4974,-133.6069,86.3663
12100,24.7974,-133.6069,86.3663
12101,25.0974,-133.6069,86.3663
12102,25.3974,-133.6069,86.3663
12103,25.6974,-133.6069,86.3663
12104,25.9974,-133.6069,86.3663
12105,26.2974,-133.6069,86.3663
12106,26.5974,-133.6069,86.3663
12107,26.8974,-133.6069,86.3663
12108,27.1974,-133.9069,86.3663
12109,27.4974,-133.9069,86.3663
12110,27.7974,-134.2069,86.3663
12111,28.0974,-134.2069,86.3663
12112,28.3974,-134.5069,86.3663
12113,28.6974,-134.5069,86.3663
12114,28.9974,-134.8069,86.3663
12115,29.2974,-134.8069,86.3663
12116,29.5974,-135.1069,86.3663
12117,29.8974,-135.1069,86.3663
12118,30.1974,-135.1069,86.3663
12119,30.4974,-135.4069,86.3663
12120,30.7974,-135.4069,86.3663
12121,31.0974,-135.7069,86.3663
12122,31.3974,-135.7069,86.3663
12123,31.6974,-136.0069,86.3663
12124,31.9974,-136.0069,86.3663
12125,32.2974,-136.3069,86.3663
12126,32.5974,-136.3069,86.3663
12127,32.8974,-136.6069,86.3663
12128,33.1974,-136.6069,86.3663
12129,33.4974,-136.6069,86.3663
12130,33.7974,-136.9069,86.3663
12131,34.0974,-136.9069,86.3663
12132,34.3974,-137.2069,86.3663
12133,34.6974,-137.2069,86.3663
12134,34.9974,-137.5069,86.3663
12135,35.2974,-137.5069,86.3663
12136,35.5974,-137.8069,86.3663
12137,35.8974,-137.8069,86.3663
12138,36.1974,-138.1069,86.3663
12139,36.4974,-138.1069,86.3663
12140,36.7974,-138.1069,86.3663
12141,37.0974,-138.4069,86.3663
12142,37.3974,-138.4069,86.3663
12143,37.6974,-138.7069,86.3663
12144,37.9974,-138.7069,86.3663
12145,38.2974,-139.0069,86.3663
12146,38.5974,-139.0069,86.3663
12147,38.8974,-139.3069,86.3663
12148,39.1974,-139.3069,86.3663
12149,39.4974,-139.6069,86.3663
12150,39.7974,-139.6069,86.3663
12151,39.4974,-139.6069,86.3663
12152,39.1974,-139.6069,86.3663
12153,38.8974,-139.3069,86.3663
12154,38.5974,-139.3069,86.3663
12155,38.2974,-139.0069,86.3663
12156,37.9974,-138.7069,86.3663
12157,37.6974,-138.7069,86.3663
12158,37.3974,-138.7069,86.3663
12159,37.0974,-138.7069,86.3663
12160,36.7974,-138.7069,86.3663
12161,36.4974,-138.7069,86.3663
12162,36.1974,-138.7069,86.3663
12163,35.8974,-138.7069,86.3663
12164,35.5974,-138.7069,86.3663
12165,35.2974,-138.7069,86.3663
12166,34.9974,-138.7069,86.3663
12167,34.6974,-138.7069,86.3663
12168,34.3974,-138.7069,86.3663
12169,34.0974,-138.7069,86.3663
12170,33.7974,-138.7069,86.3663
12171,33.4974,-138.4069,86.3663
12172,33.1974,-138.4069,86.3663
12173,32.8974,-138.1069,86.3663
12174,32.5974,-138.1069,86.3663
12175,32.2974,-138.1069,86.3663
12176,31.9974,-138.1069,86.3663
12177,31.6974,-138.1069,86.3663
12178,31.3974,-138.1069,86.3663
12179,31.0974,-138.1069,86.3663
12180,30.7974,-138.1069,86.3663
12181,30.4974,-138.1069,86.3663
12182,30.1974,-138.1069,86.3663
12183,29.8974,-138.1069,86.3663
12184,29.5974,-137.8069,86.3663
12185,29.2974,-137.8069,86.3663
12186,28.9974,-137.8069,86.3663
12187,28.6974,-137.8069,86.3663
12188,28.3974,-137.8069,86.3663
12189,28.0974,-137.8069,86.3663
12190,27.7974,-137.8069,86.3663
12191,27.4974,-137.5069,86.3663
12192,27.1974,-137.5069,86.3663
12193,26.8974,-137.5069,86.3663
12194,26.5974,-137.5069,86.3663
12195,26.2974,-137.2069,86.3663
12196,25.9974,-137.2069,86.3663
12197,25.6974,-137.2069,86.3663
12198,25.3974,-137.2069,86.3663
12199,25.0974,-137.2069,86.3663
12200,24.7974,-137.2069,86.3663
12201,24.4974,-137.2069,86.3663
12202,24.1974,-136.9069,86.3663
12203,23.8974,-136.9069,86.3663
12204,23.5974,-136.9069,86.3663
12205,23.2974,-136.9069,86.3663
12206,22.9974,-136.9069,86.3663
12207,22.6974,-136.9069,86.3663
12208,22.3974,-136.9069,86.3663
12209,22.0974,-136.6069,86.3663
12210,21.7974,-136.6069,86.3663
12211,21.4974,-136.6069,86.3663
12212,21.1974,-136.6069,86.3663
12213,20.8974,-136.6069,86.3663
12214,20.5974,-136.3069,86.3663
12215,20.2974,-136.3069,86.3663
12216,19.9974,-136.3069,86.3663
12217,19.6974,-136.3069,86.3663
12218,19.3974,-136.3069,86.3663
12219,19.0974,-136.0069,86.3663
12220,18.7974,-136.0069,86.3663
12221,18.4974,-136.0069,86.3663
12222,18.1974,-136.0069,86.3663
12223,17.8974,-135.7069,86.3663
12224,17.5974,-135.7069,86.3663
12225,17.2974,-135.7069,86.3663
12226,16.9974,-135.7069,86.3663
12227,16.6974,-135.7069,86.3663
12228,16.3974,-135.7069,86.3663
12229,16.0974,-135.7069,86.3663
12230,15.7974,-135.7069,86.3663
12231,15.4974,-135.4069,86.3663
12232,15.1974,-135.4069,86.3663
12233,14.8974,-135.4069,86.3663
12234,14.5974,-135.4069,86.3663
12235,14.2974,-135.4069,86.3663
12236,13.9974,-135.4069,86.3663
12237,13.6974,-135.4069,86.3663
12238,13.3974,-135.1069,86.3663
12239,13.0974,-135.1069,86.3663
12240,12.7974,-135.1069,86.3663
12241,12.4974,-135.1069,86.3663
12242,12.1974,-135.1069,86.3663
12243,11.8974,-134.8069,86.3663
12244,11.5974,-134.8069,86.3663
12245,11.2974,-134.8069,86.3663
12246,10.9974,-134.8069,86.3663
12247,10.6974,-134.5069,86.3663
12248,10.3974,-134.5069,86.3663
12249,10.0974,-134.5069,86.3663
12250,9.7974,-134.5069,86.3663
12251,9.4974,-134.5069,86.3663
12252,9.1974,-134.5069,86.3663
12253,8.8974,-134.5069,86.3663
12254,8.5974,-134.5069,86.3663
12255,8.2974,-134.2069,86.3663
12256,7.9974,-134.2069,86.3663
12257,7.6974,-134.2069,86.3663
12258,7.3974,-134.2069,86.3663
12259,7.0974,-133.9069,86.3663
12260,6.7974,-133.9069,86.3663
12261,6.4974,-133.9069,86.3663
12262,6.1974,-133.9069,86.3663
12263,5.8974,-133.9069,86.3663
12264,5.5974,-133.6069,86.3663
12265,5.2974,-133.3069,86.3663
12266,4.9974,-133.0069,86.3663
12267,4.6974,-132.7069,86.3663
12268,4.3974,-132.4069,86.3663
12269,4.0974,-132.4069,86.3663
12270,3.7974,-132.4069,86.3663
12271,3.4974,-132.4069,86.3663
12272,3.1974,-132.4069,86.3663
12273,2.8974,-132.4069,86.3663
12274,2.5974,-132.4069,86.3663
12275,2.2974,-132.4069,86.3663
12276,1.9974,-132.4069,86.3663
12277,1.6974,-132.4069,86.3663
12278,1.3974,-132.4069,86.3663
12279,1.0974,-132.4069,86.3663
12280,0.7974,-132.4069,86.3663
12281,0.4974,-132.4069,86.3663
12282,0.1974,-132.4069,86.3663
12283,-0.1026,-132.4069,86.3663
12284,-0.4026,-132.4069,86.3663
12285,-0.7026,-132.4069,86.3663
12286,-1.0026,-132.4069,86.3663
12287,-1.3026,-132.4069,86.3663
12288,-1.0026,-132.4069,86.3663
12289,-0.7026,-132.4069,86.3663
12290,-0.4026,-132.4069,86.3663
12291,-0.1026,-132.4069,86.3663
12292,0.1974,-132.4069,86.3663
12293,0.4974,-132.4069,86.3663
12294,0.7974,-132.4069,86.3663
12295,1.0974,-132.4069,86.3663
12296,1.3974,-132.4069,86.3663
12297,1.6974,-132.4069,86.3663
12298,1.9974,-132.4069,86.3663
12299,2.2974,-132.4069,86.3663
12300,2.5974,-132.4069,86.3663
12301,2.8974,-132.4069,86.3663
12302,3.1974,-132.4069,86.3663
12303,3.4974,-132.4069,86.3663
12304,3.7974,-132.4069,86.3663
12305,4.0974,-132.4069,86.3663
12306,4.3974,-132.4069,86.3663
12307,4.6974,-132.4069,86.3663
12308,4.9974,-132.4069,86.3663
12309,5.2974,-132.4069,86.3663
12310,5.5974,-132.4069,86.3663
12311,5.8974,-132.4069,86.3663
12312,6.1974,-132.7069,86.3663
12313,6.4974,-132.7069,86.3663
12314,6.7974,-132.7069,86.3663
12315,7.0974,-132.7069,86.3663
12316,7.3974,-132.7069,86.3663
12317,7.6974,-132.7069,86.3663
12318,7.9974,-132.7069,86.3663
12319,8.2974,-132.7069,86.3663
12320,8.5974,-133.0069,86.3663
12321,8.8974,-133.3069,86.3663
12322,9.1974,-133.6069,86.3663
12323,9.4974,-133.9069,86.3663
12324,9.7974,-134.2069,86.3663
12325,10.0974,-134.5069,86.3663
12326,10.3974,-134.5069,86.3663
12327,10.6974,-134.5069,86.3663
12328,10.9974,-134.5069,86.3663
12329,11.2974,-134.5069,86.3663
12330,11.5974,-134.5069,86.3663
12331,11.8974,-134.5069,86.3663
12332,12.1974,-134.5069,86.3663
12333,12.4974,-134.5069,86.3663
12334,12.7974,-134.5069,86.3663
12335,13.0974,-134.5069,86.3663
12336,13.3974,-134.5069,86.3663
12337,13.6974,-134.5069,86.3663
12338,13.9974,-134.5069,86.3663
12339,14.2974,-134.5069,86.3663
12340,14.5974,-134.5069,86.3663
12341,14.8974,-134.5069,86.3663
12342,15.1974,-134.5069,86.3663
12343,15.4974,-134.5069,86.3663
12344,15.7974,-134.5069,86.3663
12345,16.0974,-134.5069,86.3663
12346,16.3974,-134.5069,86.3663
12347,16.6974,-134.5069,86.3663
12348,16.9974,-134.5069,86.3663
12349,17.2974,-134.5069,86.3663
12350,17.5974,-134.5069,86.3663
12351,17.8974,-134.5069,86.3663
12352,18.1974,-134.5069,86.3663
12353,18.4974,-134.5069,86.3663
12354,18.7974,-134.5069,86.3663
12355,19.0974,-134.5069,86.3663
12356,19.3974,-134.5069,86.3663
12357,19.6974,-134.5069,86.3663
12358,19.9974,-134.5069,86.3663
12359,20.2974,-134.5069,86.3663
12360,20.5974,-134.5069,86.3663
12361,20.8974,-134.5069,86.3663
12362,21.1974,-134.5069,86.3663
12363,21.4974,-134.5069,86.3663
12364,21.7974,-134.5069,86.3663
12365,22.0974,-134.5069,86.3663
12366,22.3974,-134.5069,86.3663
12367,22.6974,-134.5069,86.3663
12368,22.9974,-134.5069,86.3663
12369,23.2974,-134.5069,86.3663
12370,23.5974,-134.5069,86.3663
12371,23.8974,-134.5069,86.3663
12372,24.1974,-134.5069,86.3663
12373,24.4974,-134.5069,86.3663
12374,24.7974,-134.5069,86.3663
12375,25.0974,-134.5069,86.3663
12376,25.3974,-134.5069,86.3663
12377,25.6974,-134.5069,86.3663
12378,25.9974,-134.5069,86.3663
12379,26.2974,-134.5069,86.3663
12380,26.5974,-134.5069,86.3663
12381,26.8974,-134.5069,86.3663
12382,27.1974,-134.5069,86.3663
12383,27.4974,-134.5069,86.3663
12384,27.7974,-134.5069,86.3663
12385,28.0974,-134.5069,86.3663
12386,28.3974,-134.5069,86.3663
12387,28.6974,-134.8069,86.3663
12388,28.9974,-134.8069,86.3663
12389,29.2974,-134.8069,86.3663
12390,29.5974,-135.1069,86.3663
12391,29.8974,-135.1069,86.3663
12392,30.1974,-135.4069,86.3663
12393,30.4974,-135.4069,86.3663
12394,30.7974,-135.7069,86.3663
12395,31.0974,-135.7069,86.3663
12396,31.3974,-136.0069,86.3663
12397,31.6974,-136.0069,86.3663
12398,31.9974,-136.3069,86.3663
12399,32.2974,-136.3069,86.3663
12400,32.5974,-136.3069,86.3663
12401,32.8974,-136.6069,86.3663
12402,33.1974,-136.6069,86.3663
12403,33.4974,-136.9069,86.3663
12404,33.7974,-136.9069,86.3663
12405,34.0974,-137.2069,86.3663
12406,34.3974,-137.2069,86.3663
12407,34.6974,-137.5069,86.3663
12408,34.9974,-137.5069,86.3663
12409,35.2974,-137.8069,86.3663
12410,35.5974,-137.8069,86.3663
12411,35.8974,-137.8069,86.3663
12412,36.1974,-138.1069,86.3663
12413,36.4974,-138.1069,86.3663
12414,36.7974,-138.4069,86.3663
12415,37.0974,-138.4069,86.3663
12416,37.3974,-138.7069,86.3663
12417,37.6974,-138.7069,86.3663
12418,37.9974,-139.0069,86.3663
12419,38.2974,-139.0069,86.3663
12420,38.5974,-139.3069,86.3663
12421,38.8974,-139.3069,86.3663
12422,38.8974,-139.6069,86.6663
12423,38.8974,-139.6069,86.9663
12424,38.8974,-139.9069,87.2663
12425,38.8974,-139.9069,87.5663
12426,38.8974,-140.2069,87.8663
12427,38.8974,-140.5069,88.1663
12428,38.8974,-140.5069,88.4663
12429,38.8974,-140.8069,88.7663
12430,38.5974,-141.1069,89.0663
12431,38.2974,-141.4069,89.3663
12432,37.9974,-141.7069,89.6663
12433,37.9974,-142.0069,89.9663
12434,37.9974,-142.3069,89.9663
12435,37.9974,-142.6069,89.9663
12436,37.9974,-142.9069,90.2663
12437,37.9974,-143.2069,90.2663
12438,37.9974,-143.5069,90.2663
12439,37.9974,-143.8069,90.2663
12440,37.9974,-144.1069,90.2663
12441,37.9974,-144.4069,90.2663
12442,37.9974,-144.7069,90.2663
12443,37.9974,-145.0069,90.2663
12444,37.9974,-145.3069,90.2663
12445,37.9974,-145.6069,90.2663
12446,37.9974,-145.9069,90.2663
12447,37.9974,-146.2069,90.2663
12448,37.9974,-146.5069,90.2663
12449,37.6974,-146.8069,89.9663
12450,37.3974,-147.1069,89.6663
12451,37.3974,-147.4069,89.6663
12452,37.0974,-147.7069,89.3663
12453,37.0974,-148.0069,89.3663
12454,37.0974,-148.3069,89.3663
12455,37.0974,-148.6069,89.0663
12456,37.0974,-148.9069,89.0663
12457,36.7974,-149.2069,88.7663
12458,36.7974,-149.5069,88.4663
12459,36.4974,-149.8069,88.1663
12460,36.4974,-150.1069,87.8663
12461,36.1974,-150.4069,87.5663
12462,36.1974,-150.4069,87.2663
12463,35.8974,-150.7069,86.9663
12464,35.8974,-150.7069,86.6663
12465,35.8974,-150.7069,86.3663
12466,35.5974,-150.7069,86.3663
12467,35.2974,-150.7069,86.3663
12468,34.9974,-150.7069,86.3663
12469,34.6974,-150.7069,86.3663
12470,34.3974,-150.7069,86.3663
12471,34.0974,-150.7069,86.3663
12472,33.7974,-150.7069,86.3663
12473,33.4974,-150.7069,86.3663
12474,33.1974,-150.7069,86.3663
12475,32.8974,-150.7069,86.3663
12476,32.5974,-150.7069,86.3663
12477,32.2974,-150.7069,86.3663
12478,31.9974,-150.7069,86.3663
12479,31.6974,-150.7069,86.3663
12480,31.3974,-150.7069,86.3663
12481,31.0974,-150.7069,86.3663
12482,30.7974,-150.7069,86.3663
12483,30.4974,-150.7069,86.3663
12484,30.1974,-150.7069,86.3663
12485,29.8974,-150.7069,86.3663
12486,29.5974,-150.7069,86.3663
12487,29.2974,-150.7069,86.3663
12488,28.9974,-150.7069,86.3663
12489,28.6974,-150.7069,86.3663
12490,28.3974,-150.7069,86.3663
12491,28.0974,-150.7069,86.3663
12492,27.7974,-150.7069,86.3663
12493,27.4974,-150.7069,86.3663
12494,27.1974,-150.7069,86.3663
12495,26.8974,-150.7069,86.3663
12496,26.5974,-150.7069,86.3663
12497,26.2974,-150.7069,86.3663
12498,25.9974,-150.7069,86.3663
12499,25.6974,-150.7069,86.3663
12500,25.3974,-150.7069,86.3663
12501,25.0974,-150.7069,86.3663
12502,24.7974,-150.7069,86.3663
12503,24.4974,-150.7069,86.3663
12504,24.1974,-150.7069,86.3663
12505,23.8974,-150.7069,86.3663
12506,23.5974,-150.7069,86.3663
12507,23.2974,-150.7069,86.3663
12508,22.9974,-150.7069,86.3663
12509,22.6974,-150.7069,86.3663
12510,22.3974,-150.7069,86.3663
12511,22.0974,-150.7069,86.3663
12512,21.7974,-150.7069,86.3663
12513,21.4974,-150.4069,86.3663
12514,21.1974,-150.4069,86.3663
12515,20.8974,-150.4069,86.3663
12516,20.5974,-150.1069,86.3663
12517,20.2974,-150.1069,86.3663
12518,19.9974,-149.8069,86.3663
12519,19.6974,-149.8069,86.3663
12520,19.3974,-149.5069,86.3663
12521,19.0974,-149.5069,86.3663
12522,18.7974,-149.2069,86.3663
12523,18.4974,-149.2069,86.3663
12524,18.1974,-148.9069,86.3663
12525,17.8974,-148.9069,86.3663
12526,17.5974,-148.9069,86.3663
12527,17.2974,-148.6069,86.3663
12528,16.9974,-148.6069,86.3663
12529,16.6974,-148.3069,86.3663
12530,16.3974,-148.3069,86.3663
12531,16.0974,-148.0069,86.3663
12532,15.7974,-148.0069,86.3663
12533,15.4974,-147.7069,86.3663
12534,15.1974,-147.7069,86.3663
12535,14.8974,-147.4069,86.3663
12536,14.5974,-147.4069,86.3663
12537,14.2974,-147.4069,86.3663
12538,13.9974,-147.1069,86.3663
12539,13.6974,-147.1069,86.3663
12540,13.3974,-146.8069,86.3663
12541,13.0974,-146.8069,86.3663
12542,12.7974,-146.5069,86.3663
12543,12.4974,-146.5069,86.3663
12544,12.1974,-146.2069,86.3663
12545,11.8974,-146.2069,86.3663
12546,11.5974,-145.9069,86.3663
12547,11.2974,-145.9069,86.3663
12548,10.9974,-145.9069,86.3663
12549,10.6974,-145.6069,86.3663
12550,10.3974,-145.6069,86.3663
12551,10.0974,-145.3069,86.3663
12552,9.7974,-145.3069,86.3663
12553,9.4974,-145.0069,86.3663
12554,9.1974,-145.0069,86.3663
12555,8.8974,-144.7069,86.3663
12556,8.5974,-144.7069,86.3663
12557,8.2974,-144.4069,86.3663
12558,7.9974,-144.4069,86.3663
12559,7.6974,-144.4069,86.3663
12560,7.3974,-144.1069,86.3663
12561,7.0974,-144.1069,86.3663
12562,6.7974,-143.8069,86.3663
12563,6.4974,-143.8069,86.3663
12564,6.1974,-143.5069,86.3663
12565,5.8974,-143.5069,86.3663
12566,5.5974,-143.2069,86.3663
12567,5.2974,-143.2069,86.3663
12568,4.9974,-143.2069,86.3663
12569,4.6974,-142.9069,86.3663
12570,4.3974,-142.9069,86.3663
12571,4.0974,-142.9069,86.3663
12572,3.7974,-142.9069,86.3663
12573,3.4974,-142.9069,86.3663
12574,3.1974,-142.9069,86.3663
12575,2.8974,-142.9069,86.3663
12576,2.5974,-142.9069,86.3663
12577,2.2974,-142.9069,86.3663
12578,1.9974,-142.9069,86.3663
12579,1.6974,-142.9069,86.3663
12580,1.3974,-142.9069,86.3663
12581,1.0974,-142.9069,86.3663
12582,0.7974,-142.9069,86.3663
12583,0.4974,-142.9069,86.3663
12584,0.1974,-142.9069,86.3663
12585,-0.1026,-142.9069,86.3663
12586,-0.4026,-142.9069,86.3663
12587,-0.7026,-142.9069,86.3663
12588,-1.0026,-142.9069,86.3663
12589,-1.3026,-142.9069,86.3663
12590,-1.6026,-142.9069,86.3663
12591,-1.9026,-142.9069,86.3663
12592,-2.2026,-142.9069,86.3663
12593,-2.5026,-142.9069,86.3663
12594,-2.8026,-142.9069,86.3663
12595,-3.1026,-142.6069,86.3663
12596,-3.4026,-142.6069,86.3663
12597,-3.7026,-142.6069,86.3663
12598,-4.0026,-142.6069,86.3663
12599,-4.3026,-142.6069,86.3663
12600,-4.6026,-142.6069,86.3663
12601,-4.9026,-142.6069,86.3663
12602,-5.2026,-142.3069,86.3663
12603,-5.5026,-142.0069,86.3663
12604,-5.8026,-141.7069,86.3663
12605,-6.1026,-141.4069,86.3663
12606,-6.4026,-141.1069,86.3663
12607,-6.7026,-141.1069,86.3663
12608,-7.0026,-141.1069,86.3663
12609,-7.3026,-140.8069,86.3663
12610,-7.0026,-140.8069,86.3663
12611,-6.7026,-140.8069,86.3663
12612,-6.4026,-141.1069,86.3663
12613,-6.1026,-141.1069,86.3663
12614,-5.8026,-141.1069,86.3663
12615,-5.5026,-141.1069,86.3663
12616,-5.2026,-141.1069,86.3663
12617,-4.9026,-141.4069,86.3663
12618,-4.6026,-141.4069,86.3663
12619,-4.3026,-141.4069,86.3663
12620,-4.0026,-141.4069,86.3663
12621,-3.7026,-141.4069,86.3663
12622,-3.4026,-141.4069,86.3663
12623,-3.1026,-141.4069,86.3663
12624,-2.8026,-141.7069,86.3663
12625,-2.5026,-141.7069,86.3663
12626,-2.2026,-141.7069,86.3663
12627,-1.9026,-141.7069,86.3663
12628,-1.6026,-141.7069,86.3663
12629,-1.3026,-141.7069,86.3663
12630,-1.0026,-141.7069,86.3663
12631,-0.7026,-142.0069,86.3663
12632,-0.4026,-142.0069,86.3663
12633,-0.1026,-142.0069,86.3663
12634,0.1974,-142.0069,86.3663
12635,0.4974,-142.0069,86.3663
12636,0.7974,-142.3069,86.3663
12637,1.0974,-142.3069,86.3663
12638,1.3974,-142.3069,86.3663
12639,1.6974,-142.3069,86.3663
12640,1.9974,-142.6069,86.3663
12641,2.2974,-142.6069,86.3663
12642,2.5974,-142.6069,86.3663
12643,2.8974,-142.6069,86.3663
12644,3.1974,-142.6069,86.3663
12645,3.4974,-142.6069,86.3663
12646,3.7974,-142.6069,86.3663
12647,4.0974,-142.6069,86.3663
12648,4.3974,-142.6069,86.3663
12649,4.6974,-142.9069,86.3663
12650,4.9974,-142.9069,86.3663
12651,5.2974,-142.9069,86.3663
12652,5.5974,-142.9069,86.3663
12653,5.8974,-142.9069,86.3663
12654,6.1974,-143.2069,86.3663
12655,6.4974,-143.2069,86.3663
12656,6.7974,-143.2069,86.3663
12657,7.0974,-143.2069,86.3663
12658,7.3974,-143.5069,86.3663
12659,7.6974,-143.5069,86.3663
12660,7.9974,-143.5069,86.3663
12661,8.2974,-143.5069,86.3663
12662,8.5974,-143.5069,86.3663
12663,8.8974,-143.5069,86.3663
12664,9.1974,-143.5069,86.3663
12665,9.4974,-143.5069,86.3663
12666,9.7974,-143.8069,86.3663
12667,10.0974,-143.8069,86.3663
12668,10.3974,-143.8069,86.3663
12669,10.6974,-143.8069,86.3663
12670,10.3974,-143.8069,86.3663
12671,10.0974,-143.8069,86.3663
12672,9.7974,-143.8069,86.3663
12673,9.4974,-143.8069,86.3663
12674,9.1974,-143.8069,86.3663
12675,8.8974,-143.8069,86.3663
12676,8.5974,-143.8069,86.3663
12677,8.2974,-143.8069,86.3663
12678,7.9974,-143.8069,86.3663
12679,7.6974,-143.8069,86.3663
12680,7.3974,-143.8069,86.3663
12681,7.0974,-143.8069,86.3663
12682,6.7974,-143.8069,86.3663
12683,6.4974,-143.8069,86.3663
12684,6.1974,-143.8069,86.3663
12685,5.8974,-143.8069,86.3663
12686,5.5974,-143.8069,86.3663
12687,5.2974,-143.8069,86.3663
12688,4.9974,-143.8069,86.3663
12689,4.6974,-143.8069,86.3663
12690,4.3974,-143.8069,86.3663
12691,4.0974,-143.8069,86.3663
12692,3.7974,-143.8069,86.3663
12693,3.4974,-143.8069,86.3663
12694,3.1974,-143.8069,86.3663
12695,2.8974,-143.8069,86.3663
12696,2.5974,-143.8069,86.3663
12697,2.2974,-143.8069,86.3663
12698,1.9974,-143.8069,86.3663
12699,1.6974,-143.8069,86.3663
12700,1.3974,-143.8069,86.3663
12701,1.0974,-143.8069,86.3663
12702,0.7974,-143.8069,86.3663
12703,0.4974,-143.8069,86.3663
12704,0.1974,-143.8069,86.3663
12705,-0.1026,-143.8069,86.3663
12706,-0.4026,-143.8069,86.3663
12707,-0.7026,-143.5069,86.3663
12708,-1.0026,-143.5069,86.3663
12709,-1.3026,-143.2069,86.3663
12710,-1.6026,-143.2069,86.3663
12711,-1.9026,-142.9069,86.3663
12712,-2.2026,-142.9069,86.3663
12713,-2.5026,-142.6069,86.3663
12714,-2.8026,-142.6069,86.3663
12715,-3.1026,-142.6069,86.3663
12716,-3.4026,-142.3069,86.3663
12717,-3.7026,-142.3069,86.3663
12718,-4.0026,-142.0069,86.3663
12719,-4.3026,-142.0069,86.3663
12720,-4.6026,-141.7069,86.3663
12721,-4.9026,-141.7069,86.3663
12722,-5.2026,-141.4069,86.3663
12723,-5.5026,-141.4069,86.3663
12724,-5.8026,-141.4069,86.3663
12725,-6.1026,-141.1069,86.3663
12726,-6.4026,-141.1069,86.3663
12727,-6.7026,-141.1069,86.3663
12728,-7.0026,-141.1069,86.3663
12729,-7.3026,-141.1069,86.3663
12730,-7.6026,-141.1069,86.3663
12731,-7.9026,-141.1069,86.3663
12732,-8.2026,-141.1069,86.3663
12733,-8.5026,-141.1069,86.3663
12734,-8.8026,-141.1069,86.3663
12735,-9.1026,-141.1069,86.3663
12736,-9.4026,-141.1069,86.3663
12737,-9.7026,-141.1069,86.3663
12738,-10.0026,-141.1069,86.3663
12739,-10.3026,-141.1069,86.3663
12740,-10.6026,-141.1069,86.3663
12741,-10.9026,-141.1069,86.3663
12742,-11.2026,-141.1069,86.3663
12743,-11.5026,-141.1069,86.3663
12744,-11.8026,-141.1069,86.3663
12745,-12.1026,-141.1069,86.3663
12746,-12.4026,-141.1069,86.3663
12747,-12.7026,-141.1069,86.3663
12748,-13.0026,-141.1069,86.3663
12749,-13.3026,-141.1069,86.3663
12750,-13.6026,-141.1069,86.3663
12751,-13.9026,-141.1069,86.3663
12752,-14.2026,-141.1069,86.3663
12753,-14.5026,-141.1069,86.3663
12754,-14.8026,-141.1069,86.3663
12755,-15.1026,-141.1069,86.3663
12756,-15.4026,-140.8069,86.3663
12757,-15.7026,-140.8069,86.3663
12758,-16.0026,-140.5069,86.3663
12759,-16.3026,-140.5069,86.3663
12760,-16.6026,-140.2069,86.3663
12761,-16.9026,-140.2069,86.3663
12762,-17.2026,-139.9069,86.3663
12763,-17.5026,-139.9069,86.3663
12764,-17.8026,-139.9069,86.3663
12765,-18.1026,-139.6069,86.3663
12766,-18.4026,-139.6069,86.3663
12767,-18.7026,-139.3069,86.3663
12768,-19.0026,-139.3069,86.3663
12769,-19.3026,-139.0069,86.3663
12770,-19.6026,-139.0069,86.3663
12771,-19.9026,-138.7069,86.3663
12772,-20.2026,-138.7069,86.3663
12773,-20.5026,-138.7069,86.3663
12774,-20.8026,-138.4069,86.3663
12775,-21.1026,-138.4069,86.3663
12776,-21.4026,-138.4069,86.3663
12777,-21.7026,-138.4069,86.3663
12778,-22.0026,-138.4069,86.3663
12779,-22.3026,-138.7069,86.6663
12780,-22.6026,-138.7069,86.9663
12781,-22.9026,-138.7069,86.9663
12782,-23.2026,-138.7069,86.9663
12783,-23.5026,-138.7069,86.9663
12784,-23.8026,-138.7069,86.9663
12785,-24.1026,-138.7069,86.9663
12786,-24.4026,-138.7069,86.9663
12787,-24.7026,-138.7069,86.9663
12788,-25.0026,-139.0069,87.2663
12789,-25.3026,-139.0069,87.5663
12790,-25.6026,-139.0069,87.5663
12791,-25.9026,-139.0069,87.5663
12792,-26.2026,-139.0069,87.5663
12793,-26.5026,-139.0069,87.5663
12794,-26.8026,-139.0069,87.5663
12795,-27.1026,-139.0069,87.5663
12796,-27.4026,-139.0069,87.5663
12797,-27.7026,-139.0069,87.5663
12798,-28.0026,-139.0069,87.8663
12799,-28.3026,-139.0069,88.1663
12800,-28.6026,-139.0069,88.1663
12801,-28.9026,-139.0069,88.4663
12802,-29.2026,-139.0069,88.4663
12803,-29.5026,-139.0069,88.4663
12804,-29.8026,-139.0069,88.4663
12805,-30.1026,-139.0069,88.4663
12806,-30.4026,-139.0069,88.4663
12807,-30.7026,-139.0069,88.4663
12808,-31.0026,-139.0069,88.4663
12809,-31.3026,-138.7069,88.4663
12810,-31.6026,-138.7069,88.4663
12811,-31.9026,-138.7069,88.4663
12812,-32.2026,-138.7069,88.4663
12813,-32.5026,-138.7069,88.4663
12814,-32.8026,-138.7069,88.4663
12815,-33.1026,-138.7069,88.4663
12816,-33.4026,-138.7069,88.4663
12817,-33.7026,-138.7069,88.4663
12818,-34.0026,-138.7069,88.4663
12819,-34.3026,-138.7069,88.4663
12820,-34.6026,-138.7069,88.4663
12821,-34.9026,-138.4069,88.4663
12822,-35.2026,-138.4069,88.4663
12823,-35.5026,-138.1069,88.4663
12824,-35.8026,-138.1069,88.4663
12825,-36.1026,-138.1069,88.4663
12826,-36.4026,-138.1069,88.4663
12827,-36.7026,-138.1069,88.4663
12828,-37.0026,-138.1069,88.4663
12829,-37.3026,-138.1069,88.4663
12830,-37.6026,-138.1069,88.4663
12831,-37.9026,-138.1069,88.4663
12832,-38.2026,-138.1069,88.4663
12833,-38.5026,-137.8069,88.4663
12834,-38.8026,-137.8069,88.4663
12835,-39.1026,-137.8069,88.4663
12836,-39.4026,-137.8069,88.4663
12837,-39.7026,-137.8069,88.4663
12838,-40.0026,-137.8069,88.4663
12839,-40.3026,-137.8069,88.4663
12840,-40.6026,-137.8069,88.4663
12841,-40.9026,-137.8069,88.4663
12842,-41.2026,-137.8069,88.4663
12843,-41.5026,-137.8069,88.4663
12844,-41.8026,-137.8069,88.4663
12845,-42.1026,-137.8069,88.4663
12846,-42.4026,-137.5069,88.4663
12847,-42.7026,-137.5069,88.4663
12848,-43.0026,-137.2069,88.4663
12849,-43.3026,-136.9069,88.4663
12850,-43.6026,-136.6069,88.4663
12851,-43.9026,-136.3069,88.4663
12852,-43.9026,-136.0069,88.4663
12853,-44.2026,-135.7069,88.1663
12854,-44.5026,-135.4069,87.8663
12855,-44.5026,-135.1069,87.8663
12856,-44.5026,-134.8069,87.8663
12857,-44.5026,-134.5069,87.8663
12858,-44.8026,-134.2069,87.8663
12859,-44.8026,-133.9069,87.8663
12860,-45.1026,-133.6069,87.5663
12861,-45.1026,-133.3069,87.5663
12862,-45.4026,-133.0069,87.2663
12863,-45.7026,-132.7069,87.2663
12864,-46.0026,-132.4069,86.9663
12865,-46.0026,-132.1069,86.9663
12866,-46.3026,-131.8069,86.6663
12867,-46.6026,-131.5069,86.3663
12868,-46.6026,-131.2069,86.3663
12869,-46.6026,-130.9069,86.3663
12870,-46.6026,-130.6069,86.3663
12871,-46.6026,-130.3069,86.3663
12872,39.5100,-139.6958,86.3000
12873,39.1974,-139.6069,86.3663
12874,38.8974,-139.3069,86.3663
12875,38.5974,-139.3069,86.3663
12876,38.2974,-139.3069,86.3663
12877,37.9974,-139.0069,86.3663
12878,37.6974,-138.7069,86.3663
12879,37.3974,-138.7069,86.3663
12880,37.0974,-138.7069,86.3663
12881,36.7974,-138.7069,86.3663
12882,36.4974,-138.7069,86.3663
12883,36.1974,-138.7069,86.3663
12884,35.8974,-138.7069,86.3663
12885,35.5974,-138.7069,86.3663
12886,35.2974,-138.7069,86.3663
12887,34.9974,-138.7069,86.3663
12888,34.6974,-138.7069,86.3663
12889,34.3974,-138.7069,86.3663
12890,34.0974,-138.7069,86.3663
12891,33.7974,-138.7069,86.3663
12892,33.4974,-138.4069,86.3663
12893,33.1974,-138.4069,86.3663
12894,32.8974,-138.1069,86.3663
12895,32.5974,-138.1069,86.3663
12896,32.2974,-138.1069,86.3663
12897,31.9974,-138.1069,86.3663
12898,31.6974,-138.1069,86.3663
12899,31.3974,-138.1069,86.3663
12900,31.0974,-138.1069,86.3663
12901,30.7974,-138.1069,86.3663
12902,30.4974,-138.1069,86.3663
12903,30.1974,-138.1069,86.3663
12904,29.8974,-138.1069,86.3663
12905,29.5974,-137.8069,86.3663
12906,29.2974,-137.8069,86.3663
12907,28.9974,-137.8069,86.3663
12908,28.6974,-137.8069,86.3663
12909,28.3974,-137.8069,86.3663
12910,28.0974,-137.8069,86.3663
12911,27.7974,-137.8069,86.3663
12912,27.4974,-137.5069,86.3663
12913,27.1974,-137.5069,86.3663
12914,26.8974,-137.5069,86.3663
12915,26.5974,-137.5069,86.3663
12916,26.2974,-137.2069,86.3663
12917,25.9974,-137.2069,86.3663
12918,25.6974,-137.2069,86.3663
12919,25.3974,-137.2069,86.3663
12920,25.0974,-137.2069,86.3663
12921,24.7974,-137.2069,86.3663
12922,24.4974,-137.2069,86.3663
12923,24.1974,-136.9069,86.3663
12924,23.8974,-136.9069,86.3663
12925,23.5974,-136.9069,86.3663
12926,23.2974,-136.9069,86.3663
12927,22.9974,-136.9069,86.3663
12928,22.6974,-136.9069,86.3663
12929,22.3974,-136.9069,86.3663
12930,22.0974,-136.6069,86.3663
12931,21.7974,-136.6069,86.3663
12932,21.4974,-136.6069,86.3663
12933,21.1974,-136.6069,86.3663
12934,20.8974,-136.6069,86.3663
12935,20.5974,-136.3069,86.3663
12936,20.2974,-136.3069,86.3663
12937,19.9974,-136.3069,86.3663
12938,19.6974,-136.3069,86.3663
12939,19.3974,-136.3069,86.3663
12940,19.0974,-136.0069,86.3663
12941,18.7974,-136.0069,86.3663
12942,18.4974,-136.0069,86.3663
12943,18.1974,-136.0069,86.3663
12944,17.8974,-135.7069,86.3663
12945,17.5974,-135.7069,86.3663
12946,17.2974,-135.7069,86.3663
12947,16.9974,-135.7069,86.3663
12948,16.6974,-135.7069,86.3663
12949,16.3974,-135.7069,86.3663
12950,16.0974,-135.7069,86.3663
12951,15.7974,-135.7069,86.3663
12952,15.4974,-135.4069,86.3663
12953,15.1974,-135.4069,86.3663
12954,14.8974,-135.4069,86.3663
12955,14.5974,-135.4069,86.3663
12956,14.2974,-135.4069,86.3663
12957,13.9974,-135.4069,86.3663
12958,13.6974,-135.4069,86.3663
12959,13.3974,-135.1069,86.3663
12960,13.0974,-135.1069,86.3663
12961,12.7974,-135.1069,86.3663
12962,12.4974,-135.1069,86.3663
12963,12.1974,-135.1069,86.3663
12964,11.8974,-134.8069,86.3663
12965,11.5974,-134.8069,86.3663
12966,11.2974,-134.8069,86.3663
12967,10.9974,-134.8069,86.3663
12968,10.6974,-134.5069,86.3663
12969,10.3974,-134.5069,86.3663
12970,10.0974,-134.5069,86.3663
12971,9.7974,-134.5069,86.3663
12972,9.4974,-134.2069,86.3663
12973,9.1974,-133.9069,86.3663
12974,8.8974,-133.6069,86.3663
12975,8.5974,-133.3069,86.3663
12976,8.2974,-133.0069,86.3663
12977,7.9974,-132.7069,86.3663
12978,7.6974,-132.4069,86.3663
12979,7.3974,-132.1069,86.3663
12980,7.0974,-131.8069,86.3663
12981,6.7974,-131.5069,86.3663
12982,6.4974,-131.2069,86.3663
12983,6.1974,-130.9069,86.3663
12984,5.8974,-130.6069,86.3663
12985,5.5974,-130.3069,86.3663
12986,5.2974,-130.0069,86.3663
12987,4.9974,-130.0069,86.3663
12988,4.6974,-130.0069,86.3663
12989,4.3974,-130.0069,86.3663
12990,4.0974,-130.0069,86.3663
12991,3.7974,-130.0069,86.3663
12992,3.4974,-130.0069,86.3663
12993,3.1974,-130.0069,86.3663
12994,2.8974,-130.0069,86.3663
12995,2.5974,-130.0069,86.3663
12996,2.2974,-130.0069,86.3663
12997,1.9974,-130.0069,86.3663
12998,1.6974,-130.0069,86.3663
12999,1.3974,-130.0069,86.3663
13000,1.0974,-130.0069,86.3663
13001,0.7974,-130.0069,86.3663
13002,0.4974,-130.0069,86.3663
13003,0.1974,-130.0069,86.3663
13004,-0.1026,-130.0069,86.3663
13005,-0.4026,-130.0069,86.3663
13006,-0.7026,-130.0069,86.3663
13007,-1.0026,-130.0069,86.3663
13008,-1.3026,-130.0069,86.3663
13009,-1.6026,-130.0069,86.3663
13010,-1.9026,-130.0069,86.3663
13011,-2.2026,-130.0069,86.3663
13012,-2.5026,-130.0069,86.3663
13013,-2.8026,-130.0069,86.3663
13014,-3.1026,-130.0069,86.3663
13015,-3.4026,-130.0069,86.3663
13016,-3.7026,-130.0069,86.3663
13017,-4.0026,-130.0069,86.3663
13018,-4.3026,-130.0069,86.3663
13019,-4.6026,-130.0069,86.3663
13020,-4.9026,-130.0069,86.3663
13021,-5.2026,-130.0069,86.3663
13022,-5.5026,-130.0069,86.3663
13023,-5.8026,-130.0069,86.3663
13024,-6.1026,-130.0069,86.3663
13025,-6.4026,-130.0069,86.3663
13026,-6.7026,-130.0069,86.3663
13027,-7.0026,-130.0069,86.3663
13028,-7.3026,-130.0069,86.3663
13029,-7.6026,-130.0069,86.3663
13030,-7.9026,-130.0069,86.3663
13031,-8.2026,-130.0069,86.3663
13032,-8.5026,-130.0069,86.3663
13033,-8.8026,-130.0069,86.3663
13034,-9.1026,-130.0069,86.3663
13035,-9.4026,-130.0069,86.3663
13036,-9.7026,-130.0069,86.3663
13037,-10.0026,-130.0069,86.3663
13038,-10.3026,-130.0069,86.3663
13039,-10.6026,-130.0069,86.3663
13040,-10.9026,-130.0069,86.3663
13041,-11.2026,-130.0069,86.3663
13042,-11.5026,-130.0069,86.3663
13043,-11.8026,-130.0069,86.3663
13044,-12.1026,-130.0069,86.3663
13045,-12.4026,-130.0069,86.3663
13046,-12.7026,-130.0069,86.3663
13047,-13.0026,-130.0069,86.3663
13048,-13.3026,-130.0069,86.3663
13049,-13.6026,-130.0069,86.3663
13050,-13.9026,-130.0069,86.3663
13051,-14.2026,-130.0069,86.3663
13052,-14.5026,-130.0069,86.3663
13053,-14.8026,-130.0069,86.3663
13054,-15.1026,-130.0069,86.3663
13055,-15.4026,-130.0069,86.3663
13056,-15.7026,-130.0069,86.3663
13057,-16.0026,-130.0069,86.3663
13058,-16.3026,-130.0069,86.3663
13059,-16.6026,-130.0069,86.3663
13060,-16.9026,-130.0069,86.3663
13061,-17.2026,-130.0069,86.3663
13062,-17.5026,-130.0069,86.3663
13063,-17.8026,-130.0069,86.3663
13064,-18.1026,-129.7069,86.3663
13065,-18.4026,-129.7069,86.3663
13066,-18.7026,-129.7069,86.3663
13067,-19.0026,-129.7069,86.3663
13068,-19.3026,-129.7069,86.3663
13069,-19.6026,-129.4069,86.3663
13070,-19.9026,-129.4069,86.3663
13071,-20.2026,-129.4069,86.3663
13072,-20.5026,-129.4069,86.3663
13073,-20.8026,-129.4069,86.3663
13074,-21.1026,-129.4069,86.3663
13075,-21.4026,-129.1069,86.3663
13076,-21.7026,-129.1069,86.3663
13077,-22.0026,-129.1069,86.3663
13078,-22.3026,-129.1069,86.3663
13079,-22.6026,-129.1069,86.3663
13080,-22.9026,-129.1069,86.3663
13081,-23.2026,-129.1069,86.3663
13082,-23.5026,-129.1069,86.3663
13083,-23.8026,-128.8069,86.3663
13084,-24.1026,-128.8069,86.3663
13085,-24.4026,-128.8069,86.3663
13086,-24.7026,-128.8069,86.3663
13087,-25.0026,-128.5069,86.3663
13088,-25.3026,-128.5069,86.3663
13089,62.7073,-143.6197,86.3000
13090,62.8974,-143.5069,86.3663
13091,63.1974,-143.8069,86.3663
13092,63.4974,-144.1069,86.6663
13093,63.7974,-144.4069,86.9663
13094,64.0974,-144.7069,86.9663
13095,64.3974,-145.0069,86.9663
13096,64.6974,-145.3069,86.9663
13097,64.9974,-145.6069,86.9663
13098,64.9974,-145.9069,86.9663
13099,65.2974,-146.2069,86.9663
13100,65.2974,-146.5069,86.9663
13101,65.2974,-146.8069,86.9663
13102,65.2974,-147.1069,86.9663
13103,65.2974,-147.4069,86.9663
13104,65.2974,-147.7069,86.9663
13105,65.2974,-148.0069,86.9663
13106,65.2974,-148.3069,86.9663
13107,65.2974,-148.6069,86.9663
13108,65.2974,-148.9069,86.9663
13109,65.2974,-149.2069,86.9663
13110,65.2974,-149.5069,86.9663
13111,64.9974,-149.8069,86.9663
13112,64.9974,-150.1069,86.9663
13113,64.6974,-150.4069,86.6663
13114,64.6974,-150.7069,86.6663
13115,64.3974,-151.0069,86.3663
13116,64.3974,-151.3069,86.3663
13117,-10.4631,-140.1346,86.5000
13118,61.5672,-152.3788,86.5000
13119,61.3974,-152.8069,86.6663
13120,61.0974,-153.1069,86.9663
13121,60.7974,-153.1069,87.2663
13122,60.4974,-153.4069,87.5663
13123,60.1974,-153.4069,87.5663
13124,59.8974,-153.7069,87.8663
13125,59.5974,-153.7069,87.8663
13126,59.2974,-153.7069,87.8663
13127,58.9974,-153.7069,87.8663
13128,58.6974,-153.7069,87.8663
13129,58.3974,-153.7069,87.8663
13130,58.0974,-153.7069,87.8663
13131,57.7974,-153.7069,88.1663
13132,57.4974,-153.7069,88.1663
13133,57.1974,-153.7069,88.1663
13134,56.8974,-153.7069,88.1663
13135,56.5974,-153.7069,88.1663
13136,56.2974,-153.7069,88.1663
13137,55.9974,-153.7069,88.1663
13138,55.6974,-153.7069,88.1663
13139,55.3974,-153.7069,88.1663
13140,55.0974,-153.7069,88.1663
13141,54.7974,-153.7069,88.1663
13142,54.4974,-153.7069,88.1663
13143,54.1974,-153.7069,88.1663
13144,53.8974,-153.7069,88.1663
13145,53.5974,-153.7069,88.1663
13146,53.2974,-153.7069,88.1663
13147,52.9974,-153.7069,88.1663
13148,52.6974,-153.7069,88.1663
13149,52.3974,-153.7069,88.1663
13150,52.0974,-153.7069,88.1663
13151,51.7974,-153.7069,88.1663
13152,51.4974,-153.7069,88.1663
13153,51.1974,-153.7069,88.1663
13154,50.8974,-153.7069,88.1663
13155,50.5974,-153.7069,88.1663
13156,50.2974,-153.7069,88.1663
13157,49.9974,-153.7069,88.1663
13158,49.6974,-153.7069,88.1663
13159,49.3974,-153.7069,88.1663
13160,49.0974,-153.7069,88.1663
13161,48.7974,-153.7069,88.1663
13162,48.4974,-153.7069,88.1663
13163,48.1974,-153.7069,88.1663
13164,47.8974,-153.7069,88.1663
13165,47.5974,-153.7069,88.1663
13166,47.2974,-153.7069,88.1663
13167,46.9974,-153.7069,88.1663
13168,46.6974,-153.7069,88.1663
13169,46.3974,-153.4069,88.1663
13170,46.0974,-153.1069,87.8663
13171,45.7974,-152.8069,87.5663
13172,45.4974,-152.5069,87.2663
13173,45.1974,-152.2069,86.9663
13174,44.8974,-151.9069,86.6663
13175,44.5974,-151.9069,86.6663
13176,44.2974,-151.9069,86.6663
13177,43.9974,-151.9069,86.6663
13178,43.6974,-151.9069,86.6663
13179,43.3974,-151.9069,86.6663
13180,43.0974,-151.9069,86.6663
13181,42.7974,-151.9069,86.6663
13182,42.4974,-151.9069,86.6663
13183,42.1974,-151.9069,86.6663
13184,41.8974,-151.9069,86.6663
13185,41.5974,-151.9069,86.6663
13186,41.2974,-151.9069,86.6663
13187,40.9974,-151.9069,86.6663
13188,40.6974,-151.9069,86.6663
13189,40.3974,-151.9069,86.6663
13190,40.0974,-151.9069,86.6663
13191,39.7974,-151.9069,86.6663
13192,39.4974,-151.9069,86.6663
13193,39.1974,-151.9069,86.6663
13194,38.8974,-151.9069,86.6663
13195,38.5974,-151.9069,86.6663
13196,38.2974,-151.9069,86.6663
13197,37.9974,-151.9069,86.6663
13198,37.6974,-151.9069,86.6663
13199,37.3974,-151.9069,86.6663
13200,37.0974,-151.9069,86.6663
13201,36.7974,-151.9069,86.6663
13202,36.4974,-151.9069,86.6663
13203,36.1974,-151.9069,86.6663
13204,35.8974,-151.9069,86.6663
13205,35.5974,-151.9069,86.6663
13206,35.2974,-151.9069,86.6663
13207,34.9974,-151.9069,86.6663
13208,34.6974,-151.9069,86.6663
13209,34.3974,-151.9069,86.6663
13210,34.0974,-151.9069,86.6663
13211,33.7974,-151.9069,86.6663
13212,33.4974,-151.9069,86.6663
13213,33.1974,-151.6069,86.6663
13214,32.8974,-151.6069,86.6663
13215,32.5974,-151.3069,86.6663
13216,32.2974,-151.3069,86.6663
13217,31.9974,-151.3069,86.6663
13218,31.6974,-151.0069,86.6663
13219,31.3974,-151.0069,86.6663
13220,31.0974,-150.7069,86.6663
13221,30.7974,-150.7069,86.6663
13222,30.4974,-150.4069,86.6663
13223,30.1974,-150.4069,86.6663
13224,29.8974,-150.4069,86.6663
13225,29.5974,-150.1069,86.3663
13226,29.2974,-150.1069,86.3663
13227,28.9974,-149.8069,86.3663
13228,28.6974,-149.8069,86.3663
13229,28.3974,-149.8069,86.3663
13230,28.0974,-149.8069,86.3663
13231,27.7974,-149.8069,86.3663
13232,27.4974,-149.8069,86.3663
13233,27.1974,-149.8069,86.3663
13234,26.8974,-149.8069,86.3663
13235,26.5974,-149.8069,86.3663
13236,26.2974,-149.8069,86.3663
13237,25.9974,-149.8069,86.3663
13238,25.6974,-149.8069,86.3663
13239,25.3974,-149.8069,86.3663
13240,25.0974,-149.8069,86.3663
13241,24.7974,-149.8069,86.3663
13242,24.4974,-149.8069,86.3663
13243,24.1974,-149.8069,86.3663
13244,23.8974,-149.8069,86.3663
13245,23.5974,-149.8069,86.3663
13246,23.2974,-149.8069,86.3663
13247,22.9974,-149.8069,86.3663
13248,22.6974,-149.8069,86.3663
13249,22.3974,-149.8069,86.3663
13250,22.0974,-149.8069,86.3663
13251,21.7974,-149.8069,86.3663
13252,21.4974,-149.8069,86.3663
13253,21.1974,-149.8069,86.3663
13254,20.8974,-149.8069,86.3663
13255,20.5974,-149.8069,86.3663
13256,20.2974,-149.8069,86.3663
13257,19.9974,-149.8069,86.3663
13258,19.6974,-149.8069,86.3663
13259,19.3974,-149.8069,86.3663
13260,19.0974,-149.8069,86.3663
13261,18.7974,-149.8069,86.3663
13262,18.4974,-149.8069,86.3663
13263,18.1974,-149.8069,86.3663
13264,17.8974,-149.8069,86.3663
13265,17.5974,-149.8069,86.3663
13266,17.2974,-149.8069,86.3663
13267,16.9974,-149.8069,86.3663
13268,16.6974,-149.8069,86.3663
13269,16.3974,-149.8069,86.3663
13270,16.0974,-149.8069,86.3663
13271,15.7974,-149.8069,86.3663
13272,15.4974,-149.8069,86.3663
13273,15.1974,-149.8069,86.3663
13274,14.8974,-149.8069,86.3663
13275,14.5974,-149.8069,86.3663
13276,14.2974,-149.8069,86.3663
13277,13.9974,-149.8069,86.3663
13278,13.6974,-149.8069,86.3663
13279,13.3974,-149.8069,86.3663
13280,13.0974,-149.8069,86.3663
13281,12.7974,-149.8069,86.3663
13282,12.4974,-149.8069,86.3663
13283,12.1974,-149.8069,86.3663
13284,11.8974,-149.8069,86.3663
13285,11.5974,-149.8069,86.3663
13286,11.2974,-149.8069,86.3663
13287,10.9974,-149.8069,86.3663
13288,10.6974,-149.8069,86.3663
13289,10.3974,-149.8069,86.3663
13290,10.0974,-149.8069,86.3663
13291,9.7974,-149.8069,86.3663
13292,9.4974,-149.8069,86.3663
13293,9.1974,-149.8069,86.3663
13294,8.8974,-149.8069,86.3663
13295,8.5974,-149.8069,86.3663
13296,8.2974,-149.8069,86.3663
13297,7.9974,-149.8069,86.3663
13298,7.6974,-149.8069,86.3663
13299,7.3974,-149.8069,86.3663
13300,7.0974,-149.8069,86.3663
13301,6.7974,-149.8069,86.3663
13302,6.4974,-149.8069,86.3663
13303,6.1974,-149.8069,86.3663
13304,5.8974,-149.8069,86.3663
13305,5.5974,-149.8069,86.3663
13306,5.2974,-149.8069,86.3663
13307,4.9974,-149.8069,86.3663
13308,4.6974,-149.8069,86.3663
13309,4.3974,-149.8069,86.3663
13310,4.0974,-149.8069,86.3663
13311,3.7974,-149.8069,86.3663
13312,3.4974,-149.8069,86.3663
13313,3.1974,-149.8069,86.3663
13314,2.8974,-149.8069,86.3663
13315,2.5974,-149.8069,86.3663
13316,2.2974,-149.8069,86.3663
13317,1.9974,-149.5069,86.3663
13318,1.6974,-149.2069,86.3663
13319,1.3974,-148.9069,86.3663
13320,1.0974,-148.6069,86.3663
13321,0.7974,-148.3069,86.3663
13322,0.4974,-148.0069,86.3663
13323,0.1974,-147.7069,86.3663
13324,-0.1026,-147.4069,86.3663
13325,-0.4026,-147.1069,86.3663
13326,-0.7026,-146.8069,86.3663
13327,-1.0026,-146.5069,86.3663
13328,-1.3026,-146.2069,86.3663
13329,-1.6026,-145.9069,86.3663
13330,-1.9026,-145.6069,86.3663
13331,-2.2026,-145.3069,86.3663
13332,-2.5026,-145.0069,86.3663
13333,-2.8026,-144.7069,86.3663
13334,-3.1026,-144.4069,86.3663
13335,-3.4026,-144.1069,86.3663
13336,-3.7026,-143.8069,86.3663
13337,-4.0026,-143.5069,86.3663
13338,-4.3026,-143.2069,86.3663
13339,-4.6026,-142.9069,86.3663
13340,-4.9026,-142.6069,86.3663
13341,-5.2026,-142.3069,86.3663
13342,-5.5026,-142.0069,86.3663
13343,-5.8026,-141.7069,86.3663
13344,-6.1026,-141.7069,86.3663
13345,-6.4026,-141.7069,86.3663
13346,-6.7026,-141.7069,86.3663
13347,-7.0026,-141.7069,86.3663
13348,-7.3026,-141.7069,86.3663
13349,-7.6026,-141.7069,86.3663
13350,-7.9026,-141.7069,86.3663
13351,-8.2026,-141.7069,86.3663
13352,-8.5026,-141.7069,86.3663
13353,-8.8026,-141.7069,86.3663
13354,-9.1026,-141.7069,86.3663
13355,-9.4026,-141.7069,86.3663
13356,-9.7026,-141.7069,86.3663
13357,-10.0026,-141.7069,86.3663
13358,-10.3026,-141.7069,86.3663
13359,-10.6026,-141.7069,86.3663
13360,-10.9026,-141.7069,86.3663
13361,-11.2026,-141.7069,86.3663
13362,-11.5026,-141.7069,86.3663
13363,-11.8026,-141.7069,86.3663
13364,-12.1026,-141.7069,86.3663
13365,-12.4026,-141.7069,86.3663
13366,-12.7026,-141.7069,86.3663
13367,-13.0026,-141.7069,86.3663
13368,-13.3026,-141.7069,86.3663
13369,-13.6026,-141.7069,86.3663
13370,-13.9026,-141.7069,86.3663
13371,-14.2026,-141.7069,86.3663
13372,-14.5026,-141.7069,86.3663
13373,-14.8026,-141.7069,86.3663
13374,-15.1026,-141.7069,86.3663
13375,-15.4026,-141.7069,86.3663
13376,-15.7026,-141.7069,86.3663
13377,-16.0026,-141.7069,86.3663
13378,-16.3026,-141.7069,86.3663
13379,-16.6026,-141.7069,86.3663
13380,-16.9026,-141.7069,86.3663
13381,-17.2026,-141.7069,86.3663
13382,-17.5026,-141.7069,86.3663
13383,-17.8026,-141.7069,86.3663
13384,-18.1026,-141.7069,86.3663
13385,-18.4026,-141.7069,86.3663
13386,-18.7026,-141.7069,86.3663
13387,-19.0026,-141.7069,86.3663
13388,-19.3026,-141.7069,86.3663
13389,-19.6026,-141.7069,86.3663
13390,-19.9026,-141.7069,86.3663
13391,-20.2026,-141.7069,86.3663
13392,-20.5026,-141.7069,86.3663
13393,-20.8026,-141.7069,86.3663
13394,-21.1026,-141.7069,86.3663
13395,-21.4026,-141.7069,86.3663
13396,-21.7026,-141.7069,86.3663
13397,-22.0026,-141.7069,86.3663
13398,-22.3026,-141.7069,86.3663
13399,-22.6026,-141.7069,86.3663
13400,-22.9026,-141.7069,86.3663
13401,-23.2026,-141.4069,86.3663
13402,-23.5026,-141.4069,86.3663
13403,-23.8026,-141.1069,86.3663
13404,-24.1026,-141.1069,86.3663
13405,-24.4026,-141.1069,86.3663
13406,-24.7026,-140.8069,86.3663
13407,-25.0026,-140.8069,86.3663
13408,-25.3026,-140.5069,86.3663
13409,-25.6026,-140.5069,86.3663
13410,-25.9026,-140.2069,86.3663
13411,-26.2026,-140.2069,86.3663
13412,-26.5026,-139.9069,86.3663
13413,-26.8026,-139.9069,86.3663
13414,-27.1026,-139.9069,86.3663
13415,-27.4026,-139.6069,86.3663
13416,-27.1026,-139.6069,86.3663
13417,-26.8026,-139.6069,86.3663
13418,-26.5026,-139.6069,86.3663
13419,-26.2026,-139.6069,86.3663
13420,-25.9026,-139.6069,86.3663
13421,-25.6026,-139.6069,86.3663
13422,-25.3026,-139.6069,86.3663
13423,-25.0026,-139.6069,86.3663
13424,-24.7026,-139.6069,86.3663
13425,-24.4026,-139.6069,86.3663
13426,-24.1026,-139.6069,86.3663
13427,-23.8026,-139.6069,86.3663
13428,-23.5026,-139.6069,86.3663
13429,-23.2026,-139.6069,86.3663
13430,-22.9026,-139.6069,86.3663
13431,-22.6026,-139.6069,86.3663
13432,-22.3026,-139.6069,86.3663
13433,-22.0026,-139.6069,86.3663
13434,-21.7026,-139.6069,86.3663
13435,-21.4026,-139.6069,86.3663
13436,-21.1026,-139.6069,86.3663
13437,-20.8026,-139.6069,86.3663
13438,-20.5026,-139.6069,86.3663
13439,-20.2026,-139.6069,86.3663
13440,-19.9026,-139.6069,86.3663
13441,-19.6026,-139.6069,86.3663
13442,-19.3026,-139.6069,86.3663
13443,-19.0026,-139.6069,86.3663
13444,-18.7026,-139.6069,86.3663
13445,-18.4026,-139.6069,86.3663
13446,-18.1026,-139.6069,86.3663
13447,-17.8026,-139.6069,86.3663
13448,-17.5026,-139.6069,86.3663
13449,-17.2026,-139.6069,86.3663
13450,-16.9026,-139.6069,86.3663
13451,-16.6026,-139.6069,86.3663
13452,-16.3026,-139.6069,86.3663
13453,-16.0026,-139.6069,86.3663
13454,-15.7026,-139.6069,86.3663
13455,-15.4026,-139.6069,86.3663
13456,-15.1026,-139.6069,86.3663
13457,-14.8026,-139.6069,86.3663
13458,-14.5026,-139.6069,86.3663
13459,-14.2026,-139.6069,86.3663
13460,-13.9026,-139.9069,86.3663
13461,-13.6026,-139.9069,86.3663
13462,-13.3026,-139.9069,86.3663
13463,-13.0026,-139.9069,86.3663
13464,-12.7026,-139.9069,86.3663
13465,-12.4026,-139.9069,86.3663
13466,-12.1026,-139.9069,86.3663
13467,-11.8026,-139.9069,86.3663
13468,-11.5026,-140.2069,86.3663
13469,-11.2026,-140.2069,86.3663
13470,-10.9026,-140.2069,86.3663
13471,-10.6026,-140.2069,86.3663
13472,-10.3026,-140.5069,86.3663
13473,-10.0026,-140.5069,86.3663
13474,-9.7026,-140.5069,86.3663
13475,-9.4026,-140.5069,86.3663
13476,-9.1026,-140.5069,86.3663
13477,-8.8026,-140.5069,86.3663
13478,-8.5026,-140.5069,86.3663
13479,-8.2026,-140.8069,86.3663
13480,-7.9026,-140.8069,86.3663
13481,-7.6026,-140.8069,86.3663
13482,-7.3026,-140.8069,86.3663
13483,-7.0026,-140.8069,86.3663
13484,-6.7026,-140.8069,86.3663
13485,-6.4026,-141.1069,86.3663
13486,-6.1026,-141.1069,86.3663
13487,-5.8026,-141.1069,86.3663
13488,-5.5026,-141.1069,86.3663
13489,-5.2026,-141.1069,86.3663
13490,-4.9026,-141.1069,86.3663
13491,-4.6026,-141.1069,86.3663
13492,-4.3026,-141.4069,86.3663
13493,-4.0026,-141.4069,86.3663
13494,-3.7026,-141.4069,86.3663
13495,-3.4026,-141.4069,86.3663
13496,-3.1026,-141.4069,86.3663
13497,-2.8026,-141.7069,86.3663
13498,-2.5026,-141.7069,86.3663
13499,-2.2026,-141.7069,86.3663
13500,-1.9026,-141.7069,86.3663
13501,-1.6026,-141.7069,86.3663
13502,-1.3026,-141.7069,86.3663
13503,-1.0026,-141.7069,86.3663
13504,-0.7026,-142.0069,86.3663
13505,-0.4026,-142.0069,86.3663
13506,-0.1026,-142.0069,86.3663
13507,0.1974,-142.0069,86.3663
13508,0.4974,-142.0069,86.3663
13509,0.7974,-142.3069,86.3663
13510,1.0974,-142.3069,86.3663
13511,1.3974,-142.3069,86.3663
13512,1.6974,-142.3069,86.3663
13513,1.9974,-142.6069,86.3663
13514,2.2974,-142.6069,86.3663
13515,2.5974,-142.9069,86.3663
13516,2.8974,-143.2069,86.3663
13517,3.1974,-143.5069,86.3663
13518,3.4974,-143.8069,86.3663
13519,3.7974,-144.1069,86.3663
13520,4.0974,-144.4069,86.3663
13521,4.3974,-144.7069,86.3663
13522,4.6974,-145.0069,86.3663
13523,4.9974,-145.3069,86.3663
13524,5.2974,-145.6069,86.3663
13525,5.5974,-145.9069,86.3663
13526,5.8974,-146.2069,86.3663
13527,6.1974,-146.5069,86.3663
13528,6.4974,-146.8069,86.3663
13529,6.7974,-147.1069,86.3663
13530,7.0974,-147.4069,86.3663
13531,7.3974,-147.7069,86.3663
13532,7.6974,-147.7069,86.3663
13533,7.9974,-147.7069,86.3663
13534,8.2974,-147.7069,86.3663
13535,8.5974,-147.7069,86.3663
13536,8.8974,-147.7069,86.3663
13537,9.1974,-147.7069,86.3663
13538,9.4974,-147.7069,86.3663
13539,9.7974,-147.7069,86.3663
13540,10.0974,-147.7069,86.3663
13541,10.3974,-147.7069,86.3663
13542,10.6974,-147.7069,86.3663
13543,10.9974,-147.7069,86.3663
13544,11.2974,-147.7069,86.3663
13545,11.5974,-147.7069,86.3663
13546,11.8974,-147.7069,86.3663
13547,12.1974,-147.7069,86.3663
13548,12.4974,-147.7069,86.3663
13549,12.7974,-147.7069,86.3663
13550,13.0974,-147.7069,86.3663
13551,13.3974,-147.7069,86.3663
13552,13.6974,-147.7069,86.3663
13553,13.9974,-147.7069,86.3663
13554,14.2974,-147.7069,86.3663
13555,14.5974,-147.7069,86.3663
13556,14.8974,-147.7069,86.3663
13557,15.1974,-147.7069,86.3663
13558,15.4974,-147.7069,86.3663
13559,15.7974,-147.7069,86.3663
13560,16.0974,-147.7069,86.3663
13561,16.3974,-147.7069,86.3663
13562,16.6974,-147.7069,86.3663
13563,16.9974,-148.0069,86.3663
13564,17.2974,-148.0069,86.3663
13565,17.5974,-148.0069,86.3663
13566,17.8974,-148.0069,86.3663
13567,18.1974,-148.0069,86.3663
13568,18.4974,-148.0069,86.3663
13569,18.7974,-148.0069,86.3663
13570,19.0974,-148.3069,86.3663
13571,19.3974,-148.3069,86.3663
13572,19.6974,-148.3069,86.3663
13573,19.9974,-148.3069,86.3663
13574,20.2974,-148.3069,86.3663
13575,20.5974,-148.3069,86.3663
13576,20.8974,-148.3069,86.3663
13577,21.1974,-148.6069,86.3663
13578,21.4974,-148.6069,86.3663
13579,21.7974,-148.6069,86.3663
13580,22.0974,-148.6069,86.3663
13581,22.3974,-148.6069,86.3663
13582,22.6974,-148.6069,86.3663
13583,22.9974,-148.6069,86.3663
13584,23.2974,-148.6069,86.3663
13585,23.5974,-148.6069,86.3663
13586,23.8974,-148.6069,86.3663
13587,-43.7284,-137.3284,86.5000
13588,-43.9026,-136.9069,86.3663
13589,-44.2026,-136.6069,86.3663
13590,-44.5026,-136.3069,86.3663
13591,-44.5026,-136.0069,86.3663
13592,-44.8026,-135.7069,86.3663
13593,-44.8026,-135.4069,86.3663
13594,-44.8026,-135.1069,86.3663
13595,-45.1026,-134.8069,86.3663
13596,-45.1026,-134.5069,86.3663
13597,-45.4026,-134.2069,86.3663
13598,-45.4026,-133.9069,86.3663
13599,-45.7026,-133.6069,86.3663
13600,-45.7026,-133.3069,86.3663
13601,-46.0026,-133.0069,86.3663
13602,-46.0026,-132.7069,86.3663
13603,-46.3026,-132.4069,86.3663
13604,-46.3026,-132.1069,86.3663
13605,48.5073,-141.2197,86.5000
13606,48.1974,-141.1069,86.3663
13607,47.8974,-140.8069,86.3663
13608,47.5974,-140.8069,86.3663
13609,47.2974,-140.8069,86.3663
13610,46.9974,-140.8069,86.3663
13611,46.6974,-140.8069,86.3663
13612,46.3974,-140.8069,86.3663
13613,46.0974,-140.5069,86.3663
13614,45.7974,-140.5069,86.3663
13615,45.4974,-140.5069,86.3663
13616,45.1974,-140.5069,86.3663
13617,44.8974,-140.5069,86.3663
13618,44.5974,-140.5069,86.3663
13619,44.2974,-140.5069,86.3663
13620,43.9974,-140.2069,86.3663
13621,43.6974,-140.2069,86.3663
13622,43.3974,-140.2069,86.3663
13623,43.0974,-140.2069,86.3663
13624,42.7974,-140.2069,86.3663
13625,42.4974,-140.2069,86.3663
13626,42.1974,-139.9069,86.3663
13627,41.8974,-139.9069,86.3663
13628,41.5974,-139.9069,86.3663
13629,41.2974,-139.9069,86.3663
13630,40.9974,-139.9069,86.3663
13631,40.6974,-139.6069,86.3663
13632,40.3974,-139.6069,86.3663
13633,40.0974,-139.6069,86.3663
13634,39.7974,-139.6069,86.3663
13635,39.4974,-139.6069,86.3663
13636,39.1974,-139.6069,86.3663
13637,38.8974,-139.3069,86.3663
13638,38.5974,-139.3069,86.3663
13639,38.2974,-139.3069,86.3663
13640,37.9974,-139.3069,86.3663
13641,37.6974,-139.3069,86.3663
13642,37.3974,-139.3069,86.3663
13643,37.0974,-139.0069,86.3663
13644,36.7974,-139.0069,86.3663
13645,36.4974,-139.0069,86.3663
13646,36.1974,-139.0069,86.3663
13647,35.8974,-138.7069,86.3663
13648,35.5974,-138.7069,86.3663
13649,35.2974,-138.7069,86.3663
13650,34.9974,-138.7069,86.3663
13651,34.6974,-138.7069,86.3663
13652,34.3974,-138.7069,86.3663
13653,34.0974,-138.7069,86.3663
13654,33.7974,-138.7069,86.3663
13655,33.4974,-138.4069,86.3663
13656,33.1974,-138.4069,86.3663
13657,32.8974,-138.1069,86.3663
13658,32.5974,-138.1069,86.3663
13659,32.2974,-138.1069,86.3663
13660,31.9974,-138.1069,86.3663
13661,31.6974,-138.1069,86.3663
13662,31.3974,-138.1069,86.3663
13663,31.0974,-138.1069,86.3663
13664,30.7974,-138.1069,86.3663
13665,30.4974,-138.1069,86.3663
13666,30.1974,-138.1069,86.3663
13667,29.8974,-138.1069,86.3663
13668,29.5974,-137.8069,86.3663
13669,29.2974,-137.8069,86.3663
13670,28.9974,-137.8069,86.3663
13671,28.6974,-137.8069,86.3663
13672,28.3974,-137.8069,86.3663
13673,28.0974,-137.8069,86.3663
13674,27.7974,-137.8069,86.3663
13675,27.4974,-137.5069,86.3663
13676,27.1974,-137.5069,86.3663
13677,26.8974,-137.5069,86.3663
13678,26.5974,-137.5069,86.3663
13679,26.2974,-137.2069,86.3663
13680,25.9974,-137.2069,86.3663
13681,25.6974,-137.2069,86.3663
13682,25.3974,-137.2069,86.3663
13683,25.0974,-137.2069,86.3663
13684,24.7974,-137.2069,86.3663
13685,24.4974,-137.2069,86.3663
13686,24.1974,-136.9069,86.3663
13687,23.8974,-136.9069,86.3663
13688,23.5974,-136.9069,86.3663
13689,23.2974,-136.9069,86.3663
13690,22.9974,-136.9069,86.3663
13691,22.6974,-136.9069,86.3663
13692,22.3974,-136.9069,86.3663
13693,22.0974,-136.6069,86.3663
13694,21.7974,-136.6069,86.3663
13695,21.4974,-136.6069,86.3663
13696,21.1974,-136.6069,86.3663
13697,20.8974,-136.6069,86.3663
13698,20.5974,-136.3069,86.3663
13699,20.2974,-136.3069,86.3663
13700,19.9974,-136.3069,86.3663
13701,19.6974,-136.3069,86.3663
13702,19.3974,-136.3069,86.3663
13703,19.0974,-136.0069,86.3663
13704,18.7974,-136.0069,86.3663
13705,18.4974,-136.0069,86.3663
13706,18.1974,-136.0069,86.3663
13707,17.8974,-135.7069,86.3663
13708,17.5974,-135.7069,86.3663
13709,17.2974,-135.7069,86.3663
13710,16.9974,-135.7069,86.3663
13711,16.6974,-135.7069,86.3663
13712,16.3974,-135.7069,86.3663
13713,16.0974,-135.7069,86.3663
13714,15.7974,-135.7069,86.3663
13715,15.4974,-135.4069,86.3663
13716,15.1974,-135.1069,86.3663
13717,14.8974,-134.8069,86.3663
13718,14.5974,-134.5069,86.3663
13719,14.2974,-134.2069,86.3663
13720,13.9974,-133.9069,86.3663
13721,13.6974,-133.6069,86.3663
13722,13.3974,-133.3069,86.3663
13723,13.0974,-133.0069,86.3663
13724,12.7974,-133.0069,86.3663
13725,12.4974,-133.0069,86.3663
13726,12.1974,-133.0069,86.3663
13727,11.8974,-133.0069,86.3663
13728,11.5974,-133.0069,86.3663
13729,11.2974,-133.0069,86.3663
13730,10.9974,-133.0069,86.3663
13731,10.6974,-133.0069,86.3663
13732,10.3974,-133.0069,86.3663
13733,10.0974,-133.0069,86.3663
13734,9.7974,-133.0069,86.3663
13735,9.4974,-133.0069,86.3663
13736,9.1974,-133.0069,86.3663
13737,8.8974,-133.0069,86.3663
13738,8.5974,-133.0069,86.3663
13739,8.2974,-133.0069,86.3663
13740,7.9974,-133.0069,86.3663
13741,7.6974,-133.0069,86.3663
13742,7.3974,-133.0069,86.3663
13743,7.0974,-133.0069,86.3663
13744,6.7974,-133.0069,86.3663
13745,6.4974,-133.0069,86.3663
13746,6.1974,-133.0069,86.3663
13747,5.8974,-133.0069,86.3663
13748,5.5974,-133.0069,86.3663
13749,5.2974,-133.0069,86.3663
13750,4.9974,-133.0069,86.3663
13751,4.6974,-133.0069,86.3663
13752,4.3974,-133.0069,86.3663
13753,4.0974,-133.0069,86.3663
13754,3.7974,-133.0069,86.3663
13755,3.4974,-133.0069,86.3663
13756,3.1974,-133.0069,86.3663
13757,2.8974,-133.0069,86.3663
13758,2.5974,-133.0069,86.3663
13759,-10.6162,-131.0349,86.5000
13760,-10.3026,-130.9069,86.3663
13761,-10.0026,-130.9069,86.3663
13762,-9.7026,-130.9069,86.3663
13763,-9.4026,-130.9069,86.3663
13764,-9.1026,-130.9069,86.3663
13765,-8.8026,-130.9069,86.3663
13766,-8.5026,-130.9069,86.3663
13767,-8.2026,-130.9069,86.3663
13768,-7.9026,-130.9069,86.3663
13769,-7.6026,-130.9069,86.3663
13770,-7.3026,-130.9069,86.3663
13771,-7.0026,-130.9069,86.3663
13772,-6.7026,-130.9069,86.3663
13773,-6.4026,-130.9069,86.3663
13774,-6.1026,-130.9069,86.3663
13775,-5.8026,-130.9069,86.3663
13776,-5.5026,-130.9069,86.3663
13777,-5.2026,-130.9069,86.3663
13778,-4.9026,-130.9069,86.3663
13779,-4.6026,-130.9069,86.3663
13780,-4.3026,-130.9069,86.3663
13781,-4.0026,-130.9069,86.3663
13782,-3.7026,-130.9069,86.3663
13783,-3.4026,-130.9069,86.3663
13784,-3.1026,-130.9069,86.3663
13785,-2.8026,-130.9069,86.3663
13786,-2.5026,-130.9069,86.3663
13787,-2.2026,-130.9069,86.3663
13788,-1.9026,-130.9069,86.3663
13789,-1.6026,-130.9069,86.3663
13790,-1.3026,-130.9069,86.3663
13791,-1.0026,-130.9069,86.3663
13792,-0.7026,-130.9069,86.3663
13793,-0.4026,-130.9069,86.3663
13794,-0.1026,-130.9069,86.3663
13795,0.1974,-130.9069,86.3663
13796,0.4974,-130.9069,86.3663
13797,0.7974,-130.9069,86.3663
13798,1.0974,-130.9069,86.3663
13799,1.3974,-130.9069,86.3663
13800,1.6974,-130.9069,86.3663
13801,1.9974,-130.9069,86.3663
13802,2.2974,-130.9069,86.3663
13803,2.5974,-130.9069,86.3663
13804,2.8974,-130.9069,86.3663
13805,3.1974,-130.9069,86.3663
13806,3.4974,-130.9069,86.3663
13807,3.7974,-130.9069,86.3663
13808,4.0974,-130.9069,86.3663
13809,4.3974,-130.9069,86.3663
13810,4.6974,-130.9069,86.3663
13811,4.9974,-130.9069,86.3663
13812,5.2974,-130.9069,86.3663
13813,5.5974,-130.9069,86.3663
13814,5.8974,-130.9069,86.3663
13815,6.1974,-130.9069,86.3663
13816,6.4974,-130.9069,86.3663
13817,6.7974,-130.9069,86.3663
13818,7.0974,-130.9069,86.3663
13819,7.3974,-130.9069,86.3663
13820,7.6974,-130.9069,86.3663
13821,7.9974,-130.9069,86.3663
13822,8.2974,-131.2069,86.3663
13823,8.5974,-131.2069,86.3663
13824,8.8974,-131.5069,86.3663
13825,9.1974,-131.5069,86.3663
13826,9.4974,-131.5069,86.3663
13827,9.7974,-131.8069,86.3663
13828,10.0974,-131.8069,86.3663
13829,10.3974,-132.1069,86.3663
13830,10.6974,-132.1069,86.3663
13831,10.9974,-132.4069,86.3663
13832,11.2974,-132.4069,86.3663
13833,11.5974,-132.7069,86.3663
13834,11.8974,-132.7069,86.3663
13835,12.1974,-133.0069,86.3663
13836,12.4974,-133.0069,86.3663
13837,12.7974,-133.0069,86.3663
13838,13.0974,-133.3069,86.3663
13839,13.3974,-133.3069,86.3663
13840,13.6974,-133.6069,86.3663
13841,13.9974,-133.6069,86.3663
13842,14.2974,-133.9069,86.3663
13843,14.5974,-133.9069,86.3663
13844,14.8974,-134.2069,86.3663
13845,15.1974,-134.2069,86.3663
13846,15.4974,-134.5069,86.3663
13847,15.7974,-134.5069,86.3663
13848,16.0974,-134.5069,86.3663
13849,16.3974,-134.8069,86.3663
13850,16.6974,-134.8069,86.3663
13851,16.9974,-135.1069,86.3663
13852,17.2974,-135.1069,86.3663
13853,17.5974,-135.4069,86.3663
13854,17.8974,-135.4069,86.3663
13855,18.1974,-135.7069,86.3663
13856,18.4974,-135.7069,86.3663
13857,18.7974,-136.0069,86.3663
13858,19.0974,-136.0069,86.3663
13859,32.1000,-138.1000,86.5000
13860,-36.1745,-139.0255,86.5000
13861,-36.1026,-139.0069,86.6663
13862,-36.1026,-139.0069,86.9663
13863,-35.8026,-138.7069,87.2663
13864,-35.8026,-138.7069,87.5663
13865,-35.8026,-138.4069,87.8663
13866,-35.8026,-138.1069,88.1663
13867,-35.8026,-138.1069,88.4663
13868,-35.5026,-137.8069,88.7663
13869,-35.2026,-137.5069,89.0663
13870,-34.9026,-137.2069,89.3663
13871,-34.6026,-136.9069,89.6663
13872,-34.3026,-136.6069,89.6663
13873,-34.0026,-136.3069,89.9663
13874,-33.7026,-136.0069,90.2663
13875,-33.4026,-135.7069,90.5663
13876,-33.1026,-135.4069,90.8663
13877,-32.8026,-135.1069,91.1663
13878,-32.5026,-134.8069,91.4663
13879,-32.2026,-134.5069,91.7663
13880,-31.9026,-134.2069,92.0663
13881,-31.6026,-133.9069,92.3663
13882,-31.3026,-133.6069,92.6663
13883,-31.0026,-133.3069,92.9663
13884,-30.7026,-133.0069,92.9663
13885,-30.4026,-132.7069,92.9663
13886,-30.1026,-132.4069,93.2663
13887,-29.8026,-132.1069,93.2663
13888,-29.5026,-131.8069,93.2663
13889,-29.2026,-131.5069,93.2663
13890,-28.9026,-131.2069,93.2663
13891,-28.6026,-130.9069,93.2663
13892,-28.3026,-130.6069,93.2663
13893,-28.0026,-130.3069,92.9663
13894,-27.7026,-130.0069,92.6663
13895,-27.4026,-129.7069,92.3663
13896,-27.1026,-129.4069,92.0663
13897,-26.8026,-129.1069,91.7663
13898,-26.5026,-129.1069,91.4663
13899,-26.2026,-129.1069,91.4663
13900,-25.9026,-129.1069,91.1663
13901,-25.6026,-129.1069,90.8663
13902,-25.3026,-129.1069,90.5663
13903,-25.0026,-129.1069,90.2663
13904,-24.7026,-129.1069,89.9663
13905,-24.4026,-129.4069,89.6663
13906,-24.1026,-129.7069,89.3663
13907,-24.4026,-129.4069,89.3663
13908,-24.7026,-129.1069,89.3663
13909,-25.0026,-129.1069,89.3663
13910,-25.3026,-128.8069,89.3663
13911,-25.6026,-128.8069,89.3663
13912,-25.9026,-128.5069,89.0663
13913,-26.2026,-128.5069,89.0663
13914,-26.5026,-128.5069,89.0663
13915,-26.8026,-128.5069,89.0663
13916,-27.1026,-128.5069,89.0663
13917,-27.4026,-128.5069,89.0663
13918,-27.7026,-128.5069,89.0663
13919,-28.0026,-128.5069,89.0663
13920,-28.3026,-128.5069,89.0663
13921,-28.6026,-128.5069,89.0663
13922,-28.9026,-128.5069,89.0663
13923,-29.2026,-128.5069,89.0663
13924,-29.5026,-128.5069,89.0663
13925,-29.8026,-128.5069,89.0663
13926,-30.1026,-128.5069,89.0663
13927,-30.4026,-128.5069,89.0663
13928,-30.7026,-128.5069,89.0663
13929,-31.0026,-128.5069,89.0663
13930,-31.3026,-128.5069,89.0663
13931,-31.6026,-128.5069,89.0663
13932,-31.9026,-128.5069,89.0663
13933,-32.2026,-128.5069,89.0663
13934,-32.5026,-128.5069,89.0663
13935,-32.8026,-128.5069,89.0663
13936,-33.1026,-128.5069,89.0663
13937,-33.4026,-128.5069,89.0663
13938,-33.7026,-128.5069,89.0663
13939,-34.0026,-128.5069,89.0663
13940,-34.3026,-128.5069,89.0663
13941,-34.6026,-128.5069,89.0663
13942,-34.9026,-128.5069,89.0663
13943,-35.2026,-128.5069,89.0663
13944,-35.5026,-128.5069,89.0663
13945,-35.8026,-128.5069,89.0663
13946,-36.1026,-128.5069,89.0663
13947,-36.4026,-128.2069,89.0663
13948,-36.7026,-128.2069,89.0663
13949,-37.0026,-128.2069,89.0663
13950,-37.3026,-128.2069,89.0663
13951,-37.6026,-128.2069,89.0663
13952,-37.9026,-128.2069,89.0663
13953,-38.2026,-127.9069,89.0663
13954,-38.5026,-127.6069,89.0663
13955,-38.8026,-127.3069,89.0663
13956,-39.1026,-127.0069,89.0663
13957,-39.4026,-126.7069,89.0663
13958,-39.7026,-126.7069,89.0663
13959,-40.0026,-126.4069,89.0663
13960,-40.3026,-126.4069,89.0663
13961,-40.6026,-126.1069,89.0663
13962,-40.9026,-126.1069,89.0663
13963,-41.2026,-126.1069,89.0663
13964,-41.5026,-126.1069,89.0663
13965,-41.8026,-126.1069,89.0663
13966,-42.1026,-126.1069,89.0663
13967,-42.4026,-126.1069,89.0663
13968,-42.7026,-126.1069,89.0663
13969,-43.0026,-126.1069,89.0663
13970,-43.3026,-126.1069,89.0663
13971,-43.6026,-126.1069,89.0663
13972,-43.9026,-126.4069,89.0663
13973,-44.2026,-126.4069,89.0663
13974,-44.5026,-126.7069,89.0663
13975,-44.8026,-126.7069,89.0663
13976,-45.1026,-127.0069,89.0663
13977,-45.4026,-127.3069,89.0663
13978,-45.7026,-127.6069,89.0663
13979,-46.0026,-127.9069,89.0663
13980,-46.0026,-128.2069,89.0663
13981,-46.3026,-128.5069,89.0663
13982,-46.3026,-128.8069,89.0663
13983,-46.3026,-129.1069,89.0663
13984,-46.6026,-129.4069,89.3663
13985,-46.6026,-129.7069,89.3663
13986,-46.6026,-130.0069,89.3663
13987,-46.6026,-130.3069,89.3663
13988,-46.6026,-130.6069,89.3663
13989,-46.6026,-130.9069,89.3663
13990,-46.6026,-131.2069,89.3663
13991,-46.6026,-131.5069,89.3663
13992,-46.3026,-131.8069,89.3663
13993,-46.3026,-132.1069,89.3663
13994,-46.0026,-132.4069,89.3663
13995,-46.0026,-132.7069,89.3663
13996,-46.0026,-133.0069,89.3663
13997,-46.0026,-133.3069,89.3663
13998,-46.0026,-133.6069,89.3663
13999,-45.7026,-133.9069,89.3663
14000,-45.7026,-134.2069,89.3663
14001,-45.4026,-134.5069,89.3663
14002,-45.4026,-134.8069,89.3663
14003,-45.1026,-135.1069,89.3663
14004,-44.8026,-135.4069,89.3663
14005,-44.5026,-135.7069,89.3663
14006,-44.2026,-136.0069,89.3663
14007,-43.9026,-136.3069,89.3663
14008,-43.6026,-136.3069,89.3663
14009,-43.3026,-136.3069,89.3663
14010,-43.0026,-136.6069,89.3663
14011,-42.7026,-136.6069,89.3663
14012,-42.4026,-136.9069,89.3663
14013,-42.1026,-136.9069,89.3663
14014,-41.8026,-137.2069,89.3663
14015,-41.5026,-137.2069,89.3663
14016,-41.2026,-137.2069,89.3663
14017,-40.9026,-137.2069,89.3663
14018,-40.6026,-137.2069,89.3663
14019,-40.3026,-137.2069,89.3663
14020,-40.0026,-137.2069,89.3663
14021,-39.7026,-137.2069,89.3663
14022,-39.4026,-137.2069,89.3663
14023,-39.1026,-137.2069,89.3663
14024,-38.8026,-137.2069,89.3663
14025,-38.5026,-137.2069,89.3663
14026,-38.2026,-137.2069,89.3663
14027,-37.9026,-137.2069,89.3663
14028,-37.6026,-137.2069,89.3663
14029,-37.3026,-137.2069,89.3663
14030,-37.0026,-137.2069,89.3663
14031,-36.7026,-137.2069,89.3663
14032,-36.4026,-137.2069,89.3663
14033,-36.1026,-137.2069,89.3663
14034,-35.8026,-137.2069,89.3663
14035,-35.5026,-137.2069,89.3663
14036,-35.2026,-137.2069,89.3663
14037,-34.9026,-137.2069,89.3663
14038,-34.6026,-137.5069,89.3663
14039,-34.3026,-137.5069,89.3663
14040,-34.0026,-137.5069,89.3663
14041,-33.7026,-137.5069,89.3663
14042,-33.4026,-137.5069,89.3663
14043,-33.1026,-137.5069,89.3663
14044,-32.8026,-137.5069,89.3663
14045,-32.5026,-137.5069,89.3663
14046,-32.2026,-137.5069,89.3663
14047,-31.9026,-137.5069,89.3663
14048,-31.6026,-137.8069,89.3663
14049,-31.3026,-138.1069,89.3663
14050,-31.0026,-138.4069,89.3663
14051,-30.7026,-138.7069,89.3663
14052,-30.4026,-138.7069,89.3663
14053,-30.1026,-139.0069,89.3663
14054,-29.8026,-139.0069,89.3663
14055,-29.5026,-139.3069,89.3663
14056,-29.2026,-139.3069,89.3663
14057,-28.9026,-139.3069,89.3663
14058,-28.6026,-139.3069,89.3663
14059,-28.3026,-139.3069,89.3663
14060,-28.0026,-139.3069,89.3663
14061,-27.7026,-139.3069,89.3663
14062,-27.4026,-139.3069,89.3663
14063,-27.1026,-139.3069,89.3663
14064,-26.8026,-139.3069,89.3663
14065,-26.5026,-139.3069,89.3663
14066,-26.2026,-139.3069,89.3663
14067,-25.9026,-139.3069,89.3663
14068,-25.6026,-139.3069,89.3663
14069,-25.3026,-139.3069,89.3663
14070,-25.0026,-139.3069,89.3663
14071,-24.7026,-139.3069,89.3663
14072,-24.4026,-139.3069,89.3663
14073,-24.1026,-139.3069,89.3663
14074,-23.8026,-139.3069,89.3663
14075,-23.5026,-139.3069,89.3663
14076,-23.2026,-139.3069,89.3663
14077,-22.9026,-139.3069,89.3663
14078,-22.6026,-139.3069,89.3663
14079,-22.3026,-139.3069,89.3663
14080,-22.0026,-139.3069,89.3663
14081,-21.7026,-139.3069,89.3663
14082,-21.4026,-139.3069,89.3663
14083,-21.1026,-139.3069,89.3663
14084,-20.8026,-139.3069,89.3663
14085,-20.5026,-139.3069,89.3663
14086,-20.2026,-139.3069,89.3663
14087,-19.9026,-139.3069,89.3663
14088,-19.6026,-139.3069,89.3663
14089,-19.3026,-139.3069,89.3663
14090,-19.0026,-139.3069,89.3663
14091,-18.7026,-139.3069,89.3663
14092,-18.4026,-139.3069,89.3663
14093,-18.1026,-139.3069,89.3663
14094,-17.8026,-139.3069,89.3663
14095,-17.5026,-139.3069,89.3663
14096,-17.2026,-139.6069,89.3663
14097,-16.9026,-139.9069,89.3663
14098,-16.6026,-140.2069,89.3663
14099,-16.3026,-140.5069,89.3663
14100,-16.0026,-140.8069,89.3663
14101,-15.7026,-141.1069,89.3663
14102,-15.4026,-141.4069,89.3663
14103,-15.1026,-141.7069,89.3663
14104,-14.8026,-142.0069,89.3663
14105,-14.5026,-142.3069,89.3663
14106,-14.2026,-142.3069,89.3663
14107,-13.9026,-142.3069,89.3663
14108,-13.6026,-142.3069,89.3663
14109,-13.3026,-142.3069,89.3663
14110,-13.0026,-142.3069,89.3663
14111,-12.7026,-142.3069,89.3663
14112,-12.4026,-142.3069,89.3663
14113,-12.1026,-142.3069,89.3663
14114,-11.8026,-142.3069,89.3663
14115,-11.5026,-142.3069,89.3663
14116,-11.2026,-142.3069,89.3663
14117,-10.9026,-142.3069,89.3663
14118,-10.6026,-142.3069,89.3663
14119,-10.3026,-142.3069,89.3663
14120,-10.0026,-142.3069,89.3663
14121,-9.7026,-142.3069,89.3663
14122,-9.4026,-142.3069,89.3663
14123,-9.1026,-142.3069,89.3663
14124,-8.8026,-142.3069,89.3663
14125,-8.5026,-142.3069,89.3663
14126,-8.2026,-142.3069,89.3663
14127,-7.9026,-142.3069,89.3663
14128,-7.6026,-142.3069,89.3663
14129,-7.3026,-142.3069,89.3663
14130,-7.0026,-142.3069,89.3663
14131,-6.7026,-142.3069,89.3663
14132,-6.4026,-142.3069,89.3663
14133,-6.1026,-142.3069,89.3663
14134,-5.8026,-142.3069,89.3663
14135,-5.5026,-142.3069,89.3663
14136,-5.2026,-142.3069,89.3663
14137,-4.9026,-142.3069,89.3663
14138,-4.6026,-142.3069,89.3663
14139,-4.3026,-142.3069,89.3663
14140,-4.0026,-142.3069,89.3663
14141,-3.7026,-142.3069,89.3663
14142,-3.4026,-142.3069,89.3663
14143,-3.1026,-142.3069,89.3663
14144,-2.8026,-142.3069,89.3663
14145,-2.5026,-142.3069,89.3663
14146,-2.2026,-142.3069,89.3663
14147,-1.9026,-142.3069,89.3663
14148,-1.6026,-142.3069,89.3663
14149,-1.3026,-142.3069,89.3663
14150,-1.0026,-142.3069,89.3663
14151,-0.7026,-142.3069,89.3663
14152,-0.4026,-142.3069,89.3663
14153,-0.1026,-142.3069,89.3663
14154,0.1974,-142.3069,89.3663
14155,0.4974,-142.3069,89.3663
14156,0.7974,-142.3069,89.3663
14157,1.0974,-142.3069,89.3663
14158,1.3974,-142.3069,89.3663
14159,1.6974,-142.3069,89.3663
14160,1.9974,-142.3069,89.3663
14161,2.2974,-142.3069,89.3663
14162,2.5974,-142.3069,89.3663
14163,2.8974,-142.3069,89.3663
14164,3.1974,-142.3069,89.3663
14165,3.4974,-142.3069,89.3663
14166,3.7974,-142.3069,89.3663
14167,4.0974,-142.3069,89.3663
14168,4.3974,-142.3069,89.3663
14169,4.6974,-142.3069,89.3663
14170,4.9974,-142.3069,89.3663
14171,5.2974,-142.3069,89.3663
14172,5.5974,-142.3069,89.3663
14173,5.8974,-142.3069,89.3663
14174,6.1974,-142.3069,89.3663
14175,6.4974,-142.3069,89.3663
14176,6.7974,-142.3069,89.3663
14177,7.0974,-142.3069,89.3663
14178,7.3974,-142.3069,89.3663
14179,7.6974,-142.3069,89.3663
14180,7.9974,-142.3069,89.3663
14181,8.2974,-142.3069,89.3663
14182,8.5974,-142.3069,89.3663
14183,8.8974,-142.3069,89.3663
14184,9.1974,-142.3069,89.3663
14185,9.4974,-142.3069,89.3663
14186,9.7974,-142.3069,89.3663
14187,10.0974,-142.3069,89.3663
14188,10.3974,-142.3069,89.3663
14189,10.6974,-142.3069,89.3663
14190,10.9974,-142.3069,89.3663
14191,11.2974,-142.3069,89.3663
14192,11.5974,-142.3069,89.3663
14193,11.8974,-142.3069,89.3663
14194,12.1974,-142.3069,89.3663
14195,12.4974,-142.3069,89.3663
14196,12.7974,-142.3069,89.3663
14197,12.4974,-142.3069,89.3663
14198,12.1974,-142.3069,89.3663
14199,11.8974,-142.3069,89.3663
14200,11.5974,-142.3069,89.3663
14201,11.2974,-142.3069,89.3663
14202,10.9974,-142.3069,89.3663
14203,10.6974,-142.3069,89.3663
14204,10.3974,-142.3069,89.3663
14205,10.0974,-142.3069,89.3663
14206,9.7974,-142.3069,89.3663
14207,9.4974,-142.3069,89.3663
14208,9.1974,-142.3069,89.3663
14209,8.8974,-142.3069,89.3663
14210,8.5974,-142.3069,89.3663
14211,8.2974,-142.3069,89.3663
14212,7.9974,-142.3069,89.3663
14213,7.6974,-142.3069,89.3663
14214,7.3974,-142.3069,89.3663
14215,7.0974,-142.3069,89.3663
14216,6.7974,-142.3069,89.3663
14217,6.4974,-142.3069,89.3663
14218,6.1974,-142.3069,89.3663
14219,5.8974,-142.3069,89.3663
14220,5.5974,-142.3069,89.3663
14221,5.2974,-142.3069,89.3663
14222,4.9974,-142.3069,89.3663
14223,4.6974,-142.3069,89.3663
14224,4.3974,-142.3069,89.3663
14225,4.0974,-142.3069,89.3663
14226,3.7974,-142.3069,89.3663
14227,3.4974,-142.3069,89.3663
14228,3.1974,-142.3069,89.3663
14229,2.8974,-142.3069,89.3663
14230,2.5974,-142.3069,89.3663
14231,2.2974,-142.3069,89.3663
14232,1.9974,-142.3069,89.3663
14233,1.6974,-142.3069,89.3663
14234,1.3974,-142.3069,89.3663
14235,1.0974,-142.3069,89.3663
14236,0.7974,-142.3069,89.3663
14237,0.4974,-142.3069,89.3663
14238,0.1974,-142.3069,89.3663
14239,-0.1026,-142.3069,89.3663
14240,-0.4026,-142.3069,89.3663
14241,-0.7026,-142.3069,89.3663
14242,-1.0026,-142.3069,89.3663
14243,-1.3026,-142.3069,89.3663
14244,-1.6026,-142.3069,89.3663
14245,-1.9026,-142.3069,89.3663
14246,-2.2026,-142.3069,89.3663
14247,-2.5026,-142.3069,89.3663
14248,-2.8026,-142.3069,89.3663
14249,-3.1026,-142.3069,89.3663
14250,-3.4026,-142.3069,89.3663
14251,-3.7026,-142.3069,89.3663
14252,-4.0026,-142.3069,89.3663
14253,-4.3026,-142.3069,89.3663
14254,-4.6026,-142.3069,89.3663
14255,-4.9026,-142.3069,89.3663
14256,-5.2026,-142.3069,89.3663
14257,-5.5026,-142.3069,89.3663
14258,-5.8026,-142.3069,89.3663
14259,-6.1026,-142.0069,89.3663
14260,-6.4026,-142.0069,89.3663
14261,-6.7026,-141.7069,89.3663
14262,-7.0026,-141.7069,89.3663
14263,-7.3026,-141.7069,89.3663
14264,-7.6026,-141.4069,89.3663
14265,-7.9026,-141.4069,89.3663
14266,-8.2026,-141.1069,89.3663
14267,-8.5026,-141.1069,89.3663
14268,-8.8026,-140.8069,89.3663
14269,-9.1026,-140.8069,89.3663
14270,-9.4026,-140.5069,89.3663
14271,-9.7026,-140.5069,89.3663
14272,-10.0026,-140.2069,89.3663
14273,-10.3026,-140.2069,89.3663
14274,-10.6026,-140.2069,89.3663
14275,-10.9026,-139.9069,89.3663
14276,-11.2026,-139.9069,89.3663
14277,-11.5026,-139.9069,89.3663
14278,-11.8026,-139.9069,89.3663
14279,-12.1026,-139.9069,89.3663
14280,-12.4026,-139.9069,89.3663
14281,-12.7026,-139.9069,89.3663
14282,-13.0026,-139.9069,89.3663
14283,-13.3026,-139.6069,89.3663
14284,-13.6026,-139.6069,89.3663
14285,-13.9026,-139.6069,89.3663
14286,-14.2026,-139.3069,89.3663
14287,-14.5026,-139.3069,89.3663
14288,-14.8026,-139.0069,89.3663
14289,-15.1026,-139.0069,89.3663
14290,-15.4026,-138.7069,89.3663
14291,-15.7026,-138.4069,89.3663
14292,-16.0026,-138.1069,89.3663
14293,-16.3026,-137.8069,89.3663
14294,-16.6026,-137.5069,89.3663
14295,-16.9026,-137.2069,89.3663
14296,63.6698,-151.8698,89.5000
14297,-24.7302,-136.8698,89.5000
14298,-24.4026,-136.9069,89.3663
14299,-24.1026,-136.9069,89.3663
14300,-23.8026,-136.9069,89.3663
14301,-23.5026,-136.9069,89.3663
14302,-23.2026,-136.9069,89.3663
14303,-22.9026,-136.9069,89.3663
14304,-22.6026,-137.2069,89.3663
14305,-22.3026,-137.5069,89.3663
14306,-22.0026,-137.5069,89.3663
14307,-21.7026,-137.5069,89.3663
14308,-21.4026,-137.5069,89.3663
14309,-21.1026,-137.5069,89.3663
14310,-20.8026,-137.5069,89.3663
14311,-20.5026,-137.5069,89.3663
14312,-20.2026,-137.5069,89.3663
14313,-19.9026,-137.8069,89.3663
14314,-19.6026,-137.8069,89.3663
14315,-19.3026,-137.8069,89.3663
14316,-19.0026,-137.8069,89.3663
14317,-18.7026,-137.8069,89.3663
14318,-18.4026,-137.8069,89.3663
14319,-18.1026,-137.8069,89.3663
14320,-17.8026,-137.8069,89.3663
14321,-17.5026,-137.8069,89.3663
14322,-17.2026,-137.8069,89.3663
14323,-16.9026,-137.8069,89.3663
14324,-16.6026,-137.8069,89.3663
14325,-16.3026,-137.8069,89.3663
14326,-16.0026,-138.1069,89.3663
14327,-15.7026,-138.4069,89.3663
14328,-15.4026,-138.7069,89.3663
14329,-15.1026,-139.0069,89.3663
14330,-14.8026,-139.0069,89.3663
14331,-14.5026,-139.3069,89.3663
14332,-14.2026,-139.3069,89.3663
14333,-13.9026,-139.6069,89.3663
14334,-13.6026,-139.6069,89.3663
14335,-13.3026,-139.6069,89.3663
14336,-13.0026,-139.9069,89.3663
14337,-12.7026,-139.9069,89.3663
14338,-12.4026,-139.9069,89.3663
14339,-12.1026,-139.9069,89.3663
14340,-11.8026,-139.9069,89.3663
14341,-11.5026,-139.9069,89.3663
14342,-11.2026,-139.9069,89.3663
14343,-10.9026,-139.9069,89.3663
14344,-10.6026,-139.9069,89.3663
14345,-10.3026,-139.9069,89.3663
14346,-10.0026,-139.9069,89.3663
14347,-9.7026,-139.9069,89.3663
14348,-9.4026,-139.9069,89.3663
14349,-9.1026,-139.9069,89.3663
14350,-8.8026,-139.9069,89.3663
14351,-8.5026,-139.9069,89.3663
14352,-8.2026,-139.9069,89.3663
14353,-7.9026,-139.9069,89.3663
14354,-7.6026,-139.9069,89.3663
14355,-7.3026,-139.9069,89.3663
14356,-7.0026,-139.9069,89.3663
14357,-6.7026,-139.9069,89.3663
14358,-6.4026,-139.9069,89.3663
14359,-6.1026,-139.9069,89.3663
14360,-5.8026,-139.9069,89.3663
14361,-5.5026,-139.9069,89.3663
14362,-5.2026,-139.9069,89.3663
14363,-4.9026,-139.9069,89.3663
14364,-4.6026,-139.9069,89.3663
14365,-4.3026,-139.9069,89.3663
14366,-4.0026,-139.9069,89.3663
14367,-3.7026,-139.9069,89.3663
14368,-3.4026,-139.9069,89.3663
14369,-3.1026,-139.9069,89.3663
14370,-2.8026,-139.9069,89.3663
14371,-2.5026,-139.9069,89.3663
14372,-2.2026,-139.9069,89.3663
14373,-1.9026,-140.2069,89.3663
14374,-1.6026,-140.2069,89.3663
14375,-1.3026,-140.5069,89.3663
14376,-1.0026,-140.5069,89.3663
14377,-0.7026,-140.8069,89.3663
14378,-0.4026,-141.1069,89.3663
14379,-0.1026,-141.4069,89.3663
14380,0.1974,-141.4069,89.3663
14381,0.4974,-141.7069,89.3663
14382,0.7974,-141.7069,89.3663
14383,1.0974,-142.0069,89.3663
14384,1.3974,-142.0069,89.3663
14385,1.6974,-142.0069,89.3663
14386,1.9974,-142.0069,89.3663
14387,2.2974,-142.0069,89.3663
14388,-10.6927,-139.5803,89.5000
14389,-10.3026,-139.6069,89.3663
14390,-10.0026,-139.6069,89.3663
14391,-9.7026,-139.6069,89.3663
14392,-9.4026,-139.3069,89.3663
14393,-9.1026,-139.0069,89.3663
14394,-8.8026,-138.7069,89.3663
14395,-8.5026,-138.7069,89.3663
14396,-8.2026,-138.7069,89.3663
14397,-7.9026,-138.7069,89.3663
14398,-7.6026,-138.4069,89.6663
14399,-7.3026,-138.1069,89.9663
14400,-7.0026,-137.8069,90.2663
14401,-6.7026,-137.5069,90.2663
14402,-6.4026,-137.5069,90.2663
14403,-6.1026,-137.5069,90.2663
14404,-5.8026,-137.5069,90.2663
14405,-5.5026,-137.5069,90.2663
14406,-5.2026,-137.5069,90.2663
14407,-4.9026,-137.5069,90.2663
14408,-4.6026,-137.5069,90.2663
14409,-4.3026,-137.5069,90.2663
14410,-4.0026,-137.2069,90.2663
14411,-3.7026,-137.2069,90.2663
14412,-3.4026,-136.9069,90.2663
14413,-3.1026,-136.6069,90.2663
14414,-2.8026,-136.3069,90.2663
14415,-2.5026,-136.0069,90.2663
14416,-2.2026,-135.7069,90.2663
14417,-1.9026,-135.4069,90.2663
14418,-1.6026,-135.1069,90.2663
14419,-1.3026,-134.8069,90.2663
14420,-1.0026,-134.5069,90.2663
14421,-0.7026,-134.2069,90.2663
14422,-0.4026,-133.9069,90.2663
14423,-0.1026,-133.9069,90.2663
14424,0.1974,-133.6069,89.9663
14425,0.4974,-133.6069,89.9663
14426,0.7974,-133.3069,89.6663
14427,1.0974,-133.3069,89.6663
14428,1.3974,-133.3069,89.6663
14429,1.6974,-133.3069,89.6663
14430,1.9974,-133.3069,89.6663
14431,2.2974,-133.3069,89.6663
14432,2.5974,-133.3069,89.6663
14433,2.8974,-133.3069,89.6663
14434,3.1974,-133.3069,89.6663
14435,3.4974,-133.3069,89.6663
14436,3.7974,-133.6069,89.3663
14437,4.0974,-133.6069,89.3663
14438,3.7974,-133.6069,89.3663
14439,3.4974,-133.6069,89.3663
14440,3.1974,-133.3069,89.3663
14441,2.8974,-133.3069,89.3663
14442,2.5974,-133.3069,89.3663
14443,2.2974,-133.3069,89.3663
14444,1.9974,-133.3069,89.3663
14445,1.6974,-133.3069,89.3663
14446,1.3974,-133.3069,89.3663
14447,1.0974,-133.3069,89.3663
14448,0.7974,-133.3069,89.3663
14449,0.4974,-133.3069,89.3663
14450,0.1974,-133.3069,89.3663
14451,-0.1026,-133.3069,89.3663
14452,-0.4026,-133.3069,89.3663
14453,-0.7026,-133.3069,89.3663
14454,-1.0026,-133.3069,89.3663
14455,-1.3026,-133.3069,89.3663
14456,-1.6026,-133.3069,89.3663
14457,-1.9026,-133.3069,89.3663
14458,-2.2026,-133.3069,89.3663
14459,-2.5026,-133.3069,89.3663
14460,-2.8026,-133.3069,89.3663
14461,-3.1026,-133.3069,89.3663
14462,-3.4026,-133.3069,89.3663
14463,-3.7026,-133.3069,89.3663
14464,-4.0026,-133.3069,89.3663
14465,-4.3026,-133.3069,89.3663
14466,-4.6026,-133.3069,89.3663
14467,-4.9026,-133.3069,89.3663
14468,-5.2026,-133.3069,89.3663
14469,-5.5026,-133.3069,89.3663
14470,-5.8026,-133.3069,89.3663
14471,-6.1026,-133.3069,89.3663
14472,-6.4026,-133.3069,89.3663
14473,-6.7026,-133.3069,89.3663
14474,-7.0026,-133.3069,89.3663
14475,-7.3026,-133.3069,89.3663
14476,-7.6026,-133.3069,89.3663
14477,-7.9026,-133.3069,89.3663
14478,-8.2026,-133.3069,89.3663
14479,-8.5026,-133.0069,89.3663
14480,-8.8026,-132.7069,89.3663
14481,-9.1026,-132.4069,89.3663
14482,-9.4026,-132.1069,89.3663
14483,-9.7026,-131.8069,89.3663
14484,-10.0026,-131.5069,89.3663
14485,-10.3026,-131.5069,89.3663
14486,-10.6026,-131.2069,89.3663
14487,-10.9026,-131.2069,89.3663
14488,-11.2026,-130.9069,89.3663
14489,-11.5026,-130.9069,89.3663
14490,-11.8026,-130.9069,89.3663
14491,-12.1026,-130.9069,89.3663
14492,-12.4026,-130.9069,89.3663
14493,-12.7026,-130.9069,89.3663
14494,-13.0026,-130.9069,89.3663
14495,-13.3026,-130.9069,89.3663
14496,-13.6026,-130.9069,89.3663
14497,-13.9026,-130.9069,89.3663
14498,-14.2026,-130.9069,89.3663
14499,-14.5026,-130.9069,89.3663
14500,-14.8026,-130.9069,89.3663
14501,-15.1026,-130.9069,89.3663
14502,-15.4026,-130.9069,89.3663
14503,-15.7026,-130.9069,89.3663
14504,-16.0026,-130.9069,89.3663
14505,-16.3026,-130.9069,89.3663
14506,-16.6026,-130.9069,89.3663
14507,-16.9026,-130.9069,89.3663
14508,-17.2026,-130.9069,89.3663
14509,-17.5026,-130.9069,89.3663
14510,-17.8026,-130.9069,89.3663
14511,-18.1026,-130.9069,89.3663
14512,-18.4026,-130.9069,89.3663
14513,-18.7026,-130.9069,89.3663
14514,-19.0026,-130.9069,89.3663
14515,-19.3026,-130.9069,89.3663
14516,-19.6026,-130.9069,89.3663
14517,-19.9026,-130.9069,89.3663
14518,-20.2026,-130.9069,89.3663
14519,-20.5026,-130.9069,89.3663
14520,-20.8026,-130.9069,89.3663
14521,-21.1026,-130.9069,89.3663
14522,-21.4026,-130.9069,89.3663
14523,-21.7026,-130.9069,89.3663
14524,-22.0026,-130.9069,89.3663
14525,-22.3026,-130.9069,89.3663
14526,-22.6026,-130.9069,89.3663
14527,-22.9026,-130.9069,89.3663
14528,-23.2026,-130.6069,89.3663
14529,-23.5026,-130.3069,89.3663
14530,-23.8026,-130.0069,89.3663
14531,-24.1026,-129.7069,89.3663
14532,-24.4026,-129.4069,89.3663
14533,-24.7026,-129.1069,89.3663
14534,-25.0026,-129.1069,89.3663
14535,-25.3026,-128.8069,89.3663
14536,-25.6026,-128.8069,89.3663
14537,-25.9026,-128.5069,89.3663
14538,-26.2026,-128.5069,89.3663
14539,-26.5026,-128.5069,89.3663
14540,-26.8026,-128.5069,89.3663
14541,-27.1026,-128.5069,89.3663
14542,-27.4026,-128.5069,89.3663
14543,-27.7026,-128.5069,89.3663
14544,-28.0026,-128.5069,89.3663
14545,-28.3026,-128.5069,89.3663
14546,-28.6026,-128.5069,89.3663
14547,-28.9026,-128.5069,89.3663
14548,-29.2026,-128.5069,89.3663
14549,-29.5026,-128.5069,89.3663
14550,-29.8026,-128.5069,89.3663
14551,-30.1026,-128.5069,89.3663
14552,-30.4026,-128.5069,89.3663
14553,-30.7026,-128.5069,89.3663
14554,-31.0026,-128.5069,89.3663
14555,-31.3026,-128.5069,89.3663
14556,-31.6026,-128.2069,89.3663
14557,-31.9026,-127.9069,89.3663
14558,-32.2026,-127.9069,89.3663
14559,-32.5026,-127.9069,89.3663
14560,-32.8026,-127.9069,89.3663
14561,-33.1026,-127.9069,89.3663
14562,-33.4026,-127.9069,89.3663
14563,-33.7026,-127.9069,89.3663
14564,-34.0026,-127.9069,89.3663
14565,-34.3026,-127.9069,89.3663
14566,-34.6026,-127.9069,89.3663
14567,-34.9026,-127.9069,89.3663
14568,-35.2026,-127.9069,89.3663
14569,-35.5026,-127.9069,89.3663
14570,-35.8026,-127.9069,89.3663
14571,-36.1026,-127.9069,89.3663
14572,-36.4026,-127.9069,89.3663
14573,-36.7026,-127.9069,89.3663
14574,-37.0026,-127.9069,89.3663
14575,-37.3026,-127.9069,89.3663
14576,-37.6026,-127.9069,89.3663
14577,-37.9026,-127.6069,89.3663
14578,-38.2026,-127.6069,89.3663
14579,-38.5026,-127.6069,89.3663
14580,-38.8026,-127.3069,89.3663
14581,-38.5026,-127.3069,89.3663
14582,-38.2026,-127.3069,89.3663
14583,-37.9026,-127.3069,89.3663
14584,-37.6026,-127.3069,89.3663
14585,-37.3026,-127.3069,89.3663
14586,-37.0026,-127.3069,89.3663
14587,-36.7026,-127.3069,89.3663
14588,-36.4026,-127.3069,89.3663
14589,-36.1026,-127.3069,89.3663
14590,-35.8026,-127.3069,89.3663
14591,-35.5026,-127.3069,89.3663
14592,-35.2026,-127.3069,89.3663
14593,-34.9026,-127.3069,89.3663
14594,-34.6026,-127.3069,89.3663
14595,-34.3026,-127.3069,89.3663
14596,-34.0026,-127.3069,89.3663
14597,-33.7026,-127.3069,89.3663
14598,-33.4026,-127.3069,89.3663
14599,-33.1026,-127.3069,89.3663
14600,-32.8026,-127.3069,89.3663
14601,-32.5026,-127.3069,89.3663
14602,-32.2026,-127.3069,89.3663
14603,-31.9026,-127.3069,89.3663
14604,-31.6026,-127.3069,89.3663
14605,-31.3026,-127.3069,89.3663
14606,-31.0026,-127.3069,89.3663
14607,-30.7026,-127.3069,89.3663
14608,-30.4026,-127.3069,89.3663
14609,-30.1026,-127.3069,89.3663
14610,-29.8026,-127.3069,89.3663
14611,-29.5026,-127.3069,89.3663
14612,-29.2026,-127.3069,89.3663
14613,-28.9026,-127.3069,89.3663
14614,-28.6026,-127.3069,89.3663
14615,-28.3026,-127.3069,89.3663
14616,-28.0026,-127.3069,89.3663
14617,-27.7026,-127.3069,89.3663
14618,-27.4026,-127.3069,89.3663
14619,-27.1026,-127.3069,89.3663
14620,-26.8026,-127.3069,89.3663
14621,-26.5026,-127.3069,89.3663
14622,-26.2026,-127.3069,89.3663
14623,-25.9026,-127.3069,89.3663
14624,-25.6026,-127.3069,89.3663
14625,-25.3026,-127.3069,89.3663
14626,-25.0026,-127.3069,89.3663
14627,-24.7026,-127.3069,89.3663
14628,-24.4026,-127.3069,89.3663
14629,-24.1026,-127.3069,89.3663
14630,-23.8026,-127.3069,89.3663
14631,-23.5026,-127.3069,89.3663
14632,-23.2026,-127.3069,89.3663
14633,-22.9026,-127.3069,89.3663
14634,-22.6026,-127.3069,89.3663
14635,-22.3026,-127.3069,89.3663
14636,-22.0026,-127.3069,89.3663
14637,-21.7026,-127.3069,89.3663
14638,-21.4026,-127.3069,89.3663
14639,-21.1026,-127.3069,89.3663
14640,-20.8026,-127.3069,89.3663
14641,-20.5026,-127.3069,89.3663
14642,-20.2026,-127.3069,89.3663
14643,-19.9026,-127.3069,89.3663
14644,-19.6026,-127.3069,89.3663
14645,-19.3026,-127.3069,89.3663
14646,-19.0026,-127.3069,89.3663
14647,-18.7026,-127.6069,89.3663
14648,-18.4026,-127.6069,89.3663
14649,-18.1026,-127.9069,89.3663
14650,-17.8026,-127.9069,89.3663
14651,-17.5026,-128.2069,89.3663
14652,-17.2026,-128.2069,89.3663
14653,-16.9026,-128.2069,89.3663
14654,-16.6026,-128.5069,89.3663
14655,-16.3026,-128.5069,89.3663
14656,-16.0026,-128.8069,89.3663
14657,-15.7026,-128.8069,89.3663
14658,-15.4026,-129.1069,89.3663
14659,-15.1026,-129.1069,89.3663
14660,-14.8026,-129.4069,89.3663
14661,-14.5026,-129.4069,89.3663
14662,-14.2026,-129.7069,89.3663
14663,-13.9026,-129.7069,89.3663
14664,-13.6026,-129.7069,89.3663
14665,-13.3026,-130.0069,89.3663
14666,-13.0026,-130.0069,89.3663
14667,-12.7026,-130.3069,89.3663
14668,-12.4026,-130.3069,89.3663
14669,-12.1026,-130.6069,89.3663
14670,-11.8026,-130.6069,89.3663
14671,-11.5026,-130.9069,89.3663
14672,-11.2026,-130.9069,89.3663
14673,-10.9026,-131.2069,89.3663
14674,-10.6026,-131.2069,89.3663
14675,-10.3026,-131.2069,89.3663
14676,-10.0026,-131.2069,89.3663
14677,-9.7026,-131.2069,89.3663
14678,-9.4026,-131.2069,89.3663
14679,-9.1026,-131.2069,89.3663
14680,-8.8026,-131.2069,89.3663
14681,-8.5026,-131.2069,89.3663
14682,-8.2026,-131.2069,89.3663
14683,-7.9026,-131.2069,89.3663
14684,-7.6026,-131.2069,89.3663
14685,-7.3026,-131.2069,89.3663
14686,-7.0026,-131.2069,89.3663
14687,-6.7026,-131.2069,89.3663
14688,-6.4026,-131.2069,89.3663
14689,-6.1026,-131.2069,89.3663
14690,-5.8026,-131.2069,89.3663
14691,-5.5026,-131.2069,89.3663
14692,-5.2026,-131.2069,89.3663
14693,-4.9026,-131.2069,89.3663
14694,-4.6026,-131.2069,89.3663
14695,-4.3026,-131.2069,89.3663
14696,-4.0026,-131.2069,89.3663
14697,-3.7026,-131.2069,89.3663
14698,-3.4026,-131.2069,89.3663
14699,-3.1026,-131.2069,89.3663
14700,-2.8026,-131.2069,89.3663
14701,-2.5026,-131.2069,89.3663
14702,-2.2026,-131.2069,89.3663
14703,-1.9026,-131.2069,89.3663
14704,-1.6026,-131.2069,89.3663
14705,-1.3026,-131.2069,89.3663
14706,-1.0026,-131.2069,89.3663
14707,-0.7026,-131.2069,89.3663
14708,-0.4026,-131.2069,89.3663
14709,-0.1026,-131.2069,89.3663
14710,0.1974,-131.2069,89.3663
14711,0.4974,-131.2069,89.3663
14712,0.7974,-131.2069,89.3663
14713,1.0974,-131.2069,89.3663
14714,1.3974,-131.2069,89.3663
14715,1.6974,-131.2069,89.3663
14716,1.9974,-131.2069,89.3663
14717,2.2974,-131.2069,89.3663
14718,2.5974,-131.2069,89.3663
14719,2.8974,-131.2069,89.3663
14720,3.1974,-131.2069,89.3663
14721,3.4974,-131.2069,89.3663
14722,3.7974,-131.2069,89.3663
14723,4.0974,-131.2069,89.3663
14724,4.3974,-131.2069,89.3663
14725,4.6974,-131.2069,89.3663
14726,4.9974,-131.2069,89.3663
14727,5.2974,-131.2069,89.3663
14728,5.5974,-131.2069,89.3663
14729,5.8974,-131.2069,89.3663
14730,6.1974,-131.2069,89.3663
14731,6.4974,-131.2069,89.3663
14732,6.7974,-131.2069,89.3663
14733,7.0974,-131.2069,89.3663
14734,7.3974,-131.2069,89.3663
14735,7.6974,-131.2069,89.3663
14736,7.9974,-131.2069,89.3663
14737,8.2974,-131.2069,89.3663
14738,8.5974,-131.2069,89.3663
14739,8.8974,-131.2069,89.3663
14740,9.1974,-131.2069,89.3663
14741,9.4974,-131.2069,89.3663
14742,9.7974,-131.2069,89.3663
14743,10.0974,-131.2069,89.3663
14744,10.3974,-131.2069,89.3663
14745,10.6974,-131.2069,89.3663
14746,10.9974,-131.2069,89.3663
14747,11.2974,-131.2069,89.3663
14748,11.5974,-131.2069,89.3663
14749,11.8974,-131.2069,89.3663
14750,12.1974,-131.2069,89.3663
14751,12.4974,-131.2069,89.3663
14752,12.7974,-131.2069,89.3663
14753,13.0974,-131.2069,89.3663
14754,13.3974,-131.2069,89.3663
14755,13.6974,-131.2069,89.3663
14756,13.9974,-131.2069,89.3663
14757,14.2974,-131.2069,89.3663
14758,14.5974,-131.2069,89.3663
14759,14.8974,-131.2069,89.3663
14760,15.1974,-131.2069,89.3663
14761,15.4974,-131.2069,89.3663
14762,15.7974,-131.2069,89.3663
14763,16.0974,-131.2069,89.3663
14764,16.3974,-131.2069,89.3663
14765,16.6974,-131.2069,89.3663
14766,16.9974,-131.2069,89.3663
14767,17.2974,-131.2069,89.3663
14768,17.5974,-131.2069,89.3663
14769,17.8974,-131.2069,89.3663
14770,18.1974,-131.5069,89.3663
14771,18.4974,-131.8069,89.3663
14772,18.7974,-132.1069,89.3663
14773,19.0974,-132.4069,89.3663
14774,19.3974,-132.7069,89.3663
14775,19.6974,-133.0069,89.3663
14776,19.9974,-133.3069,89.3663
14777,20.2974,-133.6069,89.3663
14778,20.5974,-133.9069,89.3663
14779,20.8974,-134.2069,89.3663
14780,21.1974,-134.5069,89.3663
14781,21.4974,-134.8069,89.3663
14782,21.7974,-135.1069,89.3663
14783,22.0974,-135.4069,89.3663
14784,22.3974,-135.7069,89.3663
14785,22.6974,-136.0069,89.3663
14786,22.9974,-136.3069,89.3663
14787,23.2974,-136.6069,89.3663
14788,23.5974,-136.9069,89.3663
14789,23.8974,-137.2069,89.3663
14790,24.1974,-137.5069,89.3663
14791,24.4974,-137.8069,89.3663
14792,24.7974,-138.1069,89.3663
14793,25.0974,-138.1069,89.3663
14794,25.3974,-138.1069,89.3663
14795,25.6974,-138.1069,89.3663
14796,25.9974,-138.1069,89.3663
14797,26.2974,-138.1069,89.3663
14798,26.5974,-138.1069,89.3663
14799,26.8974,-138.1069,89.3663
14800,27.1974,-138.1069,89.3663
14801,27.4974,-138.1069,89.3663
14802,27.7974,-138.1069,89.3663
14803,28.0974,-138.1069,89.3663
14804,28.3974,-138.1069,89.3663
14805,28.6974,-138.1069,89.3663
14806,28.9974,-138.1069,89.3663
14807,29.2974,-138.1069,89.3663
14808,29.5974,-138.1069,89.3663
14809,29.8974,-138.1069,89.3663
14810,30.1974,-138.1069,89.3663
14811,30.4974,-138.1069,89.3663
14812,30.7974,-138.1069,89.3663
14813,31.0974,-138.1069,89.3663
14814,31.3974,-138.1069,89.3663
14815,31.6974,-138.1069,89.3663
14816,31.9974,-138.1069,89.3663
14817,32.2974,-138.1069,89.3663
14818,32.5974,-138.1069,89.3663
14819,32.8974,-138.1069,89.3663
14820,33.1974,-138.1069,89.3663
14821,33.4974,-138.1069,89.3663
14822,33.7974,-138.1069,89.3663
14823,34.0974,-138.1069,89.3663
14824,34.3974,-138.1069,89.3663
14825,34.6974,-138.1069,89.3663
14826,34.9974,-138.1069,89.3663
14827,35.2974,-138.1069,89.3663
14828,35.5974,-138.1069,89.3663
14829,35.8974,-138.1069,89.3663
14830,36.1974,-138.1069,89.3663
14831,36.4974,-138.1069,89.3663
14832,36.7974,-138.1069,89.3663
14833,37.0974,-138.1069,89.3663
14834,37.3974,-138.1069,89.3663
14835,37.6974,-138.1069,89.3663
14836,37.9974,-138.1069,89.3663
14837,38.2974,-138.1069,89.3663
14838,38.5974,-138.1069,89.3663
14839,38.8974,-138.1069,89.3663
14840,39.1974,-138.1069,89.3663
14841,39.4974,-138.4069,89.3663
14842,39.7974,-138.4069,89.3663
14843,40.0974,-138.7069,89.3663
14844,40.3974,-138.7069,89.3663
14845,40.6974,-139.0069,89.3663
14846,40.9974,-139.0069,89.3663
14847,41.2974,-139.0069,89.3663
14848,41.5974,-139.3069,89.3663
14849,41.8974,-139.3069,89.3663
14850,42.1974,-139.6069,89.3663
14851,42.4974,-139.6069,89.3663
14852,42.7974,-139.9069,89.3663
14853,43.0974,-139.9069,89.3663
14854,43.3974,-140.2069,89.3663
14855,43.6974,-140.2069,89.3663
14856,43.9974,-140.5069,89.3663
14857,44.2974,-140.5069,89.3663
14858,44.5974,-140.5069,89.3663
14859,44.8974,-140.8069,89.3663
14860,45.1974,-140.8069,89.3663
14861,45.4974,-141.1069,89.3663
14862,45.7974,-141.1069,89.3663
14863,46.0974,-141.1069,89.3663
14864,46.3974,-141.1069,89.3663
14865,46.6974,-141.1069,89.3663
14866,46.9974,-141.1069,89.3663
14867,47.2974,-141.1069,89.3663
14868,47.5974,-141.1069,89.3663
14869,47.8974,-141.1069,89.3663
14870,48.1974,-141.4069,89.3663
14871,48.4974,-141.4069,89.3663
14872,48.7974,-141.7069,89.3663
14873,49.0974,-141.7069,89.3663
14874,49.3974,-142.0069,89.3663
14875,49.6974,-142.3069,89.3663
14876,49.9974,-142.6069,89.3663
14877,50.2974,-142.9069,89.3663
14878,50.5974,-143.2069,89.3663
14879,50.8974,-143.5069,89.3663
14880,50.5974,-143.2069,89.3663
14881,50.2974,-142.9069,89.3663
14882,49.9974,-142.6069,89.3663
14883,49.6974,-142.3069,89.3663
14884,49.3974,-142.0069,89.3663
14885,49.0974,-141.7069,89.3663
14886,48.7974,-141.7069,89.3663
14887,48.4974,-141.4069,89.3663
14888,48.1974,-141.4069,89.3663
14889,47.8974,-141.1069,89.3663
14890,47.5974,-141.1069,89.3663
14891,47.2974,-141.1069,89.3663
14892,46.9974,-141.1069,89.3663
14893,46.6974,-141.1069,89.3663
14894,46.3974,-141.1069,89.3663
14895,46.0974,-141.1069,89.3663
14896,45.7974,-141.1069,89.3663
14897,45.4974,-141.1069,89.3663
14898,45.1974,-141.1069,89.3663
14899,44.8974,-141.1069,89.3663
14900,44.5974,-141.1069,89.3663
14901,44.2974,-141.1069,89.3663
14902,43.9974,-141.1069,89.3663
14903,43.6974,-141.1069,89.3663
14904,43.3974,-141.1069,89.3663
14905,43.0974,-141.1069,89.3663
14906,42.7974,-141.1069,89.3663
14907,42.4974,-141.1069,89.3663
14908,42.1974,-141.1069,89.3663
14909,41.8974,-141.1069,89.3663
14910,41.5974,-141.1069,89.3663
14911,41.2974,-141.1069,89.3663
14912,40.9974,-141.1069,89.3663
14913,40.6974,-141.1069,89.3663
14914,40.3974,-141.1069,89.3663
14915,40.0974,-141.1069,89.3663
14916,39.7974,-141.1069,89.3663
14917,39.4974,-141.1069,89.3663
14918,39.1974,-141.1069,89.3663
14919,38.8974,-141.1069,89.3663
14920,38.5974,-141.1069,89.3663
14921,38.2974,-141.1069,89.3663
14922,37.9974,-141.1069,89.3663
14923,37.6974,-141.1069,89.3663
14924,37.3974,-141.1069,89.3663
14925,37.0974,-141.1069,89.3663
14926,36.7974,-141.1069,89.3663
14927,36.4974,-141.1069,89.3663
14928,36.1974,-141.1069,89.3663
14929,35.8974,-140.8069,89.3663
14930,35.5974,-140.5069,89.3663
14931,35.2974,-140.2069,89.3663
14932,34.9974,-139.9069,89.3663
14933,34.6974,-139.6069,89.3663
14934,34.3974,-139.3069,89.3663
14935,34.0974,-139.3069,89.3663
14936,33.7974,-139.0069,89.3663
14937,33.4974,-139.0069,89.3663
14938,33.1974,-138.7069,89.3663
14939,32.8974,-138.7069,89.3663
14940,32.5974,-138.7069,89.3663
14941,32.2974,-138.7069,89.3663
14942,31.9974,-138.7069,89.3663
14943,31.6974,-138.7069,89.3663
14944,31.3974,-138.7069,89.3663
14945,31.0974,-138.7069,89.3663
14946,30.7974,-138.7069,89.3663
14947,30.4974,-138.7069,89.3663
14948,30.1974,-138.7069,89.3663
14949,29.8974,-138.7069,89.3663
14950,29.5974,-138.7069,89.3663
14951,29.2974,-138.7069,89.3663
14952,28.9974,-138.7069,89.3663
14953,28.6974,-138.7069,89.3663
14954,28.3974,-138.7069,89.3663
14955,28.0974,-138.7069,89.3663
14956,27.7974,-138.7069,89.3663
14957,27.4974,-138.7069,89.3663
14958,27.1974,-138.7069,89.3663
14959,26.8974,-138.7069,89.3663
14960,26.5974,-138.7069,89.3663
14961,26.2974,-138.7069,89.3663
14962,25.9974,-138.7069,89.3663
14963,25.6974,-138.7069,89.3663
14964,25.3974,-138.7069,89.3663
14965,25.0974,-138.7069,89.3663
14966,24.7974,-138.7069,89.3663
14967,24.4974,-138.7069,89.3663
14968,24.1974,-138.7069,89.3663
14969,23.8974,-138.7069,89.3663
14970,23.5974,-138.7069,89.3663
14971,23.2974,-138.7069,89.3663
14972,22.9974,-138.4069,89.3663
14973,22.6974,-138.4069,89.3663
14974,22.3974,-138.1069,89.3663
14975,22.0974,-138.1069,89.3663
14976,21.7974,-137.8069,89.3663
14977,21.4974,-137.8069,89.3663
14978,21.1974,-137.5069,89.3663
14979,20.8974,-137.5069,89.3663
14980,20.5974,-137.5069,89.3663
14981,20.2974,-137.2069,89.3663
14982,20.5974,-137.2069,89.3663
14983,20.8974,-137.2069,89.3663
14984,21.1974,-137.2069,89.3663
14985,21.4974,-137.2069,89.3663
14986,21.7974,-137.2069,89.3663
14987,22.0974,-137.2069,89.3663
14988,22.3974,-137.2069,89.3663
14989,22.6974,-137.2069,89.3663
14990,22.9974,-137.2069,89.3663
14991,23.2974,-137.2069,89.3663
14992,23.5974,-137.2069,89.3663
14993,23.8974,-137.2069,89.3663
14994,24.1974,-137.2069,89.3663
14995,24.4974,-137.2069,89.3663
14996,24.7974,-137.2069,89.3663
14997,25.0974,-137.2069,89.3663
14998,25.3974,-137.2069,89.3663
14999,25.6974,-137.2069,89.3663
15000,25.9974,-137.2069,89.3663
15001,26.2974,-137.2069,89.3663
15002,26.5974,-137.2069,89.3663
15003,26.8974,-137.2069,89.3663
15004,27.1974,-137.2069,89.3663
15005,27.4974,-137.2069,89.3663
15006,27.7974,-137.2069,89.3663
15007,28.0974,-137.2069,89.3663
15008,28.3974,-137.2069,89.3663
15009,28.6974,-137.2069,89.3663
15010,28.9974,-137.2069,89.3663
15011,29.2974,-137.2069,89.3663
15012,29.5974,-137.2069,89.3663
15013,29.8974,-137.2069,89.3663
15014,30.1974,-137.2069,89.3663
15015,30.4974,-137.2069,89.3663
15016,30.7974,-137.2069,89.3663
15017,31.0974,-137.2069,89.3663
15018,31.3974,-137.2069,89.3663
15019,31.6974,-137.2069,89.3663
15020,31.9974,-137.2069,89.3663
15021,32.2974,-137.2069,89.3663
15022,32.5974,-137.2069,89.3663
15023,32.8974,-137.2069,89.3663
15024,33.1974,-137.2069,89.3663
15025,33.4974,-137.2069,89.3663
15026,33.7974,-137.2069,89.3663
15027,34.0974,-137.2069,89.3663
15028,34.3974,-137.2069,89.3663
15029,34.6974,-137.2069,89.3663
15030,34.9974,-137.2069,89.3663
15031,35.2974,-137.2069,89.3663
15032,35.5974,-137.2069,89.3663
15033,35.8974,-137.2069,89.3663
15034,36.1974,-137.2069,89.3663
15035,36.4974,-137.2069,89.3663
15036,36.7974,-137.2069,89.3663
15037,37.0974,-137.2069,89.3663
15038,37.3974,-137.2069,89.3663
15039,37.6974,-137.2069,89.3663
15040,37.9974,-137.2069,89.3663
15041,38.2974,-137.2069,89.3663
15042,38.5974,-137.2069,89.3663
15043,38.8974,-137.2069,89.3663
15044,39.1974,-137.2069,89.3663
15045,39.4974,-137.2069,89.3663
15046,39.7974,-137.2069,89.3663
15047,40.0974,-137.2069,89.3663
15048,40.3974,-137.2069,89.3663
15049,40.6974,-137.2069,89.3663
15050,40.9974,-137.2069,89.3663
15051,41.2974,-137.2069,89.3663
15052,41.5974,-137.2069,89.3663
15053,41.8974,-137.2069,89.3663
15054,42.1974,-137.2069,89.3663
15055,42.4974,-137.2069,89.3663
15056,42.7974,-137.2069,89.3663
15057,43.0974,-137.2069,89.3663
15058,43.3974,-137.2069,89.3663
15059,43.6974,-137.2069,89.3663
15060,43.9974,-137.2069,89.3663
15061,44.2974,-137.2069,89.3663
15062,44.5974,-137.2069,89.3663
15063,44.8974,-137.2069,89.3663
15064,45.1974,-137.2069,89.3663
15065,45.4974,-137.2069,89.3663
15066,45.7974,-137.2069,89.3663
15067,46.0974,-137.2069,89.3663
15068,46.3974,-137.2069,89.3663
15069,46.6974,-137.2069,89.3663
15070,46.9974,-137.2069,89.3663
15071,47.2974,-137.5069,89.3663
15072,47.5974,-137.5069,89.3663
15073,47.8974,-137.5069,89.3663
15074,48.1974,-137.8069,89.3663
15075,48.4974,-137.8069,89.3663
15076,48.7974,-138.1069,89.3663
15077,49.0974,-138.1069,89.3663
15078,49.3974,-138.4069,89.3663
15079,49.6974,-138.4069,89.3663
15080,49.9974,-138.7069,89.3663
15081,50.2974,-138.7069,89.3663
15082,50.5974,-139.0069,89.3663
15083,50.8974,-139.0069,89.3663
15084,51.1974,-139.0069,89.3663
15085,51.4974,-139.3069,89.3663
15086,51.7974,-139.3069,89.3663
15087,52.0974,-139.6069,89.3663
15088,52.3974,-139.6069,89.3663
15089,52.6974,-139.9069,89.3663
15090,52.9974,-139.9069,89.3663
15091,53.2974,-140.2069,89.3663
15092,53.5974,-140.2069,89.3663
15093,53.8974,-140.5069,89.3663
15094,54.1974,-140.8069,89.3663
15095,54.4974,-141.1069,89.3663
15096,54.7974,-141.4069,89.3663
15097,55.0974,-141.7069,89.3663
15098,55.3974,-142.0069,89.3663
15099,55.6974,-142.3069,89.3663
15100,55.9974,-142.6069,89.3663
15101,56.2974,-142.9069,89.3663
15102,56.5974,-142.9069,89.3663
15103,56.8974,-142.9069,89.3663
15104,57.1974,-142.9069,89.3663
15105,57.4974,-142.9069,89.3663
15106,57.7974,-142.9069,89.3663
15107,58.0974,-142.9069,89.3663
15108,58.3974,-142.9069,89.3663
15109,58.6974,-142.9069,89.3663
15110,58.9974,-142.9069,89.3663
15111,59.2974,-142.9069,89.3663
15112,59.5974,-142.9069,89.3663
15113,59.8974,-143.2069,89.3663
15114,60.1974,-143.2069,89.3663
15115,60.4974,-143.5069,89.3663
15116,60.7974,-143.5069,89.3663
15117,61.0974,-143.5069,89.3663
15118,61.3974,-143.5069,89.3663
15119,61.6974,-143.5069,89.3663
15120,61.9974,-143.5069,89.3663
15121,62.2974,-143.8069,89.3663
15122,62.5974,-143.8069,89.3663
15123,62.8974,-144.1069,89.3663
15124,63.1974,-144.1069,89.3663
15125,63.4974,-144.4069,89.3663
15126,63.7974,-144.7069,89.3663
15127,64.0974,-145.0069,89.3663
15128,63.7974,-144.7069,89.3663
15129,63.4974,-144.4069,89.3663
15130,63.1974,-144.1069,89.3663
15131,62.8974,-144.1069,89.3663
15132,62.5974,-143.8069,89.3663
15133,62.2974,-143.8069,89.3663
15134,61.9974,-143.5069,89.3663
15135,61.6974,-143.5069,89.3663
15136,61.3974,-143.5069,89.3663
15137,61.0974,-143.5069,89.3663
15138,60.7974,-143.5069,89.3663
15139,60.4974,-143.5069,89.3663
15140,60.1974,-143.5069,89.3663
15141,59.8974,-143.5069,89.3663
15142,59.5974,-143.5069,89.3663
15143,59.2974,-143.5069,89.3663
15144,58.9974,-143.5069,89.3663
15145,58.6974,-143.5069,89.3663
15146,58.3974,-143.5069,89.3663
15147,58.0974,-143.5069,89.3663
15148,57.7974,-143.5069,89.3663
15149,57.4974,-143.5069,89.3663
15150,57.1974,-143.5069,89.3663
15151,56.8974,-143.5069,89.3663
15152,56.5974,-143.5069,89.3663
15153,56.2974,-143.5069,89.3663
15154,55.9974,-143.8069,89.3663
15155,55.6974,-144.1069,89.3663
15156,55.3974,-144.4069,89.3663
15157,55.0974,-144.7069,89.6663
15158,54.7974,-145.0069,89.9663
15159,54.4974,-145.3069,89.9663
15160,54.1974,-145.6069,90.2663
15161,53.8974,-145.9069,90.2663
15162,53.5974,-146.2069,90.2663
15163,53.2974,-146.5069,90.2663
15164,52.9974,-146.8069,90.2663
15165,52.6974,-147.1069,90.2663
15166,52.3974,-147.4069,90.2663
15167,52.0974,-147.7069,90.2663
15168,51.7974,-148.0069,90.2663
15169,51.4974,-148.3069,90.2663
15170,51.1974,-148.6069,90.2663
15171,50.8974,-148.9069,90.2663
15172,50.5974,-149.2069,90.2663
15173,50.2974,-149.5069,90.2663
15174,49.9974,-149.8069,90.2663
15175,49.6974,-150.1069,90.2663
15176,49.3974,-150.4069,90.2663
15177,49.0974,-150.7069,90.2663
15178,48.7974,-151.0069,90.2663
15179,48.4974,-151.0069,90.2663
15180,48.1974,-151.3069,90.2663
15181,47.8974,-151.3069,90.2663
15182,47.5974,-151.6069,90.2663
15183,47.2974,-151.6069,90.2663
15184,46.9974,-151.6069,90.2663
15185,46.6974,-151.6069,90.2663
15186,46.3974,-151.6069,90.2663
15187,46.0974,-151.6069,90.2663
15188,45.7974,-151.6069,90.2663
15189,45.4974,-151.6069,90.2663
15190,45.1974,-151.6069,90.2663
15191,44.8974,-151.6069,90.2663
15192,44.5974,-151.6069,90.2663
15193,44.2974,-151.6069,90.2663
15194,43.9974,-151.6069,90.2663
15195,43.6974,-151.6069,90.2663
15196,43.3974,-151.6069,90.2663
15197,43.0974,-151.6069,90.2663
15198,42.7974,-151.6069,90.2663
15199,42.4974,-151.6069,90.2663
15200,42.1974,-151.6069,90.2663
15201,41.8974,-151.6069,90.2663
15202,41.5974,-151.6069,90.2663
15203,41.2974,-151.6069,90.2663
15204,40.9974,-151.6069,90.2663
15205,40.6974,-151.6069,90.2663
15206,40.3974,-151.6069,90.2663
15207,40.0974,-151.6069,90.2663
15208,39.7974,-151.6069,90.2663
15209,39.4974,-151.6069,90.2663
15210,39.1974,-151.6069,90.2663
15211,38.8974,-151.6069,90.2663
15212,38.5974,-151.6069,90.2663
15213,38.2974,-151.6069,90.2663
15214,37.9974,-151.6069,90.2663
15215,37.6974,-151.6069,90.2663
15216,37.3974,-151.6069,90.2663
15217,37.0974,-151.6069,90.2663
15218,36.7974,-151.6069,90.2663
15219,36.4974,-151.6069,90.2663
15220,36.1974,-151.6069,90.2663
15221,35.8974,-151.6069,90.2663
15222,35.5974,-151.6069,90.2663
15223,35.2974,-151.6069,90.2663
15224,34.9974,-151.3069,90.2663
15225,34.6974,-151.3069,90.2663
15226,34.3974,-151.0069,90.2663
15227,34.0974,-151.0069,90.2663
15228,33.7974,-150.7069,90.2663
15229,33.4974,-150.7069,90.2663
15230,33.1974,-150.7069,90.2663
15231,32.8974,-150.4069,90.2663
15232,32.5974,-150.4069,90.2663
15233,32.2974,-150.1069,90.2663
15234,31.9974,-150.1069,90.2663
15235,31.6974,-149.8069,90.2663
15236,31.3974,-149.8069,90.2663
15237,31.0974,-149.5069,90.2663
15238,30.7974,-149.5069,90.2663
15239,30.4974,-149.2069,89.9663
15240,30.1974,-149.2069,89.9663
15241,29.8974,-149.2069,89.9663
15242,29.5974,-148.9069,89.6663
15243,29.2974,-148.9069,89.6663
15244,28.9974,-148.9069,89.6663
15245,28.6974,-148.6069,89.6663
15246,28.3974,-148.6069,89.6663
15247,28.0974,-148.3069,89.6663
15248,27.7974,-148.0069,89.6663
15249,27.4974,-148.0069,89.6663
15250,27.1974,-147.7069,89.9663
15251,26.8974,-147.4069,89.9663
15252,26.5974,-147.4069,89.9663
15253,26.2974,-147.4069,89.9663
15254,25.9974,-147.1069,89.9663
15255,25.6974,-146.8069,89.9663
15256,25.3974,-146.5069,89.9663
15257,25.0974,-146.2069,89.9663
15258,24.7974,-145.9069,89.9663
15259,24.4974,-145.6069,89.9663
15260,24.1974,-145.3069,89.9663
15261,23.8974,-145.0069,89.9663
15262,23.5974,-144.7069,89.9663
15263,23.2974,-144.4069,89.9663
15264,22.9974,-144.1069,89.6663
15265,22.9974,-143.8069,89.6663
15266,-40.0039,-136.8433,89.7000
15267,-39.8508,-136.6128,92.3000
15268,-39.7026,-136.3069,92.3663
15269,-39.4026,-136.0069,92.3663
15270,-39.1026,-135.7069,92.3663
15271,-38.8026,-135.4069,92.3663
15272,-38.8026,-135.1069,92.3663
15273,-38.5026,-134.8069,92.3663
15274,-38.5026,-134.5069,92.3663
15275,-38.5026,-134.2069,92.3663
15276,-38.2026,-133.9069,92.3663
15277,-38.2026,-133.6069,92.3663
15278,-38.2026,-133.3069,92.3663
15279,-38.2026,-133.0069,92.3663
15280,-38.2026,-132.7069,92.3663
15281,-38.2026,-132.4069,92.3663
15282,-38.2026,-132.1069,92.3663
15283,-38.2026,-131.8069,92.3663
15284,-38.2026,-131.5069,92.3663
15285,-38.2026,-131.2069,92.3663
15286,-38.2026,-130.9069,92.3663
15287,-38.2026,-130.6069,92.3663
15288,-38.2026,-130.3069,92.3663
15289,-38.2026,-130.0069,92.3663
15290,-38.2026,-129.7069,92.3663
15291,-38.2026,-129.4069,92.3663
15292,-38.2026,-129.1069,92.3663
15293,-38.5026,-128.8069,92.3663
15294,-38.5026,-128.5069,92.3663
15295,-38.8026,-128.2069,92.3663
15296,-38.8026,-127.9069,92.3663
15297,-39.1026,-127.6069,92.3663
15298,-39.4026,-127.3069,92.3663
15299,57.2045,-146.3693,92.3000
15300,57.1974,-146.8069,92.3663
15301,56.8974,-147.1069,92.3663
15302,56.8974,-147.4069,92.3663
15303,56.5974,-147.7069,92.3663
15304,56.5974,-148.0069,92.3663
15305,56.2974,-148.3069,92.3663
15306,56.2974,-148.6069,92.3663
15307,55.9974,-148.9069,92.3663
15308,55.9974,-149.2069,92.3663
15309,55.9974,-149.5069,92.3663
15310,55.9974,-149.8069,92.3663
15311,55.9974,-150.1069,92.3663
15312,55.6974,-150.1069,92.3663
15313,55.3974,-150.1069,92.3663
15314,55.0974,-150.1069,92.3663
15315,54.7974,-150.1069,92.3663
15316,54.4974,-150.1069,92.3663
15317,54.1974,-150.1069,92.3663
15318,53.8974,-150.1069,92.6663
15319,53.5974,-150.1069,92.9663
15320,53.2974,-150.1069,92.9663
15321,52.9974,-150.1069,92.9663
15322,52.6974,-150.1069,92.9663
15323,52.3974,-150.1069,92.9663
15324,52.0974,-150.1069,92.9663
15325,51.7974,-150.1069,92.9663
15326,51.4974,-150.1069,92.9663
15327,51.1974,-150.1069,93.2663
15328,50.8974,-150.1069,93.2663
15329,50.5974,-150.1069,93.2663
15330,50.2974,-150.1069,93.2663
15331,49.9974,-150.1069,93.2663
15332,49.6974,-150.1069,93.2663
15333,49.3974,-150.1069,93.2663
15334,49.0974,-150.1069,93.2663
15335,48.7974,-150.1069,93.2663
15336,48.4974,-150.1069,93.2663
15337,48.1974,-150.1069,93.5663
15338,47.8974,-150.1069,93.5663
15339,47.5974,-150.1069,93.8663
15340,47.2974,-150.1069,93.8663
15341,46.9974,-150.1069,93.8663
15342,46.6974,-150.1069,93.8663
15343,46.3974,-150.1069,93.8663
15344,46.0974,-150.1069,93.8663
15345,45.7974,-150.1069,93.8663
15346,45.4974,-150.1069,93.8663
15347,45.1974,-150.1069,93.8663
15348,44.8974,-150.1069,93.8663
15349,44.5974,-150.1069,93.8663
15350,44.2974,-150.1069,93.8663
15351,43.9974,-150.1069,93.8663
15352,43.6974,-150.1069,93.8663
15353,43.3974,-150.1069,93.8663
15354,43.0974,-150.1069,93.8663
15355,42.7974,-150.1069,93.8663
15356,42.4974,-150.1069,93.8663
15357,42.1974,-150.1069,93.8663
15358,41.8974,-150.1069,93.8663
15359,41.5974,-150.1069,93.8663
15360,41.2974,-150.1069,93.8663
15361,40.9974,-150.1069,93.8663
15362,40.6974,-150.1069,93.8663
15363,40.3974,-150.1069,93.8663
15364,40.0974,-150.1069,93.8663
15365,39.7974,-150.1069,93.8663
15366,39.4974,-150.1069,93.8663
15367,39.1974,-150.1069,93.8663
15368,38.8974,-150.1069,93.8663
15369,38.5974,-150.1069,93.8663
15370,38.2974,-150.1069,93.8663
15371,37.9974,-150.1069,93.8663
15372,37.6974,-150.1069,93.8663
15373,37.3974,-150.1069,93.8663
15374,37.0974,-150.1069,93.8663
15375,36.7974,-150.1069,93.8663
15376,36.4974,-150.1069,93.8663
15377,36.1974,-150.1069,93.8663
15378,35.8974,-150.1069,93.8663
15379,35.5974,-150.1069,93.8663
15380,35.2974,-150.1069,93.8663
15381,34.9974,-150.1069,93.8663
15382,34.6974,-150.1069,93.8663
15383,34.3974,-150.1069,93.8663
15384,34.0974,-149.8069,93.8663
15385,33.7974,-149.8069,93.8663
15386,33.4974,-149.5069,93.8663
15387,33.1974,-149.5069,93.8663
15388,32.8974,-149.5069,93.8663
15389,32.5974,-149.2069,93.8663
15390,32.2974,-149.2069,93.8663
15391,31.9974,-148.9069,93.8663
15392,31.6974,-148.9069,93.8663
15393,31.3974,-148.6069,93.8663
15394,31.0974,-148.6069,93.8663
15395,30.7974,-148.3069,93.8663
15396,30.4974,-148.3069,93.8663
15397,30.1974,-148.0069,93.8663
15398,29.8974,-148.0069,93.8663
15399,29.5974,-148.0069,93.8663
15400,29.2974,-147.7069,93.8663
15401,28.9974,-147.7069,93.8663
15402,28.6974,-147.4069,93.8663
15403,28.3974,-147.4069,93.8663
15404,28.0974,-147.1069,93.8663
15405,27.7974,-147.1069,93.8663
15406,27.4974,-146.8069,93.8663
15407,27.1974,-146.8069,93.8663
15408,26.8974,-146.8069,93.8663
15409,26.5974,-146.5069,93.8663
15410,26.2974,-146.5069,93.8663
15411,25.9974,-146.2069,93.8663
15412,25.6974,-146.2069,93.8663
15413,25.3974,-145.9069,93.8663
15414,25.0974,-145.9069,93.8663
15415,24.7974,-145.6069,93.8663
15416,24.4974,-145.6069,93.8663
15417,24.1974,-145.3069,93.8663
15418,23.8974,-145.3069,93.8663
15419,23.5974,-145.3069,93.8663
15420,23.2974,-145.0069,93.8663
15421,22.9974,-145.0069,93.8663
15422,22.6974,-145.0069,93.8663
15423,22.3974,-145.0069,93.8663
15424,22.0974,-145.0069,93.8663
15425,21.7974,-145.0069,93.8663
15426,21.4974,-145.0069,93.8663
15427,21.1974,-145.0069,93.8663
15428,20.8974,-145.0069,93.8663
15429,20.5974,-145.0069,93.8663
15430,20.2974,-145.0069,93.8663
15431,19.9974,-145.0069,93.8663
15432,19.6974,-145.0069,93.8663
15433,19.3974,-145.0069,93.8663
15434,19.0974,-145.0069,93.8663
15435,18.7974,-145.0069,93.8663
15436,18.4974,-145.0069,93.8663
15437,18.1974,-145.0069,93.8663
15438,17.8974,-145.0069,93.8663
15439,17.5974,-145.0069,93.8663
15440,17.2974,-145.0069,93.8663
15441,16.9974,-145.0069,93.8663
15442,16.6974,-145.0069,93.8663
15443,16.3974,-145.0069,93.8663
15444,16.0974,-145.0069,93.8663
15445,15.7974,-144.7069,93.8663
15446,15.4974,-144.4069,93.8663
15447,15.1974,-144.1069,93.8663
15448,14.8974,-143.8069,93.8663
15449,14.5974,-143.8069,93.8663
15450,14.2974,-143.5069,93.5663
15451,13.9974,-143.2069,93.5663
15452,13.6974,-142.9069,93.2663
15453,13.3974,-142.6069,92.9663
15454,13.3974,-142.3069,92.9663
15455,13.0974,-142.0069,92.6663
15456,13.0974,-141.7069,92.6663
15457,12.7974,-141.4069,92.3663
15458,12.7974,-141.1069,92.3663
15459,12.7974,-140.8069,92.3663
15460,12.7974,-140.5069,92.3663
15461,12.7974,-140.2069,92.3663
15462,-46.7000,-130.3000,92.5000
15463,-46.6026,-130.6069,92.3663
15464,-46.6026,-130.9069,92.3663
15465,-46.6026,-131.2069,92.3663
15466,-46.3026,-131.5069,92.6663
15467,-46.3026,-131.8069,92.9663
15468,-46.3026,-132.1069,93.2663
15469,-46.0026,-132.4069,93.5663
15470,-46.0026,-132.7069,93.5663
15471,-45.7026,-133.0069,93.8663
15472,-45.4026,-133.3069,94.1663
15473,-45.1026,-133.6069,94.4663
15474,-44.8026,-133.9069,94.7663
15475,-44.5026,-134.2069,94.7663
15476,-44.5026,-134.5069,94.7663
15477,-44.2026,-134.8069,94.7663
15478,-43.9026,-135.1069,94.7663
15479,-43.6026,-135.4069,94.7663
15480,-43.3026,-135.4069,94.7663
15481,-43.0026,-135.7069,94.7663
15482,-42.7026,-135.7069,94.7663
15483,-42.4026,-135.7069,94.7663
15484,-42.1026,-135.7069,94.7663
15485,-41.8026,-135.7069,94.7663
15486,-41.5026,-135.7069,94.7663
15487,-41.2026,-135.7069,94.7663
15488,-40.9026,-135.7069,94.7663
15489,-40.6026,-135.7069,94.7663
15490,-40.3026,-135.7069,94.7663
15491,-40.0026,-135.7069,94.7663
15492,-39.7026,-135.7069,94.7663
15493,-39.4026,-135.7069,94.7663
15494,-39.1026,-135.7069,94.7663
15495,-38.8026,-135.7069,94.7663
15496,-38.5026,-135.7069,94.7663
15497,-38.2026,-135.7069,94.7663
15498,-37.9026,-135.7069,94.7663
15499,-37.6026,-135.7069,94.7663
15500,-37.3026,-135.7069,94.7663
15501,-37.0026,-135.7069,94.7663
15502,-36.7026,-135.7069,94.7663
15503,-36.4026,-135.7069,94.7663
15504,-36.1026,-135.7069,94.7663
15505,-35.8026,-135.7069,94.7663
15506,-35.5026,-135.7069,94.7663
15507,-35.2026,-135.7069,94.7663
15508,-34.9026,-135.7069,94.7663
15509,-34.6026,-135.7069,94.7663
15510,-34.3026,-135.7069,94.7663
15511,-34.0026,-135.7069,94.7663
15512,-33.7026,-135.7069,94.7663
15513,-33.4026,-135.7069,94.7663
15514,-33.1026,-135.7069,94.7663
15515,-32.8026,-135.7069,94.7663
15516,-32.5026,-135.7069,94.7663
15517,-32.2026,-135.7069,94.7663
15518,-31.9026,-135.7069,94.7663
15519,-31.6026,-135.7069,94.7663
15520,-31.3026,-135.7069,94.7663
15521,-31.0026,-135.7069,94.7663
15522,-30.7026,-135.7069,94.7663
15523,-30.4026,-135.7069,94.7663
15524,-30.1026,-135.7069,94.7663
15525,-29.8026,-135.7069,94.7663
15526,-29.5026,-135.7069,94.7663
15527,-29.2026,-135.7069,94.7663
15528,-28.9026,-135.7069,94.7663
15529,-28.6026,-135.7069,94.7663
15530,-28.3026,-135.7069,94.7663
15531,-28.0026,-135.7069,94.7663
15532,-27.7026,-135.7069,94.7663
15533,-27.4026,-135.7069,94.7663
15534,-27.1026,-135.7069,94.7663
15535,-26.8026,-135.7069,94.7663
15536,-26.5026,-135.7069,94.7663
15537,-26.2026,-135.7069,94.7663
15538,-25.9026,-135.7069,94.7663
15539,-25.6026,-135.7069,94.7663
15540,-25.3026,-135.7069,94.7663
15541,-25.0026,-135.7069,94.7663
15542,-24.7026,-135.7069,94.7663
15543,-24.4026,-135.7069,94.7663
15544,-24.1026,-135.7069,94.7663
15545,-23.8026,-135.7069,94.7663
15546,-23.5026,-135.7069,94.7663
15547,-23.2026,-135.7069,94.7663
15548,-22.9026,-135.7069,94.7663
15549,-22.6026,-135.7069,94.7663
15550,-22.3026,-135.7069,94.7663
15551,-22.0026,-135.7069,94.7663
15552,-21.7026,-135.7069,94.7663
15553,-21.4026,-135.7069,94.7663
15554,-21.1026,-135.7069,94.7663
15555,-20.8026,-135.7069,94.7663
15556,-20.5026,-135.7069,94.7663
15557,-20.2026,-135.7069,94.7663
15558,-19.9026,-135.7069,94.7663
15559,-19.6026,-135.7069,94.7663
15560,-19.3026,-135.7069,94.7663
15561,-19.0026,-135.7069,94.7663
15562,-18.7026,-135.7069,94.7663
15563,-18.4026,-135.7069,94.7663
15564,-18.1026,-135.7069,94.7663
15565,-17.8026,-135.7069,94.7663
15566,-17.5026,-135.7069,94.7663
15567,-17.2026,-135.7069,94.7663
15568,-16.9026,-135.7069,94.7663
15569,-16.6026,-135.7069,94.7663
15570,-16.3026,-135.7069,94.7663
15571,-16.0026,-135.7069,94.7663
15572,-15.7026,-135.7069,94.7663
15573,-15.4026,-135.7069,94.7663
15574,-15.1026,-135.7069,94.7663
15575,-14.8026,-135.7069,94.7663
15576,-14.5026,-135.7069,94.7663
15577,-14.2026,-135.7069,94.7663
15578,-13.9026,-135.7069,94.7663
15579,-13.6026,-135.7069,94.7663
15580,-13.3026,-135.7069,94.7663
15581,-13.0026,-135.7069,94.7663
15582,-12.7026,-136.0069,94.7663
15583,-12.4026,-136.0069,94.7663
15584,-12.1026,-136.0069,94.7663
15585,-11.8026,-136.0069,94.7663
15586,-11.5026,-136.0069,94.7663
15587,-11.2026,-136.0069,94.7663
15588,-10.9026,-136.0069,94.7663
15589,-10.6026,-136.0069,94.7663
15590,-10.3026,-136.0069,94.7663
15591,-10.0026,-136.0069,94.7663
15592,-9.7026,-136.0069,94.7663
15593,-9.4026,-136.0069,94.7663
15594,-9.1026,-136.0069,94.7663
15595,-8.8026,-136.0069,94.7663
15596,-8.5026,-136.0069,94.7663
15597,-8.2026,-136.0069,94.7663
15598,-7.9026,-136.0069,94.7663
15599,-7.6026,-136.0069,94.7663
15600,-7.3026,-136.0069,94.7663
15601,-7.0026,-136.0069,94.7663
15602,-6.7026,-136.0069,94.7663
15603,-6.4026,-136.0069,94.7663
15604,-6.1026,-136.0069,94.7663
15605,-5.8026,-136.0069,94.7663
15606,-5.5026,-136.0069,94.7663
15607,-5.2026,-136.0069,94.7663
15608,-4.9026,-136.0069,94.7663
15609,-4.6026,-136.0069,94.7663
15610,-4.3026,-136.0069,94.7663
15611,-4.0026,-136.0069,94.7663
15612,-3.7026,-136.0069,94.7663
15613,-3.4026,-136.0069,94.7663
15614,-3.1026,-136.0069,94.7663
15615,-2.8026,-136.0069,94.7663
15616,-2.5026,-136.0069,94.7663
15617,-2.2026,-136.0069,94.7663
15618,-1.9026,-136.0069,94.7663
15619,-1.6026,-136.0069,94.7663
15620,-1.3026,-136.0069,94.7663
15621,-1.0026,-136.0069,94.7663
15622,-0.7026,-136.0069,94.7663
15623,-0.4026,-136.0069,94.7663
15624,-0.1026,-136.0069,94.7663
15625,0.1974,-136.0069,94.7663
15626,0.4974,-136.0069,94.7663
15627,0.7974,-136.0069,94.7663
15628,1.0974,-136.0069,94.7663
15629,1.3974,-136.0069,94.7663
15630,1.6974,-136.0069,94.7663
15631,1.9974,-136.0069,94.7663
15632,2.2974,-136.0069,94.7663
15633,2.5974,-136.0069,94.7663
15634,2.8974,-136.0069,94.7663
15635,3.1974,-136.0069,94.7663
15636,3.4974,-136.0069,94.7663
15637,3.7974,-136.0069,94.7663
15638,4.0974,-136.0069,94.7663
15639,4.3974,-136.0069,94.7663
15640,4.6974,-136.0069,94.7663
15641,4.9974,-136.0069,94.7663
15642,5.2974,-136.0069,94.7663
15643,5.5974,-136.0069,94.7663
15644,5.8974,-136.0069,94.7663
15645,6.1974,-136.0069,94.7663
15646,6.4974,-136.0069,94.7663
15647,6.7974,-136.0069,94.7663
15648,7.0974,-136.0069,94.7663
15649,7.3974,-136.0069,94.7663
15650,7.6974,-136.3069,94.4663
15651,7.9974,-136.3069,94.4663
15652,8.2974,-136.6069,94.1663
15653,8.5974,-136.6069,94.1663
15654,8.8974,-136.6069,94.1663
15655,9.1974,-136.9069,93.8663
15656,9.4974,-136.9069,93.8663
15657,9.7974,-137.2069,93.5663
15658,10.0974,-137.2069,93.5663
15659,10.3974,-137.5069,93.2663
15660,10.6974,-137.5069,93.2663
15661,10.9974,-137.5069,93.2663
15662,11.2974,-137.8069,92.9663
15663,11.5974,-138.1069,92.9663
15664,11.8974,-138.1069,92.9663
15665,12.1974,-138.4069,92.6663
15666,12.4974,-138.4069,92.6663
15667,12.7974,-138.7069,92.3663
15668,13.0974,-138.7069,92.3663
15669,65.3000,-147.9000,92.5000
15670,65.2974,-147.7069,92.3663
15671,65.2974,-147.4069,92.3663
15672,65.2974,-147.1069,92.3663
15673,65.2974,-146.8069,92.3663
15674,64.9974,-146.5069,92.3663
15675,64.9974,-146.2069,92.3663
15676,64.6974,-145.9069,92.3663
15677,64.6974,-145.6069,92.3663
15678,64.3974,-145.3069,92.3663
15679,64.0974,-145.0069,92.3663
15680,63.7974,-144.7069,92.3663
15681,63.4974,-144.4069,92.3663
15682,63.1974,-144.4069,92.3663
15683,62.8974,-144.1069,92.3663
15684,62.5974,-144.1069,92.3663
15685,62.2974,-143.8069,92.6663
15686,61.9974,-143.8069,92.6663
15687,61.6974,-143.8069,92.6663
15688,61.3974,-143.8069,92.6663
15689,61.0974,-143.8069,92.6663
15690,60.7974,-143.8069,92.6663
15691,60.4974,-143.8069,92.6663
15692,60.1974,-143.8069,92.6663
15693,59.8974,-143.8069,92.6663
15694,59.5974,-143.8069,92.6663
15695,59.2974,-143.8069,92.6663
15696,58.9974,-143.8069,92.6663
15697,58.6974,-143.8069,92.6663
15698,58.3974,-143.8069,92.6663
15699,58.0974,-143.8069,92.6663
15700,57.7974,-143.8069,92.6663
15701,57.4974,-143.8069,92.6663
15702,57.1974,-143.8069,92.6663
15703,56.8974,-143.8069,92.6663
15704,56.5974,-143.8069,92.6663
15705,56.2974,-143.8069,92.6663
15706,55.9974,-143.8069,92.6663
15707,55.6974,-143.8069,92.6663
15708,55.3974,-143.8069,92.6663
15709,55.0974,-143.8069,92.6663
15710,54.7974,-143.8069,92.6663
15711,54.4974,-143.8069,92.6663
15712,54.1974,-143.8069,92.6663
15713,53.8974,-143.8069,92.6663
15714,53.5974,-143.8069,92.6663
15715,53.2974,-143.8069,92.6663
15716,52.9974,-143.8069,92.6663
15717,52.6974,-143.8069,92.6663
15718,52.3974,-143.8069,92.6663
15719,52.0974,-143.8069,92.6663
15720,51.7974,-143.8069,92.6663
15721,51.4974,-143.8069,92.6663
15722,51.1974,-143.8069,92.6663
15723,50.8974,-143.8069,92.6663
15724,50.5974,-143.8069,92.6663
15725,50.2974,-143.8069,92.6663
15726,49.9974,-143.8069,92.6663
15727,49.6974,-143.8069,92.6663
15728,49.3974,-143.8069,92.6663
15729,49.0974,-143.8069,92.6663
15730,48.7974,-143.5069,92.6663
15731,48.4974,-143.2069,92.6663
15732,48.1974,-142.9069,92.6663
15733,47.8974,-142.9069,92.6663
15734,47.5974,-142.6069,92.6663
15735,47.2974,-142.6069,92.6663
15736,46.9974,-142.6069,92.6663
15737,46.6974,-142.6069,92.6663
15738,46.3974,-142.6069,92.6663
15739,46.0974,-142.6069,92.6663
15740,45.7974,-142.6069,92.6663
15741,45.4974,-142.6069,92.6663
15742,45.1974,-142.6069,92.6663
15743,44.8974,-142.6069,92.6663
15744,44.5974,-142.6069,92.6663
15745,44.2974,-142.6069,92.6663
15746,43.9974,-142.6069,92.6663
15747,43.6974,-142.6069,92.6663
15748,43.3974,-142.6069,92.6663
15749,43.0974,-142.6069,92.6663
15750,42.7974,-142.6069,92.6663
15751,42.4974,-142.6069,92.6663
15752,42.1974,-142.6069,92.6663
15753,41.8974,-142.6069,92.6663
15754,41.5974,-142.6069,92.6663
15755,41.2974,-142.6069,92.6663
15756,40.9974,-142.6069,92.6663
15757,40.6974,-142.6069,92.6663
15758,40.3974,-142.6069,92.6663
15759,40.0974,-142.6069,92.6663
15760,39.7974,-142.6069,92.6663
15761,39.4974,-142.6069,92.6663
15762,39.1974,-142.6069,92.6663
15763,38.8974,-142.6069,92.6663
15764,38.5974,-142.6069,92.6663
15765,38.2974,-142.6069,92.6663
15766,37.9974,-142.6069,92.6663
15767,37.6974,-142.6069,92.6663
15768,37.3974,-142.6069,92.6663
15769,37.0974,-142.6069,92.6663
15770,36.7974,-142.6069,92.6663
15771,36.4974,-142.6069,92.6663
15772,36.1974,-142.6069,92.6663
15773,35.8974,-142.6069,92.6663
15774,35.5974,-142.6069,92.6663
15775,35.2974,-142.3069,92.6663
15776,34.9974,-142.0069,92.6663
15777,34.6974,-141.7069,92.6663
15778,34.3974,-141.4069,92.6663
15779,34.0974,-141.1069,92.6663
15780,33.7974,-140.8069,92.6663
15781,33.4974,-140.5069,92.6663
15782,33.1974,-140.2069,92.6663
15783,32.8974,-140.2069,92.6663
15784,32.5974,-139.9069,92.6663
15785,32.2974,-139.9069,92.6663
15786,31.9974,-139.9069,92.6663
15787,31.6974,-139.9069,92.6663
15788,31.3974,-139.9069,92.6663
15789,31.0974,-139.9069,92.6663
15790,30.7974,-139.9069,92.6663
15791,30.4974,-139.9069,92.6663
15792,30.1974,-139.9069,92.6663
15793,29.8974,-139.9069,92.6663
15794,29.5974,-139.9069,92.6663
15795,29.2974,-139.9069,92.6663
15796,28.9974,-139.9069,92.6663
15797,28.6974,-139.9069,92.6663
15798,28.3974,-139.9069,92.6663
15799,28.0974,-139.9069,92.6663
15800,27.7974,-139.9069,92.6663
15801,27.4974,-139.9069,92.6663
15802,27.1974,-139.9069,92.6663
15803,26.8974,-139.9069,92.6663
15804,26.5974,-139.9069,92.6663
15805,26.2974,-139.9069,92.6663
15806,25.9974,-139.9069,92.6663
15807,25.6974,-139.9069,92.6663
15808,25.3974,-139.9069,92.6663
15809,25.0974,-139.9069,92.6663
15810,24.7974,-139.9069,92.6663
15811,24.4974,-139.9069,92.6663
15812,24.1974,-139.9069,92.6663
15813,23.8974,-139.9069,92.6663
15814,23.5974,-139.9069,92.6663
15815,23.2974,-139.9069,92.6663
15816,22.9974,-139.9069,92.6663
15817,22.6974,-139.9069,92.6663
15818,22.3974,-139.9069,92.6663
15819,22.0974,-139.9069,92.6663
15820,21.7974,-139.9069,92.6663
15821,21.4974,-140.2069,92.3663
15822,21.1974,-140.2069,92.3663
15823,21.4974,-140.5069,92.3663
15824,21.7974,-140.8069,92.3663
15825,22.0974,-141.1069,92.3663
15826,22.3974,-141.4069,92.3663
15827,22.6974,-141.7069,92.3663
15828,22.9974,-142.0069,92.3663
15829,23.2974,-142.3069,92.3663
15830,23.5974,-142.6069,92.3663
15831,23.8974,-142.9069,92.3663
15832,24.1974,-143.2069,92.3663
15833,24.4974,-143.5069,92.6663
15834,24.7974,-143.8069,92.6663
15835,25.0974,-144.1069,92.6663
15836,25.3974,-144.4069,92.6663
15837,25.6974,-144.7069,92.6663
15838,25.9974,-145.0069,92.6663
15839,26.2974,-145.3069,92.6663
15840,26.5974,-145.6069,92.6663
15841,26.8974,-145.9069,92.6663
15842,27.1974,-146.2069,92.6663
15843,27.4974,-146.5069,92.6663
15844,27.7974,-146.8069,92.6663
15845,28.0974,-147.1069,92.6663
15846,28.3974,-147.4069,92.6663
15847,28.6974,-147.7069,92.6663
15848,28.9974,-148.0069,92.6663
15849,29.2974,-148.0069,92.6663
15850,29.5974,-148.3069,92.6663
15851,29.8974,-148.3069,92.6663
15852,30.1974,-148.3069,92.6663
15853,30.4974,-148.6069,92.6663
15854,30.7974,-148.6069,92.6663
15855,31.0974,-148.6069,92.6663
15856,31.3974,-148.9069,92.6663
15857,31.6974,-148.9069,92.6663
15858,31.9974,-148.9069,92.6663
15859,32.2974,-148.9069,92.6663
15860,32.5974,-148.9069,92.6663
15861,32.8974,-148.9069,92.6663
15862,33.1974,-148.9069,92.6663
15863,33.4974,-148.9069,92.6663
15864,33.7974,-148.9069,92.6663
15865,34.0974,-148.9069,92.6663
15866,34.3974,-148.9069,92.6663
15867,34.6974,-148.9069,92.6663
15868,34.9974,-148.9069,92.6663
15869,35.2974,-148.9069,92.6663
15870,35.5974,-148.9069,92.6663
15871,35.8974,-148.9069,92.6663
15872,36.1974,-148.9069,92.6663
15873,36.4974,-149.2069,92.6663
15874,36.7974,-149.2069,92.6663
15875,37.0974,-149.2069,92.6663
15876,37.3974,-149.2069,92.6663
15877,37.6974,-149.2069,92.6663
15878,37.9974,-149.2069,92.6663
15879,38.2974,-149.2069,92.6663
15880,38.5974,-149.2069,92.6663
15881,38.8974,-149.2069,92.6663
15882,39.1974,-149.2069,92.6663
15883,39.4974,-149.2069,92.6663
15884,39.7974,-149.2069,92.6663
15885,40.0974,-149.2069,92.6663
15886,40.3974,-149.2069,92.6663
15887,40.6974,-149.2069,92.6663
15888,40.9974,-149.2069,92.6663
15889,41.2974,-149.2069,92.6663
15890,41.5974,-149.2069,92.6663
15891,41.8974,-149.5069,92.6663
15892,42.1974,-149.8069,92.6663
15893,42.4974,-150.1069,92.6663
15894,42.7974,-150.4069,92.6663
15895,43.0974,-150.4069,92.6663
15896,43.3974,-150.7069,92.6663
15897,43.6974,-150.7069,92.6663
15898,43.9974,-151.0069,92.6663
15899,44.2974,-151.0069,92.6663
15900,44.5974,-151.0069,92.6663
15901,44.8974,-151.0069,92.6663
15902,45.1974,-151.0069,92.6663
15903,45.4974,-151.0069,92.6663
15904,45.7974,-151.0069,92.6663
15905,46.0974,-151.0069,92.6663
15906,46.3974,-151.0069,92.6663
15907,46.6974,-151.0069,92.6663
15908,46.9974,-151.0069,92.6663
15909,47.2974,-151.0069,92.6663
15910,47.5974,-151.0069,92.6663
15911,47.8974,-151.0069,92.6663
15912,48.1974,-151.0069,92.6663
15913,48.4974,-151.0069,92.6663
15914,48.7974,-151.0069,92.6663
15915,49.0974,-151.0069,92.6663
15916,49.3974,-151.0069,92.6663
15917,49.6974,-151.0069,92.6663
15918,49.9974,-151.0069,92.6663
15919,50.2974,-151.0069,92.6663
15920,50.5974,-151.0069,92.6663
15921,50.8974,-151.0069,92.6663
15922,51.1974,-151.0069,92.6663
15923,51.4974,-151.0069,92.6663
15924,51.7974,-151.0069,92.6663
15925,52.0974,-151.3069,92.6663
15926,52.3974,-151.6069,92.6663
15927,52.6974,-151.9069,92.6663
15928,52.9974,-152.2069,92.6663
15929,53.2974,-152.5069,92.6663
15930,53.5974,-152.8069,92.6663
15931,53.8974,-153.1069,92.6663
15932,54.1974,-153.1069,92.6663
15933,54.4974,-153.1069,92.6663
15934,54.7974,-153.1069,92.6663
15935,55.0974,-153.1069,92.6663
15936,55.3974,-153.1069,92.6663
15937,55.6974,-153.1069,92.6663
15938,55.9974,-153.1069,92.6663
15939,56.2974,-153.1069,92.6663
15940,56.5974,-153.1069,92.6663
15941,56.8974,-153.1069,92.6663
15942,57.1974,-153.1069,92.6663
15943,57.4974,-153.1069,92.6663
15944,57.7974,-153.1069,92.6663
15945,58.0974,-153.1069,92.6663
15946,58.3974,-153.1069,92.6663
15947,58.6974,-153.1069,92.6663
15948,58.9974,-153.1069,92.6663
15949,59.2974,-153.1069,92.6663
15950,59.5974,-153.1069,92.6663
15951,59.8974,-153.1069,92.6663
15952,60.1974,-153.1069,92.6663
15953,60.4974,-153.1069,92.6663
15954,60.7974,-153.1069,92.6663
15955,61.0974,-153.1069,92.6663
15956,61.3974,-152.8069,92.6663
15957,61.6974,-152.8069,92.6663
15958,61.9974,-152.5069,92.6663
15959,62.2974,-152.2069,92.6663
15960,62.5974,-151.9069,92.6663
15961,62.8974,-151.9069,92.6663
15962,63.1974,-151.6069,92.6663
15963,63.4974,-151.6069,92.6663
15964,63.7974,-151.3069,92.3663
15965,64.0974,-151.0069,92.3663
15966,63.7974,-151.3069,92.3663
15967,63.4974,-151.6069,92.3663
15968,63.1974,-151.6069,92.3663
15969,62.8974,-151.9069,92.3663
15970,62.5974,-152.2069,92.3663
15971,62.2974,-152.5069,92.3663
15972,61.9974,-152.8069,92.6663
15973,61.6974,-152.8069,92.6663
15974,61.3974,-152.8069,92.6663
15975,61.0974,-153.1069,92.6663
15976,60.7974,-153.1069,92.6663
15977,60.4974,-153.1069,92.6663
15978,60.1974,-153.1069,92.6663
15979,59.8974,-153.1069,92.6663
15980,59.5974,-153.1069,92.6663
15981,59.2974,-153.1069,92.6663
15982,58.9974,-153.1069,92.6663
15983,58.6974,-153.1069,92.6663
15984,58.3974,-153.1069,92.6663
15985,58.0974,-153.1069,92.6663
15986,57.7974,-153.1069,92.6663
15987,57.4974,-153.1069,92.6663
15988,57.1974,-153.1069,92.6663
15989,56.8974,-153.1069,92.6663
15990,56.5974,-153.1069,92.6663
15991,56.2974,-153.1069,92.6663
15992,55.9974,-153.1069,92.6663
15993,55.6974,-153.1069,92.6663
15994,55.3974,-153.1069,92.6663
15995,55.0974,-153.1069,92.6663
15996,54.7974,-153.1069,92.6663
15997,54.4974,-153.1069,92.6663
15998,54.1974,-153.1069,92.6663
15999,53.8974,-153.1069,92.6663
16000,53.5974,-153.1069,92.6663
16001,53.2974,-153.1069,92.6663
16002,52.9974,-153.1069,92.6663
16003,52.6974,-153.1069,92.6663
16004,52.3974,-153.1069,92.6663
16005,52.0974,-153.1069,92.6663
16006,51.7974,-153.1069,92.6663
16007,51.4974,-153.1069,92.6663
16008,51.1974,-153.1069,92.6663
16009,50.8974,-153.1069,92.6663
16010,50.5974,-153.1069,92.6663
16011,50.2974,-153.1069,92.6663
16012,49.9974,-153.1069,92.6663
16013,49.6974,-153.1069,92.6663
16014,49.3974,-153.1069,92.6663
16015,49.0974,-153.1069,92.6663
16016,48.7974,-153.1069,92.6663
16017,48.4974,-153.1069,92.6663
16018,48.1974,-153.1069,92.6663
16019,47.8974,-153.1069,92.6663
16020,47.5974,-153.1069,92.6663
16021,47.2974,-153.1069,92.6663
16022,46.9974,-153.1069,92.6663
16023,46.6974,-153.1069,92.6663
16024,46.3974,-153.1069,92.6663
16025,46.0974,-153.1069,92.6663
16026,45.7974,-153.1069,92.6663
16027,45.4974,-153.1069,92.6663
16028,45.1974,-153.1069,92.6663
16029,44.8974,-153.1069,92.6663
16030,44.5974,-153.1069,92.6663
16031,44.2974,-153.1069,92.6663
16032,43.9974,-153.1069,92.6663
16033,43.6974,-153.1069,92.6663
16034,43.3974,-153.1069,92.6663
16035,43.0974,-153.1069,92.6663
16036,42.7974,-153.1069,92.6663
16037,42.4974,-153.1069,92.6663
16038,42.1974,-153.1069,92.6663
16039,41.8974,-153.1069,92.6663
16040,41.5974,-153.1069,92.6663
16041,41.2974,-153.1069,92.6663
16042,40.9974,-153.1069,92.6663
16043,40.6974,-153.1069,92.6663
16044,40.3974,-153.1069,92.6663
16045,40.0974,-153.1069,92.6663
16046,39.7974,-153.1069,92.6663
16047,39.4974,-153.1069,92.6663
16048,39.1974,-153.1069,92.6663
16049,38.8974,-153.1069,92.6663
16050,38.5974,-153.1069,92.6663
16051,38.2974,-153.1069,92.6663
16052,37.9974,-153.1069,92.6663
16053,37.6974,-153.1069,92.6663
16054,37.3974,-153.1069,92.6663
16055,37.0974,-153.1069,92.6663
16056,36.7974,-153.1069,92.6663
16057,36.4974,-153.1069,92.6663
16058,36.1974,-153.1069,92.6663
16059,35.8974,-153.1069,92.6663
16060,35.5974,-153.1069,92.6663
16061,35.2974,-153.1069,92.6663
16062,34.9974,-153.1069,92.6663
16063,34.6974,-153.1069,92.6663
16064,34.3974,-153.1069,92.6663
16065,34.0974,-153.1069,92.6663
16066,33.7974,-152.8069,92.6663
16067,33.4974,-152.5069,92.6663
16068,33.1974,-152.2069,92.6663
16069,32.8974,-151.9069,92.6663
16070,32.5974,-151.6069,92.6663
16071,32.2974,-151.3069,92.6663
16072,31.9974,-151.0069,92.6663
16073,31.6974,-150.7069,92.6663
16074,31.3974,-150.4069,92.6663
16075,31.0974,-150.1069,92.6663
16076,30.7974,-149.8069,92.6663
16077,30.4974,-149.5069,92.6663
16078,30.1974,-149.2069,92.6663
16079,29.8974,-148.9069,92.6663
16080,29.5974,-148.6069,92.6663
16081,29.2974,-148.3069,92.6663
16082,28.9974,-148.0069,92.6663
16083,28.6974,-148.0069,92.6663
16084,28.3974,-148.0069,92.6663
16085,28.0974,-148.0069,92.6663
16086,27.7974,-148.0069,92.6663
16087,27.4974,-148.0069,92.6663
16088,27.1974,-148.0069,92.6663
16089,26.8974,-148.0069,92.6663
16090,26.5974,-148.0069,92.6663
16091,26.2974,-148.0069,92.6663
16092,25.9974,-148.0069,92.6663
16093,25.6974,-148.0069,92.6663
16094,25.3974,-148.0069,92.6663
16095,25.0974,-148.0069,92.6663
16096,24.7974,-148.0069,92.6663
16097,24.4974,-148.0069,92.6663
16098,24.1974,-148.0069,92.6663
16099,23.8974,-148.0069,92.6663
16100,23.5974,-148.0069,92.6663
16101,23.2974,-148.0069,92.6663
16102,22.9974,-148.0069,92.6663
16103,22.6974,-148.0069,92.6663
16104,22.3974,-148.0069,92.6663
16105,22.0974,-148.0069,92.6663
16106,21.7974,-148.0069,92.6663
16107,21.4974,-148.0069,92.6663
16108,21.1974,-148.0069,92.6663
16109,20.8974,-148.0069,92.6663
16110,20.5974,-148.0069,92.6663
16111,20.2974,-148.0069,92.6663
16112,19.9974,-148.0069,92.6663
16113,19.6974,-147.7069,92.6663
16114,19.3974,-147.7069,92.6663
16115,19.0974,-147.4069,92.6663
16116,18.7974,-147.4069,92.6663
16117,18.4974,-147.1069,92.6663
16118,18.1974,-147.1069,92.6663
16119,17.8974,-147.1069,92.6663
16120,17.5974,-146.8069,92.3663
16121,17.2974,-146.8069,92.3663
16122,16.9974,-146.5069,92.3663
16123,-46.1955,-132.0307,92.5000
16124,-46.3955,-132.0307,95.5000
16125,-46.0026,-132.4069,95.3663
16126,-46.0026,-132.7069,95.3663
16127,-45.7026,-133.0069,95.3663
16128,-45.4026,-133.3069,95.3663
16129,-45.1026,-133.6069,95.3663
16130,-44.8026,-133.9069,95.3663
16131,-44.5026,-133.9069,95.3663
16132,-44.2026,-134.2069,95.3663
16133,-43.9026,-134.2069,95.3663
16134,-43.6026,-134.2069,95.3663
16135,-43.3026,-134.5069,95.3663
16136,-43.0026,-134.5069,95.3663
16137,-42.7026,-134.5069,95.3663
16138,-42.4026,-134.5069,95.3663
16139,-42.1026,-134.5069,95.3663
16140,-41.8026,-134.5069,95.3663
16141,-41.5026,-134.5069,95.3663
16142,-41.2026,-134.5069,95.3663
16143,-40.9026,-134.5069,95.3663
16144,-40.6026,-134.5069,95.3663
16145,-40.3026,-134.5069,95.3663
16146,-40.0026,-134.5069,95.3663
16147,-39.7026,-134.5069,95.3663
16148,-39.4026,-134.5069,95.3663
16149,-39.1026,-134.5069,95.3663
16150,-38.8026,-134.5069,95.3663
16151,-38.5026,-134.5069,95.3663
16152,-38.2026,-134.5069,95.3663
16153,-37.9026,-134.5069,95.3663
16154,-37.6026,-134.5069,95.3663
16155,-37.3026,-134.5069,95.3663
16156,-37.0026,-134.5069,95.3663
16157,-36.7026,-134.5069,95.3663
16158,-36.4026,-134.5069,95.3663
16159,-36.1026,-134.5069,95.3663
16160,-35.8026,-134.5069,95.3663
16161,-35.5026,-134.5069,95.3663
16162,-35.2026,-134.5069,95.3663
16163,-34.9026,-134.5069,95.3663
16164,-34.6026,-134.5069,95.3663
16165,-34.3026,-134.5069,95.3663
16166,-34.0026,-134.5069,95.3663
16167,-33.7026,-134.5069,95.3663
16168,-33.4026,-134.5069,95.3663
16169,-33.1026,-134.5069,95.3663
16170,-32.8026,-134.5069,95.3663
16171,-32.5026,-134.5069,95.3663
16172,-32.2026,-134.5069,95.3663
16173,-31.9026,-134.5069,95.3663
16174,-31.6026,-134.5069,95.3663
16175,-31.3026,-134.5069,95.3663
16176,-31.0026,-134.5069,95.3663
16177,-30.7026,-134.5069,95.3663
16178,-30.4026,-134.5069,95.3663
16179,-30.1026,-134.5069,95.3663
16180,-29.8026,-134.5069,95.3663
16181,-29.5026,-134.5069,95.3663
16182,-29.2026,-134.5069,95.3663
16183,-28.9026,-134.5069,95.3663
16184,-28.6026,-134.5069,95.3663
16185,-28.3026,-134.5069,95.3663
16186,-28.0026,-134.5069,95.3663
16187,-27.7026,-134.5069,95.3663
16188,-27.4026,-134.5069,95.3663
16189,-27.1026,-134.5069,95.3663
16190,-26.8026,-134.5069,95.3663
16191,-26.5026,-134.5069,95.3663
16192,-26.2026,-134.5069,95.3663
16193,-25.9026,-134.5069,95.3663
16194,-25.6026,-134.5069,95.3663
16195,-25.3026,-134.5069,95.3663
16196,-25.0026,-134.5069,95.3663
16197,-24.7026,-134.5069,95.3663
16198,-24.4026,-134.5069,95.3663
16199,-24.1026,-134.5069,95.3663
16200,-23.8026,-134.5069,95.3663
16201,-23.5026,-134.5069,95.3663
16202,-23.2026,-134.5069,95.3663
16203,-22.9026,-134.5069,95.3663
16204,-22.6026,-134.5069,95.3663
16205,-22.3026,-134.5069,95.3663
16206,-22.0026,-134.5069,95.3663
16207,-21.7026,-134.5069,95.3663
16208,-21.4026,-134.5069,95.3663
16209,-21.1026,-134.5069,95.3663
16210,-20.8026,-134.5069,95.3663
16211,-20.5026,-134.5069,95.3663
16212,-20.2026,-134.5069,95.3663
16213,-19.9026,-134.5069,95.3663
16214,-19.6026,-134.5069,95.3663
16215,-19.3026,-134.5069,95.3663
16216,-19.0026,-134.5069,95.3663
16217,-18.7026,-134.5069,95.3663
16218,-18.4026,-134.5069,95.3663
16219,-18.1026,-134.5069,95.3663
16220,-17.8026,-134.5069,95.3663
16221,-17.5026,-134.5069,95.3663
16222,-17.2026,-134.5069,95.3663
16223,-16.9026,-134.5069,95.3663
16224,-16.6026,-134.5069,95.3663
16225,-16.3026,-134.5069,95.3663
16226,-16.0026,-134.8069,95.3663
16227,-15.7026,-135.1069,95.3663
16228,-15.4026,-135.4069,95.3663
16229,-15.1026,-135.7069,95.3663
16230,-14.8026,-136.0069,95.3663
16231,-14.5026,-136.3069,95.3663
16232,-14.2026,-136.6069,95.3663
16233,-13.9026,-136.9069,95.3663
16234,-13.6026,-137.2069,95.3663
16235,-13.3026,-137.5069,95.3663
16236,-13.0026,-137.8069,95.3663
16237,-12.7026,-138.1069,95.3663
16238,-12.4026,-138.4069,95.3663
16239,-12.1026,-138.7069,95.3663
16240,-11.8026,-139.0069,95.3663
16241,-11.5026,-139.3069,95.3663
16242,-11.2026,-139.6069,95.3663
16243,-10.9026,-139.6069,95.3663
16244,-10.6026,-139.6069,95.3663
16245,-10.3026,-139.6069,95.3663
16246,-10.0026,-139.6069,95.3663
16247,-9.7026,-139.6069,95.3663
16248,-9.4026,-139.6069,95.3663
16249,-9.1026,-139.6069,95.3663
16250,-8.8026,-139.6069,95.3663
16251,-8.5026,-139.6069,95.3663
16252,-8.2026,-139.6069,95.3663
16253,-7.9026,-139.6069,95.3663
16254,-7.6026,-139.6069,95.3663
16255,-7.3026,-139.6069,95.3663
16256,-7.0026,-139.6069,95.3663
16257,-6.7026,-139.6069,95.3663
16258,-6.4026,-139.6069,95.3663
16259,-6.1026,-139.6069,95.3663
16260,-5.8026,-139.6069,95.3663
16261,-5.5026,-139.6069,95.3663
16262,-5.2026,-139.6069,95.3663
16263,-4.9026,-139.6069,95.3663
16264,-4.6026,-139.6069,95.3663
16265,-4.3026,-139.6069,95.3663
16266,-4.0026,-139.6069,95.3663
16267,-3.7026,-139.6069,95.3663
16268,-3.4026,-139.6069,95.3663
16269,-3.1026,-139.6069,95.3663
16270,-2.8026,-139.6069,95.3663
16271,-2.5026,-139.6069,95.3663
16272,-2.2026,-139.6069,95.3663
16273,-1.9026,-139.6069,95.3663
16274,-1.6026,-139.6069,95.3663
16275,-1.3026,-139.6069,95.3663
16276,-1.0026,-139.6069,95.3663
16277,-0.7026,-139.6069,95.3663
16278,-0.4026,-139.6069,95.3663
16279,-0.1026,-139.6069,95.3663
16280,0.1974,-139.6069,95.3663
16281,0.4974,-139.6069,95.3663
16282,0.7974,-139.6069,95.3663
16283,1.0974,-139.6069,95.3663
16284,1.3974,-139.6069,95.3663
16285,1.6974,-139.6069,95.3663
16286,1.9974,-139.6069,95.3663
16287,2.2974,-139.6069,95.3663
16288,2.5974,-139.6069,95.3663
16289,2.8974,-139.6069,95.3663
16290,3.1974,-139.6069,95.3663
16291,3.4974,-139.6069,95.3663
16292,3.7974,-139.6069,95.3663
16293,4.0974,-139.6069,95.3663
16294,4.3974,-139.6069,95.3663
16295,4.6974,-139.6069,95.3663
16296,4.9974,-139.6069,95.3663
16297,5.2974,-139.6069,95.3663
16298,5.5974,-139.6069,95.3663
16299,5.8974,-139.6069,95.3663
16300,6.1974,-139.6069,95.3663
16301,6.4974,-139.6069,95.3663
16302,6.7974,-139.6069,95.3663
16303,7.0974,-139.6069,95.3663
16304,7.3974,-139.6069,95.3663
16305,7.6974,-139.6069,95.3663
16306,7.9974,-139.6069,95.3663
16307,8.2974,-139.6069,95.3663
16308,8.5974,-139.6069,95.3663
16309,8.8974,-139.6069,95.3663
16310,9.1974,-139.6069,95.3663
16311,9.4974,-139.6069,95.3663
16312,9.7974,-139.6069,95.3663
16313,10.0974,-139.6069,95.3663
16314,10.3974,-139.6069,95.3663
16315,10.6974,-139.6069,95.3663
16316,10.9974,-139.6069,95.3663
16317,11.2974,-139.6069,95.3663
16318,11.5974,-139.6069,95.3663
16319,11.8974,-139.9069,95.3663
16320,12.1974,-139.9069,95.3663
16321,12.4974,-140.2069,95.3663
16322,12.7974,-140.2069,95.3663
16323,-46.3955,-128.7693,95.5000
16324,58.2716,-145.0716,95.5000
16325,-40.7693,-126.4045,95.5000
16326,-40.6026,-126.4069,95.3663
16327,-40.3026,-126.4069,95.3663
16328,-40.0026,-126.4069,95.3663
16329,-39.7026,-126.4069,95.3663
16330,-39.4026,-126.4069,95.3663
16331,-39.1026,-126.4069,95.3663
16332,-38.8026,-126.4069,95.3663
16333,-38.5026,-126.4069,95.3663
16334,-38.2026,-126.4069,95.3663
16335,-37.9026,-126.4069,95.3663
16336,-37.6026,-126.4069,95.3663
16337,-37.3026,-126.4069,95.3663
16338,-37.0026,-126.4069,95.3663
16339,-36.7026,-126.4069,95.3663
16340,-36.4026,-126.4069,95.3663
16341,-36.1026,-126.4069,95.3663
16342,-35.8026,-126.4069,95.3663
16343,-35.5026,-126.4069,95.3663
16344,-35.2026,-126.4069,95.3663
16345,-34.9026,-126.4069,95.3663
16346,-34.6026,-126.4069,95.3663
16347,-34.3026,-126.4069,95.3663
16348,-34.0026,-126.4069,95.3663
16349,-33.7026,-126.4069,95.3663
16350,-33.4026,-126.4069,95.3663
16351,-33.1026,-126.4069,95.3663
16352,-32.8026,-126.4069,95.3663
16353,-32.5026,-126.4069,95.3663
16354,-32.2026,-126.4069,95.3663
16355,-31.9026,-126.4069,95.3663
16356,-31.6026,-126.4069,95.3663
16357,-31.3026,-126.4069,95.3663
16358,-31.0026,-126.4069,95.3663
16359,-30.7026,-126.4069,95.3663
16360,-30.4026,-126.4069,95.3663
16361,-30.1026,-126.4069,95.3663
16362,-29.8026,-126.4069,95.3663
16363,-29.5026,-126.4069,95.3663
16364,-29.2026,-126.4069,95.3663
16365,-28.9026,-126.4069,95.3663
16366,-28.6026,-126.4069,95.3663
16367,-28.3026,-126.4069,95.3663
16368,-28.0026,-126.4069,95.3663
16369,-27.7026,-126.4069,95.3663
16370,-27.4026,-126.4069,95.3663
16371,-27.1026,-126.4069,95.3663
16372,-26.8026,-126.4069,95.3663
16373,-26.5026,-126.4069,95.3663
16374,-26.2026,-126.4069,95.3663
16375,-25.9026,-126.4069,95.3663
16376,-25.6026,-126.4069,95.3663
16377,-25.3026,-126.4069,95.3663
16378,-25.0026,-126.4069,95.3663
16379,-24.7026,-126.4069,95.3663
16380,-24.4026,-126.4069,95.3663
16381,-24.1026,-126.4069,95.3663
16382,-23.8026,-126.4069,95.3663
16383,-23.5026,-126.4069,95.3663
16384,-23.2026,-126.4069,95.3663
16385,-22.9026,-126.4069,95.3663
16386,-22.6026,-126.4069,95.3663
16387,-22.3026,-126.4069,95.3663
16388,-22.0026,-126.4069,95.3663
16389,-21.7026,-126.4069,95.3663
16390,-21.4026,-126.4069,95.3663
16391,-21.1026,-126.4069,95.3663
16392,-20.8026,-126.4069,95.3663
16393,-20.5026,-126.4069,95.3663
16394,-20.2026,-126.4069,95.3663
16395,-19.9026,-126.4069,95.3663
16396,-19.6026,-126.4069,95.3663
16397,-19.3026,-126.4069,95.3663
16398,-19.0026,-126.4069,95.3663
16399,-18.7026,-126.4069,95.3663
16400,-18.4026,-126.4069,95.3663
16401,-18.1026,-126.4069,95.3663
16402,-17.8026,-126.4069,95.3663
16403,-17.5026,-126.4069,95.3663
16404,-17.2026,-126.4069,95.3663
16405,-16.9026,-126.4069,95.3663
16406,-16.6026,-126.4069,95.3663
16407,-16.3026,-126.4069,95.3663
16408,-16.0026,-126.4069,95.3663
16409,-15.7026,-126.4069,95.3663
16410,-15.4026,-126.7069,95.3663
16411,-15.1026,-127.0069,95.3663
16412,-14.8026,-127.3069,95.3663
16413,-14.5026,-127.6069,95.3663
16414,-14.2026,-127.9069,95.3663
16415,-13.9026,-128.2069,95.3663
16416,-13.6026,-128.5069,95.3663
16417,-13.3026,-128.8069,95.3663
16418,-13.0026,-129.1069,95.3663
16419,-12.7026,-129.4069,95.3663
16420,-12.4026,-129.7069,95.3663
16421,-12.1026,-130.0069,95.3663
16422,-11.8026,-130.3069,95.3663
16423,-11.5026,-130.6069,95.3663
16424,-11.2026,-130.9069,95.3663
16425,-10.9026,-131.2069,95.3663
16426,-10.6026,-131.5069,95.3663
16427,-10.3026,-131.8069,95.3663
16428,-10.0026,-132.1069,95.3663
16429,-9.7026,-132.4069,95.3663
16430,-9.4026,-132.7069,95.3663
16431,-9.1026,-133.0069,95.3663
16432,-8.8026,-133.3069,95.3663
16433,-8.5026,-133.6069,95.3663
16434,-8.2026,-133.9069,95.3663
16435,-7.9026,-134.2069,95.3663
16436,-7.6026,-134.5069,95.3663
16437,-7.3026,-134.8069,95.3663
16438,-7.0026,-135.1069,95.3663
16439,-6.7026,-135.4069,95.3663
16440,-6.4026,-135.7069,95.3663
16441,-6.1026,-135.7069,95.3663
16442,-5.8026,-135.7069,95.3663
16443,-5.5026,-135.7069,95.3663
16444,-5.2026,-135.7069,95.3663
16445,-4.9026,-135.7069,95.3663
16446,-4.6026,-135.7069,95.3663
16447,-4.3026,-135.7069,95.3663
16448,-4.0026,-135.7069,95.3663
16449,-3.7026,-135.7069,95.3663
16450,-3.4026,-135.7069,95.3663
16451,-3.1026,-135.7069,95.3663
16452,-2.8026,-135.7069,95.3663
16453,-2.5026,-135.7069,95.3663
16454,-2.2026,-135.7069,95.3663
16455,-1.9026,-135.7069,95.3663
16456,-1.6026,-135.7069,95.3663
16457,-1.3026,-135.7069,95.3663
16458,-1.0026,-135.7069,95.3663
16459,-0.7026,-135.7069,95.3663
16460,-0.4026,-135.7069,95.3663
16461,-0.1026,-135.7069,95.3663
16462,0.1974,-135.7069,95.3663
16463,0.4974,-135.7069,95.3663
16464,0.7974,-135.7069,95.3663
16465,1.0974,-135.7069,95.3663
16466,1.3974,-135.7069,95.3663
16467,1.6974,-135.7069,95.3663
16468,1.9974,-135.7069,95.3663
16469,2.2974,-135.7069,95.3663
16470,2.5974,-135.7069,95.3663
16471,2.8974,-135.7069,95.3663
16472,3.1974,-135.7069,95.3663
16473,3.4974,-135.7069,95.3663
16474,3.7974,-135.7069,95.3663
16475,4.0974,-135.7069,95.3663
16476,4.3974,-135.7069,95.3663
16477,4.6974,-135.7069,95.3663
16478,4.9974,-135.7069,95.3663
16479,5.2974,-135.7069,95.3663
16480,5.5974,-135.7069,95.3663
16481,5.8974,-135.7069,95.3663
16482,6.1974,-135.7069,95.3663
16483,6.4974,-135.7069,95.3663
16484,6.7974,-135.7069,95.3663
16485,7.0974,-135.7069,95.3663
16486,7.3974,-135.7069,95.3663
16487,7.6974,-135.7069,95.3663
16488,7.9974,-135.7069,95.3663
16489,8.2974,-135.7069,95.3663
16490,8.5974,-135.7069,95.3663
16491,8.8974,-135.7069,95.3663
16492,9.1974,-135.7069,95.3663
16493,9.4974,-135.7069,95.3663
16494,9.7974,-135.7069,95.3663
16495,10.0974,-135.7069,95.3663
16496,10.3974,-135.7069,95.3663
16497,10.6974,-135.7069,95.3663
16498,10.9974,-135.7069,95.3663
16499,11.2974,-135.7069,95.3663
16500,11.5974,-135.7069,95.3663
16501,11.8974,-135.7069,95.3663
16502,12.1974,-135.7069,95.3663
16503,12.4974,-135.7069,95.3663
16504,12.7974,-135.7069,95.3663
16505,13.0974,-135.7069,95.3663
16506,13.3974,-135.7069,95.3663
16507,13.6974,-135.7069,95.3663
16508,13.9974,-135.7069,95.3663
16509,14.2974,-135.7069,95.3663
16510,14.5974,-135.7069,95.3663
16511,14.8974,-135.7069,95.3663
16512,15.1974,-135.7069,95.3663
16513,15.4974,-135.7069,95.3663
16514,15.7974,-135.7069,95.3663
16515,16.0974,-135.7069,95.3663
16516,16.3974,-135.7069,95.3663
16517,16.6974,-135.7069,95.3663
16518,16.9974,-135.7069,95.3663
16519,17.2974,-136.0069,95.3663
16520,17.5974,-136.0069,95.3663
16521,17.8974,-136.0069,95.3663
16522,18.1974,-136.0069,95.3663
16523,18.4974,-136.3069,95.3663
16524,18.7974,-136.3069,95.3663
16525,19.0974,-136.6069,95.3663
16526,19.3974,-136.6069,95.3663
16527,19.6974,-136.9069,95.3663
16528,19.9974,-137.2069,95.3663
16529,20.2974,-137.2069,95.3663
16530,20.5974,-137.2069,95.3663
16531,20.8974,-137.2069,95.3663
16532,21.1974,-137.2069,95.3663
16533,21.4974,-137.2069,95.3663
16534,21.7974,-137.2069,95.3663
16535,22.0974,-137.2069,95.3663
16536,22.3974,-137.2069,95.3663
16537,22.6974,-137.2069,95.3663
16538,22.9974,-137.2069,95.3663
16539,23.2974,-137.2069,95.3663
16540,23.5974,-137.2069,95.3663
16541,23.8974,-137.2069,95.3663
16542,24.1974,-137.2069,95.3663
16543,24.4974,-137.2069,95.3663
16544,24.7974,-137.2069,95.3663
16545,25.0974,-137.2069,95.3663
16546,25.3974,-137.2069,95.3663
16547,25.6974,-137.2069,95.3663
16548,25.9974,-137.2069,95.3663
16549,26.2974,-137.2069,95.3663
16550,26.5974,-137.2069,95.3663
16551,26.8974,-137.2069,95.3663
16552,27.1974,-137.2069,95.3663
16553,27.4974,-137.2069,95.3663
16554,27.7974,-137.2069,95.3663
16555,28.0974,-137.2069,95.3663
16556,28.3974,-137.2069,95.3663
16557,28.6974,-137.2069,95.3663
16558,28.9974,-137.2069,95.3663
16559,29.2974,-137.2069,95.3663
16560,29.5974,-137.2069,95.3663
16561,29.8974,-137.2069,95.3663
16562,30.1974,-137.2069,95.3663
16563,30.4974,-137.2069,95.3663
16564,30.7974,-137.2069,95.3663
16565,31.0974,-137.2069,95.3663
16566,31.3974,-137.2069,95.3663
16567,31.6974,-137.2069,95.3663
16568,31.9974,-137.2069,95.3663
16569,32.2974,-137.2069,95.3663
16570,32.5974,-137.2069,95.3663
16571,32.8974,-137.2069,95.3663
16572,33.1974,-137.2069,95.3663
16573,33.4974,-137.2069,95.3663
16574,33.7974,-137.2069,95.3663
16575,34.0974,-137.2069,95.3663
16576,34.3974,-137.2069,95.3663
16577,34.6974,-137.2069,95.3663
16578,34.9974,-137.2069,95.3663
16579,35.2974,-137.2069,95.3663
16580,35.5974,-137.2069,95.3663
16581,35.8974,-137.2069,95.3663
16582,36.1974,-137.2069,95.3663
16583,36.4974,-137.2069,95.3663
16584,36.7974,-137.2069,95.3663
16585,37.0974,-137.2069,95.3663
16586,37.3974,-137.2069,95.3663
16587,37.6974,-137.2069,95.3663
16588,37.9974,-137.2069,95.3663
16589,38.2974,-137.2069,95.3663
16590,38.5974,-137.2069,95.3663
16591,38.8974,-137.2069,95.3663
16592,39.1974,-137.2069,95.3663
16593,39.4974,-137.2069,95.3663
16594,39.7974,-137.2069,95.3663
16595,40.0974,-137.2069,95.3663
16596,40.3974,-137.2069,95.3663
16597,40.6974,-137.2069,95.3663
16598,40.9974,-137.2069,95.3663
16599,41.2974,-137.2069,95.3663
16600,41.5974,-137.2069,95.3663
16601,41.8974,-137.5069,95.3663
16602,42.1974,-137.5069,95.3663
16603,42.4974,-137.5069,95.3663
16604,42.7974,-137.8069,95.3663
16605,43.0974,-137.8069,95.3663
16606,43.3974,-138.1069,95.3663
16607,43.6974,-138.1069,95.3663
16608,43.9974,-138.4069,95.3663
16609,44.2974,-138.4069,95.3663
16610,44.5974,-138.7069,95.3663
16611,44.8974,-138.7069,95.3663
16612,45.1974,-139.0069,95.3663
16613,45.4974,-139.0069,95.3663
16614,45.7974,-139.0069,95.3663
16615,46.0974,-139.3069,95.3663
16616,46.3974,-139.3069,95.3663
16617,46.6974,-139.6069,95.3663
16618,46.9974,-139.6069,95.3663
16619,47.2974,-139.9069,95.3663
16620,47.5974,-139.9069,95.3663
16621,47.8974,-140.2069,95.3663
16622,48.1974,-140.2069,95.3663
16623,48.4974,-140.5069,95.3663
16624,48.7974,-140.5069,95.3663
16625,49.0974,-140.5069,95.3663
16626,49.3974,-140.8069,95.3663
16627,49.6974,-140.8069,95.3663
16628,49.9974,-141.1069,95.3663
16629,50.2974,-141.1069,95.3663
16630,50.5974,-141.4069,95.3663
16631,50.8974,-141.4069,95.3663
16632,51.1974,-141.7069,95.3663
16633,51.4974,-141.7069,95.3663
16634,51.7974,-142.0069,95.3663
16635,52.0974,-142.0069,95.3663
16636,52.3974,-142.0069,95.3663
16637,52.6974,-142.3069,95.3663
16638,52.9974,-142.3069,95.3663
16639,53.2974,-142.6069,95.3663
16640,53.5974,-142.6069,95.3663
16641,53.8974,-142.9069,95.3663
16642,54.1974,-142.9069,95.3663
16643,54.4974,-143.2069,95.3663
16644,54.7974,-143.2069,95.3663
16645,55.0974,-143.5069,95.3663
16646,55.3974,-143.5069,95.3663
16647,55.6974,-143.5069,95.3663
16648,55.9974,-143.8069,95.3663
16649,56.2974,-143.8069,95.3663
16650,56.5974,-143.8069,95.3663
16651,56.8974,-143.8069,95.3663
16652,57.1974,-143.8069,95.3663
16653,57.4974,-143.8069,95.3663
16654,57.7974,-143.8069,95.3663
16655,58.0974,-143.8069,95.3663
16656,58.3974,-143.8069,95.3663
16657,58.6974,-143.8069,95.3663
16658,58.9974,-143.8069,95.3663
16659,59.2974,-143.8069,95.3663
16660,59.5974,-143.8069,95.3663
16661,59.8974,-143.8069,95.3663
16662,60.1974,-143.8069,95.3663
16663,60.4974,-143.8069,95.3663
16664,60.7974,-143.8069,95.3663
16665,61.0974,-143.8069,95.3663
16666,61.3974,-143.8069,95.3663
16667,61.6974,-143.8069,95.3663
16668,61.9974,-143.8069,95.3663
16669,62.2974,-143.8069,95.3663
16670,62.5974,-144.1069,95.3663
16671,62.8974,-144.1069,95.3663
16672,63.1974,-144.4069,95.3663
16673,63.4974,-144.4069,95.3663
16674,63.7974,-144.7069,95.3663
16675,64.0974,-145.0069,95.3663
16676,64.3974,-145.3069,95.3663
16677,64.6974,-145.6069,95.3663
16678,64.6974,-145.9069,95.3663
16679,64.9974,-146.2069,95.3663
16680,64.9974,-146.5069,95.3663
16681,65.2974,-146.8069,95.3663
16682,65.2974,-147.1069,95.3663
16683,65.2974,-147.4069,95.3663
16684,65.2974,-147.7069,95.3663
16685,65.2974,-148.0069,95.3663
16686,65.2974,-147.7069,95.3663
16687,65.2974,-147.4069,95.3663
16688,65.2974,-147.1069,95.3663
16689,65.2974,-146.8069,95.3663
16690,64.9974,-146.5069,95.3663
16691,64.9974,-146.2069,95.3663
16692,64.6974,-145.9069,95.3663
16693,64.6974,-145.6069,95.3663
16694,64.3974,-145.3069,95.3663
16695,64.0974,-145.0069,95.3663
16696,63.7974,-144.7069,95.3663
16697,63.4974,-144.4069,95.3663
16698,63.1974,-144.4069,95.3663
16699,62.8974,-144.1069,95.3663
16700,62.5974,-144.1069,95.3663
16701,62.2974,-143.8069,95.3663
16702,61.9974,-143.8069,95.3663
16703,61.6974,-143.8069,95.3663
16704,61.3974,-143.8069,95.3663
16705,61.0974,-143.8069,95.3663
16706,60.7974,-143.8069,95.3663
16707,60.4974,-143.8069,95.3663
16708,60.1974,-143.8069,95.3663
16709,59.8974,-143.8069,95.3663
16710,59.5974,-143.8069,95.3663
16711,59.2974,-143.8069,95.3663
16712,58.9974,-143.8069,95.3663
16713,58.6974,-143.8069,95.3663
16714,58.3974,-143.8069,95.3663
16715,58.0974,-143.8069,95.3663
16716,57.7974,-143.8069,95.3663
16717,57.4974,-143.8069,95.3663
16718,57.1974,-143.8069,95.3663
16719,56.8974,-143.8069,95.3663
16720,56.5974,-143.8069,95.3663
16721,56.2974,-143.8069,95.3663
16722,55.9974,-143.8069,95.3663
16723,55.6974,-143.8069,95.3663
16724,55.3974,-143.8069,95.3663
16725,55.0974,-143.8069,95.3663
16726,54.7974,-143.8069,95.3663
16727,54.4974,-143.8069,95.3663
16728,54.1974,-143.8069,95.3663
16729,53.8974,-143.8069,95.3663
16730,53.5974,-143.8069,95.3663
16731,53.2974,-143.8069,95.3663
16732,52.9974,-143.8069,95.3663
16733,52.6974,-143.8069,95.3663
16734,52.3974,-143.8069,95.3663
16735,52.0974,-143.8069,95.3663
16736,51.7974,-143.8069,95.3663
16737,51.4974,-143.8069,95.3663
16738,51.1974,-143.8069,95.3663
16739,50.8974,-143.8069,95.3663
16740,50.5974,-143.8069,95.3663
16741,50.2974,-143.8069,95.3663
16742,49.9974,-143.8069,95.3663
16743,49.6974,-143.8069,95.3663
16744,49.3974,-143.8069,95.3663
16745,49.0974,-143.8069,95.3663
16746,48.7974,-143.8069,95.3663
16747,48.4974,-143.8069,95.3663
16748,48.1974,-143.8069,95.3663
16749,47.8974,-143.8069,95.3663
16750,47.5974,-143.8069,95.3663
16751,47.2974,-143.8069,95.3663
16752,46.9974,-143.8069,95.3663
16753,46.6974,-143.8069,95.3663
16754,46.3974,-143.8069,95.3663
16755,46.0974,-143.8069,95.3663
16756,45.7974,-143.8069,95.3663
16757,45.4974,-143.8069,95.3663
16758,45.1974,-143.8069,95.3663
16759,44.8974,-143.8069,95.3663
16760,44.5974,-143.8069,95.3663
16761,44.2974,-143.8069,95.3663
16762,43.9974,-143.8069,95.3663
16763,43.6974,-143.8069,95.3663
16764,43.3974,-143.8069,95.3663
16765,43.0974,-143.8069,95.3663
16766,42.7974,-143.8069,95.3663
16767,42.4974,-143.8069,95.3663
16768,42.1974,-143.8069,95.3663
16769,41.8974,-143.8069,95.3663
16770,41.5974,-143.8069,95.3663
16771,41.2974,-143.8069,95.3663
16772,40.9974,-143.8069,95.3663
16773,40.6974,-143.8069,95.3663
16774,40.3974,-143.8069,95.3663
16775,40.0974,-143.8069,95.3663
16776,39.7974,-143.8069,95.3663
16777,39.4974,-143.8069,95.3663
16778,39.1974,-143.8069,95.3663
16779,38.8974,-143.8069,95.3663
16780,38.5974,-143.8069,95.3663
16781,38.2974,-143.8069,95.3663
16782,37.9974,-143.8069,95.3663
16783,37.6974,-143.8069,95.3663
16784,37.3974,-143.8069,95.3663
16785,37.0974,-143.8069,95.3663
16786,36.7974,-143.8069,95.3663
16787,36.4974,-143.8069,95.3663
16788,36.1974,-143.8069,95.3663
16789,35.8974,-143.8069,95.3663
16790,35.5974,-143.8069,95.3663
16791,35.2974,-143.8069,95.3663
16792,34.9974,-143.8069,95.3663
16793,34.6974,-143.8069,95.3663
16794,34.3974,-143.8069,95.3663
16795,34.0974,-143.8069,95.3663
16796,33.7974,-143.8069,95.3663
16797,33.4974,-143.8069,95.3663
16798,33.1974,-143.8069,95.3663
16799,32.8974,-143.8069,95.3663
16800,32.5974,-143.8069,95.3663
16801,32.2974,-143.8069,95.3663
16802,31.9974,-143.8069,95.3663
16803,31.6974,-143.8069,95.3663
16804,31.3974,-143.8069,95.3663
16805,31.0974,-143.8069,95.3663
16806,30.7974,-143.8069,95.3663
16807,30.4974,-143.8069,95.3663
16808,30.1974,-143.8069,95.3663
16809,29.8974,-143.5069,95.3663
16810,29.5974,-143.5069,95.3663
16811,29.2974,-143.5069,95.3663
16812,28.9974,-143.5069,95.3663
16813,28.6974,-143.5069,95.3663
16814,28.3974,-143.5069,95.3663
16815,28.0974,-143.5069,95.3663
16816,27.7974,-143.5069,95.3663
16817,27.4974,-143.5069,95.3663
16818,27.1974,-143.5069,95.3663
16819,26.8974,-143.5069,95.3663
16820,26.5974,-143.5069,95.3663
16821,26.2974,-143.5069,95.3663
16822,25.9974,-143.5069,95.3663
16823,25.6974,-143.5069,95.3663
16824,25.3974,-143.5069,95.3663
16825,25.0974,-143.5069,95.3663
16826,24.7974,-143.5069,95.3663
16827,24.4974,-143.5069,95.3663
16828,24.1974,-143.5069,95.3663
16829,23.8974,-143.5069,95.3663
16830,23.5974,-143.5069,95.3663
16831,23.2974,-143.5069,95.3663
16832,22.9974,-143.5069,95.3663
16833,22.6974,-143.5069,95.3663
16834,22.3974,-143.5069,95.3663
16835,22.0974,-143.5069,95.3663
16836,21.7974,-143.5069,95.3663
16837,21.4974,-143.5069,95.3663
16838,21.1974,-143.5069,95.3663
16839,20.8974,-143.5069,95.3663
16840,20.5974,-143.5069,95.3663
16841,20.2974,-143.5069,95.3663
16842,19.9974,-143.2069,95.3663
16843,19.6974,-143.5069,95.3663
16844,19.3974,-143.8069,95.3663
16845,19.0974,-143.8069,95.3663
16846,18.7974,-144.1069,95.3663
16847,18.4974,-144.1069,95.3663
16848,18.1974,-144.4069,95.3663
16849,17.8974,-144.4069,95.3663
16850,17.5974,-144.4069,95.3663
16851,17.2974,-144.4069,95.3663
16852,16.9974,-144.4069,95.3663
16853,16.6974,-144.4069,95.3663
16854,16.3974,-144.4069,95.3663
16855,16.0974,-144.4069,95.3663
16856,15.7974,-144.4069,95.3663
16857,15.4974,-144.4069,95.3663
16858,15.1974,-144.4069,95.3663
16859,14.8974,-144.4069,95.3663
16860,14.5974,-144.4069,95.3663
16861,14.2974,-144.4069,95.3663
16862,13.9974,-144.4069,95.3663
16863,13.6974,-144.4069,95.3663
16864,13.3974,-144.4069,95.3663
16865,13.0974,-144.4069,95.3663
16866,12.7974,-144.4069,95.3663
16867,12.4974,-144.4069,95.3663
16868,12.1974,-144.4069,95.3663
16869,11.8974,-144.4069,95.3663
16870,11.5974,-144.4069,95.3663
16871,11.2974,-144.4069,95.3663
16872,10.9974,-144.4069,95.3663
16873,10.6974,-144.4069,95.3663
16874,10.3974,-144.4069,95.3663
16875,10.0974,-144.4069,95.3663
16876,9.7974,-144.4069,95.3663
16877,9.4974,-144.4069,95.3663
16878,9.1974,-144.4069,95.3663
16879,8.8974,-144.4069,95.3663
16880,8.5974,-144.4069,95.3663
16881,8.2974,-144.4069,95.3663
16882,7.9974,-144.4069,95.3663
16883,7.6974,-144.4069,95.3663
16884,7.3974,-144.4069,95.3663
16885,7.0974,-144.4069,95.3663
16886,6.7974,-144.4069,95.3663
16887,6.4974,-144.4069,95.3663
16888,6.1974,-144.4069,95.3663
16889,5.8974,-144.4069,95.3663
16890,5.5974,-144.4069,95.3663
16891,5.2974,-144.4069,95.3663
16892,4.9974,-144.4069,95.3663
16893,4.6974,-144.4069,95.3663
16894,4.3974,-144.4069,95.3663
16895,4.0974,-144.4069,95.3663
16896,3.7974,-144.4069,95.3663
16897,3.4974,-144.4069,95.3663
16898,3.1974,-144.4069,95.3663
16899,2.8974,-144.4069,95.3663
16900,2.5974,-144.4069,95.3663
16901,2.2974,-144.4069,95.3663
16902,1.9974,-144.4069,95.3663
16903,1.6974,-144.4069,95.3663
16904,1.3974,-144.4069,95.3663
16905,1.0974,-144.4069,95.3663
16906,0.7974,-144.4069,95.3663
16907,0.4974,-144.4069,95.3663
16908,0.1974,-144.4069,95.3663
16909,-0.1026,-144.4069,95.3663
16910,-0.4026,-144.4069,95.3663
16911,-0.7026,-144.4069,95.3663
16912,-1.0026,-144.4069,95.3663
16913,-1.3026,-144.4069,95.3663
16914,-1.6026,-144.4069,95.3663
16915,-1.9026,-144.4069,95.3663
16916,-2.2026,-144.4069,95.3663
16917,-2.5026,-144.4069,95.3663
16918,-2.8026,-144.1069,95.3663
16919,-3.1026,-143.8069,95.3663
16920,-3.4026,-143.5069,95.3663
16921,-3.7026,-143.2069,95.3663
16922,-4.0026,-142.9069,95.3663
16923,-4.3026,-142.6069,95.3663
16924,-4.6026,-142.3069,95.3663
16925,-4.9026,-142.0069,95.3663
16926,-5.2026,-141.7069,95.3663
16927,-5.5026,-141.4069,95.3663
16928,-5.8026,-141.1069,95.3663
16929,-6.1026,-140.8069,95.3663
16930,-6.4026,-140.5069,95.3663
16931,-6.7026,-140.2069,95.3663
16932,-7.0026,-139.9069,95.3663
16933,-7.3026,-139.6069,95.3663
16934,-7.6026,-139.3069,95.3663
16935,-7.9026,-139.0069,95.3663
16936,-8.2026,-138.7069,95.3663
16937,-8.5026,-138.4069,95.3663
16938,-8.8026,-138.1069,95.3663
16939,-9.1026,-137.8069,95.3663
16940,-9.4026,-137.5069,95.3663
16941,-9.7026,-137.2069,95.3663
16942,-10.0026,-136.9069,95.3663
16943,-10.3026,-136.6069,95.3663
16944,-10.6026,-136.3069,95.3663
16945,-10.9026,-136.0069,95.3663
16946,-11.2026,-135.7069,95.3663
16947,-11.5026,-135.4069,95.3663
16948,-11.8026,-135.1069,95.3663
16949,-12.1026,-134.8069,95.3663
16950,-12.4026,-134.5069,95.3663
16951,-12.7026,-134.2069,95.3663
16952,-13.0026,-133.9069,95.3663
16953,-13.3026,-133.6069,95.3663
16954,-13.6026,-133.6069,95.3663
16955,-13.9026,-133.6069,95.3663
16956,-14.2026,-133.6069,95.3663
16957,-14.5026,-133.6069,95.3663
16958,-14.8026,-133.6069,95.3663
16959,-15.1026,-133.6069,95.3663
16960,-15.4026,-133.6069,95.3663
16961,-15.7026,-133.6069,95.3663
16962,-16.0026,-133.6069,95.3663
16963,-16.3026,-133.6069,95.3663
16964,-16.6026,-133.6069,95.3663
16965,-16.9026,-133.6069,95.3663
16966,-17.2026,-133.6069,95.3663
16967,-17.5026,-133.6069,95.3663
16968,-17.8026,-133.6069,95.3663
16969,-18.1026,-133.6069,95.3663
16970,-18.4026,-133.6069,95.3663
16971,-18.7026,-133.6069,95.3663
16972,-19.0026,-133.6069,95.3663
16973,-19.3026,-133.6069,95.3663
16974,-19.6026,-133.6069,95.3663
16975,-19.9026,-133.6069,95.3663
16976,-20.2026,-133.6069,95.3663
16977,-20.5026,-133.6069,95.3663
16978,-20.8026,-133.6069,95.3663
16979,-21.1026,-133.6069,95.3663
16980,-21.4026,-133.6069,95.3663
16981,-21.7026,-133.6069,95.3663
16982,-22.0026,-133.6069,95.3663
16983,-22.3026,-133.6069,95.3663
16984,-22.6026,-133.6069,95.3663
16985,-22.9026,-133.6069,95.3663
16986,-23.2026,-133.6069,95.3663
16987,-23.5026,-133.6069,95.3663
16988,-23.8026,-133.6069,95.3663
16989,-24.1026,-133.6069,95.3663
16990,-24.4026,-133.6069,95.3663
16991,-24.7026,-133.6069,95.3663
16992,-25.0026,-133.6069,95.3663
16993,-25.3026,-133.6069,95.3663
16994,-25.6026,-133.6069,95.3663
16995,-25.9026,-133.6069,95.3663
16996,-26.2026,-133.6069,95.3663
16997,-26.5026,-133.6069,95.3663
16998,-26.8026,-133.6069,95.3663
16999,-27.1026,-133.6069,95.3663
17000,-27.4026,-133.6069,95.3663
17001,-27.7026,-133.6069,95.3663
17002,-28.0026,-133.6069,95.3663
17003,-28.3026,-133.6069,95.3663
17004,-28.6026,-133.6069,95.3663
17005,-28.9026,-133.6069,95.3663
17006,-29.2026,-133.6069,95.3663
17007,-29.5026,-133.6069,95.3663
17008,-29.8026,-133.6069,95.3663
17009,-30.1026,-133.6069,95.3663
17010,-30.4026,-133.6069,95.3663
17011,-30.7026,-133.6069,95.3663
17012,-31.0026,-133.6069,95.3663
17013,-31.3026,-133.6069,95.3663
17014,-31.6026,-133.6069,95.3663
17015,-31.9026,-133.6069,95.3663
17016,-32.2026,-133.6069,95.3663
17017,-32.5026,-133.6069,95.3663
17018,-32.8026,-133.6069,95.3663
17019,-33.1026,-133.6069,95.3663
17020,-33.4026,-133.6069,95.3663
17021,-33.7026,-133.6069,95.3663
17022,-34.0026,-133.6069,95.3663
17023,-34.3026,-133.6069,95.3663
17024,-34.6026,-133.6069,95.3663
17025,-34.9026,-133.6069,95.3663
17026,-35.2026,-133.6069,95.3663
17027,-35.5026,-133.6069,95.3663
17028,-35.8026,-133.6069,95.3663
17029,-36.1026,-133.6069,95.3663
17030,-36.4026,-133.6069,95.3663
17031,-36.7026,-133.6069,95.3663
17032,-37.0026,-133.6069,95.3663
17033,-37.3026,-133.6069,95.3663
17034,-37.6026,-133.6069,95.3663
17035,-37.9026,-133.6069,95.3663
17036,-38.2026,-133.6069,95.3663
17037,-38.5026,-133.6069,95.3663
17038,-38.8026,-133.6069,95.3663
17039,-39.1026,-133.6069,95.3663
17040,-39.4026,-133.3069,95.3663
17041,61.1000,-152.3000,95.5000
17042,60.7974,-152.2069,95.3663
17043,60.4974,-152.2069,95.3663
17044,60.1974,-152.2069,95.3663
17045,59.8974,-151.9069,95.3663
17046,59.5974,-151.9069,95.3663
17047,59.2974,-151.9069,95.3663
17048,58.9974,-151.6069,95.3663
17049,58.6974,-151.6069,95.3663
17050,58.3974,-151.3069,95.3663
17051,58.0974,-151.0069,95.3663
17052,57.7974,-150.7069,95.3663
17053,57.4974,-150.4069,95.3663
17054,57.4974,-150.1069,95.3663
17055,57.1974,-149.8069,95.3663
17056,57.1974,-149.5069,95.3663
17057,57.1974,-149.2069,95.3663
17058,56.8974,-148.9069,95.3663
17059,56.8974,-148.6069,95.3663
17060,56.8974,-148.3069,95.3663
17061,56.8974,-148.0069,95.3663
17062,56.8974,-147.7069,95.3663
17063,56.8974,-147.4069,95.3663
17064,56.8974,-147.1069,95.3663
17065,56.8974,-146.8069,95.3663
17066,57.1974,-146.5069,95.6663
17067,56.8974,-146.5069,95.6663
17068,56.5974,-146.5069,95.6663
17069,56.2974,-146.5069,95.6663
17070,55.9974,-146.5069,95.6663
17071,55.6974,-146.5069,95.6663
17072,55.3974,-146.5069,95.6663
17073,55.0974,-146.5069,95.6663
17074,54.7974,-146.5069,95.6663
17075,54.4974,-146.5069,95.6663
17076,54.1974,-146.5069,95.6663
17077,53.8974,-146.5069,95.6663
17078,53.5974,-146.5069,95.6663
17079,53.2974,-146.5069,95.6663
17080,52.9974,-146.5069,95.6663
17081,52.6974,-146.5069,95.6663
17082,52.3974,-146.5069,95.6663
17083,52.0974,-146.5069,95.6663
17084,51.7974,-146.5069,95.6663
17085,51.4974,-146.5069,95.6663
17086,51.1974,-146.5069,95.6663
17087,50.8974,-146.5069,95.6663
17088,50.5974,-146.5069,95.6663
17089,50.2974,-146.5069,95.6663
17090,49.9974,-146.5069,95.6663
17091,49.6974,-146.5069,95.6663
17092,49.3974,-146.5069,95.6663
17093,49.0974,-146.5069,95.6663
17094,48.7974,-146.5069,95.6663
17095,48.4974,-146.5069,95.6663
17096,48.1974,-146.5069,95.6663
17097,47.8974,-146.5069,95.6663
17098,47.5974,-146.5069,95.6663
17099,47.2974,-146.5069,95.6663
17100,46.9974,-146.5069,95.6663
17101,46.6974,-146.5069,95.6663
17102,46.3974,-146.5069,95.6663
17103,46.0974,-146.5069,95.6663
17104,45.7974,-146.5069,95.6663
17105,45.4974,-146.5069,95.6663
17106,45.1974,-146.5069,95.6663
17107,44.8974,-146.5069,95.6663
17108,44.5974,-146.5069,95.6663
17109,44.2974,-146.5069,95.6663
17110,43.9974,-146.5069,95.6663
17111,43.6974,-146.5069,95.6663
17112,43.3974,-146.5069,95.6663
17113,43.0974,-146.5069,95.6663
17114,42.7974,-146.5069,95.6663
17115,42.4974,-146.5069,95.6663
17116,42.1974,-146.5069,95.6663
17117,41.8974,-146.5069,95.6663
17118,41.5974,-146.5069,95.6663
17119,41.2974,-146.5069,95.6663
17120,40.9974,-146.5069,95.6663
17121,40.6974,-146.5069,95.6663
17122,40.3974,-146.5069,95.6663
17123,40.0974,-146.5069,95.6663
17124,39.7974,-146.5069,95.6663
17125,39.4974,-146.5069,95.6663
17126,39.1974,-146.5069,95.6663
17127,38.8974,-146.5069,95.6663
17128,38.5974,-146.5069,95.6663
17129,38.2974,-146.5069,95.6663
17130,37.9974,-146.5069,95.6663
17131,37.6974,-146.5069,95.6663
17132,37.3974,-146.5069,95.6663
17133,37.0974,-146.5069,95.6663
17134,36.7974,-146.5069,95.6663
17135,36.4974,-146.5069,95.6663
17136,36.1974,-146.5069,95.6663
17137,35.8974,-146.5069,95.6663
17138,35.5974,-146.5069,95.6663
17139,35.2974,-146.5069,95.6663
17140,34.9974,-146.5069,95.6663
17141,34.6974,-146.5069,95.6663
17142,34.3974,-146.5069,95.6663
17143,34.0974,-146.5069,95.6663
17144,33.7974,-146.5069,95.6663
17145,33.4974,-146.5069,95.6663
17146,33.1974,-146.5069,95.6663
17147,32.8974,-146.5069,95.6663
17148,32.5974,-146.5069,95.6663
17149,32.2974,-146.5069,95.6663
17150,31.9974,-146.5069,95.6663
17151,31.6974,-146.5069,95.6663
17152,31.3974,-146.5069,95.6663
17153,31.0974,-146.5069,95.6663
17154,30.7974,-146.5069,95.6663
17155,30.4974,-146.5069,95.6663
17156,30.1974,-146.5069,95.6663
17157,29.8974,-146.5069,95.6663
17158,29.5974,-146.5069,95.6663
17159,29.2974,-146.5069,95.6663
17160,28.9974,-146.5069,95.6663
17161,28.6974,-146.5069,95.6663
17162,28.3974,-146.5069,95.6663
17163,28.0974,-146.5069,95.6663
17164,27.7974,-146.5069,95.6663
17165,27.4974,-146.5069,95.6663
17166,27.1974,-146.5069,95.6663
17167,26.8974,-146.5069,95.6663
17168,26.5974,-146.5069,95.6663
17169,26.2974,-146.5069,95.6663
17170,25.9974,-146.5069,95.6663
17171,25.6974,-146.5069,95.6663
17172,25.3974,-146.5069,95.6663
17173,25.0974,-146.5069,95.6663
17174,24.7974,-146.5069,95.6663
17175,24.4974,-146.5069,95.6663
17176,24.1974,-146.5069,95.6663
17177,23.8974,-146.5069,95.6663
17178,23.5974,-146.5069,95.6663
17179,23.2974,-146.5069,95.6663
17180,22.9974,-146.5069,95.6663
17181,22.6974,-146.5069,95.6663
17182,22.3974,-146.5069,95.6663
17183,22.0974,-146.5069,95.6663
17184,21.7974,-146.5069,95.6663
17185,21.4974,-146.2069,95.6663
17186,21.1974,-145.9069,95.6663
17187,20.8974,-145.6069,95.6663
17188,20.5974,-145.3069,95.6663
17189,20.2974,-145.0069,95.6663
17190,19.9974,-144.7069,95.6663
17191,19.6974,-144.4069,95.6663
17192,19.3974,-144.4069,95.6663
17193,19.0974,-144.4069,95.6663
17194,18.7974,-144.4069,95.6663
17195,18.4974,-144.4069,95.6663
17196,18.1974,-144.4069,95.6663
17197,17.8974,-144.4069,95.6663
17198,17.5974,-144.4069,95.6663
17199,17.2974,-144.4069,95.6663
17200,16.9974,-144.4069,95.6663
17201,16.6974,-144.4069,95.6663
17202,16.3974,-144.4069,95.6663
17203,16.0974,-144.4069,95.6663
17204,15.7974,-144.4069,95.6663
17205,15.4974,-144.1069,95.6663
17206,15.1974,-144.1069,95.6663
17207,14.8974,-143.8069,95.6663
17208,14.5974,-143.8069,95.6663
17209,14.2974,-143.5069,95.6663
17210,13.9974,-143.2069,95.6663
17211,13.6974,-142.9069,95.9663
17212,13.6974,-142.9069,96.2663
17213,13.6974,-142.9069,96.5663
17214,13.6974,-142.9069,96.8663
17215,13.3974,-142.6069,97.1663
17216,13.0974,-142.3069,97.4663
17217,13.0974,-142.3069,97.7663
17218,12.7974,-142.0069,98.0663
17219,12.7974,-142.0069,98.3663
17220,12.7974,-141.7069,98.3663
17221,12.4974,-141.4069,98.3663
17222,12.4974,-141.1069,98.3663
17223,12.4974,-140.8069,98.3663
17224,12.4974,-140.5069,98.3663
17225,12.4974,-140.2069,98.3663
17226,12.4974,-139.9069,98.3663
17227,12.4974,-139.6069,98.3663
17228,12.4974,-139.3069,98.3663
17229,12.4974,-139.0069,98.3663
17230,12.7974,-138.7069,98.3663
17231,12.7974,-138.4069,98.3663
17232,13.0974,-138.1069,98.3663
17233,13.0974,-137.8069,98.3663
17234,13.3974,-137.5069,98.3663
17235,13.6974,-137.2069,98.3663
17236,13.9974,-136.9069,98.3663
17237,14.2974,-136.6069,98.3663
17238,14.5974,-136.3069,98.3663
17239,14.8974,-136.3069,98.3663
17240,15.1974,-136.0069,98.3663
17241,15.4974,-136.0069,98.3663
17242,15.7974,-135.7069,98.3663
17243,16.0974,-135.7069,98.3663
17244,16.3974,-135.7069,98.3663
17245,16.6974,-135.7069,98.3663
17246,16.9974,-135.7069,98.3663
17247,17.2974,-135.7069,98.3663
17248,17.5974,-135.7069,98.3663
17249,17.8974,-135.7069,98.3663
17250,18.1974,-135.7069,98.3663
17251,18.4974,-136.0069,98.3663
17252,18.7974,-136.0069,98.3663
17253,19.0974,-136.0069,98.3663
17254,19.3974,-136.3069,98.3663
17255,19.6974,-136.6069,98.3663
17256,19.9974,-136.6069,98.3663
17257,20.2974,-136.9069,98.3663
17258,20.5974,-137.2069,98.3663
17259,20.5974,-137.5069,98.3663
17260,20.8974,-137.8069,98.3663
17261,21.1974,-138.1069,98.3663
17262,21.1974,-138.4069,98.3663
17263,21.1974,-138.7069,98.3663
17264,21.4974,-139.0069,98.3663
17265,21.4974,-139.3069,98.3663
17266,21.4974,-139.6069,98.3663
17267,21.4974,-139.9069,98.3663
17268,21.4974,-140.2069,98.3663
17269,21.4974,-140.5069,98.3663
17270,21.4974,-140.8069,98.3663
17271,21.4974,-141.1069,98.3663
17272,21.4974,-141.4069,98.3663
17273,21.1974,-141.7069,98.3663
17274,21.1974,-142.0069,98.3663
17275,20.8974,-142.3069,98.3663
17276,20.8974,-142.6069,98.3663
17277,20.5974,-142.9069,98.3663
17278,20.2974,-143.2069,98.3663
17279,19.9974,-143.5069,98.3663
17280,59.5693,-151.9955,98.3000
17281,59.8974,-151.9069,98.3663
17282,60.1974,-152.2069,98.3663
17283,60.4974,-152.2069,98.3663
17284,60.7974,-152.2069,98.3663
17285,61.0974,-152.2069,98.3663
17286,61.3974,-152.2069,98.3663
17287,61.6974,-152.2069,98.3663
17288,61.9974,-152.2069,98.3663
17289,62.2974,-151.9069,98.3663
17290,62.5974,-151.9069,98.3663
17291,62.8974,-151.9069,98.3663
17292,63.1974,-151.6069,98.3663
17293,63.4974,-151.6069,98.3663
17294,63.7974,-151.3069,98.3663
17295,64.0974,-151.0069,98.3663
17296,64.3974,-150.7069,98.3663
17297,64.6974,-150.4069,98.3663
17298,64.6974,-150.1069,98.3663
17299,64.9974,-149.8069,98.3663
17300,65.2974,-149.5069,98.3663
17301,65.2974,-149.2069,98.3663
17302,65.2974,-148.9069,98.3663
17303,65.2974,-148.6069,98.3663
17304,65.5974,-148.3069,98.3663
17305,65.5974,-148.0069,98.3663
17306,-39.4716,-133.3284,98.5000
17307,15.2927,-144.3803,98.5000
17308,-46.3955,-131.8307,98.5000
17309,56.9000,-148.1000,98.5000
17310,56.8974,-147.7069,98.3663
17311,56.8974,-147.4069,98.3663
17312,57.1974,-147.1069,98.3663
17313,57.1974,-146.8069,98.3663
17314,57.1974,-146.5069,98.3663
17315,57.1974,-146.2069,98.3663
17316,57.4974,-145.9069,98.3663
17317,57.7974,-145.6069,98.3663
17318,57.7974,-145.3069,98.3663
17319,58.0974,-145.0069,98.3663
17320,58.3974,-144.7069,98.3663
17321,58.6974,-144.4069,98.3663
17322,58.9974,-144.1069,98.3663
17323,59.2974,-143.8069,98.3663
17324,-39.4716,-127.2716,98.5000
17325,-39.7026,-127.0069,98.3663
17326,-40.0026,-127.0069,98.3663
17327,-40.3026,-126.7069,98.3663
17328,-40.6026,-126.4069,98.3663
17329,-40.9026,-126.4069,98.3663
17330,-41.2026,-126.4069,98.3663
17331,-41.5026,-126.1069,98.3663
17332,-41.8026,-126.1069,98.3663
17333,-42.1026,-126.1069,98.3663
17334,-42.4026,-126.1069,98.3663
17335,-42.7026,-126.1069,98.3663
17336,-43.0026,-126.1069,98.3663
17337,-43.3026,-126.1069,98.3663
17338,-43.6026,-126.1069,98.3663
17339,-43.9026,-126.4069,98.3663
17340,-44.2026,-126.4069,98.3663
17341,-44.5026,-126.7069,98.3663
17342,-44.8026,-126.7069,98.3663
17343,-45.1026,-127.0069,98.3663
17344,-45.4026,-127.3069,98.6663
17345,58.2716,-151.1284,99.9000
17346,58.6974,-151.3069,99.8663
17347,58.9974,-151.6069,99.8663
17348,59.2974,-151.6069,99.8663
17349,59.5974,-151.9069,99.8663
17350,59.8974,-151.9069,99.8663
17351,60.1974,-152.2069,99.8663
17352,60.4974,-152.2069,99.8663
17353,60.7974,-152.2069,99.8663
17354,61.0974,-152.2069,99.8663
17355,61.3974,-152.2069,99.8663
17356,61.6974,-152.2069,99.8663
17357,61.9974,-152.2069,99.8663
17358,62.2974,-152.2069,99.8663
17359,62.5974,-151.9069,99.8663
17360,62.8974,-151.9069,99.8663
17361,63.1974,-151.6069,99.8663
17362,63.4974,-151.6069,99.8663
17363,63.7974,-151.3069,99.8663
17364,64.0974,-151.0069,99.8663
17365,64.3974,-150.7069,99.8663
17366,64.6974,-150.4069,99.8663
17367,64.6974,-150.1069,99.8663
17368,64.9974,-149.8069,99.8663
17369,64.9974,-149.5069,99.8663
17370,65.2974,-149.2069,99.8663
17371,65.2974,-148.9069,99.8663
17372,65.2974,-148.6069,99.8663
17373,65.2974,-148.3069,99.8663
17374,65.2974,-148.0069,99.8663
17375,65.2974,-147.7069,99.8663
17376,65.2974,-147.4069,99.8663
17377,65.2974,-147.1069,99.8663
17378,65.2974,-146.8069,99.8663
17379,64.9974,-146.5069,100.1663
17380,64.9974,-146.2069,100.1663
17381,64.6974,-145.9069,100.4663
17382,64.3974,-145.6069,100.7663
17383,64.0974,-145.3069,101.0663
17384,63.7974,-145.0069,101.0663
17385,63.4974,-144.7069,101.0663
17386,63.1974,-144.4069,101.0663
17387,62.8974,-144.4069,101.0663
17388,62.5974,-144.1069,101.0663
17389,62.2974,-144.1069,101.0663
17390,61.9974,-144.1069,101.0663
17391,61.6974,-144.1069,101.0663
17392,61.3974,-144.1069,101.0663
17393,61.0974,-144.1069,101.0663
17394,60.7974,-144.1069,101.0663
17395,60.4974,-144.1069,101.0663
17396,60.1974,-144.1069,101.0663
17397,59.8974,-144.1069,101.0663
17398,59.5974,-144.4069,101.0663
17399,59.2974,-144.4069,101.0663
17400,58.9974,-144.7069,101.0663
17401,58.6974,-145.0069,101.0663
17402,58.3974,-145.3069,101.0663
17403,58.0974,-145.6069,100.7663
17404,57.7974,-145.9069,100.4663
17405,57.4974,-146.2069,100.1663
17406,57.4974,-146.5069,100.1663
17407,-46.3955,-128.7693,100.1000
17408,-46.3026,-129.1069,100.1663
17409,-46.6026,-129.4069,100.1663
17410,-46.6026,-129.7069,100.1663
17411,-46.6026,-130.0069,100.1663
17412,-46.6026,-130.3069,100.1663
17413,-46.6026,-130.6069,100.1663
17414,-46.6026,-130.9069,100.1663
17415,-46.6026,-131.2069,100.1663
17416,-46.3026,-131.5069,100.1663
17417,-46.3026,-131.8069,100.1663
17418,-46.0026,-132.1069,100.1663
17419,-46.0026,-132.4069,100.1663
17420,-45.7026,-132.7069,100.1663
17421,-45.7026,-133.0069,100.1663
17422,-45.4026,-133.3069,100.1663
17423,-45.1026,-133.3069,100.1663
17424,-44.8026,-133.6069,100.1663
17425,-44.5026,-133.9069,100.1663
17426,-44.2026,-133.9069,100.1663
17427,-43.9026,-134.2069,100.1663
17428,-43.6026,-134.2069,100.1663
17429,-43.3026,-134.5069,100.1663
17430,-43.0026,-134.5069,100.1663
17431,-42.7026,-134.5069,100.1663
17432,-42.4026,-134.5069,100.1663
17433,-42.1026,-134.5069,100.1663
17434,-41.8026,-134.5069,100.1663
17435,-41.5026,-134.5069,100.1663
17436,-41.2026,-134.5069,100.1663
17437,-40.9026,-134.2069,100.1663
17438,-40.6026,-133.9069,100.1663
17439,-40.3026,-133.9069,100.1663
17440,-40.0026,-133.6069,100.1663
17441,-39.7026,-133.3069,100.1663
17442,-39.4026,-133.0069,100.1663
17443,-39.1026,-132.7069,100.1663
17444,-38.8026,-132.4069,100.1663
17445,-38.8026,-132.1069,100.1663
17446,-38.5026,-131.8069,100.1663
17447,-38.5026,-131.5069,100.1663
17448,-38.5026,-131.2069,100.1663
17449,-38.2026,-130.9069,100.1663
17450,-38.2026,-130.6069,100.1663
17451,-38.2026,-130.3069,100.1663
