path_id,x,y,z
0,-20.9000,-52.1000,78.5000
1,-20.7872,-52.1492,78.7000
2,-27.1772,-52.2640,78.7000
3,-27.3000,-56.7000,78.7000
4,-27.7026,-56.8069,78.5663
5,-28.0026,-56.5069,78.5663
6,-28.3026,-56.5069,78.5663
7,-28.6026,-56.5069,78.5663
8,-28.9026,-56.2069,78.5663
9,-29.2026,-56.2069,78.5663
10,-29.5026,-55.9069,78.5663
11,-29.8026,-55.9069,78.5663
12,-30.1026,-55.6069,78.5663
13,-30.4026,-55.6069,78.5663
14,-30.7026,-55.3069,78.5663
15,-31.0026,-55.0069,78.5663
16,-31.3026,-54.7069,78.5663
17,-31.6026,-54.4069,78.5663
18,-31.9026,-54.1069,78.5663
19,-32.2026,-53.8069,78.5663
20,-32.5026,-53.5069,78.5663
21,-32.8026,-53.2069,78.5663
22,-33.1026,-52.9069,78.5663
23,-33.4026,-52.6069,78.5663
24,-33.7026,-52.3069,78.5663
25,-34.2395,-51.2102,78.7000
26,-34.3026,-51.1069,78.8663
27,-34.3026,-50.8069,79.1663
28,-34.3026,-50.5069,79.4663
29,-34.6026,-50.2069,79.7663
30,-34.6026,-49.9069,80.0663
31,-34.6026,-49.6069,80.3663
32,-34.6026,-49.3069,80.6663
33,-34.6026,-49.0069,80.6663
34,-34.6026,-48.7069,80.9663
35,-34.6026,-48.4069,80.9663
36,-34.6026,-48.1069,80.9663
37,-34.6026,-47.8069,80.9663
38,-34.6026,-47.5069,80.9663
39,-34.6026,-47.2069,80.9663
40,-34.6026,-46.9069,80.9663
41,-34.6026,-46.6069,80.9663
42,-34.3026,-46.3069,80.9663
43,-34.0026,-46.0069,80.9663
44,-33.7026,-45.7069,80.9663
45,-33.4026,-45.4069,80.9663
46,-33.1026,-45.1069,80.6663
47,-32.8026,-45.1069,80.6663
48,-32.5026,-44.8069,80.3663
49,-32.2026,-44.8069,80.3663
50,-31.9026,-44.5069,80.0663
51,-31.6026,-44.5069,79.7663
52,-31.3026,-44.5069,79.7663
53,-31.0026,-44.5069,79.4663
54,-30.7026,-44.5069,79.1663
55,-30.4026,-44.5069,78.8663
56,-30.1026,-44.5069,78.5663
57,-29.8026,-44.5069,78.5663
58,-29.5026,-44.5069,78.5663
59,-29.2026,-44.5069,78.5663
60,-28.9026,-44.5069,78.5663
61,-28.6026,-44.5069,78.5663
62,-28.3026,-44.5069,78.5663
63,-28.0026,-44.5069,78.5663
64,-27.7026,-44.5069,78.5663
65,-27.4026,-44.5069,78.5663
66,-27.1026,-44.5069,78.5663
67,-26.8026,-44.5069,78.5663
68,-26.5026,-44.5069,78.5663
69,-26.2026,-44.5069,78.5663
70,-25.9026,-44.5069,78.5663
71,-25.6026,-44.5069,78.5663
72,-25.3026,-44.5069,78.5663
73,-25.0026,-44.5069,78.5663
74,-24.7026,-44.5069,78.5663
75,-24.4026,-44.5069,78.5663
76,-24.1026,-44.5069,78.5663
77,-23.8026,-44.5069,78.5663
78,-23.5026,-44.5069,78.5663
79,-23.2026,-44.5069,78.5663
80,-22.9026,-44.5069,78.5663
81,-22.6026,-44.5069,78.5663
82,-22.3026,-44.5069,78.5663
83,-22.0026,-44.5069,78.5663
84,-21.7026,-44.5069,78.5663
85,-21.4026,-44.5069,78.5663
86,-21.1026,-44.5069,78.5663
87,-20.8026,-44.5069,78.5663
88,-20.5026,-44.5069,78.5663
89,-20.2026,-44.5069,78.5663
90,-19.9026,-44.5069,78.5663
91,-19.6026,-44.5069,78.5663
92,-19.3026,-44.5069,78.5663
93,-19.0026,-44.5069,78.5663
94,-18.7026,-44.5069,78.5663
95,-18.4026,-44.5069,78.5663
96,-18.1026,-44.5069,78.5663
97,-17.8026,-44.5069,78.5663
98,-17.5026,-44.5069,78.5663
99,-17.2026,-44.5069,78.5663
100,-16.9026,-44.5069,78.5663
101,-16.6026,-44.5069,78.5663
102,-16.3026,-44.5069,78.5663
103,-16.0026,-44.5069,78.5663
104,-15.7026,-44.5069,78.5663
105,-15.4026,-44.5069,78.5663
106,-15.1026,-44.5069,78.5663
107,-14.8026,-44.5069,78.5663
108,-14.5026,-44.5069,78.5663
109,-14.2026,-44.5069,78.5663
110,-13.9026,-44.5069,78.5663
111,-13.6026,-44.5069,78.5663
112,-13.3026,-44.5069,78.5663
113,-13.0026,-44.5069,78.5663
114,-12.7026,-44.8069,78.5663
115,-12.4026,-44.8069,78.5663
116,-12.1026,-45.1069,78.5663
117,-11.8026,-45.1069,78.5663
118,-11.5026,-45.1069,78.5663
119,-11.2026,-45.4069,78.5663
120,-10.9026,-45.4069,78.5663
121,-10.6026,-45.7069,78.5663
122,-10.3026,-45.7069,78.5663
123,-10.0026,-46.0069,78.5663
124,-9.7026,-46.0069,78.5663
125,-9.4026,-46.3069,78.5663
126,-9.1026,-46.3069,78.5663
127,-8.8026,-46.6069,78.5663
128,-8.5026,-46.6069,78.5663
129,-8.2026,-46.6069,78.5663
130,-7.9026,-46.9069,78.5663
131,-7.6026,-46.9069,78.5663
132,-7.3026,-47.2069,78.5663
133,-7.0026,-47.2069,78.5663
134,-6.7026,-47.5069,78.5663
135,-6.4026,-47.5069,78.5663
136,-6.1026,-47.8069,78.5663
137,-5.8026,-47.8069,78.5663
138,-5.5026,-48.1069,78.5663
139,-5.2026,-48.1069,78.5663
140,-4.9026,-48.1069,78.5663
141,-4.6026,-48.4069,78.5663
142,-4.3026,-48.4069,78.5663
143,-4.0026,-48.7069,78.5663
144,-3.7026,-48.7069,78.5663
145,-3.4026,-49.0069,78.5663
146,-3.1026,-49.0069,78.5663
147,-2.8026,-49.3069,78.5663
148,-2.5026,-49.3069,78.5663
149,-2.2026,-49.3069,78.5663
150,-1.9026,-49.6069,78.5663
151,-1.6026,-49.6069,78.5663
152,-1.3026,-49.9069,78.5663
153,-1.0026,-49.9069,78.5663
154,-0.7026,-50.2069,78.5663
155,-0.4026,-50.5069,78.5663
156,-0.1026,-50.8069,78.5663
157,0.1974,-51.1069,78.5663
158,0.4974,-51.4069,78.5663
159,0.4974,-51.7069,78.5663
160,0.7974,-52.0069,78.5663
161,0.7974,-52.3069,78.5663
162,1.0974,-52.6069,78.5663
163,1.0974,-52.9069,78.5663
164,1.0974,-53.2069,78.5663
165,1.0974,-53.5069,78.5663
166,1.0974,-53.8069,78.5663
167,1.0974,-54.1069,78.5663
168,1.0974,-54.4069,78.5663
169,0.7974,-54.7069,78.5663
170,0.7974,-55.0069,78.5663
171,0.4974,-55.3069,78.5663
172,1.7000,-56.1000,78.7000
173,1.9974,-56.2069,78.5663
174,2.2974,-56.2069,78.5663
175,2.5974,-56.2069,78.5663
176,2.8974,-56.2069,78.5663
177,3.1974,-56.2069,78.5663
178,3.4974,-56.2069,78.5663
179,3.7974,-56.2069,78.5663
180,4.0974,-56.5069,78.8663
181,4.3974,-56.8069,79.1663
182,4.6974,-57.1069,79.4663
183,4.9974,-57.4069,79.7663
184,5.2974,-57.7069,80.0663
185,5.5974,-57.7069,80.0663
186,5.8974,-57.7069,80.0663
187,6.1974,-57.7069,80.0663
188,6.4974,-57.7069,80.0663
189,6.7974,-58.0069,80.0663
190,7.0974,-58.3069,80.0663
191,7.3974,-58.3069,80.0663
192,7.6974,-58.6069,80.0663
193,7.9974,-58.6069,80.0663
194,8.2974,-58.6069,80.0663
195,8.5974,-58.6069,80.0663
196,8.8974,-58.6069,80.0663
197,9.1974,-58.6069,80.0663
198,9.4974,-58.6069,80.0663
199,9.7974,-58.6069,80.0663
200,10.0974,-58.6069,80.0663
201,10.3974,-58.6069,80.0663
202,10.6974,-58.6069,80.0663
203,10.9974,-58.6069,80.0663
204,11.2974,-58.6069,80.0663
205,11.5974,-58.6069,80.0663
206,11.8974,-58.6069,80.0663
207,12.1974,-58.6069,80.0663
208,12.4974,-58.6069,80.0663
209,12.7974,-58.6069,79.7663
210,13.0974,-58.6069,79.7663
211,13.3974,-58.6069,79.4663
212,13.6974,-58.6069,79.4663
213,13.9974,-58.6069,79.1663
214,14.2974,-58.6069,79.1663
215,14.5974,-58.9069,78.8663
216,14.8974,-58.9069,78.8663
217,15.1974,-59.2069,78.5663
218,15.4974,-59.2069,78.5663
219,15.7974,-58.9069,78.5663
220,15.7974,-58.6069,78.5663
221,16.0974,-58.3069,78.5663
222,16.0974,-58.0069,78.5663
223,16.0974,-57.7069,78.5663
224,16.0974,-57.4069,78.5663
225,16.0974,-57.1069,78.5663
226,16.0974,-56.8069,78.5663
227,16.0974,-56.5069,78.5663
228,16.0974,-56.2069,78.5663
229,16.0974,-55.9069,78.5663
230,16.3974,-55.6069,78.5663
231,16.3974,-55.3069,78.5663
232,16.3974,-55.0069,78.5663
233,16.6974,-54.7069,78.5663
234,16.9974,-54.4069,78.5663
235,17.2974,-54.1069,78.5663
236,17.5974,-53.8069,78.5663
237,17.8974,-53.5069,78.5663
238,18.1974,-53.5069,78.5663
239,18.4974,-53.2069,78.5663
240,18.7974,-53.2069,78.5663
241,19.0974,-52.9069,78.5663
242,19.3974,-52.9069,78.5663
243,19.6974,-52.9069,78.5663
244,20.3000,-52.9000,78.7000
245,20.5974,-52.9069,78.5663
246,20.8974,-52.9069,78.5663
247,21.1974,-52.9069,78.5663
248,21.4974,-52.9069,78.5663
249,21.7974,-52.9069,78.5663
250,22.0974,-52.9069,78.5663
251,22.3974,-52.9069,78.5663
252,22.6974,-52.9069,78.5663
253,22.9974,-52.9069,78.5663
254,23.2974,-53.2069,78.5663
255,23.5974,-53.2069,78.5663
256,23.8974,-53.2069,78.5663
257,24.1974,-53.5069,78.5663
258,24.4974,-53.5069,78.5663
259,24.7974,-53.5069,78.5663
260,25.0974,-53.8069,78.5663
261,25.3974,-53.8069,78.5663
262,25.6974,-53.8069,78.5663
263,25.9974,-53.8069,78.5663
264,26.2974,-53.8069,78.5663
265,26.5974,-53.8069,78.5663
266,26.8974,-53.8069,78.5663
267,27.1974,-53.8069,78.5663
268,27.4974,-53.8069,78.5663
269,27.7974,-53.8069,78.5663
270,28.0974,-53.8069,78.5663
271,28.3974,-53.8069,78.5663
272,28.6974,-53.8069,78.5663
273,28.9974,-53.8069,78.5663
274,29.2974,-54.1069,78.5663
275,29.5974,-54.1069,78.5663
276,29.8974,-54.1069,78.5663
277,30.1974,-54.4069,78.5663
278,30.4974,-54.4069,78.5663
279,30.7974,-54.4069,78.5663
280,31.0974,-54.7069,78.5663
281,31.3974,-54.7069,78.5663
282,31.6974,-54.7069,78.5663
283,31.9974,-55.0069,78.5663
284,32.2974,-55.3069,78.5663
285,32.5974,-55.3069,78.5663
286,32.8974,-55.6069,78.5663
287,34.3000,-55.3000,78.5000
288,34.6974,-55.3069,78.5663
289,34.9974,-55.3069,78.5663
290,35.2974,-55.3069,78.5663
291,35.5974,-55.3069,78.5663
292,35.8974,-55.3069,78.5663
293,36.1974,-55.3069,78.5663
294,36.4974,-55.6069,78.5663
295,36.7974,-55.9069,78.5663
296,37.0974,-55.9069,78.5663
297,37.3974,-55.9069,78.5663
298,37.6974,-55.9069,78.5663
299,37.9974,-55.9069,78.5663
300,38.2974,-55.9069,78.5663
301,38.5974,-55.9069,78.5663
302,38.8974,-55.9069,78.5663
303,39.1974,-55.9069,78.5663
304,39.4974,-56.2069,78.5663
305,39.7974,-56.2069,78.5663
306,40.0974,-56.2069,78.5663
307,40.3974,-56.5069,78.5663
308,40.6974,-56.5069,78.5663
309,40.9974,-56.5069,78.5663
310,41.2974,-56.5069,78.8663
311,41.5974,-56.5069,78.8663
312,41.8974,-56.5069,78.8663
313,42.1974,-56.5069,78.8663
314,42.4974,-56.5069,78.8663
315,42.7974,-56.5069,78.8663
316,43.0974,-56.5069,78.8663
317,43.3974,-56.5069,78.8663
318,43.6974,-56.5069,78.8663
319,43.9974,-56.5069,78.8663
320,44.2974,-56.5069,78.8663
321,44.5974,-56.8069,78.5663
322,44.8974,-57.1069,78.5663
323,45.1974,-57.1069,78.5663
324,45.4974,-57.1069,78.5663
325,45.7974,-57.1069,78.5663
326,46.0974,-57.1069,78.5663
327,46.3974,-57.1069,78.5663
328,46.6974,-57.1069,78.5663
329,46.9974,-57.1069,78.5663
330,47.2974,-57.1069,78.5663
331,47.5974,-57.4069,78.5663
332,47.8974,-57.4069,78.5663
333,50.3770,-57.8230,78.7000
334,50.5974,-57.7069,78.5663
335,50.8974,-58.0069,78.5663
336,51.1974,-58.0069,78.5663
337,51.7073,-58.2197,78.7000
338,52.0974,-58.3069,78.5663
339,52.3974,-58.3069,78.5663
340,52.6974,-58.3069,78.5663
341,52.9974,-58.3069,78.5663
342,53.2974,-58.3069,78.5663
343,53.5974,-58.3069,78.5663
344,53.8974,-58.3069,78.5663
345,54.1974,-58.3069,78.5663
346,54.4974,-58.6069,78.5663
347,54.7974,-58.6069,78.5663
348,55.0974,-58.9069,78.8663
349,55.3974,-58.9069,78.8663
350,55.6974,-58.9069,78.8663
351,55.9974,-59.2069,78.5663
352,56.2974,-59.2069,78.5663
353,56.5974,-59.5069,78.5663
354,56.8974,-59.5069,78.5663
355,57.1974,-59.2069,78.5663
356,57.4974,-59.2069,78.5663
357,57.7974,-59.2069,78.5663
358,58.0974,-59.2069,78.5663
359,58.3974,-59.2069,78.5663
360,58.6974,-59.2069,78.5663
361,58.9974,-59.2069,78.5663
362,59.2974,-59.2069,78.5663
363,59.5974,-59.5069,78.5663
364,59.8974,-59.5069,78.5663
365,60.1974,-59.5069,78.5663
366,60.4974,-59.5069,78.5663
367,60.7974,-59.5069,78.5663
368,61.0974,-59.5069,78.5663
369,61.3974,-59.5069,78.5663
370,61.6974,-59.5069,78.5663
371,61.9974,-59.5069,78.5663
372,62.2974,-59.5069,78.5663
373,62.5974,-59.5069,78.5663
374,62.8974,-59.5069,78.5663
375,63.1974,-59.5069,78.5663
376,63.4974,-59.5069,78.5663
377,63.7974,-59.5069,78.5663
378,64.0974,-59.8069,78.5663
379,64.3974,-59.8069,78.5663
380,64.6974,-60.1069,78.5663
381,64.9974,-60.1069,78.5663
382,65.2974,-60.4069,78.5663
383,65.5974,-60.4069,78.5663
384,65.8974,-60.4069,78.5663
385,66.1974,-60.7069,78.5663
386,66.4974,-60.7069,78.5663
387,66.7974,-60.7069,78.5663
388,67.0974,-60.7069,78.5663
389,67.3974,-61.0069,78.5663
390,67.6974,-61.0069,78.5663
391,67.9974,-61.0069,78.5663
392,68.2974,-61.0069,78.5663
393,68.5974,-61.0069,78.5663
394,68.8974,-61.0069,78.5663
395,69.1974,-61.3069,78.5663
396,69.4974,-61.3069,78.5663
397,69.7974,-61.3069,78.5663
398,70.0974,-61.6069,78.5663
399,70.3974,-61.9069,78.5663
400,70.6974,-61.9069,78.5663
401,70.9974,-62.2069,78.5663
402,71.2974,-62.5069,78.5663
403,71.5974,-62.8069,78.5663
404,71.8974,-63.1069,78.5663
405,72.1974,-63.4069,78.5663
406,72.1974,-63.7069,78.8663
407,72.1974,-63.7069,79.1663
408,72.1974,-63.7069,79.4663
409,72.1974,-63.7069,79.7663
410,72.1974,-63.7069,80.0663
411,72.1974,-63.7069,80.3663
412,72.1974,-63.7069,80.6663
413,72.1974,-63.7069,80.9663
414,72.1974,-63.7069,81.2663
415,72.1974,-63.7069,81.5663
416,72.1974,-63.7069,81.8663
417,72.1974,-64.0069,82.1663
418,72.1974,-64.0069,82.4663
419,72.4974,-64.3069,82.7663
420,72.4974,-64.6069,83.0663
421,72.4974,-64.6069,83.3663
422,72.4974,-64.6069,83.6663
423,72.7974,-64.9069,83.9663
424,72.7974,-65.2069,83.9663
425,72.7974,-65.5069,84.2663
426,73.0974,-65.8069,84.5663
427,73.0974,-66.1069,84.5663
428,73.0974,-66.4069,84.5663
429,73.0974,-66.7069,84.5663
430,73.0974,-67.0069,84.5663
431,73.0974,-67.3069,84.5663
432,73.0974,-67.6069,84.5663
433,73.0974,-67.9069,84.5663
434,73.0974,-68.2069,84.5663
435,72.7974,-68.5069,84.2663
436,72.7974,-68.8069,84.2663
437,72.7974,-69.1069,84.2663
438,72.4974,-69.4069,83.9663
439,72.1974,-69.7069,83.9663
440,71.8974,-70.0069,83.9663
441,71.5974,-70.3069,83.6663
442,71.2974,-70.6069,83.3663
443,70.9974,-70.9069,83.0663
444,70.6974,-71.2069,82.7663
445,70.3974,-71.2069,82.4663
446,70.0974,-71.2069,82.4663
447,69.7974,-71.5069,82.1663
448,69.4974,-71.8069,81.8663
449,69.1974,-71.8069,81.5663
450,68.8974,-72.1069,81.2663
451,68.5974,-72.1069,80.9663
452,68.2974,-72.4069,80.6663
453,67.9974,-72.4069,80.3663
454,67.6974,-72.7069,80.0663
455,67.6974,-72.7069,79.7663
456,67.6974,-72.7069,79.4663
457,67.6974,-72.7069,79.1663
458,67.3974,-72.7069,78.8663
459,67.3974,-72.7069,78.5663
460,67.3974,-72.7069,78.8663
461,67.3974,-72.7069,79.1663
462,67.3974,-72.7069,79.4663
463,67.3974,-72.7069,79.7663
464,67.3974,-72.7069,80.0663
465,67.3974,-72.7069,80.3663
466,67.3974,-72.7069,80.6663
467,67.3974,-72.7069,80.9663
468,67.3974,-72.7069,81.2663
469,67.3974,-72.4069,81.5663
470,67.6974,-72.4069,81.5663
471,67.9974,-72.4069,81.5663
472,68.2974,-72.4069,81.5663
473,68.5974,-72.1069,81.8663
474,68.8974,-72.1069,81.8663
475,69.1974,-71.8069,82.1663
476,69.4974,-71.8069,82.1663
477,69.7974,-71.5069,82.4663
478,70.0974,-71.2069,82.7663
479,70.3974,-71.2069,82.7663
480,70.6974,-70.9069,83.0663
481,70.9974,-70.9069,83.0663
482,71.2974,-70.6069,83.3663
483,71.5974,-70.3069,83.6663
484,71.8974,-70.0069,83.9663
485,72.1974,-69.7069,83.9663
486,72.4974,-69.4069,84.2663
487,72.4974,-69.1069,84.2663
488,72.7974,-68.8069,84.5663
489,72.7974,-68.5069,84.5663
490,72.7974,-68.2069,84.5663
491,73.0974,-67.9069,84.5663
492,73.0974,-67.6069,84.5663
493,73.0974,-67.3069,84.5663
494,73.0974,-67.0069,84.5663
495,73.0974,-66.7069,84.5663
496,73.0974,-66.4069,84.5663
497,73.0974,-66.1069,84.5663
498,73.0974,-65.8069,84.5663
499,72.7974,-65.5069,84.2663
500,72.7974,-65.2069,84.2663
501,72.4974,-64.9069,83.9663
502,72.4974,-64.6069,83.9663
503,72.1974,-64.3069,83.6663
504,71.8974,-64.0069,83.3663
505,71.5974,-63.7069,83.0663
506,71.2974,-63.4069,82.7663
507,70.9974,-63.1069,82.4663
508,70.6974,-62.8069,82.1663
509,70.3974,-62.5069,82.1663
510,70.0974,-62.2069,81.8663
511,69.7974,-62.2069,81.8663
512,69.4974,-61.9069,81.5663
513,69.1974,-61.9069,81.5663
514,68.8974,-61.6069,81.5663
515,68.5974,-61.6069,81.5663
516,68.2974,-61.3069,81.5663
517,67.9974,-61.3069,81.5663
518,67.6974,-61.0069,81.8663
519,67.3974,-61.0069,81.8663
520,67.0974,-60.7069,81.8663
521,66.7974,-60.7069,81.8663
522,66.4974,-60.7069,81.8663
523,66.1974,-60.4069,81.5663
524,65.8974,-60.4069,81.5663
525,65.5974,-60.4069,81.5663
526,65.2974,-60.4069,81.5663
527,64.9974,-60.4069,81.5663
528,64.6974,-60.4069,81.5663
529,64.3974,-60.4069,81.5663
530,64.0974,-60.4069,81.5663
531,63.7974,-60.1069,81.5663
532,63.4974,-60.1069,81.5663
533,63.1974,-60.1069,81.5663
534,62.8974,-59.8069,81.5663
535,62.5974,-59.8069,81.5663
536,62.2974,-59.8069,81.5663
537,61.9974,-59.8069,81.5663
538,61.6974,-59.8069,81.5663
539,61.3974,-59.8069,81.5663
540,61.0974,-59.8069,81.5663
541,60.7974,-59.8069,81.5663
542,60.4974,-59.5069,81.5663
543,60.1974,-59.5069,81.5663
544,59.8974,-59.2069,81.5663
545,59.5974,-59.2069,81.5663
546,59.2974,-58.9069,81.5663
547,58.9974,-58.9069,81.5663
548,58.6974,-58.9069,81.5663
549,58.3974,-58.9069,81.5663
550,58.0974,-58.9069,81.5663
551,57.7974,-58.9069,81.5663
552,57.4974,-58.9069,81.5663
553,57.1974,-59.2069,81.5663
554,56.8974,-59.2069,81.5663
555,56.5974,-59.2069,81.5663
556,56.2974,-59.2069,81.5663
557,55.9974,-58.9069,81.5663
558,55.6974,-58.6069,81.5663
559,55.3974,-58.3069,81.5663
560,55.0974,-58.3069,81.5663
561,54.7974,-58.3069,81.5663
562,54.4974,-58.3069,81.5663
563,54.1974,-58.3069,81.5663
564,53.8974,-58.3069,81.5663
565,53.5974,-58.3069,81.5663
566,53.2974,-58.3069,81.5663
567,52.9974,-58.3069,81.5663
568,52.2257,-58.4024,81.7000
569,51.7974,-58.0069,81.5663
570,51.4974,-58.0069,81.5663
571,51.1974,-58.0069,81.5663
572,50.8974,-57.7069,81.5663
573,50.5974,-57.7069,81.5663
574,50.2974,-57.7069,81.5663
575,49.9974,-57.7069,81.5663
576,49.6974,-57.7069,81.5663
577,49.3974,-57.7069,81.5663
578,49.0974,-57.7069,81.5663
579,48.7974,-57.7069,81.5663
580,48.4974,-57.4069,81.5663
581,48.1974,-57.4069,81.5663
582,47.8974,-57.4069,81.5663
583,47.5974,-57.1069,81.5663
584,47.2974,-57.1069,81.5663
585,46.9974,-57.1069,81.5663
586,46.6974,-57.1069,81.5663
587,46.3974,-57.1069,81.5663
588,46.0974,-57.1069,81.5663
589,45.7974,-57.1069,81.5663
590,45.4974,-57.1069,81.5663
591,45.1974,-57.1069,81.5663
592,44.8974,-57.4069,81.5663
593,44.5974,-57.4069,81.5663
594,44.2974,-57.1069,81.5663
595,43.9974,-56.8069,81.5663
596,43.6974,-56.8069,81.5663
597,43.3974,-56.5069,81.5663
598,43.0974,-56.5069,81.5663
599,42.7974,-56.5069,81.5663
600,42.4974,-56.2069,81.5663
601,42.1974,-56.2069,81.5663
602,41.8974,-55.9069,81.5663
603,41.5974,-55.9069,81.5663
604,41.2974,-55.9069,81.5663
605,40.9974,-55.9069,81.5663
606,40.6974,-55.9069,81.5663
607,40.3974,-55.9069,81.5663
608,40.0974,-55.9069,81.5663
609,39.7974,-55.9069,81.5663
610,39.4974,-55.9069,81.5663
611,39.1974,-55.9069,81.5663
612,38.8974,-55.6069,81.5663
613,38.5974,-55.6069,81.5663
614,38.2974,-55.6069,81.5663
615,37.9974,-55.6069,81.5663
616,37.6974,-55.6069,81.5663
617,37.3974,-55.6069,81.5663
618,37.0974,-55.3069,81.5663
619,36.7974,-55.3069,81.5663
620,36.4974,-55.3069,81.5663
621,36.1974,-55.3069,81.5663
622,35.8974,-55.3069,81.5663
623,35.5974,-55.3069,81.5663
624,35.2974,-55.3069,81.5663
625,34.9974,-55.0069,81.5663
626,34.6974,-55.0069,81.5663
627,34.3974,-55.0069,81.5663
628,34.0974,-55.0069,81.5663
629,33.7974,-55.0069,81.5663
630,33.4974,-55.0069,81.5663
631,33.1974,-55.0069,81.5663
632,32.8974,-55.0069,81.5663
633,32.5974,-55.0069,81.5663
634,32.2974,-54.7069,81.5663
635,31.9974,-54.4069,81.5663
636,31.6974,-54.4069,81.5663
637,31.3974,-54.4069,81.5663
638,31.0974,-54.4069,81.5663
639,30.7974,-54.4069,81.5663
640,30.4974,-54.4069,81.5663
641,30.1974,-54.4069,81.5663
642,29.8974,-54.4069,81.5663
643,29.5974,-54.1069,81.5663
644,29.2974,-54.1069,81.5663
645,28.9974,-54.1069,81.5663
646,28.6974,-54.1069,81.5663
647,28.3974,-54.1069,81.5663
648,25.0255,-53.1745,81.7000
649,24.7974,-52.9069,81.5663
650,24.4974,-52.9069,81.5663
651,24.1974,-52.6069,81.5663
652,23.8974,-52.6069,81.5663
653,22.9000,-52.7000,81.9000
654,22.6974,-52.6069,81.8663
655,22.3974,-52.6069,81.8663
656,22.0974,-52.6069,81.8663
657,21.7974,-52.6069,81.8663
658,21.4974,-52.6069,81.8663
659,21.1974,-52.6069,81.8663
660,20.8974,-52.9069,81.8663
661,20.5974,-52.9069,81.8663
662,20.2974,-53.2069,81.5663
663,19.9974,-53.2069,81.5663
664,19.6974,-53.2069,81.5663
665,19.3974,-53.2069,81.5663
666,19.0974,-53.5069,81.5663
667,18.7974,-53.5069,81.5663
668,18.4974,-53.5069,81.5663
669,18.1974,-53.8069,81.5663
670,17.8974,-54.1069,81.8663
671,17.5974,-54.1069,81.8663
672,17.2974,-54.4069,81.8663
673,16.9974,-54.7069,81.8663
674,16.9974,-55.0069,81.8663
675,16.6974,-55.3069,81.8663
676,16.3974,-55.6069,81.8663
677,16.3974,-55.9069,81.8663
678,16.0974,-56.2069,81.8663
679,16.0974,-56.5069,81.8663
680,16.0974,-56.8069,81.8663
681,16.0974,-57.1069,81.8663
682,15.7974,-57.4069,81.5663
683,15.7974,-57.7069,81.5663
684,15.7974,-58.0069,81.5663
685,15.7974,-58.3069,81.5663
686,15.7974,-58.6069,81.5663
687,15.4974,-58.9069,81.5663
688,15.4974,-59.2069,81.5663
689,15.4974,-59.5069,81.5663
690,15.4974,-59.8069,81.5663
691,15.5000,-60.1000,81.7000
692,15.4974,-60.4069,81.5663
693,15.4974,-60.7069,81.5663
694,15.7974,-61.0069,81.8663
695,15.7974,-61.3069,81.8663
696,16.0974,-61.6069,82.1663
697,16.0974,-61.9069,82.1663
698,16.3974,-62.2069,81.8663
699,16.3974,-62.5069,81.8663
700,16.6974,-62.8069,81.5663
701,16.3974,-62.5069,81.8663
702,16.0974,-62.2069,82.1663
703,16.0974,-61.9069,82.1663
704,15.7974,-61.6069,82.1663
705,15.4974,-61.3069,82.1663
706,15.1974,-61.0069,82.1663
707,14.8974,-60.7069,82.1663
708,14.5974,-60.4069,82.1663
709,14.2974,-60.1069,82.1663
710,13.9974,-59.8069,82.1663
711,13.6974,-59.5069,82.1663
712,13.3974,-59.2069,82.1663
713,13.0974,-59.2069,82.1663
714,12.7974,-59.2069,82.1663
715,12.4974,-59.2069,82.1663
716,12.1974,-59.2069,82.1663
717,11.8974,-59.2069,82.1663
718,11.5974,-59.2069,82.1663
719,11.2974,-59.2069,82.1663
720,10.9974,-59.2069,82.1663
721,10.6974,-59.2069,82.1663
722,10.3974,-59.2069,82.1663
723,10.0974,-59.2069,82.1663
724,9.7974,-59.2069,82.1663
725,9.4974,-59.2069,82.1663
726,9.1974,-59.2069,82.1663
727,8.8974,-59.2069,82.1663
728,8.5974,-58.9069,82.1663
729,8.2974,-58.6069,82.1663
730,7.9974,-58.3069,82.1663
731,7.6974,-58.0069,82.1663
732,7.3974,-57.7069,82.1663
733,7.0974,-57.4069,82.1663
734,6.7974,-57.1069,82.1663
735,6.4974,-56.8069,82.1663
736,6.1974,-56.5069,82.1663
737,5.8974,-56.2069,82.1663
738,5.5974,-55.9069,82.1663
739,5.2974,-55.6069,82.1663
740,4.9974,-55.3069,82.1663
741,4.6974,-55.0069,82.1663
742,4.3974,-54.7069,82.1663
743,4.0974,-54.4069,82.1663
744,3.7974,-54.1069,82.1663
745,3.4974,-53.8069,82.1663
746,3.1974,-53.5069,82.1663
747,2.8974,-53.2069,82.1663
748,2.5974,-53.2069,82.1663
749,2.2974,-52.9069,81.8663
750,1.9974,-52.9069,81.8663
751,1.6974,-52.6069,81.8663
752,1.3974,-52.3069,81.8663
753,1.0974,-52.0069,81.5663
754,0.7974,-52.0069,81.5663
755,0.4974,-51.7069,81.5663
756,0.1974,-51.4069,81.5663
757,0.1974,-51.1069,81.5663
758,-0.1026,-50.8069,81.5663
759,-0.1026,-50.5069,81.5663
760,-0.4026,-50.5069,81.5663
761,-0.7026,-50.2069,81.5663
762,-1.0026,-49.9069,81.5663
763,-1.3026,-49.9069,81.5663
764,-1.6026,-49.6069,81.5663
765,-1.9026,-49.6069,81.5663
766,-2.2026,-49.6069,81.5663
767,-2.5026,-49.3069,81.5663
768,-2.8026,-49.3069,81.5663
769,-3.1026,-49.3069,81.5663
770,-3.4026,-49.3069,81.5663
771,-3.7026,-49.3069,81.5663
772,-4.0026,-49.3069,81.5663
773,-4.3026,-49.3069,81.5663
774,-4.6026,-49.6069,81.5663
775,-4.9026,-49.6069,81.5663
776,-5.2026,-49.6069,81.5663
777,-5.5026,-49.9069,81.5663
778,-5.8026,-50.2069,81.5663
779,-6.1026,-50.2069,81.5663
780,-6.4026,-50.5069,81.5663
781,-6.7026,-50.8069,81.5663
782,-6.7026,-51.1069,81.5663
783,-7.0026,-51.4069,81.5663
784,-7.3026,-51.7069,81.5663
785,-7.3026,-52.0069,81.5663
786,-7.3026,-52.3069,81.5663
787,-7.6026,-52.6069,81.5663
788,-7.6026,-52.9069,81.5663
789,-7.6026,-53.2069,81.5663
790,-7.6026,-53.5069,81.5663
791,-7.6026,-53.8069,81.5663
792,-7.6026,-54.1069,81.5663
793,-7.9026,-54.4069,81.5663
794,-7.9026,-54.7069,81.5663
795,-7.9026,-55.0069,81.5663
796,-8.2026,-55.3069,81.5663
797,-8.2026,-55.6069,81.5663
798,-23.2230,-53.7770,81.7000
799,-27.2121,-53.9891,81.7000
800,-28.9000,-55.9000,81.7000
801,-29.2026,-55.9069,81.5663
802,-29.5026,-55.6069,81.5663
803,-29.8026,-55.6069,81.5663
804,-30.1026,-55.3069,81.5663
805,-30.4026,-55.0069,81.5663
806,-30.7026,-54.7069,81.5663
807,-31.0026,-54.4069,81.5663
808,-31.3026,-54.1069,81.5663
809,-31.6026,-54.1069,81.5663
810,-31.9026,-53.8069,81.8663
811,-32.2026,-53.5069,81.5663
812,-32.5026,-53.2069,81.5663
813,-32.8026,-52.9069,81.5663
814,-32.8026,-52.6069,81.5663
815,-33.1026,-52.3069,81.5663
816,-33.1026,-52.0069,81.5663
817,-33.4026,-51.7069,81.5663
818,-33.4026,-51.4069,81.5663
819,-33.7026,-51.1069,81.5663
820,-33.7026,-50.8069,81.5663
821,-34.0026,-50.5069,81.5663
822,-34.0026,-50.2069,81.5663
823,-34.3026,-49.9069,81.5663
824,-34.3026,-49.6069,81.5663
825,-34.3026,-49.3069,81.5663
826,-34.3026,-49.0069,81.5663
827,-34.3026,-48.7069,81.5663
828,-34.3026,-48.4069,81.5663
829,-34.3026,-48.1069,81.5663
830,-34.3026,-47.8069,81.5663
831,-34.3026,-47.5069,81.5663
832,-34.3026,-47.2069,81.5663
833,-34.0026,-46.9069,81.5663
834,-34.0026,-46.6069,81.5663
835,-33.7026,-46.3069,81.5663
836,-33.7026,-46.0069,81.5663
837,-33.4026,-45.7069,81.5663
838,-33.1026,-45.4069,81.5663
839,-32.8026,-45.1069,81.5663
840,-32.5026,-44.8069,81.5663
841,-32.2026,-44.8069,81.5663
842,-31.9026,-44.5069,81.5663
843,-31.6026,-44.5069,81.5663
844,-31.3026,-44.2069,81.5663
845,-31.0026,-44.2069,81.5663
846,-30.7026,-44.2069,81.5663
847,-30.4026,-44.2069,81.5663
848,-30.1026,-44.2069,81.5663
849,-29.8026,-44.2069,81.5663
850,-29.5026,-44.2069,81.5663
851,-29.2026,-44.2069,81.5663
852,-28.9026,-44.2069,81.5663
853,-28.6026,-44.5069,81.5663
854,-28.3026,-44.5069,81.5663
855,-28.0026,-44.5069,81.5663
856,-27.7026,-44.5069,81.5663
857,-27.4026,-44.8069,81.8663
858,-27.1026,-45.1069,81.8663
859,-26.8026,-45.1069,81.8663
860,-26.5026,-45.4069,81.8663
861,-26.2026,-45.4069,81.8663
862,-25.9026,-45.4069,81.8663
863,-25.6026,-45.4069,81.8663
864,-25.3026,-45.7069,81.8663
865,-25.0026,-46.0069,81.8663
866,-24.7026,-46.0069,81.8663
867,-24.4026,-46.3069,81.8663
868,-24.1026,-46.6069,81.8663
869,-23.8026,-46.9069,81.8663
870,-23.5026,-47.2069,81.8663
871,-23.2026,-47.5069,81.5663
872,-23.2026,-47.8069,81.5663
873,-22.9026,-48.1069,81.5663
874,-22.9263,-48.5570,84.7000
875,-22.9026,-48.4069,84.5663
876,-23.2026,-48.1069,84.5663
877,-23.2026,-47.8069,84.5663
878,-23.5026,-47.5069,84.5663
879,-23.8026,-47.2069,84.5663
880,-23.8026,-46.9069,84.5663
881,-24.1026,-46.9069,84.5663
882,-24.4026,-46.6069,84.5663
883,-24.7026,-46.3069,84.5663
884,-25.0026,-46.3069,84.5663
885,-25.3026,-46.0069,84.5663
886,-25.6026,-46.0069,84.5663
887,-25.9026,-46.0069,84.5663
888,-26.2026,-45.7069,84.5663
889,-26.5026,-45.7069,84.5663
890,-27.5000,-45.7000,84.7000
891,-27.7026,-45.7069,84.5663
892,-28.0026,-45.7069,84.5663
893,-28.3026,-45.7069,84.5663
894,-28.6026,-46.0069,84.8663
895,-28.9026,-46.3069,84.8663
896,-29.2026,-46.3069,84.8663
897,-29.5026,-46.3069,84.8663
898,-29.8026,-46.3069,84.8663
899,-30.1026,-46.6069,85.1663
900,-30.4026,-46.6069,85.1663
901,-30.7026,-46.9069,85.1663
902,-31.0026,-47.2069,85.1663
903,-31.3026,-47.2069,85.1663
904,-31.6026,-47.5069,85.1663
905,-31.9026,-47.8069,85.1663
906,-31.9026,-48.1069,85.1663
907,-32.2026,-48.4069,85.1663
908,-32.5026,-48.7069,84.8663
909,-32.5026,-49.0069,84.8663
910,-32.5026,-49.3069,84.8663
911,-32.8026,-49.6069,84.5663
912,-32.8026,-49.9069,84.5663
913,-32.8026,-50.2069,84.5663
914,-32.8026,-50.5069,84.5663
915,-32.8026,-50.8069,84.5663
916,-32.8026,-51.1069,84.5663
917,-32.8026,-51.4069,84.5663
918,-32.8026,-51.7069,84.5663
919,-32.8026,-52.0069,84.5663
920,-32.5026,-52.3069,84.5663
921,-32.2026,-52.6069,84.5663
922,-32.2026,-52.9069,84.5663
923,-32.2026,-53.2069,84.5663
924,-31.9026,-53.5069,84.8663
925,-31.6026,-53.8069,84.8663
926,-31.3026,-53.8069,84.8663
927,-31.0026,-54.1069,84.8663
928,-30.7026,-54.4069,84.5663
929,-30.4026,-54.7069,84.5663
930,-30.1026,-54.7069,84.5663
931,-29.8026,-55.0069,84.5663
932,-29.5026,-55.3069,84.5663
933,-29.2026,-55.3069,84.5663
934,-28.9026,-55.6069,84.5663
935,-28.6026,-55.6069,84.5663
936,-28.3026,-55.9069,84.5663
937,-28.0026,-55.9069,84.5663
938,-27.7026,-55.9069,84.5663
939,-27.4026,-55.9069,84.5663
940,-27.1026,-55.9069,84.5663
941,-26.8026,-55.9069,84.5663
942,-26.5026,-55.9069,84.5663
943,-26.2026,-55.9069,84.5663
944,-25.9026,-55.9069,84.5663
945,-25.6026,-55.6069,84.5663
946,-25.3026,-55.3069,84.5663
947,-25.0026,-55.3069,84.5663
948,-24.7026,-55.0069,84.5663
949,-24.4026,-54.7069,84.5663
950,-24.1026,-54.4069,84.5663
951,-24.1097,-52.5676,84.7000
952,-7.7955,-57.2307,84.7000
953,-7.2355,-58.0355,84.5000
954,-5.6478,-58.6654,84.7000
955,-3.5000,-60.1000,84.7000
956,-3.7026,-60.1069,84.5663
957,-4.0026,-59.8069,84.5663
958,-4.3026,-59.8069,84.5663
959,-4.6026,-59.8069,84.5663
960,-4.9026,-59.8069,84.5663
961,-5.2026,-59.5069,84.5663
962,-5.5026,-59.5069,84.5663
963,-5.8026,-59.2069,84.5663
964,-6.1026,-59.2069,84.5663
965,-6.4026,-58.9069,84.5663
966,-6.7026,-58.6069,84.5663
967,-7.0026,-58.3069,84.5663
968,-7.3026,-58.0069,84.5663
969,-7.3026,-57.7069,84.5663
970,-7.6026,-57.4069,84.5663
971,-7.6026,-57.1069,84.5663
972,-7.9026,-56.8069,84.5663
973,-7.9026,-56.5069,84.5663
974,-7.9026,-56.2069,84.5663
975,-7.9026,-55.9069,84.5663
976,-7.9026,-55.6069,84.5663
977,-7.9026,-55.3069,84.5663
978,-7.9026,-55.0069,84.5663
979,-7.9026,-54.7069,84.5663
980,-7.9026,-54.4069,84.5663
981,-7.9026,-54.1069,84.5663
982,-7.9026,-53.8069,84.5663
983,-7.9026,-53.5069,84.5663
984,-7.6026,-53.2069,84.5663
985,-7.6026,-52.9069,84.5663
986,-7.3026,-52.6069,84.5663
987,-7.3026,-52.3069,84.5663
988,-7.0026,-52.0069,84.5663
989,-7.0026,-51.7069,84.5663
990,-6.7026,-51.4069,84.5663
991,-6.4026,-51.1069,84.5663
992,-6.1026,-50.8069,84.5663
993,-5.8026,-50.5069,84.5663
994,-5.5026,-50.5069,84.5663
995,-5.2026,-50.2069,84.5663
996,-4.9026,-50.2069,84.5663
997,-4.6026,-49.9069,84.5663
998,-4.3026,-49.9069,84.5663
999,-4.0026,-49.9069,84.5663
1000,-3.7026,-49.9069,84.5663
1001,-3.4026,-49.9069,84.5663
1002,-3.1026,-49.9069,84.5663
1003,-2.8026,-49.9069,84.5663
1004,-2.5026,-49.9069,84.5663
1005,-2.2026,-49.9069,84.5663
1006,-1.9026,-50.2069,84.5663
1007,-1.6026,-50.2069,84.5663
1008,-1.3026,-50.5069,84.5663
1009,-1.0026,-50.5069,84.5663
1010,-0.7026,-50.8069,84.5663
1011,-0.4026,-51.1069,84.5663
1012,-0.1026,-51.4069,84.5663
1013,0.1974,-51.7069,84.5663
1014,0.1974,-52.0069,84.5663
1015,0.4974,-52.3069,84.5663
1016,0.4974,-52.6069,84.5663
1017,0.7974,-52.9069,84.5663
1018,0.7974,-53.2069,84.5663
1019,0.7974,-53.5069,84.5663
1020,0.7974,-53.8069,84.5663
1021,0.7974,-54.1069,84.5663
1022,0.7974,-54.4069,84.5663
1023,0.7974,-54.7069,84.5663
1024,0.7974,-55.0069,84.5663
1025,0.7974,-55.3069,84.5663
1026,0.7974,-55.6069,84.5663
1027,0.7974,-55.9069,84.5663
1028,0.7974,-56.2069,84.5663
1029,0.7974,-56.5069,84.5663
1030,0.4974,-56.8069,84.5663
1031,0.4974,-57.1069,84.5663
1032,0.4974,-57.4069,84.5663
1033,0.1974,-57.7069,84.5663
1034,0.4974,-57.4069,84.5663
1035,0.4974,-57.1069,84.5663
1036,0.4974,-56.8069,84.5663
1037,0.7974,-56.5069,84.5663
1038,0.7974,-56.2069,84.5663
1039,0.7974,-55.9069,84.5663
1040,0.7974,-55.6069,84.5663
1041,0.7974,-55.3069,84.5663
1042,0.7974,-55.0069,84.5663
1043,0.7974,-54.7069,84.5663
1044,0.7974,-54.4069,84.5663
1045,0.7974,-54.1069,84.5663
1046,0.7974,-53.8069,84.5663
1047,0.7974,-53.5069,84.5663
1048,23.1000,-52.1000,84.9000
1049,23.2974,-52.0069,84.8663
1050,23.5974,-52.0069,84.8663
1051,23.8974,-52.0069,84.8663
1052,24.1974,-52.0069,84.8663
1053,24.4974,-52.3069,84.5663
1054,24.7974,-52.6069,84.5663
1055,25.0974,-52.6069,84.5663
1056,25.3974,-52.6069,84.5663
1057,25.6974,-52.6069,84.5663
1058,25.9974,-52.6069,84.5663
1059,25.6974,-52.6069,84.5663
1060,25.3974,-52.6069,84.5663
1061,25.0974,-52.6069,84.5663
1062,24.7974,-52.6069,84.5663
1063,24.4974,-52.6069,84.2663
1064,24.1974,-52.6069,84.2663
1065,23.8974,-52.6069,83.9663
1066,23.5974,-52.6069,83.9663
1067,23.2974,-52.6069,83.9663
1068,22.9974,-52.6069,83.9663
1069,22.6974,-52.6069,83.9663
1070,22.3974,-52.6069,83.9663
1071,22.0974,-52.9069,83.9663
1072,21.7974,-52.9069,83.9663
1073,21.4974,-53.2069,83.9663
1074,21.1974,-53.5069,83.9663
1075,20.8974,-53.8069,83.9663
1076,20.5974,-53.8069,83.9663
1077,20.2974,-53.8069,83.9663
1078,19.9974,-53.8069,83.9663
1079,19.6974,-53.8069,83.9663
1080,19.3974,-53.8069,83.9663
1081,19.0974,-53.8069,83.9663
1082,18.7974,-54.1069,83.9663
1083,18.4974,-54.1069,83.9663
1084,18.1974,-54.4069,83.9663
1085,17.8974,-54.4069,83.9663
1086,17.5974,-54.7069,83.9663
1087,17.2974,-55.0069,83.9663
1088,16.9974,-55.3069,83.9663
1089,16.6974,-55.6069,83.9663
1090,16.6974,-55.9069,83.9663
1091,16.3974,-56.2069,83.9663
1092,16.3974,-56.5069,83.9663
1093,16.0974,-56.8069,83.9663
1094,16.0974,-57.1069,83.9663
1095,15.7974,-57.4069,83.9663
1096,15.7974,-57.7069,83.9663
1097,15.7974,-58.0069,83.9663
1098,15.7974,-58.3069,83.9663
1099,15.7974,-58.6069,83.9663
1100,15.7974,-58.9069,83.9663
1101,15.4974,-59.2069,83.6663
1102,15.4974,-59.5069,83.6663
1103,15.4974,-59.8069,83.6663
1104,15.4974,-60.1069,83.6663
1105,15.4974,-60.4069,83.6663
1106,15.7974,-60.7069,83.6663
1107,15.7974,-61.0069,83.6663
1108,15.7974,-61.3069,83.6663
1109,16.0974,-61.6069,83.6663
1110,16.0974,-61.9069,83.6663
1111,16.3974,-62.2069,83.6663
1112,16.6974,-62.5069,83.6663
1113,16.9974,-62.8069,83.9663
1114,17.2974,-63.1069,83.9663
1115,17.5974,-63.4069,83.9663
1116,17.8974,-63.4069,83.9663
1117,18.1974,-63.7069,83.9663
1118,18.4974,-63.7069,83.9663
1119,18.7974,-64.0069,84.2663
1120,19.0974,-64.0069,84.2663
1121,19.3974,-64.0069,84.2663
1122,19.6974,-64.0069,84.2663
1123,19.9974,-64.0069,84.2663
1124,20.2974,-64.0069,84.2663
1125,20.5974,-64.0069,84.2663
1126,20.8974,-64.0069,84.2663
1127,21.1974,-64.0069,84.2663
1128,21.4974,-63.7069,84.5663
1129,22.2230,-63.5770,84.5000
1130,22.3974,-64.0069,84.2663
1131,22.6974,-64.3069,83.9663
1132,22.9974,-64.3069,83.9663
1133,23.2974,-64.6069,83.6663
1134,23.5974,-64.6069,83.6663
1135,23.8974,-64.6069,83.6663
1136,24.1974,-64.6069,83.6663
1137,24.4974,-64.6069,83.6663
1138,24.7974,-64.6069,83.6663
1139,25.0974,-64.6069,83.6663
1140,25.3974,-64.6069,83.6663
1141,25.6974,-64.6069,83.6663
1142,25.9974,-64.6069,83.6663
1143,26.2974,-64.6069,83.6663
1144,26.5974,-64.6069,83.6663
1145,26.8974,-64.9069,83.6663
1146,27.1974,-64.9069,83.6663
1147,27.4974,-65.2069,83.6663
1148,27.7974,-65.2069,83.6663
1149,28.0974,-65.2069,83.6663
1150,28.3974,-65.2069,83.6663
1151,28.6974,-65.2069,83.6663
1152,28.9974,-65.2069,83.6663
1153,29.2974,-65.2069,83.6663
1154,29.5974,-65.2069,83.6663
1155,29.8974,-65.2069,83.6663
1156,30.1974,-65.2069,83.6663
1157,30.4974,-65.2069,83.6663
1158,30.7974,-65.2069,83.6663
1159,31.0974,-65.2069,83.6663
1160,31.3974,-65.2069,83.6663
1161,31.6974,-65.2069,83.6663
1162,31.9974,-65.2069,83.6663
1163,32.2974,-65.2069,83.6663
1164,32.5974,-65.5069,83.6663
1165,32.8974,-65.8069,83.6663
1166,33.1974,-65.8069,83.6663
1167,33.4974,-66.1069,83.6663
1168,33.7974,-66.1069,83.6663
1169,34.0974,-66.1069,83.6663
1170,34.3974,-66.1069,83.6663
1171,34.6974,-66.1069,83.6663
1172,34.9974,-66.1069,83.6663
1173,35.2974,-66.1069,83.6663
1174,35.5974,-66.1069,83.6663
1175,35.8974,-66.1069,83.9663
1176,36.1974,-66.1069,83.9663
1177,36.4974,-66.1069,84.2663
1178,36.7974,-66.1069,84.2663
1179,37.0974,-66.1069,84.2663
1180,37.3974,-66.1069,84.2663
1181,37.6974,-66.1069,84.2663
1182,37.9974,-66.1069,84.2663
1183,38.2974,-66.1069,84.2663
1184,38.5974,-65.8069,84.5663
1185,38.8974,-66.1069,84.8663
1186,39.1974,-66.1069,84.8663
1187,39.4974,-66.4069,84.8663
1188,39.7974,-66.4069,84.8663
1189,40.0974,-66.7069,84.8663
1190,40.3974,-66.7069,84.8663
1191,40.6974,-67.0069,84.8663
1192,40.9974,-67.0069,84.8663
1193,41.2974,-67.3069,84.8663
1194,41.5974,-67.3069,84.8663
1195,41.8974,-67.6069,84.8663
1196,42.1974,-67.6069,84.8663
1197,48.1693,-67.5955,84.7000
1198,48.4974,-67.9069,84.5663
1199,48.7974,-67.9069,84.5663
1200,49.0974,-67.9069,84.5663
1201,49.3974,-67.9069,84.5663
1202,49.6974,-68.2069,84.5663
1203,49.9974,-68.5069,84.5663
1204,50.2974,-68.5069,84.5663
1205,50.5974,-68.5069,84.5663
1206,50.8974,-68.5069,84.5663
1207,51.1974,-68.5069,84.5663
1208,51.4974,-68.5069,84.5663
1209,51.7974,-68.5069,84.5663
1210,52.0974,-68.5069,84.5663
1211,52.3974,-68.5069,84.5663
1212,52.6974,-68.5069,84.5663
1213,52.9974,-68.5069,84.5663
1214,53.2974,-68.5069,84.5663
1215,53.5974,-68.5069,84.5663
1216,53.8974,-68.5069,84.5663
1217,54.1974,-68.5069,84.5663
1218,54.4974,-68.5069,84.5663
1219,54.7974,-68.8069,84.5663
1220,55.0974,-69.1069,84.5663
1221,55.3974,-69.1069,84.5663
1222,55.6974,-69.1069,84.5663
1223,55.9974,-69.1069,84.5663
1224,56.2974,-69.1069,84.5663
1225,56.5974,-69.1069,84.5663
1226,56.8974,-69.1069,84.5663
1227,57.1974,-69.4069,84.5663
1228,57.4974,-69.4069,84.5663
1229,57.7974,-69.4069,84.5663
1230,58.0974,-69.4069,84.5663
1231,58.3974,-69.4069,84.5663
1232,58.6974,-69.4069,84.5663
1233,58.9974,-69.4069,84.5663
1234,59.2974,-69.4069,84.5663
1235,59.5974,-69.7069,84.5663
1236,59.8974,-69.7069,84.5663
1237,60.1974,-70.0069,84.5663
1238,60.4974,-70.0069,84.5663
1239,60.7974,-70.0069,84.5663
1240,61.0974,-70.0069,84.5663
1241,61.3974,-70.0069,84.5663
1242,61.6974,-70.0069,84.5663
1243,61.9974,-70.0069,84.5663
1244,62.2974,-70.0069,84.5663
1245,62.5974,-70.0069,84.5663
1246,62.8974,-70.0069,84.5663
1247,63.1974,-70.3069,84.5663
1248,63.4974,-70.3069,84.5663
1249,63.7974,-70.6069,84.5663
1250,64.0974,-70.6069,84.5663
1251,64.3974,-70.9069,84.5663
1252,64.6974,-70.9069,84.5663
1253,64.9974,-71.2069,84.5663
1254,65.2974,-71.5069,84.5663
1255,65.5974,-71.5069,84.5663
1256,65.8974,-71.8069,84.5663
1257,66.1974,-71.8069,84.5663
1258,66.4974,-72.1069,84.5663
1259,66.7974,-72.1069,84.5663
1260,67.0974,-72.1069,84.5663
1261,67.3974,-72.1069,84.5663
1262,67.6974,-72.1069,84.5663
1263,67.9974,-72.1069,84.5663
1264,68.2974,-72.1069,84.5663
1265,68.5974,-72.1069,84.5663
1266,68.8974,-71.8069,84.5663
1267,69.1974,-71.8069,84.5663
1268,69.4974,-71.8069,84.5663
1269,69.7974,-71.5069,84.5663
1270,70.0974,-71.2069,84.5663
1271,70.3974,-71.2069,84.5663
1272,70.6974,-70.9069,84.5663
1273,70.9974,-70.6069,84.5663
1274,71.2974,-70.6069,84.5663
1275,71.5974,-70.6069,84.5663
1276,71.8974,-70.3069,84.5663
1277,71.8974,-70.0069,84.5663
1278,72.1974,-69.7069,84.5663
1279,72.4974,-69.4069,84.5663
1280,72.4974,-69.1069,84.5663
1281,72.7974,-68.8069,84.5663
1282,72.7974,-68.5069,84.5663
1283,72.7974,-68.2069,84.5663
1284,73.0974,-67.9069,84.5663
1285,73.0974,-67.6069,84.5663
1286,73.0974,-67.3069,84.5663
1287,73.0974,-67.0069,84.5663
1288,73.0974,-66.7069,84.5663
1289,73.0974,-66.4069,84.5663
1290,73.0974,-66.1069,84.5663
1291,72.7974,-65.8069,84.5663
1292,72.7974,-65.5069,84.5663
1293,72.7974,-65.2069,84.5663
1294,72.4974,-64.9069,84.5663
1295,72.4974,-64.6069,84.5663
1296,72.1974,-64.3069,84.5663
1297,71.8974,-64.0069,84.5663
1298,71.3184,-63.4816,84.7000
1299,70.9974,-63.1069,84.5663
1300,70.6974,-62.8069,84.5663
1301,70.3974,-62.5069,84.5663
1302,70.0974,-62.2069,84.5663
1303,69.7974,-61.9069,84.5663
1304,69.4974,-61.6069,84.5663
1305,69.1974,-61.3069,84.5663
1306,68.8974,-61.0069,84.5663
1307,68.5974,-60.7069,84.5663
1308,68.2974,-60.4069,84.5663
1309,67.9974,-60.1069,84.5663
1310,67.6974,-59.8069,84.5663
1311,67.3974,-59.5069,84.5663
1312,67.0974,-59.5069,84.5663
1313,66.7974,-59.2069,84.5663
1314,66.4974,-59.2069,84.5663
1315,66.1974,-59.2069,84.5663
1316,65.8974,-59.2069,84.5663
1317,65.5974,-59.2069,84.5663
1318,65.2974,-59.2069,84.5663
1319,64.9974,-59.2069,84.5663
1320,64.6974,-59.2069,84.5663
1321,64.3974,-59.2069,84.5663
1322,64.0974,-58.9069,84.5663
1323,63.7974,-58.9069,84.5663
1324,63.4974,-58.6069,84.5663
1325,63.1974,-58.6069,84.5663
1326,62.8974,-58.6069,84.5663
1327,62.5974,-58.6069,84.5663
1328,62.2974,-58.6069,84.5663
1329,61.9974,-58.6069,84.5663
1330,61.6974,-58.6069,84.5663
1331,61.3974,-58.6069,84.5663
1332,61.0974,-58.6069,84.5663
1333,60.7974,-58.3069,84.5663
1334,60.4974,-58.3069,84.5663
1335,60.1974,-58.0069,84.5663
1336,59.8974,-58.0069,84.5663
1337,59.5974,-58.0069,84.5663
1338,59.2974,-58.0069,84.5663
1339,58.9974,-58.0069,84.5663
1340,58.6974,-58.0069,84.5663
1341,58.3974,-58.0069,84.5663
1342,58.0974,-58.0069,84.5663
1343,57.7974,-58.0069,84.5663
1344,57.4974,-58.0069,84.5663
1345,57.1974,-58.0069,84.5663
1346,56.8974,-58.0069,84.5663
1347,56.5974,-58.0069,84.5663
1348,56.2974,-57.7069,84.5663
1349,55.9974,-57.4069,84.5663
1350,55.6974,-57.1069,84.5663
1351,55.3974,-56.8069,84.5663
1352,55.0974,-56.5069,84.5663
1353,54.7974,-56.5069,84.5663
1354,54.4974,-56.5069,84.5663
1355,54.1974,-56.5069,84.5663
1356,53.8974,-56.5069,84.5663
1357,53.5974,-56.5069,84.5663
1358,53.2974,-56.5069,84.5663
1359,52.9974,-56.5069,84.5663
1360,52.6974,-56.5069,84.5663
1361,52.3974,-56.5069,84.5663
1362,52.0974,-56.5069,84.5663
1363,51.7974,-56.5069,84.5663
1364,51.4974,-56.5069,84.5663
1365,51.1974,-56.5069,84.5663
1366,50.8974,-56.5069,84.5663
1367,50.5974,-56.5069,84.5663
1368,50.2974,-56.5069,84.5663
1369,49.9974,-56.5069,84.5663
1370,49.6974,-56.5069,84.5663
1371,49.3974,-56.5069,84.5663
1372,49.0974,-56.5069,84.5663
1373,48.7974,-56.5069,84.5663
1374,48.4974,-56.2069,84.5663
1375,48.1974,-56.2069,84.5663
1376,47.8974,-56.2069,84.5663
1377,47.5974,-55.9069,84.5663
1378,47.2974,-55.9069,84.5663
1379,46.9974,-55.9069,84.5663
1380,46.6974,-55.9069,84.5663
1381,46.3974,-55.9069,84.5663
1382,46.0974,-55.9069,84.5663
1383,45.7974,-55.9069,84.5663
1384,45.4974,-55.9069,84.5663
1385,45.1974,-55.9069,84.5663
1386,44.8974,-55.9069,84.5663
1387,44.5974,-55.9069,84.5663
1388,44.2974,-55.9069,84.5663
1389,43.9974,-55.9069,84.5663
1390,43.6974,-55.9069,84.5663
1391,43.3974,-55.9069,84.5663
1392,43.0974,-55.6069,84.5663
1393,42.7974,-55.6069,84.5663
1394,42.4974,-55.6069,84.5663
1395,42.1974,-55.6069,84.5663
1396,41.8974,-55.6069,84.5663
1397,41.5974,-55.6069,84.5663
1398,41.2974,-55.6069,84.5663
1399,40.9974,-55.6069,84.5663
1400,40.9974,-55.3069,84.5663
1401,40.9974,-55.0069,84.5663
1402,40.9974,-54.7069,84.5663
1403,40.9974,-54.4069,84.8663
1404,40.9974,-54.1069,85.1663
1405,40.9974,-53.8069,85.4663
1406,40.9974,-53.5069,85.4663
1407,40.9974,-53.2069,85.4663
1408,40.9974,-52.9069,85.7663
1409,40.9974,-52.6069,86.0663
1410,40.9974,-52.3069,86.3663
1411,41.2974,-52.0069,86.6663
1412,41.2974,-51.7069,86.9663
1413,41.2974,-51.4069,87.2663
1414,41.2974,-51.1069,87.5663
1415,41.2974,-50.8069,87.8663
1416,41.2974,-50.5069,88.1663
1417,41.2974,-50.2069,88.4663
1418,41.2974,-50.2069,88.7663
1419,41.2974,-49.9069,89.0663
1420,41.2974,-49.6069,89.3663
1421,41.2974,-49.6069,89.6663
1422,41.2974,-49.3069,89.9663
1423,41.2974,-49.3069,90.2663
1424,41.2974,-49.3069,90.5663
1425,41.2974,-49.3069,90.8663
1426,41.2974,-49.3069,91.1663
1427,41.2974,-49.3069,91.4663
1428,41.2974,-49.3069,91.7663
1429,41.2974,-49.3069,92.0663
1430,41.2974,-49.3069,92.3663
1431,41.2974,-49.3069,92.6663
1432,41.2974,-49.6069,92.9663
1433,41.2974,-49.6069,93.2663
1434,41.2974,-49.9069,93.5663
1435,41.2974,-50.2069,93.8663
1436,41.2974,-50.5069,94.1663
1437,41.2974,-50.8069,94.4663
1438,41.2974,-51.1069,94.4663
1439,40.9974,-51.4069,94.7663
1440,40.6974,-51.7069,95.0663
1441,40.6974,-52.0069,95.0663
1442,40.6974,-52.3069,95.0663
1443,40.6974,-52.6069,95.0663
1444,40.6974,-52.9069,95.0663
1445,40.6974,-53.2069,95.0663
1446,40.6974,-53.5069,95.0663
1447,40.6974,-53.8069,95.0663
1448,40.6974,-54.1069,95.0663
1449,40.6974,-54.4069,95.0663
1450,40.6974,-54.7069,95.0663
1451,40.6974,-55.0069,95.0663
1452,40.6974,-55.3069,95.0663
1453,40.6974,-55.6069,95.0663
1454,40.6974,-55.9069,95.0663
1455,40.6974,-56.2069,95.0663
1456,40.6974,-56.5069,95.0663
1457,40.6974,-56.8069,95.0663
1458,40.6974,-57.1069,95.0663
1459,40.6974,-57.4069,95.0663
1460,40.6974,-57.7069,95.0663
1461,40.6974,-58.0069,95.0663
1462,40.6974,-58.3069,95.0663
1463,40.3974,-58.6069,95.0663
1464,40.3974,-58.9069,95.0663
1465,40.0974,-59.2069,95.0663
1466,40.0974,-59.5069,95.0663
1467,40.0974,-59.8069,95.0663
1468,40.0974,-60.1069,95.0663
1469,40.0974,-60.4069,95.0663
1470,39.7974,-60.7069,95.0663
1471,39.7974,-61.0069,95.0663
1472,39.4974,-61.3069,95.0663
1473,39.4974,-61.6069,95.0663
1474,39.1974,-61.9069,95.0663
1475,39.1974,-62.2069,95.0663
1476,39.1974,-62.5069,95.0663
1477,39.1974,-62.8069,95.0663
1478,39.1974,-63.1069,95.0663
1479,39.1974,-63.4069,94.7663
1480,39.1974,-63.7069,94.7663
1481,39.1974,-64.0069,94.7663
1482,39.1974,-64.3069,94.4663
1483,39.1974,-64.6069,94.1663
1484,39.1974,-64.9069,94.1663
1485,39.1974,-65.2069,93.8663
1486,39.1974,-65.5069,93.5663
1487,39.1974,-65.5069,93.2663
1488,39.1974,-65.8069,92.9663
1489,39.1974,-66.1069,92.6663
1490,39.1974,-66.1069,92.3663
1491,39.1974,-66.4069,92.0663
1492,39.1974,-66.7069,91.7663
1493,39.1974,-66.7069,91.4663
1494,39.1974,-67.0069,91.1663
1495,39.1974,-67.0069,90.8663
1496,39.1974,-67.3069,90.5663
1497,39.1974,-67.3069,90.2663
1498,39.1974,-67.3069,89.9663
1499,39.1974,-67.3069,89.6663
1500,39.1974,-67.3069,89.3663
1501,39.1974,-67.3069,89.0663
1502,39.1974,-67.3069,88.7663
1503,39.1974,-67.3069,88.4663
1504,39.4974,-67.3069,88.1663
1505,39.7974,-67.3069,87.8663
1506,40.0974,-67.3069,87.5663
1507,40.3974,-67.6069,87.8663
1508,40.6974,-67.6069,88.1663
1509,40.9974,-67.6069,88.4663
1510,41.2974,-67.6069,88.7663
1511,41.5974,-67.6069,89.0663
1512,41.8974,-67.6069,89.3663
1513,42.1974,-67.9069,89.6663
1514,42.4974,-67.9069,89.9663
1515,42.7974,-67.9069,90.2663
1516,43.0974,-67.9069,90.5663
1517,43.3974,-67.9069,90.8663
1518,43.6974,-67.9069,91.1663
1519,43.9974,-67.9069,91.4663
1520,44.2974,-67.9069,91.7663
1521,44.5974,-67.9069,92.0663
1522,44.8974,-67.6069,92.3663
1523,45.1974,-67.3069,92.6663
1524,45.4974,-67.0069,92.9663
1525,45.7974,-66.7069,93.2663
1526,46.0974,-66.4069,93.5663
1527,46.3974,-66.1069,93.8663
1528,46.6974,-65.8069,94.1663
1529,46.9974,-65.5069,94.4663
1530,47.2974,-65.5069,94.4663
1531,47.5974,-65.5069,94.4663
1532,47.8974,-65.5069,94.4663
1533,48.1974,-65.5069,94.4663
1534,48.4974,-65.2069,94.7663
1535,48.7974,-65.2069,94.7663
1536,49.0974,-65.2069,94.7663
1537,49.3974,-65.2069,94.7663
1538,49.6974,-65.2069,94.7663
1539,49.9974,-65.2069,94.7663
1540,50.2974,-65.2069,94.7663
1541,50.5974,-64.9069,95.0663
1542,50.8974,-64.6069,95.0663
1543,51.1974,-64.3069,95.0663
1544,51.4974,-64.0069,95.0663
1545,51.7974,-63.7069,95.0663
1546,52.0974,-63.4069,95.0663
1547,52.3974,-63.1069,95.0663
1548,52.6974,-62.8069,94.7663
1549,52.9974,-62.5069,94.7663
1550,53.2974,-62.2069,94.4663
1551,53.5974,-61.9069,94.4663
1552,53.8974,-61.9069,94.4663
1553,54.1974,-61.9069,94.4663
1554,54.4974,-61.9069,94.4663
1555,54.7974,-61.9069,94.4663
1556,55.0974,-61.9069,94.4663
1557,55.3974,-61.9069,94.4663
1558,55.6974,-61.9069,94.4663
1559,55.9974,-61.9069,94.4663
1560,56.2974,-61.9069,94.4663
1561,56.5974,-61.9069,94.4663
1562,56.8974,-61.9069,94.4663
1563,57.1974,-61.9069,94.4663
1564,57.4974,-61.9069,94.4663
1565,57.7974,-61.9069,94.4663
1566,58.0974,-61.9069,94.4663
1567,58.3974,-61.9069,94.4663
1568,58.6974,-61.9069,94.4663
1569,58.9974,-61.9069,94.4663
1570,59.2974,-61.9069,94.4663
1571,59.5974,-61.9069,94.4663
1572,59.8974,-61.9069,94.4663
1573,60.1974,-61.9069,94.4663
1574,60.4974,-61.9069,94.4663
1575,60.7974,-61.9069,94.4663
1576,61.0974,-61.9069,94.4663
1577,61.3974,-61.9069,94.4663
1578,61.6974,-61.9069,94.4663
1579,61.9974,-61.9069,94.4663
1580,62.2974,-61.9069,94.4663
1581,62.5974,-61.9069,94.4663
1582,62.8974,-61.9069,94.4663
1583,63.1974,-61.9069,94.4663
1584,63.4974,-61.9069,94.4663
1585,63.7974,-61.9069,94.4663
1586,64.0974,-61.9069,94.4663
1587,64.3974,-61.9069,94.4663
1588,64.6974,-61.9069,94.4663
1589,64.9974,-61.6069,94.1663
1590,65.2974,-61.6069,94.1663
1591,65.5974,-61.6069,94.1663
1592,65.8974,-61.6069,94.1663
1593,66.1974,-61.3069,94.1663
1594,66.4974,-61.0069,94.1663
1595,66.7974,-60.7069,94.1663
1596,67.0974,-60.4069,94.1663
1597,67.3974,-60.4069,94.1663
1598,67.6974,-60.7069,93.8663
1599,67.9974,-60.7069,93.8663
1600,68.2974,-61.0069,93.5663
1601,68.5974,-61.3069,93.2663
1602,68.8974,-61.6069,92.9663
1603,69.1974,-61.6069,92.6663
1604,69.4974,-61.6069,92.3663
1605,69.7974,-61.6069,92.0663
1606,69.7974,-61.6069,91.7663
1607,70.0974,-61.6069,91.4663
1608,70.0974,-61.6069,91.1663
1609,70.0974,-61.6069,90.8663
1610,70.3974,-61.9069,90.5663
1611,70.3974,-61.9069,90.2663
1612,70.3974,-61.9069,89.9663
1613,70.3974,-61.9069,89.6663
1614,70.3974,-61.9069,89.3663
1615,70.3974,-61.9069,89.0663
1616,70.3974,-61.9069,88.7663
1617,70.3974,-61.9069,88.4663
1618,70.3974,-61.9069,88.1663
1619,70.0974,-62.2069,87.8663
1620,70.0974,-62.2069,87.5663
1621,70.7284,-63.6716,87.7000
1622,70.9974,-64.0069,87.5663
1623,71.2974,-64.3069,87.5663
1624,71.5974,-64.6069,87.5663
1625,71.5974,-64.9069,87.5663
1626,71.8974,-65.2069,87.8663
1627,71.8974,-65.5069,87.8663
1628,72.1974,-65.8069,87.8663
1629,72.1974,-66.1069,87.8663
1630,72.1974,-66.4069,87.8663
1631,72.1974,-66.7069,87.8663
1632,72.1974,-67.0069,87.8663
1633,72.1974,-67.3069,87.8663
1634,72.1974,-67.6069,87.8663
1635,72.1974,-67.9069,87.8663
1636,72.1974,-68.2069,87.8663
1637,71.8974,-68.5069,87.8663
1638,71.8974,-68.8069,87.8663
1639,71.5974,-69.1069,87.8663
1640,71.5974,-69.4069,87.8663
1641,71.5974,-69.7069,87.8663
1642,71.2974,-70.0069,87.8663
1643,70.9974,-70.3069,87.8663
1644,70.6974,-70.6069,87.5663
1645,70.3974,-70.9069,87.5663
1646,70.0974,-71.2069,87.2663
1647,69.7974,-71.2069,87.2663
1648,69.4974,-71.5069,87.2663
1649,69.1974,-71.5069,87.2663
1650,68.8974,-71.8069,87.2663
1651,68.5974,-71.8069,87.2663
1652,68.2974,-71.8069,87.2663
1653,67.9974,-71.8069,87.2663
1654,67.6974,-71.8069,87.2663
1655,67.3974,-71.8069,87.2663
1656,67.0974,-71.8069,87.2663
1657,66.7974,-71.8069,87.2663
1658,66.4974,-71.8069,87.2663
1659,66.1974,-71.8069,87.2663
1660,65.8974,-71.8069,87.2663
1661,65.5974,-71.8069,87.2663
1662,65.2974,-71.8069,87.2663
1663,64.9974,-71.8069,87.2663
1664,64.6974,-71.5069,87.2663
1665,64.3974,-71.5069,87.2663
1666,64.0974,-71.5069,87.2663
1667,63.7974,-71.2069,87.5663
1668,63.4974,-71.2069,87.5663
1669,63.1974,-71.2069,87.5663
1670,62.8974,-71.2069,87.5663
1671,62.5974,-71.2069,87.5663
1672,62.2974,-71.2069,87.5663
1673,61.9974,-71.2069,87.5663
1674,61.6974,-71.2069,87.5663
1675,61.3974,-71.2069,87.5663
1676,61.0974,-71.2069,87.5663
1677,60.7974,-71.2069,87.5663
1678,60.4974,-71.2069,87.5663
1679,60.1974,-71.2069,87.5663
1680,59.8974,-71.2069,87.5663
1681,59.5974,-71.2069,87.5663
1682,59.2974,-71.2069,87.5663
1683,58.9974,-71.2069,87.5663
1684,58.6974,-71.2069,87.5663
1685,58.3974,-71.2069,87.5663
1686,58.0974,-71.2069,87.5663
1687,57.7974,-71.2069,87.5663
1688,57.4974,-71.2069,87.5663
1689,57.1974,-71.2069,87.5663
1690,56.8974,-71.2069,87.5663
1691,56.5974,-70.9069,87.5663
1692,56.2974,-70.9069,87.5663
1693,55.9974,-70.6069,87.5663
1694,55.6974,-70.6069,87.5663
1695,55.3974,-70.3069,87.5663
1696,55.0974,-70.3069,87.5663
1697,54.7974,-70.0069,87.5663
1698,54.4974,-70.0069,87.5663
1699,54.1974,-70.0069,87.5663
1700,53.8974,-69.7069,87.5663
1701,53.5974,-69.7069,87.5663
1702,53.2974,-69.7069,87.5663
1703,52.9974,-69.7069,87.5663
1704,52.6974,-69.7069,87.5663
1705,52.3974,-69.7069,87.5663
1706,52.0974,-69.7069,87.5663
1707,51.7974,-69.4069,87.5663
1708,51.4974,-69.1069,87.5663
1709,51.1974,-69.1069,87.5663
1710,50.8974,-69.1069,87.5663
1711,50.5974,-69.1069,87.5663
1712,50.2974,-69.1069,87.5663
1713,49.9974,-69.1069,87.5663
1714,49.6974,-69.1069,87.5663
1715,49.3974,-69.1069,87.5663
1716,49.0974,-68.8069,87.5663
1717,48.7974,-68.8069,87.5663
1718,48.4974,-68.8069,87.5663
1719,48.1974,-68.8069,87.5663
1720,47.8974,-68.8069,87.5663
1721,47.5974,-68.8069,87.5663
1722,47.2974,-68.8069,87.5663
1723,46.9974,-68.8069,87.5663
1724,46.6974,-68.8069,87.5663
1725,46.3974,-68.8069,87.5663
1726,46.0974,-68.8069,87.5663
1727,45.7974,-68.8069,87.5663
1728,45.4974,-68.8069,87.5663
1729,45.1974,-68.8069,87.5663
1730,44.8974,-68.8069,87.5663
1731,44.5974,-68.8069,87.5663
1732,44.2974,-68.8069,87.5663
1733,43.9974,-68.8069,87.5663
1734,43.6974,-68.8069,87.5663
1735,43.3974,-68.8069,87.5663
1736,43.0974,-68.8069,87.5663
1737,42.7974,-68.8069,87.5663
1738,42.4974,-68.8069,87.5663
1739,42.1974,-68.8069,87.5663
1740,41.8974,-68.8069,87.5663
1741,41.5974,-68.8069,87.5663
1742,41.2974,-68.8069,87.5663
1743,40.9974,-68.8069,87.5663
1744,40.6974,-68.8069,87.5663
1745,40.3974,-68.8069,87.5663
1746,40.0974,-68.8069,87.5663
1747,39.7974,-68.5069,87.5663
1748,39.4974,-68.5069,87.5663
1749,39.1974,-68.5069,87.5663
1750,38.8974,-68.2069,87.5663
1751,38.5974,-67.9069,87.5663
1752,38.2974,-67.9069,87.5663
1753,37.9974,-67.6069,87.5663
1754,37.6974,-67.6069,87.5663
1755,37.3974,-67.6069,87.5663
1756,37.0974,-67.3069,87.5663
1757,37.0974,-67.3069,87.8663
1758,37.0974,-67.3069,88.1663
1759,37.0974,-67.3069,88.4663
1760,37.0974,-67.3069,88.7663
1761,37.0974,-67.3069,89.0663
1762,37.0974,-67.3069,89.3663
1763,37.0974,-67.3069,89.6663
1764,37.0974,-67.3069,89.9663
1765,36.7974,-67.0069,90.2663
1766,36.7974,-67.0069,90.5663
1767,36.7974,-67.0069,90.8663
1768,36.4974,-66.7069,91.1663
1769,36.4974,-66.7069,91.4663
1770,36.1974,-66.4069,91.7663
1771,35.8974,-66.1069,92.0663
1772,35.5974,-65.8069,92.3663
1773,35.2974,-65.5069,92.6663
1774,34.9974,-65.2069,92.9663
1775,34.6974,-64.9069,93.2663
1776,34.3974,-64.6069,93.5663
1777,34.0974,-64.3069,93.8663
1778,33.7974,-64.0069,94.1663
1779,33.7974,-63.7069,94.1663
1780,33.4974,-63.4069,94.4663
1781,33.1974,-63.1069,94.4663
1782,32.8974,-62.8069,94.7663
1783,32.5974,-62.5069,94.7663
1784,32.2974,-62.2069,94.7663
1785,31.9974,-61.9069,95.0663
1786,31.6974,-61.6069,95.0663
1787,31.3974,-61.3069,95.0663
1788,31.0974,-61.0069,95.0663
1789,30.7974,-60.7069,95.0663
1790,30.4974,-60.4069,95.0663
1791,30.1974,-60.1069,95.0663
1792,29.8974,-59.8069,95.0663
1793,29.5974,-59.5069,95.0663
1794,29.2974,-59.2069,95.0663
1795,28.9974,-58.9069,95.0663
1796,28.6974,-58.6069,94.7663
1797,28.3974,-58.3069,94.7663
1798,28.0974,-58.0069,94.4663
1799,27.7974,-57.7069,94.4663
1800,27.4974,-57.4069,94.1663
1801,27.1974,-57.1069,94.1663
1802,26.8974,-56.8069,94.1663
1803,26.5974,-56.5069,94.1663
1804,26.2974,-56.2069,94.1663
1805,25.9974,-55.9069,94.1663
1806,25.6974,-55.6069,94.1663
1807,25.3974,-55.3069,94.1663
1808,25.0974,-55.0069,94.1663
1809,24.7974,-54.7069,94.1663
1810,24.4974,-54.4069,94.1663
1811,24.1974,-54.1069,94.1663
1812,23.8974,-53.8069,94.1663
1813,23.5974,-53.5069,94.1663
1814,23.5974,-53.2069,94.1663
1815,23.5974,-52.9069,94.1663
1816,23.5974,-52.6069,94.1663
1817,23.2974,-52.3069,94.1663
1818,22.9974,-52.0069,94.1663
1819,22.6974,-51.7069,94.1663
1820,22.3974,-51.7069,93.8663
1821,22.0974,-51.7069,93.8663
1822,21.7974,-51.7069,93.5663
1823,21.4974,-51.7069,93.2663
1824,21.1974,-51.7069,92.9663
1825,20.8974,-51.7069,92.6663
1826,20.5974,-51.7069,92.3663
1827,20.5974,-51.7069,92.0663
1828,20.2974,-51.7069,91.7663
1829,20.2974,-51.7069,91.4663
1830,19.9974,-51.7069,91.1663
1831,19.9974,-51.7069,90.8663
1832,19.9974,-51.7069,90.5663
1833,19.9974,-51.7069,90.2663
1834,19.9974,-51.7069,89.9663
1835,19.9974,-51.7069,89.6663
1836,19.9974,-51.7069,89.3663
1837,19.9974,-51.7069,89.0663
1838,19.9974,-51.7069,88.7663
1839,19.9974,-51.7069,88.4663
1840,19.9974,-51.7069,88.1663
1841,19.9974,-51.7069,87.8663
1842,20.2974,-52.0069,87.5663
1843,19.9974,-52.0069,87.5663
1844,19.6974,-52.0069,87.5663
1845,19.3974,-52.0069,87.5663
1846,19.0974,-52.0069,87.5663
1847,18.7974,-52.0069,87.5663
1848,18.4974,-52.0069,87.5663
1849,18.1974,-52.0069,87.5663
1850,17.8974,-52.0069,87.5663
1851,17.5974,-52.0069,87.5663
1852,17.2974,-52.0069,87.5663
1853,16.9974,-52.0069,87.5663
1854,16.6974,-52.0069,87.5663
1855,16.3974,-52.0069,87.5663
1856,16.0974,-52.0069,87.5663
1857,15.7974,-52.3069,87.2663
1858,15.4974,-52.3069,87.2663
1859,15.1974,-52.3069,87.2663
1860,14.8974,-52.3069,87.2663
1861,14.5974,-52.3069,87.2663
1862,14.2974,-52.3069,87.2663
1863,13.9974,-52.3069,87.2663
1864,13.6974,-52.3069,87.2663
1865,13.3974,-52.3069,87.2663
1866,13.0974,-52.3069,87.2663
1867,12.7974,-52.3069,87.2663
1868,12.4974,-52.3069,87.2663
1869,12.1974,-52.3069,87.2663
1870,11.8974,-52.3069,87.2663
1871,11.5974,-52.3069,87.2663
1872,11.2974,-52.3069,87.2663
1873,10.9974,-52.6069,86.9663
1874,10.6974,-52.9069,86.6663
1875,10.3974,-53.2069,86.3663
1876,10.0974,-53.5069,86.0663
1877,9.7974,-53.8069,85.7663
1878,9.4974,-54.1069,85.7663
1879,9.1974,-54.4069,85.4663
1880,8.8974,-54.7069,85.4663
1881,8.5974,-55.0069,85.1663
1882,8.2974,-55.3069,85.1663
1883,7.9974,-55.6069,85.1663
1884,7.6974,-55.9069,84.8663
1885,7.3974,-56.2069,84.8663
1886,7.0974,-56.5069,84.5663
1887,6.7974,-56.8069,84.5663
1888,6.4974,-56.8069,84.5663
1889,6.1974,-56.8069,84.5663
1890,5.8974,-56.8069,84.5663
1891,5.5974,-56.8069,84.5663
1892,5.2974,-57.1069,84.5663
1893,4.9974,-57.4069,84.5663
1894,4.6974,-57.7069,84.5663
1895,4.3974,-58.0069,84.5663
1896,4.0974,-58.3069,84.5663
1897,3.7974,-58.6069,84.5663
1898,3.4974,-58.9069,84.8663
1899,3.1974,-58.9069,84.8663
1900,2.8974,-59.2069,85.1663
1901,2.5974,-59.5069,85.4663
1902,2.2974,-59.8069,85.7663
1903,1.9974,-60.1069,86.0663
1904,1.9974,-60.1069,86.3663
1905,1.6974,-60.4069,86.6663
1906,1.6974,-60.4069,86.9663
1907,1.6974,-60.7069,87.2663
1908,1.6974,-60.7069,87.5663
1909,1.3974,-60.7069,87.5663
1910,1.0974,-60.7069,87.5663
1911,0.7974,-60.7069,87.5663
1912,0.4974,-60.7069,87.5663
1913,0.1974,-60.7069,87.5663
1914,-0.1026,-60.7069,87.5663
1915,-0.4026,-60.7069,87.5663
1916,-0.7026,-60.7069,87.5663
1917,-1.0026,-60.7069,87.5663
1918,-1.3026,-60.7069,87.5663
1919,-1.6026,-60.7069,87.5663
1920,-1.9026,-60.7069,87.5663
1921,-2.2026,-60.7069,87.5663
1922,-2.5026,-60.7069,87.5663
1923,-2.8026,-60.7069,87.5663
1924,-3.1026,-60.7069,87.5663
1925,-3.4026,-60.7069,87.5663
1926,-3.7026,-60.7069,87.5663
1927,-4.0026,-60.7069,87.5663
1928,-4.3026,-60.7069,87.5663
1929,-4.6026,-60.7069,87.5663
1930,-4.9026,-60.7069,87.5663
1931,-5.2026,-60.7069,87.5663
1932,-5.5026,-60.7069,87.5663
1933,-5.8026,-60.7069,87.5663
1934,-6.1026,-60.7069,87.5663
1935,-6.4026,-60.7069,87.5663
1936,-6.7026,-60.7069,87.5663
1937,-7.0026,-60.7069,87.5663
1938,-7.3026,-60.7069,87.5663
1939,-7.6026,-60.7069,87.5663
1940,-7.9026,-60.7069,87.5663
1941,-8.2026,-60.7069,87.5663
1942,-8.5026,-60.7069,87.5663
1943,-8.8026,-60.7069,87.5663
1944,-9.1026,-60.7069,87.5663
1945,-9.4026,-60.7069,87.5663
1946,-9.7026,-60.7069,87.5663
1947,-10.0026,-60.7069,87.5663
1948,-10.3026,-60.7069,87.5663
1949,-10.6026,-60.7069,87.5663
1950,-10.9026,-60.7069,87.5663
1951,-11.2026,-60.7069,87.5663
1952,-11.5026,-60.7069,87.5663
1953,-11.8026,-60.7069,87.5663
1954,-12.1026,-60.7069,87.5663
1955,-12.4026,-60.7069,87.5663
1956,-12.7026,-60.7069,87.5663
1957,-13.0026,-60.7069,87.5663
1958,-13.3026,-60.7069,87.5663
1959,-13.6026,-60.7069,87.5663
1960,-13.9026,-60.7069,87.5663
1961,-14.2026,-60.7069,87.5663
1962,-14.5026,-60.7069,87.5663
1963,-14.8026,-60.7069,87.5663
1964,-15.1026,-60.7069,87.5663
1965,-15.4026,-60.7069,87.5663
1966,-15.7026,-60.7069,87.5663
1967,-16.0026,-60.7069,87.5663
1968,-16.3026,-60.7069,87.5663
1969,-16.6026,-60.7069,87.5663
1970,-16.9026,-60.7069,87.5663
1971,-17.2026,-60.4069,87.5663
1972,-17.5026,-60.4069,87.5663
1973,-17.8026,-60.4069,87.5663
1974,-18.1026,-60.1069,87.5663
1975,-18.4026,-60.1069,87.5663
1976,-18.7026,-59.8069,87.5663
1977,-19.0026,-59.8069,87.5663
1978,-19.3026,-59.5069,87.5663
1979,-19.6026,-59.5069,87.5663
1980,-19.9026,-59.2069,87.5663
1981,-20.2026,-59.2069,87.5663
1982,-20.5026,-58.9069,87.5663
1983,-20.8026,-58.9069,87.5663
1984,-21.1026,-58.9069,87.5663
1985,-21.4026,-58.6069,87.5663
1986,-21.7026,-58.6069,87.5663
1987,-22.0026,-58.3069,87.5663
1988,-22.3026,-58.3069,87.5663
1989,-22.6026,-58.0069,87.5663
1990,-22.9026,-58.0069,87.5663
1991,-23.2026,-57.7069,87.5663
1992,-23.5026,-57.7069,87.5663
1993,-23.8026,-57.4069,87.5663
1994,-24.1026,-57.4069,87.5663
1995,-24.4026,-57.4069,87.5663
1996,-24.7026,-57.1069,87.5663
1997,-25.0026,-57.1069,87.5663
1998,-25.3026,-56.8069,87.5663
1999,-25.6026,-56.8069,87.5663
2000,-25.9026,-56.5069,87.5663
2001,-26.2026,-56.5069,87.5663
2002,-26.5026,-56.2069,87.5663
2003,-26.8026,-56.2069,87.5663
2004,-27.1026,-55.9069,87.5663
2005,-27.4026,-55.9069,87.5663
2006,-27.7026,-55.9069,87.5663
2007,-28.0026,-55.6069,87.5663
2008,-28.3026,-55.6069,87.5663
2009,-28.6026,-55.6069,87.5663
2010,-28.9026,-55.6069,87.5663
2011,-29.2026,-55.3069,87.5663
2012,-29.5026,-55.3069,87.5663
2013,-29.8026,-55.0069,87.5663
2014,-30.1026,-55.0069,87.5663
2015,-30.4026,-54.7069,87.5663
2016,-30.7026,-54.4069,87.5663
2017,-30.7026,-54.4069,87.8663
2018,-31.0026,-54.4069,88.1663
2019,-31.0026,-54.4069,88.4663
2020,-31.0026,-54.4069,88.7663
2021,-31.0026,-54.4069,89.0663
2022,-31.0026,-54.4069,89.3663
2023,-31.0026,-54.4069,89.6663
2024,-31.0026,-54.4069,89.9663
2025,-31.0026,-54.4069,90.2663
2026,-30.7026,-54.4069,90.5663
2027,-30.4026,-54.7069,90.5663
2028,-30.1026,-55.0069,90.5663
2029,-29.8026,-55.0069,90.5663
2030,-29.5026,-55.3069,90.5663
2031,-29.2026,-55.3069,90.5663
2032,-28.9026,-55.6069,90.5663
2033,-28.6026,-55.6069,90.5663
2034,-28.3026,-55.6069,90.5663
2035,-28.0026,-55.6069,90.5663
2036,-27.7026,-55.6069,90.5663
2037,-27.4026,-55.6069,90.5663
2038,-27.1026,-55.9069,90.5663
2039,-26.8026,-55.9069,90.5663
2040,-26.5026,-55.9069,90.5663
2041,-26.2026,-55.9069,90.5663
2042,-25.9026,-56.2069,90.5663
2043,-25.6026,-56.2069,90.5663
2044,-25.3026,-56.5069,90.5663
2045,-25.0026,-56.8069,90.5663
2046,-24.7026,-56.8069,90.5663
2047,-24.4026,-56.8069,90.5663
2048,-24.1026,-56.8069,90.5663
2049,-23.8026,-56.8069,90.5663
2050,-23.5026,-56.8069,90.5663
2051,-23.2026,-56.8069,90.5663
2052,-22.9026,-56.8069,90.5663
2053,-22.7000,-56.7000,90.7000
2054,-22.3026,-56.8069,90.5663
2055,-22.0026,-57.1069,90.5663
2056,-21.7026,-57.1069,90.5663
2057,-21.4026,-57.1069,90.5663
2058,-21.1026,-57.1069,90.5663
2059,-20.8026,-57.1069,90.5663
2060,-20.5026,-57.4069,90.5663
2061,-20.2026,-57.4069,90.5663
2062,-19.9026,-57.4069,90.5663
2063,-19.6026,-57.4069,90.5663
2064,-19.3026,-57.4069,90.5663
2065,-19.0026,-57.4069,90.5663
2066,-18.5000,-57.7000,90.7000
2067,-16.6900,-57.9042,90.7000
2068,-16.3026,-58.0069,90.5663
2069,-16.0026,-58.0069,90.5663
2070,-15.7026,-58.0069,90.5663
2071,-15.4026,-58.0069,90.5663
2072,-15.1026,-58.3069,90.5663
2073,-14.8026,-58.3069,90.5663
2074,-14.5026,-58.3069,90.5663
2075,-14.2026,-58.3069,90.5663
2076,-13.9026,-58.3069,90.5663
2077,-13.6026,-58.3069,90.5663
2078,-13.3026,-58.6069,90.5663
2079,-13.0026,-58.6069,90.5663
2080,-12.7026,-58.6069,90.5663
2081,-12.4026,-58.6069,90.5663
2082,-12.1026,-58.6069,90.5663
2083,-11.8026,-58.9069,90.5663
2084,-11.5026,-58.9069,90.5663
2085,-11.2026,-58.9069,90.5663
2086,-10.9026,-58.9069,90.5663
2087,-10.6026,-58.9069,90.5663
2088,-7.4900,-59.5042,90.7000
2089,-7.3026,-59.5069,90.5663
2090,-7.0026,-59.5069,90.5663
2091,-6.7026,-59.5069,90.5663
2092,-6.4026,-59.5069,90.5663
2093,-6.1026,-59.5069,90.5663
2094,-5.8026,-59.5069,90.5663
2095,-5.5026,-59.8069,90.5663
2096,-5.2026,-60.1069,90.5663
2097,-4.9026,-60.1069,90.5663
2098,-4.6026,-60.1069,90.5663
2099,-4.3026,-60.1069,90.5663
2100,-4.0026,-60.1069,90.5663
2101,-3.7026,-60.1069,90.5663
2102,-3.4026,-60.1069,90.5663
2103,-3.1026,-60.1069,90.5663
2104,-2.8026,-60.4069,90.5663
2105,-2.5026,-60.4069,90.5663
2106,-2.2026,-60.4069,90.5663
2107,-1.9026,-60.4069,90.5663
2108,-1.6026,-60.4069,90.5663
2109,-1.3026,-60.4069,90.5663
2110,-1.0026,-60.4069,90.5663
2111,1.3750,-60.7250,90.7000
2112,3.8500,-61.1500,90.7000
2113,6.3250,-61.5750,90.7000
2114,11.2750,-62.4250,90.7000
2115,13.7500,-62.8500,90.7000
2116,16.2250,-63.2750,90.7000
2117,18.7000,-63.7000,90.7000
2118,19.0974,-63.7069,90.5663
2119,19.3974,-64.0069,90.8663
2120,19.6974,-64.0069,90.8663
2121,19.9974,-64.0069,90.8663
2122,20.2974,-64.0069,90.8663
2123,20.5974,-64.0069,90.8663
2124,20.8974,-64.3069,91.1663
2125,21.1974,-64.6069,91.4663
2126,21.4974,-64.9069,91.7663
2127,21.7974,-65.2069,92.0663
2128,22.0974,-65.2069,92.0663
2129,22.3974,-65.5069,92.3663
2130,22.6974,-65.5069,92.3663
2131,22.9974,-65.8069,92.6663
2132,23.2974,-65.8069,92.6663
2133,23.5974,-65.8069,92.6663
2134,23.8974,-65.8069,92.6663
2135,24.1974,-65.8069,92.6663
2136,24.4974,-65.8069,92.6663
2137,24.7974,-65.8069,92.6663
2138,25.0974,-65.8069,92.6663
2139,25.3974,-65.8069,92.6663
2140,25.6974,-65.8069,92.6663
2141,25.9974,-65.8069,92.6663
2142,26.2974,-65.8069,92.6663
2143,26.5974,-65.8069,92.6663
2144,26.8974,-65.8069,92.6663
2145,27.1974,-65.8069,92.6663
2146,27.4974,-65.8069,92.6663
2147,27.7974,-65.8069,92.6663
2148,28.0974,-65.8069,92.6663
2149,28.3974,-65.8069,92.6663
2150,28.6974,-65.8069,92.6663
2151,28.9974,-65.8069,92.6663
2152,29.2974,-65.8069,92.6663
2153,29.5974,-65.8069,92.6663
2154,29.8974,-65.8069,92.6663
2155,30.1974,-65.8069,92.6663
2156,30.4974,-65.8069,92.6663
2157,30.7974,-65.8069,92.6663
2158,31.0974,-65.8069,92.6663
2159,31.3974,-65.8069,92.6663
2160,31.6974,-65.8069,92.6663
2161,31.9974,-66.1069,92.6663
2162,32.2974,-66.4069,92.6663
2163,32.5974,-66.4069,92.6663
2164,32.8974,-66.4069,92.6663
2165,33.1974,-66.4069,92.6663
2166,33.4974,-66.4069,92.6663
2167,33.7974,-66.4069,92.6663
2168,34.0974,-66.4069,92.6663
2169,34.3974,-66.4069,92.6663
2170,34.6974,-66.4069,92.3663
2171,34.9974,-66.4069,92.3663
2172,35.2974,-66.4069,92.0663
2173,35.5974,-66.7069,91.7663
2174,35.8974,-67.0069,91.4663
2175,36.1974,-67.0069,91.1663
2176,36.4974,-67.0069,90.8663
2177,36.7974,-67.0069,90.5663
2178,37.0974,-67.0069,90.5663
2179,37.3974,-67.0069,90.5663
2180,37.6974,-67.0069,90.5663
2181,37.9974,-67.3069,90.5663
2182,38.2974,-67.3069,90.5663
2183,38.5974,-67.3069,90.5663
2184,38.8974,-67.3069,90.5663
2185,39.1974,-67.6069,90.5663
2186,39.4974,-67.6069,90.5663
2187,39.7974,-67.6069,90.5663
2188,40.0974,-67.6069,90.5663
2189,40.3974,-67.6069,90.5663
2190,40.6974,-67.6069,90.5663
2191,40.9974,-67.6069,90.5663
2192,41.2974,-67.6069,90.5663
2193,41.5974,-67.9069,90.5663
2194,41.8974,-67.9069,90.5663
2195,42.1974,-67.9069,90.5663
2196,42.4974,-67.9069,90.5663
2197,42.7974,-67.9069,90.5663
2198,43.0974,-67.9069,90.5663
2199,43.3974,-67.9069,90.5663
2200,43.6974,-67.9069,90.5663
2201,43.9974,-67.9069,90.5663
2202,44.2974,-68.2069,90.5663
2203,44.5974,-68.2069,90.5663
2204,44.8974,-68.2069,90.5663
2205,45.1974,-68.2069,90.5663
2206,45.4974,-68.2069,90.5663
2207,45.7974,-68.5069,90.5663
2208,46.0974,-68.5069,90.5663
2209,46.3974,-68.5069,90.5663
2210,46.6974,-68.5069,90.5663
2211,46.9974,-68.8069,90.5663
2212,47.2974,-68.8069,90.5663
2213,47.5974,-68.8069,90.5663
2214,47.8974,-68.8069,90.5663
2215,48.1974,-68.8069,90.5663
2216,48.4974,-69.1069,90.5663
2217,48.7974,-69.1069,90.5663
2218,49.0974,-69.1069,90.5663
2219,49.3974,-69.1069,90.5663
2220,49.6974,-69.4069,90.5663
2221,49.9974,-69.4069,90.5663
2222,50.2974,-69.4069,90.5663
2223,50.5974,-69.4069,90.5663
2224,50.8974,-69.4069,90.5663
2225,51.1974,-69.4069,90.5663
2226,51.4974,-69.4069,90.5663
2227,51.7974,-69.4069,90.5663
2228,52.0974,-69.7069,90.5663
2229,52.3974,-69.7069,90.5663
2230,52.6974,-69.7069,90.5663
2231,52.9974,-70.0069,90.5663
2232,53.2974,-70.0069,90.5663
2233,53.5974,-70.0069,90.5663
2234,53.8974,-70.0069,90.5663
2235,54.1974,-70.0069,90.5663
2236,54.4974,-70.0069,90.5663
2237,54.7974,-70.0069,90.5663
2238,55.0974,-70.0069,90.5663
2239,55.3974,-70.3069,90.5663
2240,55.6974,-70.3069,90.5663
2241,55.9974,-70.3069,90.5663
2242,56.2974,-70.3069,90.5663
2243,56.5974,-70.6069,90.5663
2244,56.8974,-70.6069,90.5663
2245,57.1974,-70.6069,90.5663
2246,57.4974,-70.6069,90.5663
2247,57.7974,-70.6069,90.5663
2248,58.0974,-70.6069,90.5663
2249,58.3974,-70.6069,90.5663
2250,58.6974,-70.6069,90.5663
2251,58.9974,-70.9069,90.5663
2252,59.2974,-70.9069,90.5663
2253,59.5974,-70.9069,90.5663
2254,59.8974,-70.9069,90.5663
2255,60.1974,-70.9069,90.5663
2256,60.4974,-70.9069,90.5663
2257,60.7974,-71.2069,90.5663
2258,61.0974,-71.2069,90.5663
2259,61.3974,-71.2069,90.5663
2260,61.6974,-71.2069,90.5663
2261,61.9974,-71.2069,90.5663
2262,62.2974,-71.2069,90.5663
2263,62.5974,-71.2069,90.5663
2264,62.8974,-71.2069,90.5663
2265,63.1974,-71.5069,90.5663
2266,63.4974,-71.5069,90.5663
2267,63.7974,-71.5069,90.5663
2268,64.0974,-71.5069,90.5663
2269,64.3974,-71.5069,90.5663
2270,64.6974,-71.5069,90.8663
2271,64.9974,-71.5069,91.1663
2272,65.2974,-71.5069,91.4663
2273,65.5974,-71.5069,91.4663
2274,65.8974,-71.5069,91.4663
2275,66.1974,-71.5069,91.4663
2276,66.4974,-71.5069,91.7663
2277,66.7974,-71.5069,91.7663
2278,67.0974,-71.5069,91.7663
2279,67.3974,-71.5069,91.7663
2280,67.6974,-71.5069,91.7663
2281,67.9974,-71.5069,91.7663
2282,68.2974,-71.5069,91.7663
2283,68.5974,-71.5069,91.7663
2284,68.8974,-71.2069,91.7663
2285,69.1974,-71.2069,91.7663
2286,69.4974,-70.9069,91.7663
2287,69.7974,-70.6069,91.7663
2288,70.0974,-70.3069,91.7663
2289,70.3974,-70.0069,91.7663
2290,70.6974,-69.7069,91.7663
2291,70.6974,-69.4069,91.7663
2292,70.9974,-69.1069,91.4663
2293,71.2974,-68.8069,91.1663
2294,71.2974,-68.5069,91.1663
2295,71.2974,-68.2069,91.1663
2296,71.5974,-67.9069,90.8663
2297,71.5974,-67.6069,90.8663
2298,71.5974,-67.3069,90.8663
2299,71.5974,-67.0069,90.8663
2300,71.5974,-66.7069,90.8663
2301,71.5974,-66.4069,90.8663
2302,71.5974,-66.1069,90.8663
2303,71.5974,-65.8069,90.8663
2304,71.5974,-65.5069,90.8663
2305,71.5974,-65.2069,90.8663
2306,71.5974,-64.9069,90.8663
2307,71.5974,-64.6069,90.8663
2308,71.5974,-64.3069,90.8663
2309,71.5974,-64.0069,90.8663
2310,71.5974,-63.7069,90.8663
2311,71.5974,-63.4069,90.8663
2312,71.5974,-63.1069,90.8663
2313,71.5974,-62.8069,90.8663
2314,71.5974,-62.5069,90.8663
2315,71.5974,-62.2069,90.8663
2316,71.5974,-61.9069,90.8663
2317,71.5974,-61.6069,90.8663
2318,71.5974,-61.3069,90.8663
2319,71.5974,-61.0069,90.8663
2320,71.5974,-60.7069,90.8663
2321,71.5974,-60.4069,90.8663
2322,71.2974,-60.1069,90.5663
2323,71.2974,-59.8069,90.5663
2324,70.9974,-59.5069,90.5663
2325,70.6974,-59.2069,90.5663
2326,70.6974,-58.9069,90.5663
2327,70.9974,-58.6069,90.5663
2328,70.9974,-58.3069,90.5663
2329,70.9974,-58.0069,90.5663
2330,70.9974,-57.7069,90.5663
2331,70.9974,-57.4069,90.5663
2332,70.9974,-57.1069,90.5663
2333,70.9974,-56.8069,90.5663
2334,70.9974,-56.5069,90.5663
2335,70.6974,-56.2069,90.5663
2336,70.6974,-55.9069,90.5663
2337,70.3974,-55.6069,90.5663
2338,70.3974,-55.3069,90.5663
2339,70.0974,-55.0069,90.5663
2340,70.0974,-54.7069,90.5663
2341,69.7974,-54.7069,90.5663
2342,69.4974,-54.4069,90.5663
2343,69.1974,-54.1069,90.5663
2344,68.8974,-54.1069,90.5663
2345,68.5974,-53.8069,90.5663
2346,68.2974,-53.8069,90.5663
2347,67.9974,-53.5069,90.5663
2348,67.6974,-53.5069,90.5663
2349,67.3974,-53.5069,90.5663
2350,67.0974,-53.5069,90.5663
2351,66.7974,-53.5069,90.5663
2352,66.4974,-53.5069,90.5663
2353,66.1974,-53.5069,90.5663
2354,65.8974,-53.5069,90.5663
2355,65.5974,-53.5069,90.5663
2356,65.2974,-53.2069,90.5663
2357,64.9974,-53.2069,90.5663
2358,64.6974,-53.2069,90.5663
2359,64.3974,-52.9069,90.5663
2360,64.0974,-52.9069,90.5663
2361,63.7974,-52.9069,90.5663
2362,63.4974,-52.9069,90.5663
2363,63.1974,-52.9069,90.5663
2364,62.8974,-52.9069,90.5663
2365,62.5974,-52.9069,90.5663
2366,62.2974,-52.9069,90.5663
2367,61.9974,-52.6069,90.5663
2368,61.6974,-52.6069,90.5663
2369,61.3974,-52.6069,90.5663
2370,61.0974,-52.6069,90.5663
2371,60.7974,-52.6069,90.5663
2372,60.4974,-52.6069,90.5663
2373,60.1974,-52.6069,90.5663
2374,59.8974,-52.6069,90.5663
2375,59.5974,-52.6069,90.5663
2376,59.2974,-52.6069,90.5663
2377,58.9974,-52.6069,90.5663
2378,58.6974,-52.9069,90.5663
2379,58.3974,-52.9069,90.5663
2380,58.0974,-53.2069,90.5663
2381,57.7974,-53.2069,90.5663
2382,57.4974,-52.9069,90.5663
2383,57.1974,-52.6069,90.5663
2384,56.8974,-52.3069,90.5663
2385,56.5974,-52.0069,90.5663
2386,56.2974,-52.0069,90.5663
2387,55.9974,-51.7069,90.5663
2388,55.6974,-51.7069,90.5663
2389,55.3974,-51.4069,90.8663
2390,55.0974,-51.4069,90.8663
2391,54.7974,-51.4069,90.8663
2392,54.4974,-51.4069,90.8663
2393,54.1974,-51.4069,90.8663
2394,53.8974,-51.4069,90.8663
2395,53.5974,-51.4069,90.8663
2396,53.2974,-51.1069,90.8663
2397,52.9974,-51.1069,90.8663
2398,52.6974,-50.8069,90.8663
2399,52.3974,-50.8069,90.8663
2400,52.0974,-50.8069,90.8663
2401,51.7974,-50.8069,90.8663
2402,51.4974,-50.8069,90.8663
2403,51.1974,-50.8069,90.8663
2404,50.8974,-50.8069,90.8663
2405,50.5974,-50.8069,90.8663
2406,50.2974,-50.8069,90.8663
2407,49.9974,-50.8069,90.8663
2408,49.6974,-50.5069,90.8663
2409,49.3974,-50.5069,90.8663
2410,49.0974,-50.2069,90.8663
2411,48.7974,-50.2069,90.8663
2412,48.4974,-50.2069,90.8663
2413,48.1974,-50.2069,90.8663
2414,47.8974,-50.2069,90.8663
2415,47.5974,-50.2069,90.8663
2416,47.2974,-50.2069,90.8663
2417,46.9974,-50.2069,90.8663
2418,46.6974,-50.2069,90.8663
2419,46.3974,-50.2069,90.8663
2420,46.0974,-50.2069,90.8663
2421,45.7974,-50.2069,90.8663
2422,45.4974,-50.2069,90.8663
2423,45.1974,-50.2069,90.8663
2424,44.8974,-49.9069,90.8663
2425,44.5974,-49.9069,90.8663
2426,44.2974,-49.6069,90.8663
2427,43.9974,-49.6069,90.8663
2428,43.6974,-49.3069,90.8663
2429,43.3974,-49.3069,90.8663
2430,43.0974,-49.3069,90.8663
2431,42.7974,-49.3069,90.8663
2432,42.4974,-49.3069,90.8663
2433,42.1974,-49.3069,90.8663
2434,41.8974,-49.3069,90.8663
2435,41.5974,-49.3069,90.8663
2436,41.2974,-49.3069,90.8663
2437,40.9974,-49.0069,90.8663
2438,40.6974,-49.0069,90.8663
2439,40.3974,-48.7069,90.8663
2440,40.0974,-48.7069,90.8663
2441,39.7974,-48.7069,90.8663
2442,39.4974,-48.7069,90.8663
2443,26.0307,-46.6045,90.7000
2444,25.6974,-46.6069,90.5663
2445,25.3974,-46.3069,90.5663
2446,25.0974,-46.3069,90.5663
2447,24.7974,-46.3069,90.5663
2448,24.4974,-46.3069,90.5663
2449,24.1974,-46.3069,90.5663
2450,23.8974,-46.3069,90.5663
2451,23.5974,-46.3069,90.5663
2452,23.2974,-46.6069,90.5663
2453,22.9974,-46.6069,90.5663
2454,22.6974,-46.9069,90.5663
2455,22.3974,-46.9069,90.5663
2456,22.0974,-47.2069,90.5663
2457,21.7974,-47.5069,90.5663
2458,21.4974,-47.8069,90.5663
2459,21.1974,-48.1069,90.5663
2460,21.1974,-48.4069,90.5663
2461,20.8974,-48.7069,90.5663
2462,20.8974,-49.0069,90.5663
2463,20.5974,-49.3069,90.5663
2464,20.5974,-49.6069,90.5663
2465,20.2974,-49.9069,90.5663
2466,20.2974,-50.2069,90.5663
2467,20.2974,-50.5069,90.5663
2468,19.9974,-50.8069,90.5663
2469,19.9974,-51.1069,90.5663
2470,19.9974,-51.4069,90.5663
2471,19.9974,-51.7069,90.5663
2472,19.9974,-52.0069,90.5663
2473,19.6974,-52.3069,90.5663
2474,19.6974,-52.6069,90.5663
2475,19.6974,-52.9069,90.5663
2476,19.6974,-53.2069,90.5663
2477,16.3369,-53.2654,90.7000
2478,16.0974,-53.2069,90.5663
2479,15.7974,-53.2069,90.5663
2480,15.4974,-53.2069,90.5663
2481,15.1974,-52.9069,90.5663
2482,14.8974,-52.9069,90.5663
2483,14.5974,-52.9069,90.5663
2484,14.2974,-52.9069,90.5663
2485,13.9974,-52.9069,90.5663
2486,13.6974,-52.9069,90.5663
2487,13.3974,-52.9069,90.5663
2488,13.0974,-52.6069,90.5663
2489,12.7974,-52.6069,90.5663
2490,12.4974,-52.6069,90.5663
2491,12.1974,-52.3069,90.5663
2492,11.8974,-52.3069,90.5663
2493,11.5974,-52.3069,90.5663
2494,11.2974,-52.3069,90.5663
2495,10.9974,-52.3069,90.5663
2496,10.6974,-52.3069,90.5663
2497,10.3974,-52.3069,90.5663
2498,10.0974,-52.3069,90.5663
2499,9.7974,-52.0069,90.5663
2500,9.4974,-52.0069,90.5663
2501,9.1974,-52.0069,90.5663
2502,8.8974,-52.0069,90.5663
2503,8.5974,-52.0069,90.5663
2504,8.2974,-52.0069,90.5663
2505,7.9974,-51.7069,90.5663
2506,7.6974,-51.7069,90.5663
2507,7.3974,-51.7069,90.5663
2508,7.0974,-51.4069,90.5663
2509,6.7974,-51.1069,90.5663
2510,6.4974,-51.1069,90.5663
2511,6.1974,-51.1069,90.5663
2512,5.8974,-51.1069,90.5663
2513,5.5974,-51.1069,90.5663
2514,5.2974,-51.1069,90.5663
2515,4.9974,-51.1069,90.5663
2516,4.6974,-51.1069,90.5663
2517,4.3974,-51.1069,90.5663
2518,4.0974,-51.1069,90.5663
2519,3.7974,-51.1069,90.5663
2520,3.4974,-51.1069,90.5663
2521,3.1974,-51.1069,90.5663
2522,2.8974,-50.8069,90.5663
2523,2.5974,-50.8069,90.5663
2524,2.2974,-50.8069,90.5663
2525,1.9974,-50.8069,90.5663
2526,1.6974,-50.8069,90.5663
2527,1.3974,-50.8069,90.5663
2528,1.0974,-50.8069,90.5663
2529,0.7974,-50.8069,90.5663
2530,0.4974,-50.8069,90.5663
2531,0.1974,-50.8069,90.5663
2532,-0.1026,-50.5069,90.5663
2533,-0.4026,-50.5069,90.5663
2534,-0.7026,-50.5069,90.5663
2535,-1.0026,-50.5069,90.5663
2536,-1.3026,-50.5069,90.5663
2537,-1.6026,-50.5069,90.5663
2538,-1.9026,-50.2069,90.5663
2539,-2.2026,-50.2069,90.5663
2540,-2.5026,-50.2069,90.5663
2541,-2.8026,-50.2069,90.5663
2542,-3.1026,-50.2069,90.5663
2543,-3.4026,-50.2069,90.5663
2544,-3.7026,-50.2069,90.5663
2545,-4.0026,-49.9069,90.5663
2546,-4.3026,-49.9069,90.5663
2547,-4.6026,-49.9069,90.5663
2548,-4.9026,-49.6069,90.5663
2549,-5.2026,-49.6069,90.5663
2550,-5.5026,-49.3069,90.5663
2551,-5.8026,-49.3069,90.5663
2552,-6.1026,-49.3069,90.5663
2553,-6.4026,-49.3069,90.5663
2554,-6.7026,-49.3069,90.5663
2555,-7.0026,-49.3069,90.5663
2556,-7.3026,-49.3069,90.5663
2557,-7.6026,-49.3069,90.5663
2558,-10.1000,-53.8000,90.5000
2559,-11.9000,-48.5000,90.7000
2560,-12.1026,-48.4069,90.5663
2561,-12.4026,-48.4069,90.5663
2562,-12.7026,-48.4069,90.5663
2563,-13.0026,-48.1069,90.5663
2564,-13.3026,-48.1069,90.5663
2565,-13.6026,-48.1069,90.5663
2566,-13.9026,-48.1069,90.5663
2567,-14.2026,-48.1069,90.5663
2568,-14.5026,-47.8069,90.5663
2569,-14.8026,-47.8069,90.5663
2570,-15.1026,-47.8069,90.5663
2571,-15.4026,-47.8069,90.5663
2572,-15.7026,-47.5069,90.5663
2573,-16.0026,-47.2069,90.5663
2574,-16.3026,-47.2069,90.5663
2575,-16.6026,-47.2069,90.5663
2576,-16.9026,-47.2069,90.5663
2577,-17.2026,-47.2069,90.5663
2578,-17.5026,-47.2069,90.5663
2579,-17.8026,-47.2069,90.5663
2580,-18.1026,-47.2069,90.5663
2581,-18.4026,-47.2069,90.5663
2582,-18.7026,-47.2069,90.5663
2583,-19.0026,-47.2069,90.5663
2584,-19.3026,-47.2069,90.5663
2585,-19.6026,-47.2069,90.5663
2586,-19.9026,-46.9069,90.5663
2587,-20.2026,-46.9069,90.5663
2588,-22.1397,-46.8502,90.7000
2589,-22.0026,-46.9069,90.8663
2590,-22.0026,-46.9069,91.1663
2591,-22.0026,-47.2069,91.4663
2592,-22.0026,-47.2069,91.7663
2593,-22.0026,-47.5069,92.0663
2594,-22.0026,-47.5069,92.3663
2595,-22.0026,-47.8069,92.6663
2596,-22.0026,-47.8069,92.9663
2597,-22.0026,-48.1069,93.2663
2598,-22.0026,-48.4069,93.5663
2599,-22.3026,-48.4069,93.5663
2600,-22.6026,-48.1069,93.5663
2601,-22.9026,-48.1069,93.5663
2602,-23.2026,-48.1069,93.5663
2603,-23.5026,-47.8069,93.5663
2604,-23.8026,-47.5069,93.5663
2605,-24.1026,-47.5069,93.5663
2606,-24.4026,-47.2069,93.5663
2607,-24.7026,-46.9069,93.5663
2608,-25.0026,-46.9069,93.5663
2609,-25.3026,-46.6069,93.5663
2610,-25.6026,-46.6069,93.5663
2611,-25.9026,-46.3069,93.5663
2612,-26.2026,-46.3069,93.5663
2613,-26.5026,-46.3069,93.5663
2614,-26.8026,-46.3069,93.5663
2615,-27.1026,-46.3069,93.5663
2616,-27.4026,-46.3069,93.5663
2617,-27.7026,-46.3069,93.5663
2618,-28.0026,-46.3069,93.5663
2619,-28.3026,-46.3069,93.5663
2620,-28.6026,-46.6069,93.5663
2621,-28.9026,-46.6069,93.5663
2622,-29.2026,-46.9069,93.5663
2623,-29.5026,-46.9069,93.5663
2624,-29.8026,-47.2069,93.5663
2625,-30.1026,-47.5069,93.5663
2626,-30.4026,-47.8069,93.5663
2627,-30.7026,-48.1069,93.5663
2628,-30.7026,-48.4069,93.5663
2629,-31.0026,-48.7069,93.5663
2630,-31.0026,-49.0069,93.5663
2631,-31.3026,-49.3069,93.5663
2632,-31.3026,-49.6069,93.5663
2633,-31.3026,-49.9069,93.5663
2634,-31.3026,-50.2069,93.5663
2635,-31.3026,-50.5069,93.5663
2636,-31.3026,-50.8069,93.5663
2637,-31.3026,-51.1069,93.5663
2638,-31.3026,-51.4069,93.5663
2639,-31.3026,-51.7069,93.5663
2640,-31.3026,-52.0069,93.5663
2641,-31.3026,-52.3069,93.5663
2642,-29.0478,-53.7654,93.7000
2643,-26.9000,-55.1000,93.7000
2644,-26.5026,-55.0069,93.5663
2645,-26.2026,-55.0069,93.5663
2646,-25.9026,-55.0069,93.5663
2647,-25.6026,-55.0069,93.5663
2648,-25.3026,-55.0069,93.5663
2649,-25.0026,-55.0069,93.5663
2650,-24.7026,-55.0069,93.5663
2651,-24.4026,-55.0069,93.5663
2652,-24.1026,-55.0069,93.5663
2653,-23.8026,-55.0069,93.5663
2654,-23.5026,-55.0069,93.5663
2655,-23.2026,-55.0069,93.5663
2656,-22.9026,-55.0069,93.5663
2657,-22.6026,-55.0069,93.5663
2658,-22.3026,-55.3069,93.8663
2659,-22.0026,-55.3069,93.8663
2660,-21.7026,-55.3069,93.8663
2661,-21.4026,-55.3069,93.8663
2662,-21.1026,-55.3069,93.8663
2663,-20.8026,-55.3069,93.8663
2664,-20.5026,-55.3069,93.8663
2665,-20.2026,-55.3069,93.8663
2666,-19.9026,-55.3069,93.8663
2667,-19.6026,-55.3069,93.8663
2668,-19.3026,-55.3069,93.8663
2669,-19.0026,-55.3069,93.8663
2670,-18.7026,-55.3069,93.8663
2671,-18.4026,-55.3069,93.8663
2672,-18.1026,-55.3069,93.8663
2673,-17.8026,-55.3069,93.8663
2674,-17.5026,-55.3069,93.8663
2675,-17.2026,-55.3069,93.8663
2676,-16.9026,-55.6069,93.8663
2677,-16.6026,-55.6069,93.8663
2678,-16.3026,-55.6069,93.8663
2679,-16.0026,-55.6069,93.8663
2680,-15.7026,-55.6069,93.8663
2681,-15.4026,-55.9069,93.8663
2682,-15.1026,-55.9069,93.8663
2683,-14.8026,-55.9069,93.8663
2684,-14.5026,-55.9069,93.8663
2685,-14.2026,-56.2069,93.8663
2686,-13.9026,-56.2069,93.8663
2687,-13.6026,-56.2069,93.8663
2688,-13.3026,-56.2069,93.8663
2689,-13.0026,-56.2069,93.8663
2690,-12.7026,-56.2069,93.8663
2691,-12.4026,-56.2069,93.8663
2692,-12.1026,-56.2069,93.8663
2693,-11.8026,-56.2069,93.8663
2694,-11.5026,-56.5069,93.8663
2695,-11.2026,-56.5069,93.8663
2696,-10.9026,-56.5069,93.8663
2697,-10.6026,-56.5069,93.8663
2698,-10.3026,-56.5069,93.8663
2699,-10.0026,-56.5069,93.8663
2700,-9.7026,-56.8069,93.8663
2701,-9.4026,-56.8069,93.8663
2702,-9.1026,-56.8069,93.8663
2703,-8.8026,-56.8069,93.8663
2704,-8.5026,-56.8069,93.8663
2705,-8.5026,-56.5069,94.1663
2706,-8.5026,-56.2069,94.4663
2707,-8.5026,-55.9069,94.4663
2708,-8.2026,-55.6069,94.7663
2709,-8.2026,-55.3069,94.7663
2710,-8.2026,-55.0069,95.0663
2711,-8.2026,-54.7069,95.0663
2712,-8.2026,-54.4069,95.0663
2713,-8.2026,-54.1069,95.0663
2714,-7.9026,-53.8069,95.0663
2715,-7.9026,-53.5069,95.0663
2716,-7.9026,-53.2069,95.0663
2717,-7.6026,-52.9069,95.0663
2718,-7.6026,-52.6069,95.0663
2719,-7.3026,-52.3069,94.7663
2720,-7.0026,-52.0069,94.7663
2721,-6.7026,-51.7069,94.4663
2722,-6.4026,-51.4069,94.4663
2723,-6.1026,-51.1069,94.1663
2724,-5.8026,-51.1069,94.1663
2725,-5.5026,-50.8069,93.8663
2726,-5.2026,-50.8069,93.8663
2727,-4.9026,-50.5069,93.5663
2728,-4.6026,-50.5069,93.5663
2729,-4.3026,-50.5069,93.5663
2730,-4.0026,-50.5069,93.5663
2731,0.1370,-55.6997,93.7000
2732,15.9645,-54.7645,93.7000
2733,19.2512,-62.3620,93.7000
2734,21.8307,-62.7955,93.7000
2735,40.2716,-65.9284,93.7000
2736,40.6974,-66.1069,93.5663
2737,40.9974,-66.4069,93.5663
2738,41.2974,-66.4069,93.5663
2739,41.5974,-66.7069,93.5663
2740,41.8974,-66.7069,93.5663
2741,42.1974,-67.0069,93.5663
2742,42.4974,-67.0069,93.5663
2743,42.7974,-67.0069,93.5663
2744,43.0974,-67.0069,93.5663
2745,43.3974,-67.0069,93.5663
2746,43.6974,-67.0069,93.5663
2747,43.9974,-67.0069,93.5663
2748,44.2974,-67.0069,93.5663
2749,44.5974,-67.0069,93.5663
2750,44.8974,-67.0069,93.5663
2751,45.1974,-67.0069,93.5663
2752,45.4974,-67.0069,93.5663
2753,45.7974,-67.0069,93.5663
2754,46.0974,-67.0069,93.5663
2755,46.3974,-67.0069,93.5663
2756,46.6974,-67.0069,93.5663
2757,46.9974,-67.0069,93.5663
2758,47.2974,-67.0069,93.5663
2759,47.5974,-67.0069,93.5663
2760,47.8974,-67.0069,93.5663
2761,48.1974,-67.0069,93.5663
2762,48.4974,-67.0069,93.5663
2763,48.7974,-67.0069,93.5663
2764,49.0974,-67.0069,93.5663
2765,49.3974,-67.0069,93.5663
2766,49.6974,-67.0069,93.5663
2767,49.9974,-67.3069,93.5663
2768,50.2974,-67.3069,93.5663
2769,50.5974,-67.3069,93.5663
2770,50.8974,-67.3069,93.5663
2771,51.1974,-67.6069,93.5663
2772,51.4974,-67.6069,93.5663
2773,51.7974,-67.6069,93.5663
2774,52.0974,-67.6069,93.5663
2775,52.3974,-67.6069,93.5663
2776,52.6974,-67.6069,93.5663
2777,52.9974,-67.6069,93.5663
2778,53.2974,-67.9069,93.5663
2779,53.5974,-67.9069,93.5663
2780,53.8974,-67.9069,93.5663
2781,54.1974,-67.9069,93.5663
2782,54.4974,-67.9069,93.5663
2783,54.7974,-67.9069,93.5663
2784,55.0974,-68.2069,93.5663
2785,55.3974,-68.2069,93.5663
2786,55.6974,-68.2069,93.5663
2787,55.9974,-68.2069,93.5663
2788,56.2974,-68.2069,93.5663
2789,56.5974,-68.2069,93.5663
2790,56.8974,-68.2069,93.5663
2791,57.1974,-68.5069,93.5663
2792,57.4974,-68.5069,93.5663
2793,57.7974,-68.5069,93.5663
2794,58.0974,-68.8069,93.5663
2795,58.3974,-68.8069,93.5663
2796,58.6974,-68.8069,93.5663
2797,58.9974,-68.8069,93.5663
2798,59.2974,-68.8069,93.5663
2799,59.5974,-68.8069,93.5663
2800,59.8974,-68.8069,93.5663
2801,60.1974,-68.8069,93.5663
2802,60.4974,-68.8069,93.5663
2803,60.7974,-69.1069,93.5663
2804,61.0974,-69.1069,93.5663
2805,61.3974,-69.1069,93.5663
2806,61.6974,-69.1069,93.5663
2807,61.9974,-69.1069,93.5663
2808,62.2974,-69.4069,93.5663
2809,62.5974,-69.4069,93.5663
2810,62.8974,-69.4069,93.5663
2811,63.1974,-69.4069,93.5663
2812,63.4974,-69.7069,93.5663
2813,63.7974,-70.0069,93.5663
2814,64.0974,-70.0069,93.5663
2815,64.3974,-70.0069,93.5663
2816,64.6974,-70.3069,93.5663
2817,64.9974,-70.6069,93.5663
2818,65.2974,-70.6069,93.5663
2819,65.5974,-70.9069,93.5663
2820,65.8974,-70.9069,93.5663
2821,66.1974,-71.2069,93.5663
2822,66.4974,-71.2069,93.5663
2823,66.7974,-71.2069,93.5663
2824,67.0974,-71.2069,93.5663
2825,67.3974,-71.2069,93.5663
2826,67.6974,-71.2069,93.5663
2827,67.9974,-71.2069,93.5663
2828,68.2974,-71.2069,93.5663
2829,68.5974,-71.2069,93.5663
2830,68.8974,-70.9069,93.5663
2831,69.1974,-70.6069,93.5663
2832,69.4974,-70.6069,93.5663
2833,69.7974,-70.3069,93.5663
2834,70.0974,-70.0069,93.5663
2835,70.3974,-69.7069,93.5663
2836,70.6974,-69.4069,93.5663
2837,70.9974,-69.1069,93.5663
2838,70.9974,-68.8069,93.5663
2839,71.2974,-68.5069,93.5663
2840,71.2974,-68.2069,93.5663
2841,71.5974,-67.9069,93.5663
2842,71.5974,-67.6069,93.5663
2843,71.5974,-67.3069,93.5663
2844,71.5974,-67.0069,93.5663
2845,71.5974,-66.7069,93.5663
2846,71.5974,-66.4069,93.5663
2847,71.5974,-66.1069,93.5663
2848,71.5974,-65.8069,93.5663
2849,71.2974,-65.5069,93.5663
2850,71.2974,-65.2069,93.5663
2851,70.9974,-64.9069,93.5663
2852,70.9974,-64.6069,93.5663
2853,70.6974,-64.3069,93.5663
2854,70.3974,-64.0069,93.5663
2855,70.3974,-63.7069,93.5663
2856,70.6974,-64.0069,93.8663
2857,70.6974,-64.0069,94.1663
2858,70.9974,-64.3069,94.4663
2859,71.2974,-64.6069,94.7663
2860,71.2974,-64.6069,95.0663
2861,71.5974,-64.9069,95.3663
2862,71.5974,-64.9069,95.6663
2863,71.5974,-64.9069,95.9663
2864,71.5974,-65.2069,96.2663
2865,71.5974,-65.2069,96.5663
2866,71.5974,-65.5069,96.5663
2867,71.5974,-65.8069,96.5663
2868,71.5974,-66.1069,96.5663
2869,71.5974,-66.4069,96.5663
2870,71.5974,-66.7069,96.5663
2871,71.5974,-67.0069,96.5663
2872,71.5974,-67.3069,96.5663
2873,71.5974,-67.6069,96.5663
2874,71.5974,-67.9069,96.5663
2875,71.2974,-68.2069,96.5663
2876,71.2974,-68.5069,96.5663
2877,67.2076,-68.6690,96.7000
2878,65.4335,-70.8889,96.5000
2879,64.9974,-70.6069,96.5663
2880,64.6974,-70.6069,96.5663
2881,64.3974,-70.3069,96.5663
2882,64.0974,-70.0069,96.5663
2883,63.7974,-69.7069,96.5663
2884,63.4974,-69.4069,96.5663
2885,63.1974,-69.1069,96.5663
2886,63.1974,-68.8069,96.5663
2887,63.1974,-68.5069,96.5663
2888,63.1974,-68.2069,96.5663
2889,62.8974,-67.9069,96.5663
2890,62.8974,-67.6069,96.5663
2891,62.8974,-67.3069,96.5663
2892,62.8974,-67.0069,96.5663
2893,62.8974,-66.7069,96.5663
2894,62.8974,-66.4069,96.5663
2895,62.8974,-66.1069,96.5663
2896,63.1974,-65.8069,96.8663
2897,48.1803,-63.3073,96.5000
2898,48.1974,-63.7069,96.5663
2899,47.8974,-64.0069,96.5663
2900,47.8974,-64.3069,96.5663
2901,47.5974,-64.6069,96.5663
2902,47.5974,-64.9069,96.5663
2903,47.2974,-65.2069,96.5663
2904,46.9974,-65.5069,96.5663
2905,46.6974,-65.8069,96.5663
2906,46.3974,-66.1069,96.5663
2907,46.0974,-66.4069,96.5663
2908,45.7974,-66.4069,96.5663
2909,45.4974,-66.7069,96.5663
2910,45.1974,-66.7069,96.5663
2911,44.8974,-67.0069,96.5663
2912,44.5974,-67.0069,96.5663
2913,44.2974,-67.0069,96.5663
2914,43.9974,-67.0069,96.5663
2915,43.6974,-67.0069,96.5663
2916,43.3974,-67.0069,96.5663
2917,43.0974,-67.0069,96.5663
2918,42.7974,-67.0069,96.5663
2919,42.4974,-67.0069,96.5663
2920,42.1974,-66.7069,96.5663
2921,41.8974,-66.7069,96.5663
2922,41.5974,-66.7069,96.5663
2923,41.2974,-66.4069,96.5663
2924,40.9974,-66.4069,96.5663
2925,40.6974,-66.1069,96.5663
2926,40.3974,-65.8069,96.5663
2927,40.0974,-65.5069,96.5663
2928,39.7974,-65.5069,96.5663
2929,39.4974,-65.5069,96.5663
2930,39.1974,-65.5069,96.5663
2931,38.8974,-65.5069,96.5663
2932,38.5974,-65.5069,96.5663
2933,38.2974,-65.5069,96.5663
2934,37.9974,-65.5069,96.5663
2935,37.6974,-65.5069,96.5663
2936,37.3974,-65.5069,96.5663
2937,37.0974,-65.5069,96.5663
2938,36.7974,-65.5069,96.5663
2939,36.4974,-65.5069,96.5663
2940,36.1974,-65.5069,96.5663
2941,35.8974,-65.5069,96.5663
2942,35.5974,-65.5069,96.5663
2943,35.2974,-65.5069,96.5663
2944,34.9974,-65.5069,96.5663
2945,34.6974,-65.2069,96.5663
2946,34.3974,-64.9069,96.5663
2947,34.0974,-64.6069,96.5663
2948,33.7974,-64.3069,96.5663
2949,33.4974,-64.0069,96.5663
2950,33.1974,-63.7069,96.5663
2951,32.8974,-63.4069,96.5663
2952,32.5974,-63.1069,96.5663
2953,32.2974,-62.8069,96.5663
2954,31.9974,-62.5069,96.5663
2955,31.6974,-62.2069,96.5663
2956,31.3974,-61.9069,96.5663
2957,31.0974,-61.6069,96.5663
2958,30.7974,-61.3069,96.5663
2959,30.4974,-61.0069,96.5663
2960,30.1974,-60.7069,96.5663
2961,29.8974,-60.4069,96.5663
2962,29.5974,-60.1069,96.5663
2963,29.2974,-59.8069,96.5663
2964,28.9974,-59.5069,96.5663
2965,28.6974,-59.2069,96.5663
2966,28.3974,-58.9069,96.5663
2967,28.0974,-58.6069,96.5663
2968,27.7974,-58.3069,96.5663
2969,27.4974,-58.0069,96.5663
2970,27.1974,-57.7069,96.5663
2971,26.8974,-57.4069,96.5663
2972,26.5974,-57.1069,96.5663
2973,26.2974,-56.8069,96.5663
2974,25.9974,-56.5069,96.5663
2975,25.6974,-56.5069,96.5663
2976,25.3974,-56.5069,96.5663
2977,25.0974,-56.2069,96.5663
2978,25.4097,-54.8433,96.7000
2979,25.7194,-53.3866,96.7000
2980,25.3974,-53.2069,96.2663
2981,25.3974,-53.2069,95.9663
2982,25.0974,-52.9069,95.6663
2983,24.7974,-52.6069,95.3663
2984,24.4974,-52.3069,95.0663
2985,24.1974,-52.0069,94.7663
2986,23.8974,-51.7069,94.4663
2987,23.5974,-51.7069,94.4663
2988,23.2974,-51.7069,94.4663
2989,22.9974,-51.7069,94.1663
2990,22.6974,-51.7069,94.1663
2991,22.3974,-51.7069,94.1663
2992,22.0974,-51.7069,94.1663
2993,21.7974,-51.7069,94.1663
2994,21.4974,-51.7069,94.1663
2995,21.1974,-51.7069,94.1663
2996,20.8974,-51.7069,94.1663
2997,20.5974,-51.7069,94.1663
2998,20.2974,-51.7069,94.1663
2999,19.9974,-51.7069,94.1663
3000,19.6974,-52.0069,94.4663
3001,19.3974,-52.0069,94.4663
3002,19.0974,-52.3069,94.7663
3003,18.7974,-52.3069,95.0663
3004,18.4974,-52.3069,95.3663
3005,18.1974,-52.6069,95.6663
3006,17.8974,-52.9069,95.9663
3007,17.5974,-53.2069,96.2663
3008,17.5974,-53.2069,96.5663
3009,17.2974,-53.5069,96.5663
3010,17.2974,-53.8069,96.5663
3011,17.2974,-54.1069,96.5663
3012,16.9974,-54.4069,96.5663
3013,16.9974,-54.7069,96.5663
3014,16.9974,-55.0069,96.5663
3015,16.6974,-55.3069,96.5663
3016,16.6974,-55.6069,96.5663
3017,16.6974,-55.9069,96.5663
3018,16.3974,-56.2069,96.5663
3019,16.0974,-56.5069,96.5663
3020,16.0974,-56.8069,96.5663
3021,16.0974,-57.1069,96.5663
3022,15.7974,-57.4069,96.5663
3023,15.7974,-57.7069,96.5663
3024,15.7974,-58.0069,96.5663
3025,15.4974,-58.3069,96.5663
3026,15.4974,-58.6069,96.5663
3027,15.4974,-58.9069,96.5663
3028,15.4974,-59.2069,96.5663
3029,15.4974,-59.5069,96.5663
3030,15.7974,-59.8069,96.5663
3031,15.7974,-60.1069,96.5663
3032,15.7974,-60.4069,96.5663
3033,16.0974,-60.7069,96.5663
3034,16.0974,-61.0069,96.5663
3035,16.3974,-61.3069,96.5663
3036,16.6974,-61.6069,96.5663
3037,16.9974,-61.9069,96.5663
3038,16.6974,-61.9069,96.5663
3039,16.3974,-61.9069,96.5663
3040,16.0974,-61.9069,96.5663
3041,15.7974,-61.9069,96.5663
3042,15.4974,-61.9069,96.5663
3043,15.1974,-61.9069,96.5663
3044,14.8974,-61.6069,96.5663
3045,14.5974,-61.3069,96.5663
3046,14.2974,-61.3069,96.5663
3047,13.9974,-61.3069,96.5663
3048,13.6974,-61.3069,96.5663
3049,13.3974,-61.3069,96.5663
3050,13.0974,-61.3069,96.5663
3051,12.7974,-61.3069,96.5663
3052,12.4974,-61.3069,96.5663
3053,12.1974,-61.0069,96.5663
3054,11.8974,-61.0069,96.5663
3055,11.5974,-61.0069,96.5663
3056,11.2974,-61.0069,96.5663
3057,10.9974,-61.0069,96.5663
3058,10.6974,-61.0069,96.5663
3059,10.3974,-61.0069,96.5663
3060,10.0974,-61.0069,96.5663
3061,9.7974,-61.0069,96.5663
3062,9.4974,-61.0069,96.5663
3063,9.1974,-61.0069,96.5663
3064,8.8974,-61.0069,96.5663
3065,8.5974,-60.7069,96.5663
3066,8.2974,-60.4069,96.5663
3067,7.9974,-60.1069,96.5663
3068,7.6974,-59.8069,96.5663
3069,7.3974,-59.5069,96.5663
3070,7.0974,-59.2069,96.5663
3071,6.7974,-58.9069,96.5663
3072,6.4974,-58.6069,96.5663
3073,6.1974,-58.3069,96.5663
3074,5.8974,-58.0069,96.5663
3075,5.5974,-57.7069,96.5663
3076,5.2974,-57.4069,96.5663
3077,4.9974,-57.1069,96.5663
3078,4.6974,-56.8069,96.5663
3079,4.3974,-56.5069,96.5663
3080,4.0974,-56.2069,96.5663
3081,3.7974,-55.9069,96.5663
3082,3.4974,-55.6069,96.5663
3083,3.1974,-55.3069,96.5663
3084,2.8974,-55.0069,96.5663
3085,2.5974,-54.7069,96.5663
3086,2.2974,-54.4069,96.5663
3087,1.9974,-54.1069,96.5663
3088,1.6974,-53.8069,96.5663
3089,1.3974,-53.5069,96.5663
3090,1.0974,-53.2069,96.5663
3091,0.7974,-52.9069,96.5663
3092,0.4974,-52.6069,96.5663
3093,0.1974,-52.3069,96.5663
3094,-0.1026,-52.0069,96.5663
3095,-0.4026,-51.7069,96.5663
3096,-0.7026,-51.4069,96.5663
3097,-1.0026,-51.1069,96.5663
3098,-1.3026,-51.1069,96.5663
3099,-1.6026,-50.8069,96.5663
3100,-1.9026,-50.8069,96.5663
3101,-2.2026,-50.8069,96.5663
3102,-2.5026,-50.5069,96.5663
3103,-2.8026,-50.5069,96.5663
3104,-3.1026,-50.5069,96.5663
3105,-3.4026,-50.5069,96.5663
3106,-3.7026,-50.5069,96.5663
3107,-4.0026,-50.5069,96.5663
3108,-4.3026,-50.5069,96.5663
3109,-4.6026,-50.5069,96.5663
3110,-4.9026,-50.5069,96.5663
3111,-5.2026,-50.5069,96.5663
3112,-5.5026,-50.5069,96.5663
3113,-5.8026,-50.5069,96.5663
3114,-6.1026,-50.5069,96.5663
3115,-6.4026,-50.5069,96.5663
3116,-6.7026,-50.5069,96.5663
3117,-7.0026,-50.5069,96.5663
3118,-7.3026,-50.5069,96.5663
3119,-7.6026,-50.5069,96.5663
3120,-7.9026,-50.5069,96.5663
3121,-8.2026,-50.5069,96.5663
3122,-8.5026,-50.5069,96.5663
3123,-8.8026,-50.5069,96.5663
3124,-9.1026,-50.5069,96.5663
3125,-9.4026,-50.5069,96.5663
3126,-9.7026,-50.5069,96.5663
3127,-10.0026,-50.5069,96.5663
3128,-10.3026,-50.5069,96.5663
3129,-10.6026,-50.5069,96.5663
3130,-10.9026,-50.5069,96.5663
3131,-11.2026,-50.5069,96.5663
3132,-11.5026,-50.5069,96.5663
3133,-11.8026,-50.5069,96.5663
3134,-12.1026,-50.5069,96.5663
3135,-12.4026,-50.5069,96.5663
3136,-12.7026,-50.2069,96.5663
3137,-13.0026,-49.9069,96.5663
3138,-13.3026,-49.6069,96.5663
3139,-13.6026,-49.3069,96.5663
3140,-13.9026,-49.0069,96.5663
3141,-14.2026,-48.7069,96.5663
3142,-14.5026,-48.4069,96.5663
3143,-14.8026,-48.1069,96.5663
3144,-15.1026,-47.8069,96.5663
3145,-15.4026,-47.5069,96.5663
3146,-15.7026,-47.5069,96.5663
3147,-16.0026,-47.5069,96.5663
3148,-16.3026,-47.5069,96.5663
3149,-16.6026,-47.5069,96.5663
3150,-16.9026,-47.5069,96.5663
3151,-17.2026,-47.5069,96.5663
3152,-17.5026,-47.5069,96.5663
3153,-17.8026,-47.5069,96.5663
3154,-18.1026,-47.5069,96.5663
3155,-18.4026,-47.5069,96.5663
3156,-18.7026,-47.5069,96.5663
3157,-19.0026,-47.5069,96.5663
3158,-19.3026,-47.5069,96.5663
3159,-19.6026,-47.5069,96.5663
3160,-19.9026,-47.5069,96.5663
3161,-20.2026,-47.5069,96.5663
3162,-20.5026,-47.5069,96.5663
3163,-20.8026,-47.5069,96.5663
3164,-21.1026,-47.5069,96.5663
3165,-21.4026,-47.5069,96.5663
3166,-21.7026,-47.5069,96.5663
3167,-22.0026,-47.5069,96.5663
3168,-22.3026,-47.5069,96.5663
3169,-22.6026,-47.5069,96.5663
3170,-22.9026,-47.5069,96.5663
3171,-23.2026,-47.5069,96.5663
3172,-23.5026,-47.5069,96.5663
3173,-23.8026,-47.5069,96.5663
3174,-27.1293,-50.7293,96.5000
3175,-30.3284,-53.9284,96.5000
3176,-30.4026,-53.5069,96.5663
3177,-30.7026,-53.2069,96.5663
3178,-30.7026,-52.9069,96.5663
3179,-31.0026,-52.6069,96.5663
3180,-31.0026,-52.3069,96.5663
3181,-31.3026,-52.0069,96.5663
3182,-31.3026,-51.7069,96.5663
3183,-31.6026,-51.4069,96.5663
3184,-31.6026,-51.1069,96.5663
3185,-31.6026,-50.8069,96.5663
3186,-31.6026,-50.5069,96.5663
3187,-31.6026,-50.2069,96.5663
3188,-31.6026,-49.9069,96.5663
3189,-31.6026,-49.6069,96.5663
3190,-31.3026,-49.3069,96.5663
3191,-31.3026,-49.0069,96.5663
3192,-31.0026,-48.7069,96.5663
3193,-31.0026,-48.4069,96.5663
3194,-30.7026,-48.1069,96.5663
3195,-30.7026,-47.8069,96.5663
3196,-30.4026,-47.5069,96.5663
3197,-30.7026,-47.8069,96.8663
3198,-30.7026,-48.1069,96.8663
3199,-30.7026,-48.4069,97.1663
3200,-31.0026,-48.7069,97.4663
3201,-31.0026,-49.0069,97.7663
3202,-31.0026,-49.3069,98.0663
3203,-31.3026,-49.6069,98.3663
3204,-31.3026,-49.9069,98.3663
3205,-31.3026,-50.2069,98.3663
3206,-31.3026,-50.5069,98.3663
3207,-31.3026,-50.8069,98.3663
3208,-31.3026,-51.1069,98.3663
3209,-31.3026,-51.4069,98.3663
3210,-31.3026,-51.7069,98.3663
3211,-31.0026,-52.0069,98.6663
3212,-31.0026,-52.3069,98.9663
3213,-31.0026,-52.6069,98.9663
3214,-30.7026,-52.9069,99.2663
3215,-30.7026,-53.2069,99.2663
3216,-30.7026,-53.5069,99.2663
3217,-30.4026,-53.8069,99.5663
3218,-30.1026,-53.8069,99.5663
3219,-29.8026,-53.8069,99.5663
3220,-29.5026,-54.1069,99.5663
3221,-29.2026,-54.4069,99.5663
3222,-28.9026,-54.4069,99.5663
3223,-28.6026,-54.7069,99.5663
3224,-28.3026,-54.7069,99.5663
3225,-28.0026,-55.0069,99.5663
3226,-27.7026,-55.0069,99.5663
3227,-27.4026,-55.0069,99.5663
3228,-27.1026,-55.0069,99.5663
3229,-26.8026,-55.0069,99.5663
3230,-26.5026,-55.0069,99.5663
3231,-26.2026,-55.0069,99.5663
3232,-25.9026,-55.0069,99.5663
3233,-25.6026,-55.0069,99.5663
3234,-25.3026,-55.0069,99.5663
3235,-25.0026,-55.0069,99.5663
3236,-24.7026,-55.0069,99.5663
3237,-24.4026,-55.0069,99.5663
3238,-24.1026,-55.0069,99.5663
3239,-23.8026,-55.0069,99.5663
3240,-23.5026,-55.0069,99.5663
3241,-23.2026,-55.0069,99.5663
3242,-22.9026,-55.0069,99.5663
3243,-22.6026,-55.0069,99.5663
3244,-22.3026,-55.0069,99.5663
3245,-22.0026,-55.0069,99.5663
3246,-21.7026,-55.0069,99.5663
3247,-21.4026,-55.0069,99.5663
3248,-21.1026,-55.0069,99.5663
3249,-20.8026,-55.0069,99.5663
3250,-20.5026,-55.0069,99.5663
3251,-20.2026,-55.0069,99.5663
3252,-19.9026,-55.0069,99.5663
3253,-19.6026,-55.0069,99.5663
3254,-19.3026,-55.0069,99.5663
3255,-19.0026,-55.0069,99.5663
3256,-18.7026,-55.0069,99.5663
3257,-18.4026,-55.0069,99.5663
3258,-18.1026,-55.0069,99.5663
3259,-17.8026,-55.0069,99.5663
3260,-17.5026,-55.0069,99.5663
3261,-17.2026,-55.0069,99.5663
3262,-16.9026,-55.0069,99.5663
3263,-16.6026,-55.0069,99.5663
3264,-16.3026,-55.0069,99.5663
3265,-16.0026,-55.0069,99.5663
3266,-15.7026,-55.0069,99.5663
3267,-15.4026,-55.0069,99.5663
3268,-15.1026,-55.0069,99.5663
3269,-14.8026,-55.0069,99.5663
3270,-14.5026,-55.0069,99.5663
3271,-14.2026,-55.0069,99.5663
3272,-13.9026,-55.0069,99.5663
3273,-13.6026,-55.0069,99.5663
3274,-13.3026,-55.0069,99.5663
3275,-13.0026,-55.0069,99.5663
3276,-12.7026,-55.0069,99.5663
3277,-12.4026,-55.0069,99.5663
3278,-12.1026,-55.0069,99.5663
3279,-11.8026,-55.0069,99.5663
3280,-11.5026,-55.0069,99.5663
3281,-11.2026,-55.0069,99.5663
3282,-10.9026,-55.0069,99.5663
3283,-10.6026,-55.0069,99.5663
3284,-10.3026,-55.0069,99.5663
3285,-10.0026,-55.0069,99.5663
3286,-9.7026,-55.0069,99.5663
3287,-9.4026,-55.0069,99.5663
3288,-9.1026,-55.0069,99.5663
3289,-8.8026,-55.0069,99.5663
3290,-8.5026,-55.0069,99.5663
3291,-8.2026,-55.0069,99.5663
3292,-7.9026,-55.0069,99.5663
3293,-7.6026,-55.0069,99.5663
3294,-7.3026,-55.0069,99.5663
3295,-7.0026,-55.0069,99.5663
3296,-6.7026,-55.3069,99.5663
3297,-6.4026,-55.6069,99.5663
3298,-6.1026,-55.9069,99.5663
3299,-5.8026,-56.2069,99.5663
3300,-5.5026,-56.5069,99.5663
3301,-5.2026,-56.8069,99.5663
3302,-4.9026,-56.8069,99.5663
3303,-4.6026,-57.1069,99.5663
3304,-4.3026,-57.1069,99.5663
3305,-4.0026,-57.1069,99.5663
3306,-3.7026,-57.1069,99.5663
3307,-3.4026,-57.1069,99.5663
3308,-3.1026,-57.1069,99.5663
3309,-2.8026,-57.1069,99.5663
3310,-2.5026,-57.1069,99.5663
3311,-2.2026,-57.1069,99.5663
3312,-1.9026,-57.1069,99.5663
3313,-1.6026,-57.1069,99.5663
3314,-1.3026,-57.1069,99.5663
3315,-1.0026,-57.1069,99.5663
3316,-0.7026,-57.1069,99.5663
3317,-0.4026,-57.1069,99.5663
3318,-0.1026,-57.1069,99.5663
3319,0.1974,-57.1069,99.5663
3320,0.4974,-57.1069,99.5663
3321,0.7974,-57.1069,99.5663
3322,1.0974,-57.1069,99.5663
3323,1.3974,-57.1069,99.5663
3324,1.6974,-57.1069,99.5663
3325,1.9974,-57.1069,99.5663
3326,2.2974,-57.1069,99.5663
3327,2.5974,-57.1069,99.5663
3328,2.8974,-57.1069,99.5663
3329,3.1974,-57.1069,99.5663
3330,3.4974,-57.1069,99.5663
3331,3.7974,-57.1069,99.5663
3332,4.0974,-57.1069,99.5663
3333,4.3974,-57.1069,99.5663
3334,4.6974,-57.1069,99.5663
3335,4.9974,-57.1069,99.5663
3336,5.2974,-57.1069,99.5663
3337,5.5974,-57.1069,99.5663
3338,5.8974,-57.1069,99.5663
3339,6.1974,-57.1069,99.5663
3340,6.4974,-57.1069,99.5663
3341,6.7974,-57.1069,99.5663
3342,7.0974,-57.1069,99.5663
3343,7.3974,-57.1069,99.5663
3344,7.6974,-57.1069,99.5663
3345,7.9974,-57.1069,99.5663
3346,8.2974,-57.1069,99.5663
3347,8.5974,-57.1069,99.5663
3348,8.8974,-57.1069,99.5663
3349,9.1974,-57.1069,99.5663
3350,9.4974,-57.1069,99.5663
3351,9.7974,-57.1069,99.5663
3352,10.0974,-57.1069,99.5663
3353,10.3974,-57.1069,99.5663
3354,10.6974,-57.1069,99.5663
3355,10.9974,-57.1069,99.5663
3356,11.2974,-57.1069,99.5663
3357,11.5974,-57.1069,99.5663
3358,11.8974,-57.1069,99.5663
3359,12.1974,-57.1069,99.5663
3360,12.4974,-57.1069,99.5663
3361,12.7974,-57.1069,99.5663
3362,13.0974,-57.1069,99.5663
3363,13.3974,-57.1069,99.5663
3364,13.6974,-57.1069,99.5663
3365,13.9974,-57.1069,99.5663
3366,14.2974,-57.1069,99.5663
3367,14.5974,-57.1069,99.5663
3368,14.8974,-57.1069,99.5663
3369,15.1974,-57.1069,99.5663
3370,15.4974,-57.1069,99.5663
3371,15.7974,-57.1069,99.5663
3372,16.0974,-57.1069,99.5663
3373,15.7974,-57.4069,99.5663
3374,15.7974,-57.7069,99.5663
3375,15.7974,-58.0069,99.5663
3376,15.7974,-58.3069,99.5663
3377,15.7974,-58.6069,99.5663
3378,15.7974,-58.9069,99.5663
3379,15.7974,-59.2069,99.5663
3380,15.7974,-59.5069,99.5663
3381,15.7974,-59.8069,99.5663
3382,15.7974,-60.1069,99.5663
3383,15.7974,-60.4069,99.5663
3384,16.0974,-60.7069,99.5663
3385,19.5665,-61.2796,99.7000
3386,23.1284,-61.9284,99.7000
3387,23.2974,-61.6069,99.8663
3388,23.5974,-61.3069,100.1663
3389,23.8974,-61.0069,100.4663
3390,23.8974,-60.7069,100.4663
3391,24.1974,-60.4069,100.7663
3392,24.1974,-60.1069,100.7663
3393,24.1974,-59.8069,100.7663
3394,24.1974,-59.5069,100.7663
3395,24.1974,-59.2069,101.0663
3396,24.1974,-58.9069,101.0663
3397,24.1974,-58.6069,101.0663
3398,24.1974,-58.3069,101.0663
3399,24.1974,-58.0069,101.0663
3400,24.1974,-57.7069,101.0663
3401,23.8974,-57.4069,101.0663
3402,23.8974,-57.1069,101.0663
3403,23.5974,-56.8069,101.0663
3404,23.5974,-56.5069,101.0663
3405,23.2974,-56.2069,101.0663
3406,22.9974,-55.9069,101.0663
3407,22.6974,-55.6069,101.0663
3408,22.3974,-55.3069,101.3663
3409,22.0974,-55.3069,101.3663
3410,21.7974,-55.0069,101.6663
3411,21.4974,-54.7069,101.6663
3412,21.1974,-54.7069,101.6663
3413,20.8974,-54.7069,101.6663
3414,20.5974,-54.7069,101.6663
3415,20.2974,-54.7069,101.6663
3416,19.9974,-54.4069,101.3663
3417,19.6974,-54.4069,101.3663
3418,19.3974,-54.1069,101.0663
3419,19.0974,-54.1069,101.0663
3420,18.7974,-54.1069,100.7663
3421,18.4974,-53.8069,100.4663
3422,18.1974,-53.8069,100.1663
3423,17.8974,-53.5069,99.8663
3424,17.8974,-53.5069,99.5663
3425,17.8974,-53.2069,99.5663
3426,17.8974,-52.9069,99.5663
3427,17.8974,-52.6069,99.5663
3428,17.8974,-52.3069,99.5663
3429,17.8974,-52.0069,99.5663
3430,17.8974,-51.7069,99.5663
3431,17.8974,-51.4069,99.5663
3432,17.8974,-51.1069,99.5663
3433,17.8974,-50.8069,99.5663
3434,17.8974,-50.5069,99.5663
3435,17.8974,-50.2069,99.5663
3436,18.1974,-49.9069,99.5663
3437,18.1974,-49.6069,99.5663
3438,18.4974,-49.3069,99.5663
3439,18.4974,-49.0069,99.5663
3440,18.4974,-48.7069,99.5663
3441,18.7974,-48.4069,99.5663
3442,18.7974,-48.1069,99.5663
3443,18.7974,-47.8069,99.5663
3444,19.0974,-47.5069,99.5663
3445,19.0974,-47.2069,99.5663
3446,19.3974,-46.9069,99.5663
3447,19.3974,-46.6069,99.5663
3448,19.6974,-46.3069,99.5663
3449,19.6974,-46.0069,99.5663
3450,19.9974,-45.7069,99.5663
3451,20.2974,-45.7069,99.5663
3452,20.5974,-45.4069,99.5663
3453,20.8974,-45.1069,99.5663
3454,21.1974,-45.1069,99.5663
3455,21.4974,-44.8069,99.5663
3456,21.7974,-44.8069,99.5663
3457,22.0974,-44.5069,99.5663
3458,22.3974,-44.5069,99.5663
3459,22.6974,-44.5069,99.5663
3460,22.9974,-44.5069,99.5663
3461,23.2974,-44.5069,99.5663
3462,23.5974,-44.5069,99.5663
3463,23.8974,-44.5069,99.5663
3464,24.1974,-44.5069,99.5663
3465,24.4974,-44.5069,99.5663
3466,24.7974,-44.5069,99.5663
3467,25.0974,-44.5069,99.5663
3468,25.3974,-44.5069,99.5663
3469,25.6974,-44.5069,99.5663
3470,25.9974,-44.5069,99.5663
3471,26.2974,-44.5069,99.5663
3472,26.5974,-44.5069,99.5663
3473,26.8974,-44.5069,99.5663
3474,27.1974,-44.5069,99.5663
3475,27.4974,-44.5069,99.5663
3476,27.7974,-44.5069,99.5663
3477,28.0974,-44.5069,99.5663
3478,28.3974,-44.5069,99.5663
3479,28.6974,-44.5069,99.5663
3480,28.9974,-44.8069,99.5663
3481,29.2974,-44.8069,99.5663
3482,29.5974,-45.1069,99.5663
3483,29.8974,-45.1069,99.5663
3484,30.1974,-45.4069,99.5663
3485,30.4974,-45.4069,99.5663
3486,30.7974,-45.7069,99.5663
3487,31.0974,-45.7069,99.5663
3488,31.3974,-46.0069,99.5663
3489,31.6974,-46.0069,99.5663
3490,31.9974,-46.0069,99.5663
3491,32.2974,-46.3069,99.5663
3492,32.5974,-46.3069,99.5663
3493,32.8974,-46.6069,99.5663
3494,33.1974,-46.6069,99.5663
3495,33.4974,-46.9069,99.5663
3496,33.7974,-46.9069,99.5663
3497,34.0974,-47.2069,99.5663
3498,34.3974,-47.2069,99.5663
3499,34.6974,-47.5069,99.5663
3500,34.9974,-47.5069,99.5663
3501,35.2974,-47.5069,99.5663
3502,35.5974,-47.8069,99.5663
3503,35.8974,-47.8069,99.5663
3504,36.1974,-48.1069,99.5663
3505,36.4974,-48.1069,99.5663
3506,36.7974,-48.4069,99.5663
3507,37.0974,-48.4069,99.5663
3508,37.3974,-48.7069,99.5663
3509,37.6974,-48.7069,99.5663
3510,37.9974,-49.0069,99.5663
3511,38.2974,-49.0069,99.5663
3512,38.5974,-49.0069,99.5663
3513,38.8974,-49.3069,99.5663
3514,39.1974,-49.3069,99.5663
3515,39.4974,-49.6069,99.5663
3516,39.7974,-49.6069,99.5663
3517,40.0974,-49.9069,99.5663
3518,40.3974,-49.9069,99.5663
3519,40.6974,-50.2069,99.5663
3520,40.9974,-50.2069,99.5663
3521,41.2974,-50.5069,99.5663
3522,41.5974,-50.5069,99.5663
3523,41.5974,-50.2069,99.5663
3524,41.8974,-49.9069,99.5663
3525,42.1974,-49.6069,99.5663
3526,42.4974,-49.3069,99.5663
3527,42.7974,-49.0069,99.5663
3528,43.0974,-49.0069,99.5663
3529,43.3974,-48.7069,99.5663
3530,43.6974,-48.7069,99.5663
3531,43.9974,-48.7069,99.5663
3532,44.2974,-48.4069,99.5663
3533,44.5974,-48.4069,99.5663
3534,44.8974,-48.4069,99.5663
3535,45.1974,-48.4069,99.5663
3536,45.4974,-48.4069,99.5663
3537,45.7974,-48.4069,99.5663
3538,46.0974,-48.4069,99.5663
3539,46.3974,-48.4069,99.5663
3540,46.6974,-48.4069,99.5663
3541,46.9974,-48.4069,99.5663
3542,47.2974,-48.4069,99.5663
3543,47.5974,-48.4069,99.5663
3544,47.8974,-48.4069,99.5663
3545,48.1974,-48.7069,99.5663
3546,48.4974,-48.7069,99.5663
3547,48.7974,-49.0069,99.5663
3548,49.0974,-49.0069,99.5663
3549,49.3974,-49.3069,99.5663
3550,49.6974,-49.6069,99.5663
3551,49.9974,-49.9069,99.5663
3552,50.2974,-50.2069,99.5663
3553,50.5974,-50.5069,99.5663
3554,50.5974,-50.8069,99.5663
3555,50.8974,-51.1069,99.5663
3556,50.8974,-51.4069,99.5663
3557,51.1974,-51.7069,99.5663
3558,51.1974,-52.0069,99.5663
3559,51.1974,-52.3069,99.5663
3560,51.1974,-52.6069,99.5663
3561,51.1974,-52.9069,99.5663
3562,51.1974,-53.2069,99.5663
3563,51.1974,-53.5069,99.5663
3564,50.8974,-53.8069,99.5663
3565,50.8974,-54.1069,99.5663
3566,64.8349,-58.1838,99.7000
3567,64.6974,-58.3069,99.8663
3568,64.6974,-58.3069,100.1663
3569,64.9974,-58.6069,100.4663
3570,64.9974,-58.6069,100.7663
3571,65.2974,-58.9069,101.0663
3572,65.5974,-58.9069,101.3663
3573,65.8974,-59.2069,101.6663
3574,66.1974,-59.2069,101.9663
3575,66.4974,-59.2069,102.2663
3576,66.7974,-59.2069,102.5663
3577,67.0974,-59.2069,102.5663
3578,67.3974,-59.2069,102.8663
3579,67.6974,-59.2069,102.8663
3580,67.9974,-59.2069,102.8663
3581,68.2974,-59.2069,102.8663
3582,68.5974,-59.2069,102.8663
3583,68.8974,-59.2069,102.8663
3584,69.1974,-59.2069,102.8663
3585,69.4974,-59.2069,102.8663
3586,69.7974,-59.2069,102.8663
3587,70.0974,-59.2069,102.5663
3588,70.3974,-59.2069,102.5663
3589,70.6974,-59.2069,102.2663
3590,70.9974,-59.2069,102.2663
3591,71.2974,-58.9069,101.9663
3592,71.5974,-58.9069,101.6663
3593,71.8974,-58.9069,101.3663
3594,72.1974,-58.6069,101.0663
3595,72.4974,-58.3069,100.7663
3596,72.4974,-58.3069,100.4663
3597,72.4974,-58.3069,100.1663
3598,72.7974,-58.0069,99.8663
3599,72.7974,-58.0069,99.5663
3600,71.7000,-66.9000,99.9000
3601,71.5974,-67.3069,99.8663
3602,71.5974,-67.6069,99.8663
3603,71.5974,-67.9069,99.8663
3604,71.2974,-68.2069,99.8663
3605,71.2974,-68.5069,99.8663
3606,70.9974,-68.8069,99.8663
3607,70.9974,-69.1069,99.8663
3608,70.6974,-69.4069,99.8663
3609,70.3974,-69.7069,99.5663
3610,70.3974,-70.0069,99.5663
3611,70.0974,-70.0069,99.5663
3612,69.7974,-70.3069,99.5663
3613,69.4974,-70.6069,99.5663
3614,69.1974,-70.6069,99.5663
3615,68.8974,-70.9069,99.5663
3616,68.5974,-70.9069,99.5663
3617,68.2974,-71.2069,99.5663
3618,67.9974,-71.2069,99.5663
3619,67.6974,-71.2069,99.5663
3620,67.3974,-71.2069,99.5663
3621,67.0974,-71.2069,99.5663
3622,66.7974,-71.2069,99.5663
3623,66.4974,-71.2069,99.5663
3624,66.1974,-71.2069,99.5663
3625,65.8974,-70.9069,99.5663
3626,65.5974,-70.9069,99.5663
3627,65.2974,-70.6069,99.5663
3628,64.9974,-70.6069,99.5663
3629,64.6974,-70.3069,99.5663
3630,64.3974,-70.0069,99.5663
3631,64.0974,-69.7069,99.5663
3632,63.7974,-69.4069,99.5663
3633,63.4974,-69.1069,99.5663
3634,63.1974,-68.8069,99.5663
3635,63.1974,-68.5069,99.5663
3636,63.2045,-68.6307,102.7000
3637,66.1176,-69.8131,102.7000
3638,69.0307,-70.9955,102.7000
3639,69.1974,-70.9069,102.5663
3640,69.4974,-70.6069,102.5663
3641,69.7974,-70.6069,102.5663
3642,70.0974,-70.3069,102.5663
3643,70.3974,-70.0069,102.5663
3644,70.6974,-69.7069,102.5663
3645,70.9974,-69.4069,102.5663
3646,70.9974,-69.1069,102.5663
3647,71.2974,-68.8069,102.5663
3648,71.2974,-68.5069,102.5663
3649,71.5974,-68.2069,102.5663
3650,71.5974,-67.9069,102.5663
3651,71.5974,-67.6069,102.5663
3652,71.5974,-67.3069,102.5663
3653,71.5974,-67.0069,102.5663
3654,71.5974,-66.7069,102.5663
3655,71.5974,-66.4069,102.5663
3656,71.5974,-66.1069,102.5663
3657,71.5974,-65.8069,102.5663
3658,71.2974,-65.5069,102.5663
3659,71.2974,-65.2069,102.5663
3660,70.9974,-64.9069,102.5663
3661,70.9974,-64.6069,102.5663
3662,70.6974,-64.3069,102.5663
3663,70.3974,-64.0069,102.5663
3664,70.0974,-63.7069,102.5663
3665,69.7974,-63.4069,102.5663
3666,69.4974,-63.4069,102.5663
3667,69.1974,-63.1069,102.5663
3668,68.8974,-63.1069,102.5663
3669,68.5974,-62.8069,102.5663
3670,68.2974,-62.8069,102.5663
3671,67.9974,-62.8069,102.5663
3672,67.6974,-62.8069,102.5663
3673,67.3974,-62.8069,102.5663
3674,67.0974,-62.8069,102.5663
3675,21.6307,-62.7955,102.7000
3676,21.1974,-62.8069,102.5663
3677,20.8974,-63.1069,102.5663
3678,20.5974,-63.1069,102.5663
3679,20.2974,-63.1069,102.5663
3680,19.9974,-63.1069,102.5663
3681,19.6974,-63.1069,102.5663
3682,19.3974,-63.1069,102.5663
3683,19.0974,-63.1069,102.5663
3684,18.7974,-62.8069,102.5663
3685,18.4974,-62.8069,102.5663
3686,18.1974,-62.5069,102.5663
3687,17.8974,-62.5069,102.5663
3688,17.5974,-62.2069,102.5663
3689,17.2974,-61.9069,102.5663
3690,16.9974,-61.6069,102.5663
3691,16.6974,-61.3069,102.5663
3692,16.3974,-61.0069,102.5663
3693,16.0974,-60.7069,102.5663
3694,16.0974,-60.4069,102.5663
3695,-24.0716,-47.4716,102.7000
3696,-24.4026,-47.2069,102.5663
3697,-24.7026,-46.9069,102.5663
3698,-25.0026,-46.9069,102.5663
3699,-25.3026,-46.6069,102.5663
3700,-25.6026,-46.6069,102.5663
3701,-25.9026,-46.3069,102.5663
3702,-26.2026,-46.3069,102.5663
3703,-26.5026,-46.3069,102.5663
3704,-26.8026,-46.3069,102.5663
3705,-27.1026,-46.3069,102.5663
3706,-27.4026,-46.3069,102.5663
3707,-27.7026,-46.3069,102.5663
3708,-28.0026,-46.3069,102.5663
3709,-28.3026,-46.3069,102.5663
3710,-28.6026,-46.3069,102.5663
3711,-28.9026,-46.3069,102.5663
3712,-29.2026,-46.6069,102.5663
3713,-29.5026,-46.9069,102.5663
3714,-29.8026,-47.2069,102.5663
3715,-30.1026,-47.5069,102.5663
3716,-30.4026,-47.8069,102.5663
3717,-30.7026,-48.1069,102.5663
3718,-30.7026,-48.4069,102.5663
3719,-31.0026,-48.7069,102.5663
3720,-31.0026,-49.0069,102.5663
3721,-31.3026,-49.3069,102.5663
3722,-31.3026,-49.6069,102.5663
3723,-31.3026,-49.9069,102.5663
3724,-31.3026,-50.2069,102.5663
3725,-31.3026,-50.5069,102.5663
3726,-31.3026,-50.8069,102.5663
3727,-31.3026,-51.1069,102.5663
3728,-31.3026,-51.4069,102.5663
3729,-31.3026,-51.7069,102.5663
3730,-31.3026,-52.0069,102.5663
3731,-31.3026,-52.3069,102.5663
3732,-28.3824,-53.4131,102.7000
3733,-30.1284,-53.5284,105.1000
3734,-30.1026,-53.2069,104.9663
3735,-30.4026,-52.9069,104.9663
3736,-30.7026,-52.6069,104.9663
3737,-30.7026,-52.3069,104.9663
3738,-31.0026,-52.0069,104.9663
3739,-31.0026,-51.7069,104.9663
3740,-31.3026,-51.4069,104.9663
3741,-31.3026,-51.1069,104.9663
3742,-31.3026,-50.8069,104.9663
3743,-31.3026,-50.5069,104.9663
3744,-26.5142,-52.0142,105.1000
3745,-24.1302,-47.3302,104.9000
3746,15.7000,-58.7000,104.9000
3747,15.7974,-58.9069,104.9663
3748,15.7974,-59.2069,104.9663
3749,15.7974,-59.5069,104.9663
3750,16.0974,-59.8069,104.9663
3751,16.0974,-60.1069,104.9663
3752,16.3974,-60.4069,104.9663
3753,16.3974,-60.7069,104.9663
3754,16.6974,-61.0069,104.9663
3755,16.9974,-61.3069,104.9663
3756,17.2974,-61.6069,104.9663
3757,17.5974,-61.9069,104.9663
3758,17.8974,-62.2069,104.9663
3759,18.1974,-62.5069,104.9663
3760,18.4974,-62.5069,104.9663
3761,18.7974,-62.5069,104.9663
3762,19.0974,-62.8069,104.9663
3763,19.3974,-62.8069,104.9663
3764,19.6974,-62.8069,104.9663
3765,19.9974,-62.8069,104.9663
3766,20.2974,-62.8069,104.9663
3767,20.5974,-62.8069,104.9663
3768,20.8974,-62.8069,104.9663
3769,21.1974,-62.8069,104.9663
3770,21.4974,-62.5069,104.9663
3771,21.7974,-62.5069,104.9663
3772,22.0974,-62.2069,104.9663
3773,22.3974,-62.2069,104.9663
3774,22.6974,-61.9069,104.9663
3775,22.9974,-61.6069,104.9663
3776,23.2974,-61.3069,104.9663
3777,23.5974,-61.0069,104.9663
3778,23.5974,-60.7069,104.9663
3779,23.8974,-60.4069,104.9663
3780,23.8974,-60.1069,104.9663
3781,24.1974,-59.8069,104.9663
3782,24.1974,-59.5069,104.9663
3783,24.1974,-59.2069,104.9663
3784,24.1974,-58.9069,104.9663
3785,24.1974,-58.6069,104.9663
3786,24.1974,-58.3069,104.9663
3787,24.1974,-58.0069,104.9663
3788,24.1974,-57.7069,104.9663
3789,24.1974,-57.4069,104.9663
3790,23.8974,-57.1069,104.9663
3791,64.2716,-69.9284,105.1000
3792,64.6974,-70.3069,104.9663
3793,64.9974,-70.6069,104.9663
3794,65.2974,-70.6069,104.9663
3795,65.5974,-70.9069,104.9663
3796,65.8974,-70.9069,104.9663
3797,66.1974,-71.2069,104.9663
3798,66.4974,-71.2069,104.9663
3799,66.7974,-71.2069,104.9663
3800,67.0974,-71.2069,104.9663
3801,67.3974,-71.2069,104.9663
3802,67.6974,-71.2069,104.9663
3803,67.9974,-71.2069,104.9663
3804,68.2974,-71.2069,104.9663
3805,68.5974,-70.9069,104.9663
3806,68.8974,-70.9069,104.9663
3807,69.1974,-70.6069,104.9663
3808,69.4974,-70.6069,104.9663
3809,69.7974,-70.3069,104.9663
3810,70.0974,-70.0069,104.9663
3811,70.3974,-69.7069,104.9663
3812,70.6974,-69.4069,104.9663
3813,70.6974,-69.1069,104.9663
3814,70.9974,-68.8069,104.9663
3815,70.9974,-68.5069,104.9663
3816,71.2974,-68.2069,104.9663
3817,71.2974,-67.9069,104.9663
3818,71.2974,-67.6069,104.9663
3819,71.2974,-67.3069,104.9663
3820,71.2974,-67.0069,104.9663
3821,71.2974,-66.7069,104.9663
3822,71.2974,-66.4069,104.9663
3823,71.2974,-66.1069,104.9663
3824,71.2974,-65.8069,104.9663
3825,70.9974,-65.5069,104.9663
3826,70.9974,-65.2069,104.9663
3827,70.6974,-64.9069,104.9663
3828,70.6974,-64.6069,104.9663
3829,70.3974,-64.3069,104.9663
3830,70.0974,-64.0069,104.9663
